timestamp_utc,gpu0_used_mib,gpu1_used_mib,gpu0_util,gpu1_util
2026-09-26T14:47:33.980718+00:00,0.0,0.0,0.0,0.0
2026-09-26T14:47:35.033315+00:00,0.0,0.0,0.0,0.0
2026-09-26T14:47:36.089920+00:00,0.0,0.0,0.0,0.0
2026-09-26T14:47:37.137774+00:00,0.0,0.0,0.0,0.0
2026-09-26T14:47:38.186892+00:00,0.0,0.0,0.0,0.0
2026-09-26T14:47:39.235179+00:00,0.0,0.0,0.0,0.0
2026-09-26T14:47:40.284325+00:00,0.0,0.0,0.0,0.0
2026-09-26T14:47:41.332558+00:00,0.0,0.0,0.0,0.0
2026-09-26T14:47:42.381876+00:00,0.0,0.0,0.0,0.0
2026-09-26T14:47:43.430248+00:00,0.0,0.0,0.0,0.0
2026-09-26T14:47:44.479811+00:00,0.0,0.0,0.0,0.0
2026-09-26T14:47:45.528034+00:00,0.0,0.0,0.0,0.0
2026-09-26T14:47:46.574752+00:00,0.0,0.0,0.0,0.0
2026-09-26T14:47:47.622055+00:00,0.0,0.0,0.0,0.0
2026-09-26T14:47:48.670234+00:00,0.0,0.0,0.0,0.0
2026-09-26T14:47:49.718600+00:00,0.0,0.0,0.0,0.0
2026-09-26T14:47:50.767509+00:00,0.0,0.0,0.0,0.0
2026-09-26T14:47:51.816073+00:00,0.0,0.0,0.0,0.0
2026-09-26T14:47:52.864960+00:00,0.0,0.0,0.0,0.0
2026-09-26T14:47:53.913027+00:00,0.0,0.0,0.0,0.0
2026-09-26T14:47:54.962215+00:00,0.0,0.0,0.0,0.0
2026-09-26T14:47:56.012785+00:00,0.0,0.0,0.0,0.0
2026-09-26T14:47:57.062149+00:00,0.0,0.0,0.0,0.0
2026-09-26T14:47:58.111477+00:00,0.0,0.0,0.0,0.0
2026-09-26T14:47:59.160152+00:00,0.0,0.0,0.0,0.0
2026-09-26T14:48:00.208473+00:00,0.0,0.0,0.0,0.0
2026-09-26T14:48:01.256672+00:00,0.0,0.0,0.0,0.0
2026-09-26T14:48:02.305125+00:00,0.0,0.0,0.0,0.0
2026-09-26T14:48:03.356332+00:00,0.0,0.0,0.0,0.0
2026-09-26T14:48:04.400619+00:00,0.0,0.0,0.0,0.0
2026-09-26T14:48:05.450627+00:00,0.0,0.0,0.0,0.0
2026-09-26T14:48:06.499338+00:00,0.0,0.0,0.0,0.0
2026-09-26T14:48:07.547919+00:00,0.0,0.0,0.0,0.0
2026-09-26T14:48:08.595107+00:00,0.0,0.0,0.0,0.0
2026-09-26T14:48:09.643796+00:00,0.0,0.0,0.0,0.0
2026-09-26T14:48:10.691973+00:00,0.0,0.0,0.0,0.0
2026-09-26T14:48:11.740368+00:00,0.0,0.0,0.0,0.0
2026-09-26T14:48:12.788820+00:00,0.0,0.0,0.0,0.0
2026-09-26T14:48:13.837520+00:00,0.0,0.0,0.0,0.0
2026-09-26T14:48:14.886176+00:00,0.0,0.0,0.0,0.0
2026-09-26T14:48:15.933474+00:00,0.0,0.0,0.0,0.0
2026-09-26T14:48:16.980612+00:00,0.0,0.0,0.0,0.0
2026-09-26T14:48:18.029131+00:00,0.0,0.0,0.0,0.0
2026-09-26T14:48:19.076872+00:00,0.0,0.0,0.0,0.0
2026-09-26T14:48:20.124430+00:00,0.0,0.0,0.0,0.0
2026-09-26T14:48:21.173641+00:00,0.0,0.0,0.0,0.0
2026-09-26T14:48:22.222965+00:00,0.0,0.0,0.0,0.0
2026-09-26T14:48:23.271729+00:00,0.0,0.0,0.0,0.0
2026-09-26T14:48:24.319491+00:00,0.0,0.0,0.0,0.0
2026-09-26T14:48:25.369072+00:00,0.0,0.0,0.0,0.0
2026-09-26T14:48:26.417227+00:00,0.0,0.0,0.0,0.0
2026-09-26T14:48:27.464388+00:00,0.0,0.0,0.0,0.0
2026-09-26T14:48:28.512515+00:00,0.0,0.0,0.0,0.0
2026-09-26T14:48:29.560659+00:00,0.0,0.0,0.0,0.0
2026-09-26T14:48:30.609384+00:00,0.0,0.0,0.0,0.0
2026-09-26T14:48:31.657678+00:00,0.0,0.0,0.0,0.0
2026-09-26T14:48:32.705244+00:00,0.0,0.0,0.0,0.0
2026-09-26T14:48:33.753601+00:00,0.0,0.0,0.0,0.0
2026-09-26T14:48:34.801015+00:00,0.0,0.0,0.0,0.0
2026-09-26T14:48:35.848720+00:00,0.0,0.0,0.0,0.0
2026-09-26T14:48:36.897725+00:00,0.0,0.0,0.0,0.0
2026-09-26T14:48:37.945698+00:00,0.0,0.0,0.0,0.0
2026-09-26T14:48:38.992781+00:00,0.0,0.0,0.0,0.0
2026-09-26T14:48:40.042951+00:00,0.0,0.0,0.0,0.0
2026-09-26T14:48:41.091438+00:00,0.0,0.0,0.0,0.0
2026-09-26T14:48:42.139822+00:00,0.0,0.0,0.0,0.0
2026-09-26T14:48:43.186821+00:00,0.0,0.0,0.0,0.0
2026-09-26T14:48:44.235737+00:00,0.0,0.0,0.0,0.0
2026-09-26T14:48:45.283087+00:00,0.0,0.0,0.0,0.0
2026-09-26T14:48:46.331998+00:00,0.0,0.0,0.0,0.0
2026-09-26T14:48:47.379939+00:00,0.0,0.0,0.0,0.0
2026-09-26T14:48:48.427005+00:00,0.0,0.0,0.0,0.0
2026-09-26T14:48:49.478439+00:00,0.0,0.0,0.0,0.0
2026-09-26T14:48:50.526022+00:00,0.0,0.0,0.0,0.0
2026-09-26T14:48:51.575621+00:00,0.0,0.0,0.0,0.0
2026-09-26T14:48:52.623437+00:00,0.0,0.0,0.0,0.0
2026-09-26T14:48:53.672931+00:00,0.0,0.0,0.0,0.0
2026-09-26T14:48:54.721232+00:00,0.0,0.0,0.0,0.0
2026-09-26T14:48:55.768478+00:00,0.0,0.0,0.0,0.0
2026-09-26T14:48:56.818057+00:00,0.0,0.0,0.0,0.0
2026-09-26T14:48:57.865491+00:00,0.0,0.0,0.0,0.0
2026-09-26T14:48:58.914605+00:00,0.0,0.0,0.0,0.0
2026-09-26T14:48:59.963473+00:00,0.0,0.0,0.0,0.0
2026-09-26T14:49:01.012283+00:00,0.0,0.0,0.0,0.0
2026-09-26T14:49:02.059747+00:00,0.0,0.0,0.0,0.0
2026-09-26T14:49:03.108095+00:00,0.0,0.0,0.0,0.0
2026-09-26T14:49:04.157612+00:00,0.0,0.0,0.0,0.0
2026-09-26T14:49:05.205677+00:00,0.0,0.0,0.0,0.0
2026-09-26T14:49:06.254336+00:00,0.0,0.0,0.0,0.0
2026-09-26T14:49:07.302862+00:00,0.0,0.0,0.0,0.0
2026-09-26T14:49:08.350504+00:00,0.0,0.0,0.0,0.0
2026-09-26T14:49:09.398238+00:00,0.0,0.0,0.0,0.0
2026-09-26T14:49:10.446475+00:00,0.0,0.0,0.0,0.0
2026-09-26T14:49:11.495504+00:00,0.0,0.0,0.0,0.0
2026-09-26T14:49:12.544840+00:00,0.0,0.0,0.0,0.0
2026-09-26T14:49:13.591947+00:00,0.0,0.0,0.0,0.0
2026-09-26T14:49:14.641776+00:00,0.0,0.0,0.0,0.0
2026-09-26T14:49:15.689849+00:00,0.0,0.0,0.0,0.0
2026-09-26T14:49:16.736877+00:00,0.0,0.0,0.0,0.0
2026-09-26T14:49:17.786976+00:00,0.0,0.0,0.0,0.0
2026-09-26T14:49:18.835998+00:00,0.0,0.0,0.0,0.0
2026-09-26T14:49:19.883915+00:00,0.0,0.0,0.0,0.0
2026-09-26T14:49:20.932921+00:00,0.0,0.0,0.0,0.0
2026-09-26T14:49:21.982437+00:00,0.0,0.0,0.0,0.0
2026-09-26T14:49:23.030564+00:00,0.0,0.0,0.0,0.0
2026-09-26T14:49:24.079822+00:00,0.0,0.0,0.0,0.0
2026-09-26T14:49:25.127704+00:00,0.0,0.0,0.0,0.0
2026-09-26T14:49:26.175380+00:00,0.0,0.0,0.0,0.0
2026-09-26T14:49:27.225851+00:00,0.0,0.0,0.0,0.0
2026-09-26T14:49:28.275789+00:00,0.0,0.0,0.0,0.0
2026-09-26T14:49:29.324645+00:00,0.0,0.0,0.0,0.0
2026-09-26T14:49:30.371968+00:00,0.0,0.0,0.0,0.0
2026-09-26T14:49:31.421019+00:00,0.0,0.0,0.0,0.0
2026-09-26T14:49:32.467260+00:00,0.0,0.0,0.0,0.0
2026-09-26T14:49:33.514456+00:00,0.0,0.0,0.0,0.0
2026-09-26T14:49:34.564083+00:00,0.0,0.0,0.0,0.0
2026-09-26T14:49:35.612345+00:00,0.0,0.0,0.0,0.0
2026-09-26T14:49:36.661452+00:00,0.0,0.0,0.0,0.0
2026-09-26T14:49:37.709214+00:00,0.0,0.0,0.0,0.0
2026-09-26T14:49:38.756429+00:00,0.0,0.0,0.0,0.0
2026-09-26T14:49:39.805568+00:00,0.0,0.0,0.0,0.0
2026-09-26T14:49:40.853680+00:00,0.0,0.0,0.0,0.0
2026-09-26T14:49:41.901754+00:00,0.0,0.0,0.0,0.0
2026-09-26T14:49:42.950351+00:00,0.0,0.0,0.0,0.0
2026-09-26T14:49:43.998188+00:00,0.0,0.0,0.0,0.0
2026-09-26T14:49:45.047400+00:00,0.0,0.0,0.0,0.0
2026-09-26T14:49:46.094687+00:00,0.0,0.0,0.0,0.0
2026-09-26T14:49:47.143446+00:00,0.0,0.0,0.0,0.0
2026-09-26T14:49:48.192067+00:00,0.0,0.0,0.0,0.0
2026-09-26T14:49:49.239377+00:00,0.0,0.0,0.0,0.0
2026-09-26T14:49:50.287886+00:00,0.0,0.0,0.0,0.0
2026-09-26T14:49:51.337708+00:00,0.0,0.0,0.0,0.0
2026-09-26T14:49:52.386648+00:00,0.0,0.0,0.0,0.0
2026-09-26T14:49:53.435960+00:00,0.0,0.0,0.0,0.0
2026-09-26T14:49:54.485692+00:00,0.0,0.0,0.0,0.0
2026-09-26T14:49:55.533602+00:00,0.0,0.0,0.0,0.0
2026-09-26T14:49:56.581324+00:00,0.0,0.0,0.0,0.0
2026-09-26T14:49:57.630435+00:00,0.0,0.0,0.0,0.0
2026-09-26T14:49:58.678066+00:00,0.0,0.0,0.0,0.0
2026-09-26T14:49:59.727563+00:00,0.0,0.0,0.0,0.0
2026-09-26T14:50:00.775486+00:00,0.0,0.0,0.0,0.0
2026-09-26T14:50:01.824073+00:00,0.0,0.0,0.0,0.0
2026-09-26T14:50:02.873480+00:00,0.0,0.0,0.0,0.0
2026-09-26T14:50:03.923599+00:00,0.0,0.0,0.0,0.0
2026-09-26T14:50:04.971796+00:00,0.0,0.0,0.0,0.0
2026-09-26T14:50:06.019959+00:00,0.0,0.0,0.0,0.0
2026-09-26T14:50:07.069384+00:00,0.0,0.0,0.0,0.0
2026-09-26T14:50:08.117763+00:00,0.0,0.0,0.0,0.0
2026-09-26T14:50:09.166701+00:00,0.0,0.0,0.0,0.0
2026-09-26T14:50:10.214889+00:00,0.0,0.0,0.0,0.0
2026-09-26T14:50:11.264314+00:00,0.0,0.0,0.0,0.0
2026-09-26T14:50:12.312459+00:00,0.0,0.0,0.0,0.0
2026-09-26T14:50:13.362420+00:00,0.0,0.0,0.0,0.0
2026-09-26T14:50:14.410993+00:00,0.0,0.0,0.0,0.0
2026-09-26T14:50:15.459453+00:00,0.0,0.0,0.0,0.0
2026-09-26T14:50:16.512353+00:00,0.0,0.0,0.0,0.0
2026-09-26T14:50:17.561094+00:00,0.0,0.0,0.0,0.0
2026-09-26T14:50:18.608476+00:00,0.0,0.0,0.0,0.0
2026-09-26T14:50:19.656788+00:00,0.0,0.0,0.0,0.0
2026-09-26T14:50:20.707159+00:00,0.0,0.0,0.0,0.0
2026-09-26T14:50:21.755400+00:00,0.0,0.0,0.0,0.0
2026-09-26T14:50:22.804237+00:00,0.0,0.0,0.0,0.0
2026-09-26T14:50:23.852025+00:00,0.0,0.0,0.0,0.0
2026-09-26T14:50:24.902343+00:00,0.0,0.0,0.0,0.0
2026-09-26T14:50:25.950151+00:00,0.0,0.0,0.0,0.0
2026-09-26T14:50:27.000212+00:00,0.0,0.0,0.0,0.0
2026-09-26T14:50:28.050271+00:00,0.0,0.0,0.0,0.0
2026-09-26T14:50:29.098406+00:00,0.0,0.0,0.0,0.0
2026-09-26T14:50:30.146192+00:00,0.0,0.0,0.0,0.0
2026-09-26T14:50:31.194631+00:00,0.0,0.0,0.0,0.0
2026-09-26T14:50:32.242125+00:00,0.0,0.0,0.0,0.0
2026-09-26T14:50:33.290527+00:00,0.0,0.0,0.0,0.0
2026-09-26T14:50:34.338994+00:00,0.0,0.0,0.0,0.0
2026-09-26T14:50:35.387620+00:00,0.0,0.0,0.0,0.0
2026-09-26T14:50:36.436336+00:00,0.0,0.0,0.0,0.0
2026-09-26T14:50:37.484856+00:00,0.0,0.0,0.0,0.0
2026-09-26T14:50:38.534910+00:00,0.0,0.0,0.0,0.0
2026-09-26T14:50:39.582141+00:00,0.0,0.0,0.0,0.0
2026-09-26T14:50:40.629628+00:00,0.0,0.0,0.0,0.0
2026-09-26T14:50:41.679273+00:00,0.0,0.0,0.0,0.0
2026-09-26T14:50:42.727437+00:00,0.0,0.0,0.0,0.0
2026-09-26T14:50:43.776629+00:00,0.0,0.0,0.0,0.0
2026-09-26T14:50:44.825323+00:00,0.0,0.0,0.0,0.0
2026-09-26T14:50:45.877218+00:00,0.0,0.0,0.0,0.0
2026-09-26T14:50:46.925131+00:00,0.0,0.0,0.0,0.0
2026-09-26T14:50:47.974813+00:00,0.0,0.0,0.0,0.0
2026-09-26T14:50:49.022139+00:00,0.0,0.0,0.0,0.0
2026-09-26T14:50:50.069906+00:00,0.0,0.0,0.0,0.0
2026-09-26T14:50:51.118853+00:00,0.0,0.0,0.0,0.0
2026-09-26T14:50:52.165959+00:00,0.0,0.0,0.0,0.0
2026-09-26T14:50:53.216344+00:00,0.0,0.0,0.0,0.0
2026-09-26T14:50:54.264308+00:00,0.0,0.0,0.0,0.0
2026-09-26T14:50:55.313398+00:00,0.0,0.0,0.0,0.0
2026-09-26T14:50:56.362405+00:00,0.0,0.0,0.0,0.0
2026-09-26T14:50:57.410116+00:00,0.0,0.0,0.0,0.0
2026-09-26T14:50:58.458122+00:00,0.0,0.0,0.0,0.0
2026-09-26T14:50:59.505052+00:00,0.0,0.0,0.0,0.0
2026-09-26T14:51:00.556973+00:00,0.0,0.0,0.0,0.0
2026-09-26T14:51:01.605309+00:00,0.0,0.0,0.0,0.0
2026-09-26T14:51:02.654601+00:00,0.0,0.0,0.0,0.0
2026-09-26T14:51:03.703712+00:00,0.0,0.0,0.0,0.0
2026-09-26T14:51:04.753091+00:00,0.0,0.0,0.0,0.0
2026-09-26T14:51:05.801225+00:00,0.0,0.0,0.0,0.0
2026-09-26T14:51:06.850189+00:00,0.0,0.0,0.0,0.0
2026-09-26T14:51:07.899862+00:00,0.0,0.0,0.0,0.0
2026-09-26T14:51:08.948539+00:00,0.0,0.0,0.0,0.0
2026-09-26T14:51:09.997562+00:00,0.0,0.0,0.0,0.0
2026-09-26T14:51:11.047326+00:00,0.0,0.0,0.0,0.0
2026-09-26T14:51:12.095745+00:00,0.0,0.0,0.0,0.0
2026-09-26T14:51:13.145168+00:00,0.0,0.0,0.0,0.0
2026-09-26T14:51:14.196344+00:00,0.0,0.0,0.0,0.0
2026-09-26T14:51:15.246911+00:00,0.0,0.0,0.0,0.0
2026-09-26T14:51:16.295703+00:00,0.0,0.0,0.0,0.0
2026-09-26T14:51:17.344676+00:00,0.0,0.0,0.0,0.0
2026-09-26T14:51:18.393530+00:00,0.0,0.0,0.0,0.0
2026-09-26T14:51:19.444234+00:00,0.0,0.0,0.0,0.0
2026-09-26T14:51:20.491387+00:00,0.0,0.0,0.0,0.0
2026-09-26T14:51:21.539868+00:00,0.0,0.0,0.0,0.0
2026-09-26T14:51:22.588800+00:00,0.0,0.0,0.0,0.0
2026-09-26T14:51:23.636404+00:00,0.0,0.0,0.0,0.0
2026-09-26T14:51:24.684642+00:00,0.0,0.0,0.0,0.0
2026-09-26T14:51:25.731824+00:00,0.0,0.0,0.0,0.0
2026-09-26T14:51:26.782239+00:00,0.0,0.0,0.0,0.0
2026-09-26T14:51:27.830346+00:00,0.0,0.0,0.0,0.0
2026-09-26T14:51:28.880705+00:00,0.0,0.0,0.0,0.0
2026-09-26T14:51:29.929930+00:00,0.0,0.0,0.0,0.0
2026-09-26T14:51:30.978219+00:00,0.0,0.0,0.0,0.0
2026-09-26T14:51:32.027051+00:00,0.0,0.0,0.0,0.0
2026-09-26T14:51:33.076036+00:00,0.0,0.0,0.0,0.0
2026-09-26T14:51:34.125961+00:00,0.0,0.0,0.0,0.0
2026-09-26T14:51:35.174466+00:00,0.0,0.0,0.0,0.0
2026-09-26T14:51:36.222933+00:00,0.0,0.0,0.0,0.0
2026-09-26T14:51:37.271668+00:00,0.0,0.0,0.0,0.0
2026-09-26T14:51:38.321459+00:00,0.0,0.0,0.0,0.0
2026-09-26T14:51:39.369808+00:00,0.0,0.0,0.0,0.0
2026-09-26T14:51:40.418233+00:00,0.0,0.0,0.0,0.0
2026-09-26T14:51:41.462933+00:00,0.0,0.0,0.0,0.0
2026-09-26T14:51:42.510812+00:00,0.0,0.0,0.0,0.0
2026-09-26T14:51:43.560166+00:00,0.0,0.0,0.0,0.0
2026-09-26T14:51:44.607824+00:00,0.0,0.0,0.0,0.0
2026-09-26T14:51:45.659613+00:00,0.0,0.0,0.0,0.0
2026-09-26T14:51:46.706478+00:00,0.0,0.0,0.0,0.0
2026-09-26T14:51:47.755778+00:00,0.0,0.0,0.0,0.0
2026-09-26T14:51:48.804830+00:00,0.0,0.0,0.0,0.0
2026-09-26T14:51:49.855152+00:00,0.0,0.0,0.0,0.0
2026-09-26T14:51:50.903198+00:00,0.0,0.0,0.0,0.0
2026-09-26T14:51:51.951356+00:00,0.0,0.0,0.0,0.0
2026-09-26T14:51:53.001003+00:00,0.0,0.0,0.0,0.0
2026-09-26T14:51:54.049182+00:00,0.0,0.0,0.0,0.0
2026-09-26T14:51:55.097998+00:00,0.0,0.0,0.0,0.0
2026-09-26T14:51:56.145086+00:00,0.0,0.0,0.0,0.0
2026-09-26T14:51:57.197474+00:00,0.0,0.0,0.0,0.0
2026-09-26T14:51:58.245518+00:00,0.0,0.0,0.0,0.0
2026-09-26T14:51:59.294524+00:00,0.0,0.0,0.0,0.0
2026-09-26T14:52:00.341709+00:00,0.0,0.0,0.0,0.0
2026-09-26T14:52:01.391633+00:00,0.0,0.0,0.0,0.0
2026-09-26T14:52:02.440248+00:00,0.0,0.0,0.0,0.0
2026-09-26T14:52:03.488049+00:00,0.0,0.0,0.0,0.0
2026-09-26T14:52:04.537040+00:00,0.0,0.0,0.0,0.0
2026-09-26T14:52:05.586746+00:00,0.0,0.0,0.0,0.0
2026-09-26T14:52:06.635687+00:00,0.0,0.0,0.0,0.0
2026-09-26T14:52:07.683264+00:00,0.0,0.0,0.0,0.0
2026-09-26T14:52:08.731733+00:00,0.0,0.0,0.0,0.0
2026-09-26T14:52:09.781830+00:00,0.0,0.0,0.0,0.0
2026-09-26T14:52:10.830094+00:00,0.0,0.0,0.0,0.0
2026-09-26T14:52:11.877080+00:00,0.0,0.0,0.0,0.0
2026-09-26T14:52:12.927861+00:00,0.0,0.0,0.0,0.0
2026-09-26T14:52:13.976852+00:00,0.0,0.0,0.0,0.0
2026-09-26T14:52:15.025128+00:00,0.0,0.0,0.0,0.0
2026-09-26T14:52:16.074377+00:00,0.0,0.0,0.0,0.0
2026-09-26T14:52:17.124109+00:00,0.0,0.0,0.0,0.0
2026-09-26T14:52:18.173898+00:00,0.0,0.0,0.0,0.0
2026-09-26T14:52:19.221548+00:00,0.0,0.0,0.0,0.0
2026-09-26T14:52:20.271458+00:00,0.0,0.0,0.0,0.0
2026-09-26T14:52:21.321437+00:00,0.0,0.0,0.0,0.0
2026-09-26T14:52:22.369676+00:00,0.0,0.0,0.0,0.0
2026-09-26T14:52:23.417364+00:00,0.0,0.0,0.0,0.0
2026-09-26T14:52:24.459257+00:00,0.0,0.0,0.0,0.0
2026-09-26T14:52:25.508528+00:00,0.0,0.0,0.0,0.0
2026-09-26T14:52:26.556667+00:00,0.0,0.0,0.0,0.0
2026-09-26T14:52:27.604093+00:00,0.0,0.0,0.0,0.0
2026-09-26T14:52:28.654355+00:00,0.0,0.0,0.0,0.0
2026-09-26T14:52:29.704338+00:00,0.0,0.0,0.0,0.0
2026-09-26T14:52:30.752538+00:00,0.0,0.0,0.0,0.0
2026-09-26T14:52:31.800451+00:00,0.0,0.0,0.0,0.0
2026-09-26T14:52:32.850007+00:00,0.0,0.0,0.0,0.0
2026-09-26T14:52:33.899925+00:00,0.0,0.0,0.0,0.0
2026-09-26T14:52:34.948900+00:00,0.0,0.0,0.0,0.0
2026-09-26T14:52:35.997282+00:00,0.0,0.0,0.0,0.0
2026-09-26T14:52:37.045533+00:00,0.0,0.0,0.0,0.0
2026-09-26T14:52:38.096051+00:00,0.0,0.0,0.0,0.0
2026-09-26T14:52:39.144520+00:00,0.0,0.0,0.0,0.0
2026-09-26T14:52:40.190877+00:00,0.0,0.0,0.0,0.0
2026-09-26T14:52:41.238699+00:00,0.0,0.0,0.0,0.0
2026-09-26T14:52:42.289724+00:00,0.0,0.0,0.0,0.0
2026-09-26T14:52:43.337001+00:00,0.0,0.0,0.0,0.0
2026-09-26T14:52:44.386324+00:00,0.0,0.0,0.0,0.0
2026-09-26T14:52:45.434571+00:00,0.0,0.0,0.0,0.0
2026-09-26T14:52:46.507410+00:00,0.0,0.0,0.0,0.0
2026-09-26T14:52:47.555676+00:00,0.0,0.0,0.0,0.0
2026-09-26T14:52:48.603537+00:00,0.0,0.0,0.0,0.0
2026-09-26T14:52:49.650739+00:00,0.0,0.0,0.0,0.0
2026-09-26T14:52:50.701257+00:00,0.0,0.0,0.0,0.0
2026-09-26T14:52:51.748141+00:00,0.0,0.0,0.0,0.0
2026-09-26T14:52:52.796558+00:00,0.0,0.0,0.0,0.0
2026-09-26T14:52:53.845045+00:00,0.0,0.0,0.0,0.0
2026-09-26T14:52:54.893865+00:00,0.0,0.0,0.0,0.0
2026-09-26T14:52:55.942335+00:00,0.0,0.0,0.0,0.0
2026-09-26T14:52:56.989883+00:00,0.0,0.0,0.0,0.0
2026-09-26T14:52:58.038774+00:00,0.0,0.0,0.0,0.0
2026-09-26T14:52:59.088059+00:00,0.0,0.0,0.0,0.0
2026-09-26T14:53:00.136641+00:00,0.0,0.0,0.0,0.0
2026-09-26T14:53:01.184718+00:00,0.0,0.0,0.0,0.0
2026-09-26T14:53:02.234480+00:00,0.0,0.0,0.0,0.0
2026-09-26T14:53:03.284422+00:00,0.0,0.0,0.0,0.0
2026-09-26T14:53:04.335065+00:00,0.0,0.0,0.0,0.0
2026-09-26T14:53:05.382709+00:00,0.0,0.0,0.0,0.0
2026-09-26T14:53:06.433649+00:00,0.0,0.0,0.0,0.0
2026-09-26T14:53:07.483672+00:00,0.0,0.0,0.0,0.0
2026-09-26T14:53:08.531048+00:00,0.0,0.0,0.0,0.0
2026-09-26T14:53:09.579425+00:00,0.0,0.0,0.0,0.0
2026-09-26T14:53:10.628156+00:00,0.0,0.0,0.0,0.0
2026-09-26T14:53:11.678813+00:00,0.0,0.0,0.0,0.0
2026-09-26T14:53:12.727749+00:00,0.0,0.0,0.0,0.0
2026-09-26T14:53:13.775706+00:00,0.0,0.0,0.0,0.0
2026-09-26T14:53:14.824535+00:00,0.0,0.0,0.0,0.0
2026-09-26T14:53:15.874633+00:00,0.0,0.0,0.0,0.0
2026-09-26T14:53:16.923686+00:00,0.0,0.0,0.0,0.0
2026-09-26T14:53:17.971462+00:00,0.0,0.0,0.0,0.0
2026-09-26T14:53:19.021345+00:00,0.0,0.0,0.0,0.0
2026-09-26T14:53:20.071744+00:00,0.0,0.0,0.0,0.0
2026-09-26T14:53:21.122819+00:00,0.0,0.0,0.0,0.0
2026-09-26T14:53:22.170226+00:00,0.0,0.0,0.0,0.0
2026-09-26T14:53:23.218943+00:00,0.0,0.0,0.0,0.0
2026-09-26T14:53:24.278662+00:00,0.0,0.0,0.0,0.0
2026-09-26T14:53:25.335159+00:00,0.0,0.0,0.0,0.0
2026-09-26T14:53:26.385811+00:00,0.0,0.0,0.0,0.0
2026-09-26T14:53:27.434790+00:00,0.0,0.0,0.0,0.0
2026-09-26T14:53:28.482636+00:00,0.0,0.0,0.0,0.0
2026-09-26T14:53:29.533072+00:00,0.0,0.0,0.0,0.0
2026-09-26T14:53:30.582029+00:00,0.0,0.0,0.0,0.0
2026-09-26T14:53:31.631624+00:00,0.0,0.0,0.0,0.0
2026-09-26T14:53:32.679834+00:00,0.0,0.0,0.0,0.0
2026-09-26T14:53:33.730495+00:00,0.0,0.0,0.0,0.0
2026-09-26T14:53:34.778924+00:00,0.0,0.0,0.0,0.0
2026-09-26T14:53:35.827433+00:00,0.0,0.0,0.0,0.0
2026-09-26T14:53:36.877887+00:00,0.0,0.0,0.0,0.0
2026-09-26T14:53:37.930014+00:00,0.0,0.0,0.0,0.0
2026-09-26T14:53:38.977653+00:00,0.0,0.0,0.0,0.0
2026-09-26T14:53:40.026596+00:00,0.0,0.0,0.0,0.0
2026-09-26T14:53:41.074821+00:00,0.0,0.0,0.0,0.0
2026-09-26T14:53:42.127752+00:00,0.0,0.0,0.0,0.0
2026-09-26T14:53:43.179309+00:00,0.0,0.0,0.0,0.0
2026-09-26T14:53:44.227675+00:00,0.0,0.0,0.0,0.0
2026-09-26T14:53:45.276677+00:00,0.0,0.0,0.0,0.0
2026-09-26T14:53:46.326807+00:00,0.0,0.0,0.0,0.0
2026-09-26T14:53:47.378014+00:00,0.0,0.0,0.0,0.0
2026-09-26T14:53:48.426540+00:00,0.0,0.0,0.0,0.0
2026-09-26T14:53:49.476000+00:00,0.0,0.0,0.0,0.0
2026-09-26T14:53:50.524257+00:00,0.0,0.0,0.0,0.0
2026-09-26T14:53:51.577442+00:00,0.0,0.0,0.0,0.0
2026-09-26T14:53:52.626227+00:00,0.0,0.0,0.0,0.0
2026-09-26T14:53:53.674140+00:00,0.0,0.0,0.0,0.0
2026-09-26T14:53:54.722193+00:00,0.0,0.0,0.0,0.0
2026-09-26T14:53:55.773603+00:00,0.0,0.0,0.0,0.0
2026-09-26T14:53:56.824948+00:00,0.0,0.0,0.0,0.0
2026-09-26T14:53:57.872534+00:00,0.0,0.0,0.0,0.0
2026-09-26T14:53:58.921895+00:00,0.0,0.0,0.0,0.0
2026-09-26T14:53:59.972644+00:00,0.0,0.0,0.0,0.0
2026-09-26T14:54:01.023719+00:00,0.0,0.0,0.0,0.0
2026-09-26T14:54:02.072429+00:00,0.0,0.0,0.0,0.0
2026-09-26T14:54:03.121920+00:00,0.0,0.0,0.0,0.0
2026-09-26T14:54:04.167859+00:00,0.0,0.0,0.0,0.0
2026-09-26T14:54:05.219326+00:00,0.0,0.0,0.0,0.0
2026-09-26T14:54:06.267346+00:00,0.0,0.0,0.0,0.0
2026-09-26T14:54:07.316433+00:00,0.0,0.0,0.0,0.0
2026-09-26T14:54:08.364332+00:00,0.0,0.0,0.0,0.0
2026-09-26T14:54:09.415840+00:00,0.0,0.0,0.0,0.0
2026-09-26T14:54:10.465174+00:00,0.0,0.0,0.0,0.0
2026-09-26T14:54:11.512996+00:00,0.0,0.0,0.0,0.0
2026-09-26T14:54:12.560665+00:00,0.0,0.0,0.0,0.0
2026-09-26T14:54:13.611960+00:00,0.0,0.0,0.0,0.0
2026-09-26T14:54:14.662441+00:00,0.0,0.0,0.0,0.0
2026-09-26T14:54:15.710593+00:00,0.0,0.0,0.0,0.0
2026-09-26T14:54:16.758401+00:00,0.0,0.0,0.0,0.0
2026-09-26T14:54:17.807737+00:00,0.0,0.0,0.0,0.0
2026-09-26T14:54:18.858145+00:00,0.0,0.0,0.0,0.0
2026-09-26T14:54:19.907804+00:00,0.0,0.0,0.0,0.0
2026-09-26T14:54:20.956330+00:00,0.0,0.0,0.0,0.0
2026-09-26T14:54:22.006151+00:00,0.0,0.0,0.0,0.0
2026-09-26T14:54:23.056066+00:00,0.0,0.0,0.0,0.0
2026-09-26T14:54:24.107790+00:00,0.0,0.0,0.0,0.0
2026-09-26T14:54:25.157902+00:00,0.0,0.0,0.0,0.0
2026-09-26T14:54:26.205851+00:00,0.0,0.0,0.0,0.0
2026-09-26T14:54:27.257185+00:00,0.0,0.0,0.0,0.0
2026-09-26T14:54:28.307886+00:00,0.0,0.0,0.0,0.0
2026-09-26T14:54:29.356397+00:00,0.0,0.0,0.0,0.0
2026-09-26T14:54:30.404062+00:00,0.0,0.0,0.0,0.0
2026-09-26T14:54:31.452972+00:00,0.0,0.0,0.0,0.0
2026-09-26T14:54:32.502731+00:00,0.0,0.0,0.0,0.0
2026-09-26T14:54:33.554919+00:00,0.0,0.0,0.0,0.0
2026-09-26T14:54:34.603409+00:00,0.0,0.0,0.0,0.0
2026-09-26T14:54:35.652179+00:00,0.0,0.0,0.0,0.0
2026-09-26T14:54:36.701649+00:00,0.0,0.0,0.0,0.0
2026-09-26T14:54:37.751947+00:00,0.0,0.0,0.0,0.0
2026-09-26T14:54:38.800136+00:00,0.0,0.0,0.0,0.0
2026-09-26T14:54:39.849722+00:00,0.0,0.0,0.0,0.0
2026-09-26T14:54:40.896348+00:00,0.0,0.0,0.0,0.0
2026-09-26T14:54:41.947370+00:00,0.0,0.0,0.0,0.0
2026-09-26T14:54:42.997458+00:00,0.0,0.0,0.0,0.0
2026-09-26T14:54:44.045312+00:00,0.0,0.0,0.0,0.0
2026-09-26T14:54:45.092878+00:00,0.0,0.0,0.0,0.0
2026-09-26T14:54:46.145492+00:00,0.0,0.0,0.0,0.0
2026-09-26T14:54:47.197298+00:00,0.0,0.0,0.0,0.0
2026-09-26T14:54:48.245540+00:00,0.0,0.0,0.0,0.0
2026-09-26T14:54:49.294330+00:00,0.0,0.0,0.0,0.0
2026-09-26T14:54:50.343626+00:00,0.0,0.0,0.0,0.0
2026-09-26T14:54:51.395486+00:00,0.0,0.0,0.0,0.0
2026-09-26T14:54:52.445636+00:00,0.0,0.0,0.0,0.0
2026-09-26T14:54:53.493690+00:00,0.0,0.0,0.0,0.0
2026-09-26T14:54:54.542798+00:00,0.0,0.0,0.0,0.0
2026-09-26T14:54:55.593560+00:00,0.0,0.0,0.0,0.0
2026-09-26T14:54:56.644072+00:00,0.0,0.0,0.0,0.0
2026-09-26T14:54:57.692098+00:00,0.0,0.0,0.0,0.0
2026-09-26T14:54:58.739656+00:00,0.0,0.0,0.0,0.0
2026-09-26T14:54:59.788759+00:00,0.0,0.0,0.0,0.0
2026-09-26T14:55:00.839716+00:00,0.0,0.0,0.0,0.0
2026-09-26T14:55:01.891750+00:00,0.0,0.0,0.0,0.0
2026-09-26T14:55:02.939663+00:00,0.0,0.0,0.0,0.0
2026-09-26T14:55:03.988265+00:00,0.0,0.0,0.0,0.0
2026-09-26T14:55:05.038864+00:00,0.0,0.0,0.0,0.0
2026-09-26T14:55:06.092353+00:00,0.0,0.0,0.0,0.0
2026-09-26T14:55:07.141758+00:00,0.0,0.0,0.0,0.0
2026-09-26T14:55:08.189570+00:00,0.0,0.0,0.0,0.0
2026-09-26T14:55:09.239058+00:00,0.0,0.0,0.0,0.0
2026-09-26T14:55:10.289627+00:00,0.0,0.0,0.0,0.0
2026-09-26T14:55:11.341615+00:00,0.0,0.0,0.0,0.0
2026-09-26T14:55:12.391091+00:00,0.0,0.0,0.0,0.0
2026-09-26T14:55:13.439521+00:00,0.0,0.0,0.0,0.0
2026-09-26T14:55:14.490455+00:00,0.0,0.0,0.0,0.0
2026-09-26T14:55:15.542145+00:00,0.0,0.0,0.0,0.0
2026-09-26T14:55:16.618269+00:00,0.0,0.0,0.0,0.0
2026-09-26T14:55:17.666003+00:00,0.0,0.0,0.0,0.0
2026-09-26T14:55:18.714918+00:00,0.0,0.0,0.0,0.0
2026-09-26T14:55:19.766852+00:00,0.0,0.0,0.0,0.0
2026-09-26T14:55:20.819881+00:00,0.0,0.0,0.0,0.0
2026-09-26T14:55:21.868980+00:00,0.0,0.0,0.0,0.0
2026-09-26T14:55:22.917926+00:00,0.0,0.0,0.0,0.0
2026-09-26T14:55:23.965664+00:00,0.0,0.0,0.0,0.0
2026-09-26T14:55:25.016568+00:00,0.0,0.0,0.0,0.0
2026-09-26T14:55:26.067292+00:00,0.0,0.0,0.0,0.0
2026-09-26T14:55:27.115513+00:00,0.0,0.0,0.0,0.0
2026-09-26T14:55:28.164282+00:00,0.0,0.0,0.0,0.0
2026-09-26T14:55:29.215306+00:00,0.0,0.0,0.0,0.0
2026-09-26T14:55:30.266656+00:00,0.0,0.0,0.0,0.0
2026-09-26T14:55:31.313687+00:00,0.0,0.0,0.0,0.0
2026-09-26T14:55:32.362511+00:00,0.0,0.0,0.0,0.0
2026-09-26T14:55:33.410734+00:00,0.0,0.0,0.0,0.0
2026-09-26T14:55:34.460800+00:00,0.0,0.0,0.0,0.0
2026-09-26T14:55:35.511763+00:00,0.0,0.0,0.0,0.0
2026-09-26T14:55:36.560948+00:00,0.0,0.0,0.0,0.0
2026-09-26T14:55:37.610297+00:00,0.0,0.0,0.0,0.0
2026-09-26T14:55:38.661611+00:00,0.0,0.0,0.0,0.0
2026-09-26T14:55:39.711988+00:00,0.0,0.0,0.0,0.0
2026-09-26T14:55:40.763599+00:00,0.0,0.0,0.0,0.0
2026-09-26T14:55:41.812602+00:00,0.0,0.0,0.0,0.0
2026-09-26T14:55:42.861478+00:00,0.0,0.0,0.0,0.0
2026-09-26T14:55:43.912018+00:00,0.0,0.0,0.0,0.0
2026-09-26T14:55:44.966550+00:00,0.0,0.0,0.0,0.0
2026-09-26T14:55:46.014238+00:00,0.0,0.0,0.0,0.0
2026-09-26T14:55:47.062976+00:00,0.0,0.0,0.0,0.0
2026-09-26T14:55:48.111246+00:00,0.0,0.0,0.0,0.0
2026-09-26T14:55:49.160988+00:00,0.0,0.0,0.0,0.0
2026-09-26T14:55:50.210436+00:00,0.0,0.0,0.0,0.0
2026-09-26T14:55:51.259196+00:00,0.0,0.0,0.0,0.0
2026-09-26T14:55:52.307381+00:00,0.0,0.0,0.0,0.0
2026-09-26T14:55:53.355365+00:00,0.0,0.0,0.0,0.0
2026-09-26T14:55:54.406246+00:00,0.0,0.0,0.0,0.0
2026-09-26T14:55:55.457532+00:00,0.0,0.0,0.0,0.0
2026-09-26T14:55:56.505232+00:00,0.0,0.0,0.0,0.0
2026-09-26T14:55:57.555040+00:00,0.0,0.0,0.0,0.0
2026-09-26T14:55:58.607127+00:00,0.0,0.0,0.0,0.0
2026-09-26T14:55:59.659356+00:00,0.0,0.0,0.0,0.0
2026-09-26T14:56:00.708005+00:00,0.0,0.0,0.0,0.0
2026-09-26T14:56:01.756011+00:00,0.0,0.0,0.0,0.0
2026-09-26T14:56:02.804707+00:00,0.0,0.0,0.0,0.0
2026-09-26T14:56:03.855502+00:00,0.0,0.0,0.0,0.0
2026-09-26T14:56:04.906418+00:00,0.0,0.0,0.0,0.0
2026-09-26T14:56:05.954345+00:00,0.0,0.0,0.0,0.0
2026-09-26T14:56:07.003515+00:00,0.0,0.0,0.0,0.0
2026-09-26T14:56:08.051551+00:00,0.0,0.0,0.0,0.0
2026-09-26T14:56:09.102321+00:00,0.0,0.0,0.0,0.0
2026-09-26T14:56:10.152867+00:00,0.0,0.0,0.0,0.0
2026-09-26T14:56:11.202086+00:00,0.0,0.0,0.0,0.0
2026-09-26T14:56:12.246006+00:00,0.0,0.0,0.0,0.0
2026-09-26T14:56:13.293700+00:00,0.0,0.0,0.0,0.0
2026-09-26T14:56:14.344793+00:00,0.0,0.0,0.0,0.0
2026-09-26T14:56:15.394673+00:00,0.0,0.0,0.0,0.0
2026-09-26T14:56:16.442843+00:00,0.0,0.0,0.0,0.0
2026-09-26T14:56:17.490387+00:00,0.0,0.0,0.0,0.0
2026-09-26T14:56:18.542241+00:00,0.0,0.0,0.0,0.0
2026-09-26T14:56:19.591882+00:00,0.0,0.0,0.0,0.0
2026-09-26T14:56:20.643088+00:00,0.0,0.0,0.0,0.0
2026-09-26T14:56:21.691665+00:00,0.0,0.0,0.0,0.0
2026-09-26T14:56:22.740636+00:00,0.0,0.0,0.0,0.0
2026-09-26T14:56:23.790875+00:00,0.0,0.0,0.0,0.0
2026-09-26T14:56:24.841366+00:00,0.0,0.0,0.0,0.0
2026-09-26T14:56:25.891289+00:00,0.0,0.0,0.0,0.0
2026-09-26T14:56:26.937920+00:00,0.0,0.0,0.0,0.0
2026-09-26T14:56:27.985417+00:00,0.0,0.0,0.0,0.0
2026-09-26T14:56:29.036644+00:00,0.0,0.0,0.0,0.0
2026-09-26T14:56:30.088449+00:00,0.0,0.0,0.0,0.0
2026-09-26T14:56:31.136449+00:00,0.0,0.0,0.0,0.0
2026-09-26T14:56:32.185442+00:00,0.0,0.0,0.0,0.0
2026-09-26T14:56:33.233441+00:00,0.0,0.0,0.0,0.0
2026-09-26T14:56:34.286653+00:00,0.0,0.0,0.0,0.0
2026-09-26T14:56:35.337189+00:00,0.0,0.0,0.0,0.0
2026-09-26T14:56:36.385224+00:00,0.0,0.0,0.0,0.0
2026-09-26T14:56:37.432699+00:00,0.0,0.0,0.0,0.0
2026-09-26T14:56:38.481394+00:00,0.0,0.0,0.0,0.0
2026-09-26T14:56:39.525689+00:00,0.0,0.0,0.0,0.0
2026-09-26T14:56:40.575804+00:00,0.0,0.0,0.0,0.0
2026-09-26T14:56:41.625795+00:00,0.0,0.0,0.0,0.0
2026-09-26T14:56:42.674051+00:00,0.0,0.0,0.0,0.0
2026-09-26T14:56:43.723534+00:00,0.0,0.0,0.0,0.0
2026-09-26T14:56:44.774270+00:00,0.0,0.0,0.0,0.0
2026-09-26T14:56:45.825575+00:00,0.0,0.0,0.0,0.0
2026-09-26T14:56:46.876367+00:00,0.0,0.0,0.0,0.0
2026-09-26T14:56:47.924638+00:00,0.0,0.0,0.0,0.0
2026-09-26T14:56:48.973462+00:00,0.0,0.0,0.0,0.0
2026-09-26T14:56:50.023266+00:00,0.0,0.0,0.0,0.0
2026-09-26T14:56:51.073902+00:00,0.0,0.0,0.0,0.0
2026-09-26T14:56:52.121490+00:00,0.0,0.0,0.0,0.0
2026-09-26T14:56:53.169402+00:00,0.0,0.0,0.0,0.0
2026-09-26T14:56:54.220708+00:00,0.0,0.0,0.0,0.0
2026-09-26T14:56:55.274186+00:00,0.0,0.0,0.0,0.0
2026-09-26T14:56:56.324461+00:00,0.0,0.0,0.0,0.0
2026-09-26T14:56:57.372546+00:00,0.0,0.0,0.0,0.0
2026-09-26T14:56:58.420008+00:00,0.0,0.0,0.0,0.0
2026-09-26T14:56:59.470400+00:00,0.0,0.0,0.0,0.0
2026-09-26T14:57:00.521095+00:00,0.0,0.0,0.0,0.0
2026-09-26T14:57:01.571647+00:00,0.0,0.0,0.0,0.0
2026-09-26T14:57:02.621107+00:00,0.0,0.0,0.0,0.0
2026-09-26T14:57:03.669160+00:00,0.0,0.0,0.0,0.0
2026-09-26T14:57:04.720541+00:00,0.0,0.0,0.0,0.0
2026-09-26T14:57:05.771629+00:00,0.0,0.0,0.0,0.0
2026-09-26T14:57:06.823276+00:00,0.0,0.0,0.0,0.0
2026-09-26T14:57:07.874067+00:00,0.0,0.0,0.0,0.0
2026-09-26T14:57:08.920920+00:00,0.0,0.0,0.0,0.0
2026-09-26T14:57:09.972187+00:00,0.0,0.0,0.0,0.0
2026-09-26T14:57:11.023336+00:00,0.0,0.0,0.0,0.0
2026-09-26T14:57:12.074566+00:00,0.0,0.0,0.0,0.0
2026-09-26T14:57:13.123661+00:00,0.0,0.0,0.0,0.0
2026-09-26T14:57:14.172248+00:00,0.0,0.0,0.0,0.0
2026-09-26T14:57:15.223768+00:00,0.0,0.0,0.0,0.0
2026-09-26T14:57:16.274521+00:00,0.0,0.0,0.0,0.0
2026-09-26T14:57:17.325338+00:00,0.0,0.0,0.0,0.0
2026-09-26T14:57:18.374729+00:00,0.0,0.0,0.0,0.0
2026-09-26T14:57:19.422325+00:00,0.0,0.0,0.0,0.0
2026-09-26T14:57:20.471514+00:00,0.0,0.0,0.0,0.0
2026-09-26T14:57:21.524440+00:00,0.0,0.0,0.0,0.0
2026-09-26T14:57:22.575157+00:00,0.0,0.0,0.0,0.0
2026-09-26T14:57:23.625029+00:00,0.0,0.0,0.0,0.0
2026-09-26T14:57:24.674927+00:00,0.0,0.0,0.0,0.0
2026-09-26T14:57:25.726515+00:00,0.0,0.0,0.0,0.0
2026-09-26T14:57:26.776198+00:00,0.0,0.0,0.0,0.0
2026-09-26T14:57:27.827107+00:00,0.0,0.0,0.0,0.0
2026-09-26T14:57:28.877691+00:00,0.0,0.0,0.0,0.0
2026-09-26T14:57:29.925560+00:00,0.0,0.0,0.0,0.0
2026-09-26T14:57:30.977408+00:00,0.0,0.0,0.0,0.0
2026-09-26T14:57:32.029315+00:00,0.0,0.0,0.0,0.0
2026-09-26T14:57:33.080487+00:00,0.0,0.0,0.0,0.0
2026-09-26T14:57:34.131347+00:00,0.0,0.0,0.0,0.0
2026-09-26T14:57:35.179750+00:00,0.0,0.0,0.0,0.0
2026-09-26T14:57:36.229679+00:00,0.0,0.0,0.0,0.0
2026-09-26T14:57:37.280396+00:00,0.0,0.0,0.0,0.0
2026-09-26T14:57:38.330063+00:00,0.0,0.0,0.0,0.0
2026-09-26T14:57:39.382363+00:00,0.0,0.0,0.0,0.0
2026-09-26T14:57:40.432354+00:00,0.0,0.0,0.0,0.0
2026-09-26T14:57:41.480761+00:00,0.0,0.0,0.0,0.0
2026-09-26T14:57:42.531623+00:00,0.0,0.0,0.0,0.0
2026-09-26T14:57:43.581756+00:00,0.0,0.0,0.0,0.0
2026-09-26T14:57:44.631439+00:00,0.0,0.0,0.0,0.0
2026-09-26T14:57:45.679744+00:00,0.0,0.0,0.0,0.0
2026-09-26T14:57:46.728466+00:00,0.0,0.0,0.0,0.0
2026-09-26T14:57:47.779700+00:00,0.0,0.0,0.0,0.0
2026-09-26T14:57:48.830656+00:00,0.0,0.0,0.0,0.0
2026-09-26T14:57:49.882931+00:00,0.0,0.0,0.0,0.0
2026-09-26T14:57:50.930779+00:00,0.0,0.0,0.0,0.0
2026-09-26T14:57:51.980537+00:00,0.0,0.0,0.0,0.0
2026-09-26T14:57:53.031417+00:00,0.0,0.0,0.0,0.0
2026-09-26T14:57:54.082721+00:00,0.0,0.0,0.0,0.0
2026-09-26T14:57:55.132983+00:00,0.0,0.0,0.0,0.0
2026-09-26T14:57:56.181108+00:00,0.0,0.0,0.0,0.0
2026-09-26T14:57:57.230045+00:00,0.0,0.0,0.0,0.0
2026-09-26T14:57:58.281424+00:00,0.0,0.0,0.0,0.0
2026-09-26T14:57:59.332978+00:00,0.0,0.0,0.0,0.0
2026-09-26T14:58:00.384052+00:00,0.0,0.0,0.0,0.0
2026-09-26T14:58:01.431382+00:00,0.0,0.0,0.0,0.0
2026-09-26T14:58:02.480966+00:00,0.0,0.0,0.0,0.0
2026-09-26T14:58:03.532564+00:00,0.0,0.0,0.0,0.0
2026-09-26T14:58:04.588142+00:00,0.0,0.0,0.0,0.0
2026-09-26T14:58:05.640086+00:00,0.0,0.0,0.0,0.0
2026-09-26T14:58:06.688881+00:00,0.0,0.0,0.0,0.0
2026-09-26T14:58:07.737504+00:00,0.0,0.0,0.0,0.0
2026-09-26T14:58:08.788995+00:00,0.0,0.0,0.0,0.0
2026-09-26T14:58:09.839639+00:00,0.0,0.0,0.0,0.0
2026-09-26T14:58:10.890893+00:00,0.0,0.0,0.0,0.0
2026-09-26T14:58:11.939671+00:00,0.0,0.0,0.0,0.0
2026-09-26T14:58:12.987840+00:00,0.0,0.0,0.0,0.0
2026-09-26T14:58:14.038625+00:00,0.0,0.0,0.0,0.0
2026-09-26T14:58:15.089427+00:00,0.0,0.0,0.0,0.0
2026-09-26T14:58:16.141170+00:00,0.0,0.0,0.0,0.0
2026-09-26T14:58:17.192561+00:00,0.0,0.0,0.0,0.0
2026-09-26T14:58:18.240241+00:00,0.0,0.0,0.0,0.0
2026-09-26T14:58:19.289181+00:00,0.0,0.0,0.0,0.0
2026-09-26T14:58:20.340006+00:00,0.0,0.0,0.0,0.0
2026-09-26T14:58:21.391269+00:00,0.0,0.0,0.0,0.0
2026-09-26T14:58:22.439080+00:00,0.0,0.0,0.0,0.0
2026-09-26T14:58:23.487852+00:00,0.0,0.0,0.0,0.0
2026-09-26T14:58:24.536220+00:00,0.0,0.0,0.0,0.0
2026-09-26T14:58:25.587720+00:00,0.0,0.0,0.0,0.0
2026-09-26T14:58:26.639323+00:00,0.0,0.0,0.0,0.0
2026-09-26T14:58:27.687160+00:00,0.0,0.0,0.0,0.0
2026-09-26T14:58:28.735570+00:00,0.0,0.0,0.0,0.0
2026-09-26T14:58:29.784343+00:00,0.0,0.0,0.0,0.0
2026-09-26T14:58:30.834669+00:00,0.0,0.0,0.0,0.0
2026-09-26T14:58:31.886326+00:00,0.0,0.0,0.0,0.0
2026-09-26T14:58:32.936149+00:00,0.0,0.0,0.0,0.0
2026-09-26T14:58:33.983063+00:00,0.0,0.0,0.0,0.0
2026-09-26T14:58:35.031283+00:00,0.0,0.0,0.0,0.0
2026-09-26T14:58:36.081873+00:00,0.0,0.0,0.0,0.0
2026-09-26T14:58:37.132335+00:00,0.0,0.0,0.0,0.0
2026-09-26T14:58:38.182615+00:00,0.0,0.0,0.0,0.0
2026-09-26T14:58:39.231691+00:00,0.0,0.0,0.0,0.0
2026-09-26T14:58:40.279767+00:00,0.0,0.0,0.0,0.0
2026-09-26T14:58:41.329481+00:00,0.0,0.0,0.0,0.0
2026-09-26T14:58:42.379655+00:00,0.0,0.0,0.0,0.0
2026-09-26T14:58:43.428918+00:00,0.0,0.0,0.0,0.0
2026-09-26T14:58:44.476635+00:00,0.0,0.0,0.0,0.0
2026-09-26T14:58:45.524884+00:00,0.0,0.0,0.0,0.0
2026-09-26T14:58:46.608708+00:00,0.0,0.0,0.0,0.0
2026-09-26T14:58:47.660314+00:00,0.0,0.0,0.0,0.0
2026-09-26T14:58:48.712378+00:00,0.0,0.0,0.0,0.0
2026-09-26T14:58:49.763133+00:00,0.0,0.0,0.0,0.0
2026-09-26T14:58:50.811621+00:00,0.0,0.0,0.0,0.0
2026-09-26T14:58:51.862040+00:00,0.0,0.0,0.0,0.0
2026-09-26T14:58:52.912661+00:00,0.0,0.0,0.0,0.0
2026-09-26T14:58:53.963484+00:00,0.0,0.0,0.0,0.0
2026-09-26T14:58:55.015310+00:00,0.0,0.0,0.0,0.0
2026-09-26T14:58:56.062828+00:00,0.0,0.0,0.0,0.0
2026-09-26T14:58:57.111910+00:00,0.0,0.0,0.0,0.0
2026-09-26T14:58:58.162619+00:00,0.0,0.0,0.0,0.0
2026-09-26T14:58:59.213936+00:00,0.0,0.0,0.0,0.0
2026-09-26T14:59:00.264611+00:00,0.0,0.0,0.0,0.0
2026-09-26T14:59:01.312926+00:00,0.0,0.0,0.0,0.0
2026-09-26T14:59:02.361862+00:00,0.0,0.0,0.0,0.0
2026-09-26T14:59:03.410733+00:00,0.0,0.0,0.0,0.0
2026-09-26T14:59:04.461774+00:00,0.0,0.0,0.0,0.0
2026-09-26T14:59:05.513019+00:00,0.0,0.0,0.0,0.0
2026-09-26T14:59:06.563034+00:00,0.0,0.0,0.0,0.0
2026-09-26T14:59:07.610845+00:00,0.0,0.0,0.0,0.0
2026-09-26T14:59:08.661294+00:00,0.0,0.0,0.0,0.0
2026-09-26T14:59:09.711946+00:00,0.0,0.0,0.0,0.0
2026-09-26T14:59:10.762872+00:00,0.0,0.0,0.0,0.0
2026-09-26T14:59:11.814430+00:00,0.0,0.0,0.0,0.0
2026-09-26T14:59:12.862491+00:00,0.0,0.0,0.0,0.0
2026-09-26T14:59:13.911762+00:00,0.0,0.0,0.0,0.0
2026-09-26T14:59:14.963568+00:00,0.0,0.0,0.0,0.0
2026-09-26T14:59:16.014361+00:00,0.0,0.0,0.0,0.0
2026-09-26T14:59:17.065853+00:00,0.0,0.0,0.0,0.0
2026-09-26T14:59:18.113301+00:00,0.0,0.0,0.0,0.0
2026-09-26T14:59:19.163687+00:00,0.0,0.0,0.0,0.0
2026-09-26T14:59:20.211667+00:00,0.0,0.0,0.0,0.0
2026-09-26T14:59:21.262729+00:00,0.0,0.0,0.0,0.0
2026-09-26T14:59:22.312966+00:00,0.0,0.0,0.0,0.0
2026-09-26T14:59:23.363636+00:00,0.0,0.0,0.0,0.0
2026-09-26T14:59:24.414778+00:00,0.0,0.0,0.0,0.0
2026-09-26T14:59:25.462875+00:00,0.0,0.0,0.0,0.0
2026-09-26T14:59:26.514598+00:00,0.0,0.0,0.0,0.0
2026-09-26T14:59:27.565101+00:00,0.0,0.0,0.0,0.0
2026-09-26T14:59:28.618051+00:00,0.0,0.0,0.0,0.0
2026-09-26T14:59:29.666120+00:00,0.0,0.0,0.0,0.0
2026-09-26T14:59:30.714090+00:00,0.0,0.0,0.0,0.0
2026-09-26T14:59:31.766002+00:00,0.0,0.0,0.0,0.0
2026-09-26T14:59:32.818092+00:00,0.0,0.0,0.0,0.0
2026-09-26T14:59:33.868755+00:00,0.0,0.0,0.0,0.0
2026-09-26T14:59:34.918101+00:00,0.0,0.0,0.0,0.0
2026-09-26T14:59:35.966312+00:00,0.0,0.0,0.0,0.0
2026-09-26T14:59:37.016345+00:00,0.0,0.0,0.0,0.0
2026-09-26T14:59:38.067776+00:00,0.0,0.0,0.0,0.0
2026-09-26T14:59:39.119521+00:00,0.0,0.0,0.0,0.0
2026-09-26T14:59:40.171739+00:00,0.0,0.0,0.0,0.0
2026-09-26T14:59:41.220986+00:00,0.0,0.0,0.0,0.0
2026-09-26T14:59:42.269856+00:00,0.0,0.0,0.0,0.0
2026-09-26T14:59:43.324495+00:00,0.0,0.0,0.0,0.0
2026-09-26T14:59:44.375563+00:00,0.0,0.0,0.0,0.0
2026-09-26T14:59:45.425611+00:00,0.0,0.0,0.0,0.0
2026-09-26T14:59:46.496502+00:00,0.0,0.0,0.0,0.0
2026-09-26T14:59:47.545697+00:00,0.0,0.0,0.0,0.0
2026-09-26T14:59:48.593959+00:00,0.0,0.0,0.0,0.0
2026-09-26T14:59:49.645785+00:00,0.0,0.0,0.0,0.0
2026-09-26T14:59:50.696413+00:00,0.0,0.0,0.0,0.0
2026-09-26T14:59:51.745657+00:00,0.0,0.0,0.0,0.0
2026-09-26T14:59:52.794803+00:00,0.0,0.0,0.0,0.0
2026-09-26T14:59:53.843793+00:00,0.0,0.0,0.0,0.0
2026-09-26T14:59:54.894754+00:00,0.0,0.0,0.0,0.0
2026-09-26T14:59:55.945336+00:00,0.0,0.0,0.0,0.0
2026-09-26T14:59:56.991099+00:00,0.0,0.0,0.0,0.0
2026-09-26T14:59:58.039846+00:00,0.0,0.0,0.0,0.0
2026-09-26T14:59:59.089550+00:00,0.0,0.0,0.0,0.0
2026-09-26T15:00:00.138990+00:00,0.0,0.0,0.0,0.0
2026-09-26T15:00:01.190775+00:00,0.0,0.0,0.0,0.0
2026-09-26T15:00:02.241916+00:00,0.0,0.0,0.0,0.0
2026-09-26T15:00:03.290961+00:00,0.0,0.0,0.0,0.0
2026-09-26T15:00:04.340731+00:00,0.0,0.0,0.0,0.0
2026-09-26T15:00:05.390733+00:00,0.0,0.0,0.0,0.0
2026-09-26T15:00:06.442527+00:00,0.0,0.0,0.0,0.0
2026-09-26T15:00:07.492814+00:00,0.0,0.0,0.0,0.0
2026-09-26T15:00:08.543766+00:00,0.0,0.0,0.0,0.0
2026-09-26T15:00:09.592671+00:00,0.0,0.0,0.0,0.0
2026-09-26T15:00:10.641353+00:00,0.0,0.0,0.0,0.0
2026-09-26T15:00:11.688770+00:00,0.0,0.0,0.0,0.0
2026-09-26T15:00:12.739348+00:00,0.0,0.0,0.0,0.0
2026-09-26T15:00:13.790777+00:00,0.0,0.0,0.0,0.0
2026-09-26T15:00:14.839392+00:00,0.0,0.0,0.0,0.0
2026-09-26T15:00:15.889664+00:00,0.0,0.0,0.0,0.0
2026-09-26T15:00:16.938080+00:00,0.0,0.0,0.0,0.0
2026-09-26T15:00:17.989973+00:00,0.0,0.0,0.0,0.0
2026-09-26T15:00:19.040108+00:00,0.0,0.0,0.0,0.0
2026-09-26T15:00:20.091196+00:00,0.0,0.0,0.0,0.0
2026-09-26T15:00:21.140804+00:00,0.0,0.0,0.0,0.0
2026-09-26T15:00:22.189467+00:00,0.0,0.0,0.0,0.0
2026-09-26T15:00:23.238539+00:00,0.0,0.0,0.0,0.0
2026-09-26T15:00:24.289302+00:00,0.0,0.0,0.0,0.0
2026-09-26T15:00:25.342914+00:00,0.0,0.0,0.0,0.0
2026-09-26T15:00:26.392523+00:00,0.0,0.0,0.0,0.0
2026-09-26T15:00:27.440432+00:00,0.0,0.0,0.0,0.0
2026-09-26T15:00:28.490398+00:00,0.0,0.0,0.0,0.0
2026-09-26T15:00:29.541203+00:00,0.0,0.0,0.0,0.0
2026-09-26T15:00:30.593026+00:00,0.0,0.0,0.0,0.0
2026-09-26T15:00:31.644962+00:00,0.0,0.0,0.0,0.0
2026-09-26T15:00:32.692674+00:00,0.0,0.0,0.0,0.0
2026-09-26T15:00:33.741652+00:00,0.0,0.0,0.0,0.0
2026-09-26T15:00:34.790502+00:00,0.0,0.0,0.0,0.0
2026-09-26T15:00:35.842677+00:00,0.0,0.0,0.0,0.0
2026-09-26T15:00:36.892353+00:00,0.0,0.0,0.0,0.0
2026-09-26T15:00:37.943097+00:00,0.0,0.0,0.0,0.0
2026-09-26T15:00:38.993265+00:00,0.0,0.0,0.0,0.0
2026-09-26T15:00:40.041156+00:00,0.0,0.0,0.0,0.0
2026-09-26T15:00:41.092890+00:00,0.0,0.0,0.0,0.0
2026-09-26T15:00:42.143797+00:00,0.0,0.0,0.0,0.0
2026-09-26T15:00:43.194929+00:00,0.0,0.0,0.0,0.0
2026-09-26T15:00:44.245257+00:00,0.0,0.0,0.0,0.0
2026-09-26T15:00:45.293673+00:00,0.0,0.0,0.0,0.0
2026-09-26T15:00:46.342814+00:00,0.0,0.0,0.0,0.0
2026-09-26T15:00:47.394562+00:00,0.0,0.0,0.0,0.0
2026-09-26T15:00:48.445504+00:00,0.0,0.0,0.0,0.0
2026-09-26T15:00:49.497900+00:00,0.0,0.0,0.0,0.0
2026-09-26T15:00:50.546488+00:00,0.0,0.0,0.0,0.0
2026-09-26T15:00:51.597078+00:00,0.0,0.0,0.0,0.0
2026-09-26T15:00:52.646971+00:00,0.0,0.0,0.0,0.0
2026-09-26T15:00:53.702161+00:00,0.0,0.0,0.0,0.0
2026-09-26T15:00:54.752655+00:00,0.0,0.0,0.0,0.0
2026-09-26T15:00:55.802501+00:00,0.0,0.0,0.0,0.0
2026-09-26T15:00:56.850769+00:00,0.0,0.0,0.0,0.0
2026-09-26T15:00:57.900651+00:00,0.0,0.0,0.0,0.0
2026-09-26T15:00:58.950798+00:00,0.0,0.0,0.0,0.0
2026-09-26T15:01:00.001697+00:00,0.0,0.0,0.0,0.0
2026-09-26T15:01:01.051908+00:00,0.0,0.0,0.0,0.0
2026-09-26T15:01:02.101114+00:00,0.0,0.0,0.0,0.0
2026-09-26T15:01:03.149455+00:00,0.0,0.0,0.0,0.0
2026-09-26T15:01:04.198838+00:00,0.0,0.0,0.0,0.0
2026-09-26T15:01:05.250671+00:00,0.0,0.0,0.0,0.0
2026-09-26T15:01:06.301996+00:00,0.0,0.0,0.0,0.0
2026-09-26T15:01:07.354102+00:00,0.0,0.0,0.0,0.0
2026-09-26T15:01:08.401838+00:00,0.0,0.0,0.0,0.0
2026-09-26T15:01:09.450937+00:00,0.0,0.0,0.0,0.0
2026-09-26T15:01:10.501831+00:00,0.0,0.0,0.0,0.0
2026-09-26T15:01:11.552889+00:00,0.0,0.0,0.0,0.0
2026-09-26T15:01:12.604369+00:00,0.0,0.0,0.0,0.0
2026-09-26T15:01:13.653660+00:00,0.0,0.0,0.0,0.0
2026-09-26T15:01:14.702793+00:00,0.0,0.0,0.0,0.0
2026-09-26T15:01:15.751169+00:00,0.0,0.0,0.0,0.0
2026-09-26T15:01:16.802417+00:00,0.0,0.0,0.0,0.0
2026-09-26T15:01:17.854741+00:00,0.0,0.0,0.0,0.0
2026-09-26T15:01:18.904870+00:00,0.0,0.0,0.0,0.0
2026-09-26T15:01:19.953816+00:00,0.0,0.0,0.0,0.0
2026-09-26T15:01:21.000908+00:00,0.0,0.0,0.0,0.0
2026-09-26T15:01:22.049812+00:00,0.0,0.0,0.0,0.0
2026-09-26T15:01:23.099854+00:00,0.0,0.0,0.0,0.0
2026-09-26T15:01:24.151676+00:00,0.0,0.0,0.0,0.0
2026-09-26T15:01:25.201624+00:00,0.0,0.0,0.0,0.0
2026-09-26T15:01:26.250451+00:00,0.0,0.0,0.0,0.0
2026-09-26T15:01:27.298603+00:00,0.0,0.0,0.0,0.0
2026-09-26T15:01:28.350011+00:00,0.0,0.0,0.0,0.0
2026-09-26T15:01:29.400686+00:00,0.0,0.0,0.0,0.0
2026-09-26T15:01:30.451315+00:00,0.0,0.0,0.0,0.0
2026-09-26T15:01:31.502948+00:00,0.0,0.0,0.0,0.0
2026-09-26T15:01:32.550731+00:00,0.0,0.0,0.0,0.0
2026-09-26T15:01:33.600397+00:00,0.0,0.0,0.0,0.0
2026-09-26T15:01:34.650819+00:00,0.0,0.0,0.0,0.0
2026-09-26T15:01:35.703967+00:00,0.0,0.0,0.0,0.0
2026-09-26T15:01:36.756122+00:00,0.0,0.0,0.0,0.0
2026-09-26T15:01:37.804947+00:00,0.0,0.0,0.0,0.0
2026-09-26T15:01:38.854032+00:00,0.0,0.0,0.0,0.0
2026-09-26T15:01:39.901758+00:00,0.0,0.0,0.0,0.0
2026-09-26T15:01:40.953675+00:00,0.0,0.0,0.0,0.0
2026-09-26T15:01:42.004956+00:00,0.0,0.0,0.0,0.0
2026-09-26T15:01:43.055659+00:00,0.0,0.0,0.0,0.0
2026-09-26T15:01:44.105936+00:00,0.0,0.0,0.0,0.0
2026-09-26T15:01:45.153822+00:00,0.0,0.0,0.0,0.0
2026-09-26T15:01:46.202834+00:00,0.0,0.0,0.0,0.0
2026-09-26T15:01:47.253450+00:00,0.0,0.0,0.0,0.0
2026-09-26T15:01:48.304511+00:00,0.0,0.0,0.0,0.0
2026-09-26T15:01:49.358027+00:00,0.0,0.0,0.0,0.0
2026-09-26T15:01:50.407261+00:00,0.0,0.0,0.0,0.0
2026-09-26T15:01:51.457698+00:00,0.0,0.0,0.0,0.0
2026-09-26T15:01:52.507985+00:00,0.0,0.0,0.0,0.0
2026-09-26T15:01:53.558442+00:00,0.0,0.0,0.0,0.0
2026-09-26T15:01:54.610258+00:00,0.0,0.0,0.0,0.0
2026-09-26T15:01:55.662845+00:00,0.0,0.0,0.0,0.0
2026-09-26T15:01:56.710614+00:00,0.0,0.0,0.0,0.0
2026-09-26T15:01:57.759987+00:00,0.0,0.0,0.0,0.0
2026-09-26T15:01:58.810490+00:00,0.0,0.0,0.0,0.0
2026-09-26T15:01:59.861811+00:00,0.0,0.0,0.0,0.0
2026-09-26T15:02:00.912831+00:00,0.0,0.0,0.0,0.0
2026-09-26T15:02:01.961797+00:00,0.0,0.0,0.0,0.0
2026-09-26T15:02:03.012673+00:00,0.0,0.0,0.0,0.0
2026-09-26T15:02:04.061310+00:00,0.0,0.0,0.0,0.0
2026-09-26T15:02:05.112757+00:00,0.0,0.0,0.0,0.0
2026-09-26T15:02:06.163704+00:00,0.0,0.0,0.0,0.0
2026-09-26T15:02:07.214680+00:00,0.0,0.0,0.0,0.0
2026-09-26T15:02:08.263996+00:00,0.0,0.0,0.0,0.0
2026-09-26T15:02:09.312523+00:00,0.0,0.0,0.0,0.0
2026-09-26T15:02:10.362129+00:00,0.0,0.0,0.0,0.0
2026-09-26T15:02:11.412789+00:00,0.0,0.0,0.0,0.0
2026-09-26T15:02:12.463733+00:00,0.0,0.0,0.0,0.0
2026-09-26T15:02:13.516677+00:00,0.0,0.0,0.0,0.0
2026-09-26T15:02:14.566818+00:00,0.0,0.0,0.0,0.0
2026-09-26T15:02:15.616661+00:00,0.0,0.0,0.0,0.0
2026-09-26T15:02:16.664743+00:00,0.0,0.0,0.0,0.0
2026-09-26T15:02:17.720487+00:00,0.0,0.0,0.0,0.0
2026-09-26T15:02:18.770615+00:00,0.0,0.0,0.0,0.0
2026-09-26T15:02:19.821328+00:00,0.0,0.0,0.0,0.0
2026-09-26T15:02:20.870052+00:00,0.0,0.0,0.0,0.0
2026-09-26T15:02:21.919431+00:00,0.0,0.0,0.0,0.0
2026-09-26T15:02:22.967701+00:00,0.0,0.0,0.0,0.0
2026-09-26T15:02:24.019954+00:00,0.0,0.0,0.0,0.0
2026-09-26T15:02:25.071971+00:00,0.0,0.0,0.0,0.0
2026-09-26T15:02:26.122789+00:00,0.0,0.0,0.0,0.0
2026-09-26T15:02:27.172057+00:00,0.0,0.0,0.0,0.0
2026-09-26T15:02:28.228060+00:00,0.0,0.0,0.0,0.0
2026-09-26T15:02:29.277265+00:00,0.0,0.0,0.0,0.0
2026-09-26T15:02:30.328106+00:00,0.0,0.0,0.0,0.0
2026-09-26T15:02:31.379645+00:00,0.0,0.0,0.0,0.0
2026-09-26T15:02:32.432079+00:00,0.0,0.0,0.0,0.0
2026-09-26T15:02:33.479838+00:00,0.0,0.0,0.0,0.0
2026-09-26T15:02:34.529031+00:00,0.0,0.0,0.0,0.0
2026-09-26T15:02:35.577299+00:00,0.0,0.0,0.0,0.0
2026-09-26T15:02:36.629131+00:00,0.0,0.0,0.0,0.0
2026-09-26T15:02:37.679848+00:00,0.0,0.0,0.0,0.0
2026-09-26T15:02:38.730647+00:00,0.0,0.0,0.0,0.0
2026-09-26T15:02:39.779823+00:00,0.0,0.0,0.0,0.0
2026-09-26T15:02:40.828183+00:00,0.0,0.0,0.0,0.0
2026-09-26T15:02:41.877937+00:00,0.0,0.0,0.0,0.0
2026-09-26T15:02:42.928846+00:00,0.0,0.0,0.0,0.0
2026-09-26T15:02:43.980372+00:00,0.0,0.0,0.0,0.0
2026-09-26T15:02:45.032785+00:00,0.0,0.0,0.0,0.0
2026-09-26T15:02:46.081534+00:00,0.0,0.0,0.0,0.0
2026-09-26T15:02:47.130417+00:00,0.0,0.0,0.0,0.0
2026-09-26T15:02:48.178450+00:00,0.0,0.0,0.0,0.0
2026-09-26T15:02:49.229979+00:00,0.0,0.0,0.0,0.0
2026-09-26T15:02:50.280483+00:00,0.0,0.0,0.0,0.0
2026-09-26T15:02:51.331661+00:00,0.0,0.0,0.0,0.0
2026-09-26T15:02:52.381101+00:00,0.0,0.0,0.0,0.0
2026-09-26T15:02:53.429697+00:00,0.0,0.0,0.0,0.0
2026-09-26T15:02:54.480563+00:00,0.0,0.0,0.0,0.0
2026-09-26T15:02:55.531099+00:00,0.0,0.0,0.0,0.0
2026-09-26T15:02:56.582159+00:00,0.0,0.0,0.0,0.0
2026-09-26T15:02:57.633776+00:00,0.0,0.0,0.0,0.0
2026-09-26T15:02:58.682523+00:00,0.0,0.0,0.0,0.0
2026-09-26T15:02:59.731005+00:00,0.0,0.0,0.0,0.0
2026-09-26T15:03:00.783630+00:00,0.0,0.0,0.0,0.0
2026-09-26T15:03:01.834259+00:00,0.0,0.0,0.0,0.0
2026-09-26T15:03:02.886096+00:00,0.0,0.0,0.0,0.0
2026-09-26T15:03:03.937500+00:00,0.0,0.0,0.0,0.0
2026-09-26T15:03:04.986527+00:00,0.0,0.0,0.0,0.0
2026-09-26T15:03:06.036685+00:00,0.0,0.0,0.0,0.0
2026-09-26T15:03:07.087335+00:00,0.0,0.0,0.0,0.0
2026-09-26T15:03:08.137915+00:00,0.0,0.0,0.0,0.0
2026-09-26T15:03:09.189079+00:00,0.0,0.0,0.0,0.0
2026-09-26T15:03:10.239749+00:00,0.0,0.0,0.0,0.0
2026-09-26T15:03:11.288988+00:00,0.0,0.0,0.0,0.0
2026-09-26T15:03:12.338566+00:00,0.0,0.0,0.0,0.0
2026-09-26T15:03:13.389648+00:00,0.0,0.0,0.0,0.0
2026-09-26T15:03:14.439290+00:00,0.0,0.0,0.0,0.0
2026-09-26T15:03:15.494694+00:00,0.0,0.0,0.0,0.0
2026-09-26T15:03:16.544086+00:00,0.0,0.0,0.0,0.0
2026-09-26T15:03:17.593970+00:00,0.0,0.0,0.0,0.0
2026-09-26T15:03:18.641330+00:00,0.0,0.0,0.0,0.0
2026-09-26T15:03:19.692345+00:00,0.0,0.0,0.0,0.0
2026-09-26T15:03:20.741349+00:00,0.0,0.0,0.0,0.0
2026-09-26T15:03:21.792737+00:00,0.0,0.0,0.0,0.0
2026-09-26T15:03:22.842805+00:00,0.0,0.0,0.0,0.0
2026-09-26T15:03:23.891712+00:00,0.0,0.0,0.0,0.0
2026-09-26T15:03:24.939016+00:00,0.0,0.0,0.0,0.0
2026-09-26T15:03:25.991733+00:00,0.0,0.0,0.0,0.0
2026-09-26T15:03:27.042544+00:00,0.0,0.0,0.0,0.0
2026-09-26T15:03:28.092919+00:00,0.0,0.0,0.0,0.0
2026-09-26T15:03:29.145288+00:00,0.0,0.0,0.0,0.0
2026-09-26T15:03:30.194501+00:00,0.0,0.0,0.0,0.0
2026-09-26T15:03:31.242773+00:00,0.0,0.0,0.0,0.0
2026-09-26T15:03:32.293475+00:00,0.0,0.0,0.0,0.0
2026-09-26T15:03:33.344004+00:00,0.0,0.0,0.0,0.0
2026-09-26T15:03:34.394630+00:00,0.0,0.0,0.0,0.0
2026-09-26T15:03:35.444637+00:00,0.0,0.0,0.0,0.0
2026-09-26T15:03:36.493277+00:00,0.0,0.0,0.0,0.0
2026-09-26T15:03:37.541822+00:00,0.0,0.0,0.0,0.0
2026-09-26T15:03:38.590055+00:00,0.0,0.0,0.0,0.0
2026-09-26T15:03:39.640669+00:00,0.0,0.0,0.0,0.0
2026-09-26T15:03:40.691640+00:00,0.0,0.0,0.0,0.0
2026-09-26T15:03:41.744839+00:00,0.0,0.0,0.0,0.0
2026-09-26T15:03:42.793099+00:00,0.0,0.0,0.0,0.0
2026-09-26T15:03:43.840076+00:00,0.0,0.0,0.0,0.0
2026-09-26T15:03:44.890105+00:00,0.0,0.0,0.0,0.0
2026-09-26T15:03:45.940701+00:00,0.0,0.0,0.0,0.0
2026-09-26T15:03:46.990921+00:00,0.0,0.0,0.0,0.0
2026-09-26T15:03:48.040401+00:00,0.0,0.0,0.0,0.0
2026-09-26T15:03:49.089481+00:00,0.0,0.0,0.0,0.0
2026-09-26T15:03:50.137386+00:00,0.0,0.0,0.0,0.0
2026-09-26T15:03:51.185268+00:00,0.0,0.0,0.0,0.0
2026-09-26T15:03:52.236356+00:00,0.0,0.0,0.0,0.0
2026-09-26T15:03:53.287349+00:00,0.0,0.0,0.0,0.0
2026-09-26T15:03:54.336824+00:00,0.0,0.0,0.0,0.0
2026-09-26T15:03:55.385904+00:00,0.0,0.0,0.0,0.0
2026-09-26T15:03:56.433170+00:00,0.0,0.0,0.0,0.0
2026-09-26T15:03:57.479219+00:00,0.0,0.0,0.0,0.0
2026-09-26T15:03:58.530423+00:00,0.0,0.0,0.0,0.0
2026-09-26T15:03:59.580660+00:00,0.0,0.0,0.0,0.0
2026-09-26T15:04:00.631185+00:00,0.0,0.0,0.0,0.0
2026-09-26T15:04:01.681551+00:00,0.0,0.0,0.0,0.0
2026-09-26T15:04:02.729826+00:00,0.0,0.0,0.0,0.0
2026-09-26T15:04:03.779378+00:00,0.0,0.0,0.0,0.0
2026-09-26T15:04:04.828855+00:00,0.0,0.0,0.0,0.0
2026-09-26T15:04:05.880042+00:00,0.0,0.0,0.0,0.0
2026-09-26T15:04:06.931235+00:00,0.0,0.0,0.0,0.0
2026-09-26T15:04:07.982001+00:00,0.0,0.0,0.0,0.0
2026-09-26T15:04:09.030810+00:00,0.0,0.0,0.0,0.0
2026-09-26T15:04:10.078421+00:00,0.0,0.0,0.0,0.0
2026-09-26T15:04:11.127932+00:00,0.0,0.0,0.0,0.0
2026-09-26T15:04:12.181222+00:00,0.0,0.0,0.0,0.0
2026-09-26T15:04:13.232313+00:00,0.0,0.0,0.0,0.0
2026-09-26T15:04:14.283902+00:00,0.0,0.0,0.0,0.0
2026-09-26T15:04:15.333040+00:00,0.0,0.0,0.0,0.0
2026-09-26T15:04:16.384065+00:00,0.0,0.0,0.0,0.0
2026-09-26T15:04:17.435078+00:00,0.0,0.0,0.0,0.0
2026-09-26T15:04:18.487431+00:00,0.0,0.0,0.0,0.0
2026-09-26T15:04:19.537698+00:00,0.0,0.0,0.0,0.0
2026-09-26T15:04:20.588622+00:00,0.0,0.0,0.0,0.0
2026-09-26T15:04:21.635752+00:00,0.0,0.0,0.0,0.0
2026-09-26T15:04:22.685234+00:00,0.0,0.0,0.0,0.0
2026-09-26T15:04:23.733076+00:00,0.0,0.0,0.0,0.0
2026-09-26T15:04:24.786783+00:00,0.0,0.0,0.0,0.0
2026-09-26T15:04:25.838816+00:00,0.0,0.0,0.0,0.0
2026-09-26T15:04:26.889609+00:00,0.0,0.0,0.0,0.0
2026-09-26T15:04:27.938717+00:00,0.0,0.0,0.0,0.0
2026-09-26T15:04:28.986443+00:00,0.0,0.0,0.0,0.0
2026-09-26T15:04:30.035905+00:00,0.0,0.0,0.0,0.0
2026-09-26T15:04:31.085752+00:00,0.0,0.0,0.0,0.0
2026-09-26T15:04:32.137254+00:00,0.0,0.0,0.0,0.0
2026-09-26T15:04:33.188357+00:00,0.0,0.0,0.0,0.0
2026-09-26T15:04:34.236203+00:00,0.0,0.0,0.0,0.0
2026-09-26T15:04:35.284811+00:00,0.0,0.0,0.0,0.0
2026-09-26T15:04:36.332905+00:00,0.0,0.0,0.0,0.0
2026-09-26T15:04:37.382439+00:00,0.0,0.0,0.0,0.0
2026-09-26T15:04:38.434227+00:00,0.0,0.0,0.0,0.0
2026-09-26T15:04:39.484614+00:00,0.0,0.0,0.0,0.0
2026-09-26T15:04:40.532827+00:00,0.0,0.0,0.0,0.0
2026-09-26T15:04:41.582803+00:00,0.0,0.0,0.0,0.0
2026-09-26T15:04:42.631190+00:00,0.0,0.0,0.0,0.0
2026-09-26T15:04:43.682554+00:00,0.0,0.0,0.0,0.0
2026-09-26T15:04:44.733231+00:00,0.0,0.0,0.0,0.0
2026-09-26T15:04:45.783689+00:00,0.0,0.0,0.0,0.0
2026-09-26T15:04:46.835572+00:00,0.0,0.0,0.0,0.0
2026-09-26T15:04:47.883614+00:00,0.0,0.0,0.0,0.0
2026-09-26T15:04:48.932491+00:00,0.0,0.0,0.0,0.0
2026-09-26T15:04:49.983617+00:00,0.0,0.0,0.0,0.0
2026-09-26T15:04:51.034139+00:00,0.0,0.0,0.0,0.0
2026-09-26T15:04:52.087074+00:00,0.0,0.0,0.0,0.0
2026-09-26T15:04:53.137357+00:00,0.0,0.0,0.0,0.0
2026-09-26T15:04:54.184566+00:00,0.0,0.0,0.0,0.0
2026-09-26T15:04:55.232264+00:00,0.0,0.0,0.0,0.0
2026-09-26T15:04:56.281602+00:00,0.0,0.0,0.0,0.0
2026-09-26T15:04:57.331743+00:00,0.0,0.0,0.0,0.0
2026-09-26T15:04:58.382705+00:00,0.0,0.0,0.0,0.0
2026-09-26T15:04:59.433980+00:00,0.0,0.0,0.0,0.0
2026-09-26T15:05:00.482319+00:00,0.0,0.0,0.0,0.0
2026-09-26T15:05:01.530933+00:00,0.0,0.0,0.0,0.0
2026-09-26T15:05:02.579235+00:00,0.0,0.0,0.0,0.0
2026-09-26T15:05:03.631369+00:00,0.0,0.0,0.0,0.0
2026-09-26T15:05:04.681336+00:00,0.0,0.0,0.0,0.0
2026-09-26T15:05:05.731230+00:00,0.0,0.0,0.0,0.0
2026-09-26T15:05:06.781023+00:00,0.0,0.0,0.0,0.0
2026-09-26T15:05:07.828620+00:00,0.0,0.0,0.0,0.0
2026-09-26T15:05:08.875240+00:00,0.0,0.0,0.0,0.0
2026-09-26T15:05:09.925706+00:00,0.0,0.0,0.0,0.0
2026-09-26T15:05:10.974986+00:00,0.0,0.0,0.0,0.0
2026-09-26T15:05:12.026116+00:00,0.0,0.0,0.0,0.0
2026-09-26T15:05:13.077477+00:00,0.0,0.0,0.0,0.0
2026-09-26T15:05:14.125673+00:00,0.0,0.0,0.0,0.0
2026-09-26T15:05:15.175025+00:00,0.0,0.0,0.0,0.0
2026-09-26T15:05:16.223691+00:00,0.0,0.0,0.0,0.0
2026-09-26T15:05:17.274982+00:00,0.0,0.0,0.0,0.0
2026-09-26T15:05:18.325305+00:00,0.0,0.0,0.0,0.0
2026-09-26T15:05:19.369748+00:00,0.0,0.0,0.0,0.0
2026-09-26T15:05:20.418062+00:00,0.0,0.0,0.0,0.0
2026-09-26T15:05:21.466524+00:00,0.0,0.0,0.0,0.0
2026-09-26T15:05:22.515843+00:00,0.0,0.0,0.0,0.0
2026-09-26T15:05:23.566223+00:00,0.0,0.0,0.0,0.0
2026-09-26T15:05:24.617015+00:00,0.0,0.0,0.0,0.0
2026-09-26T15:05:25.668104+00:00,0.0,0.0,0.0,0.0
2026-09-26T15:05:26.718601+00:00,0.0,0.0,0.0,0.0
2026-09-26T15:05:27.767630+00:00,0.0,0.0,0.0,0.0
2026-09-26T15:05:28.815341+00:00,0.0,0.0,0.0,0.0
2026-09-26T15:05:29.867013+00:00,0.0,0.0,0.0,0.0
2026-09-26T15:05:30.916644+00:00,0.0,0.0,0.0,0.0
2026-09-26T15:05:31.967473+00:00,0.0,0.0,0.0,0.0
2026-09-26T15:05:33.018909+00:00,0.0,0.0,0.0,0.0
2026-09-26T15:05:34.068283+00:00,0.0,0.0,0.0,0.0
2026-09-26T15:05:35.116024+00:00,0.0,0.0,0.0,0.0
2026-09-26T15:05:36.163294+00:00,0.0,0.0,0.0,0.0
2026-09-26T15:05:37.213746+00:00,0.0,0.0,0.0,0.0
2026-09-26T15:05:38.264331+00:00,0.0,0.0,0.0,0.0
2026-09-26T15:05:39.315730+00:00,0.0,0.0,0.0,0.0
2026-09-26T15:05:40.367289+00:00,0.0,0.0,0.0,0.0
2026-09-26T15:05:41.415922+00:00,0.0,0.0,0.0,0.0
2026-09-26T15:05:42.465014+00:00,0.0,0.0,0.0,0.0
2026-09-26T15:05:43.515288+00:00,0.0,0.0,0.0,0.0
2026-09-26T15:05:44.566402+00:00,0.0,0.0,0.0,0.0
2026-09-26T15:05:45.616834+00:00,0.0,0.0,0.0,0.0
2026-09-26T15:05:46.666042+00:00,0.0,0.0,0.0,0.0
2026-09-26T15:05:47.715406+00:00,0.0,0.0,0.0,0.0
2026-09-26T15:05:48.761854+00:00,0.0,0.0,0.0,0.0
2026-09-26T15:05:49.808675+00:00,0.0,0.0,0.0,0.0
2026-09-26T15:05:50.860074+00:00,0.0,0.0,0.0,0.0
2026-09-26T15:05:51.911037+00:00,0.0,0.0,0.0,0.0
2026-09-26T15:05:52.961145+00:00,0.0,0.0,0.0,0.0
2026-09-26T15:05:54.012385+00:00,0.0,0.0,0.0,0.0
2026-09-26T15:05:55.060123+00:00,0.0,0.0,0.0,0.0
2026-09-26T15:05:56.109461+00:00,0.0,0.0,0.0,0.0
2026-09-26T15:05:57.160044+00:00,0.0,0.0,0.0,0.0
2026-09-26T15:05:58.211559+00:00,0.0,0.0,0.0,0.0
2026-09-26T15:05:59.263326+00:00,0.0,0.0,0.0,0.0
2026-09-26T15:06:00.313488+00:00,0.0,0.0,0.0,0.0
2026-09-26T15:06:01.363245+00:00,0.0,0.0,0.0,0.0
2026-09-26T15:06:02.412081+00:00,0.0,0.0,0.0,0.0
2026-09-26T15:06:03.462956+00:00,0.0,0.0,0.0,0.0
2026-09-26T15:06:04.514280+00:00,0.0,0.0,0.0,0.0
2026-09-26T15:06:05.564368+00:00,0.0,0.0,0.0,0.0
2026-09-26T15:06:06.616285+00:00,0.0,0.0,0.0,0.0
2026-09-26T15:06:07.664347+00:00,0.0,0.0,0.0,0.0
2026-09-26T15:06:08.712228+00:00,0.0,0.0,0.0,0.0
2026-09-26T15:06:09.761055+00:00,0.0,0.0,0.0,0.0
2026-09-26T15:06:10.811226+00:00,0.0,0.0,0.0,0.0
2026-09-26T15:06:11.862485+00:00,0.0,0.0,0.0,0.0
2026-09-26T15:06:12.914019+00:00,0.0,0.0,0.0,0.0
2026-09-26T15:06:13.964538+00:00,0.0,0.0,0.0,0.0
2026-09-26T15:06:15.012642+00:00,0.0,0.0,0.0,0.0
2026-09-26T15:06:16.061972+00:00,0.0,0.0,0.0,0.0
2026-09-26T15:06:17.111796+00:00,0.0,0.0,0.0,0.0
2026-09-26T15:06:18.162114+00:00,0.0,0.0,0.0,0.0
2026-09-26T15:06:19.213638+00:00,0.0,0.0,0.0,0.0
2026-09-26T15:06:20.263432+00:00,0.0,0.0,0.0,0.0
2026-09-26T15:06:21.312176+00:00,0.0,0.0,0.0,0.0
2026-09-26T15:06:22.359756+00:00,0.0,0.0,0.0,0.0
2026-09-26T15:06:23.409234+00:00,0.0,0.0,0.0,0.0
2026-09-26T15:06:24.459506+00:00,0.0,0.0,0.0,0.0
2026-09-26T15:06:25.511562+00:00,0.0,0.0,0.0,0.0
2026-09-26T15:06:26.562965+00:00,0.0,0.0,0.0,0.0
2026-09-26T15:06:27.613639+00:00,0.0,0.0,0.0,0.0
2026-09-26T15:06:28.661888+00:00,0.0,0.0,0.0,0.0
2026-09-26T15:06:29.709662+00:00,0.0,0.0,0.0,0.0
2026-09-26T15:06:30.761074+00:00,0.0,0.0,0.0,0.0
2026-09-26T15:06:31.811777+00:00,0.0,0.0,0.0,0.0
2026-09-26T15:06:32.861878+00:00,0.0,0.0,0.0,0.0
2026-09-26T15:06:33.913526+00:00,0.0,0.0,0.0,0.0
2026-09-26T15:06:34.961895+00:00,0.0,0.0,0.0,0.0
2026-09-26T15:06:36.010515+00:00,0.0,0.0,0.0,0.0
2026-09-26T15:06:37.057249+00:00,0.0,0.0,0.0,0.0
2026-09-26T15:06:38.107771+00:00,0.0,0.0,0.0,0.0
2026-09-26T15:06:39.157701+00:00,0.0,0.0,0.0,0.0
2026-09-26T15:06:40.208391+00:00,0.0,0.0,0.0,0.0
2026-09-26T15:06:41.258947+00:00,0.0,0.0,0.0,0.0
2026-09-26T15:06:42.307382+00:00,0.0,0.0,0.0,0.0
2026-09-26T15:06:43.355483+00:00,0.0,0.0,0.0,0.0
2026-09-26T15:06:44.407229+00:00,0.0,0.0,0.0,0.0
2026-09-26T15:06:45.458559+00:00,0.0,0.0,0.0,0.0
2026-09-26T15:06:46.509326+00:00,0.0,0.0,0.0,0.0
2026-09-26T15:06:47.559869+00:00,0.0,0.0,0.0,0.0
2026-09-26T15:06:48.609028+00:00,0.0,0.0,0.0,0.0
2026-09-26T15:06:49.656974+00:00,0.0,0.0,0.0,0.0
2026-09-26T15:06:50.707104+00:00,0.0,0.0,0.0,0.0
2026-09-26T15:06:51.757362+00:00,0.0,0.0,0.0,0.0
2026-09-26T15:06:52.808552+00:00,0.0,0.0,0.0,0.0
2026-09-26T15:06:53.860259+00:00,0.0,0.0,0.0,0.0
2026-09-26T15:06:54.910510+00:00,0.0,0.0,0.0,0.0
2026-09-26T15:06:55.959931+00:00,0.0,0.0,0.0,0.0
2026-09-26T15:06:57.006928+00:00,0.0,0.0,0.0,0.0
2026-09-26T15:06:58.061464+00:00,0.0,0.0,0.0,0.0
2026-09-26T15:06:59.112674+00:00,0.0,0.0,0.0,0.0
2026-09-26T15:07:00.162484+00:00,0.0,0.0,0.0,0.0
2026-09-26T15:07:01.213306+00:00,0.0,0.0,0.0,0.0
2026-09-26T15:07:02.261457+00:00,0.0,0.0,0.0,0.0
2026-09-26T15:07:03.310432+00:00,0.0,0.0,0.0,0.0
2026-09-26T15:07:04.357808+00:00,0.0,0.0,0.0,0.0
2026-09-26T15:07:05.408301+00:00,0.0,0.0,0.0,0.0
2026-09-26T15:07:06.458490+00:00,0.0,0.0,0.0,0.0
2026-09-26T15:07:07.509266+00:00,0.0,0.0,0.0,0.0
2026-09-26T15:07:08.561249+00:00,0.0,0.0,0.0,0.0
2026-09-26T15:07:09.608588+00:00,0.0,0.0,0.0,0.0
2026-09-26T15:07:10.657178+00:00,0.0,0.0,0.0,0.0
2026-09-26T15:07:11.706903+00:00,0.0,0.0,0.0,0.0
2026-09-26T15:07:12.757096+00:00,0.0,0.0,0.0,0.0
2026-09-26T15:07:13.806879+00:00,0.0,0.0,0.0,0.0
2026-09-26T15:07:14.857530+00:00,0.0,0.0,0.0,0.0
2026-09-26T15:07:15.909271+00:00,0.0,0.0,0.0,0.0
2026-09-26T15:07:16.957056+00:00,0.0,0.0,0.0,0.0
2026-09-26T15:07:18.006304+00:00,0.0,0.0,0.0,0.0
2026-09-26T15:07:19.056817+00:00,0.0,0.0,0.0,0.0
2026-09-26T15:07:20.108162+00:00,0.0,0.0,0.0,0.0
2026-09-26T15:07:21.159234+00:00,0.0,0.0,0.0,0.0
2026-09-26T15:07:22.209178+00:00,0.0,0.0,0.0,0.0
2026-09-26T15:07:23.258050+00:00,0.0,0.0,0.0,0.0
2026-09-26T15:07:24.305699+00:00,0.0,0.0,0.0,0.0
2026-09-26T15:07:25.354261+00:00,0.0,0.0,0.0,0.0
2026-09-26T15:07:26.404002+00:00,0.0,0.0,0.0,0.0
2026-09-26T15:07:27.456356+00:00,0.0,0.0,0.0,0.0
2026-09-26T15:07:28.507088+00:00,0.0,0.0,0.0,0.0
2026-09-26T15:07:29.557841+00:00,0.0,0.0,0.0,0.0
2026-09-26T15:07:30.606877+00:00,0.0,0.0,0.0,0.0
2026-09-26T15:07:31.654934+00:00,0.0,0.0,0.0,0.0
2026-09-26T15:07:32.705890+00:00,0.0,0.0,0.0,0.0
2026-09-26T15:07:33.756026+00:00,0.0,0.0,0.0,0.0
2026-09-26T15:07:34.807132+00:00,0.0,0.0,0.0,0.0
2026-09-26T15:07:35.858447+00:00,0.0,0.0,0.0,0.0
2026-09-26T15:07:36.909371+00:00,0.0,0.0,0.0,0.0
2026-09-26T15:07:37.958389+00:00,0.0,0.0,0.0,0.0
2026-09-26T15:07:39.006361+00:00,0.0,0.0,0.0,0.0
2026-09-26T15:07:40.059647+00:00,0.0,0.0,0.0,0.0
2026-09-26T15:07:41.111616+00:00,0.0,0.0,0.0,0.0
2026-09-26T15:07:42.162444+00:00,0.0,0.0,0.0,0.0
2026-09-26T15:07:43.213100+00:00,0.0,0.0,0.0,0.0
2026-09-26T15:07:44.262148+00:00,0.0,0.0,0.0,0.0
2026-09-26T15:07:45.310263+00:00,0.0,0.0,0.0,0.0
2026-09-26T15:07:46.360176+00:00,0.0,0.0,0.0,0.0
2026-09-26T15:07:47.410028+00:00,0.0,0.0,0.0,0.0
2026-09-26T15:07:48.461471+00:00,0.0,0.0,0.0,0.0
2026-09-26T15:07:49.512166+00:00,0.0,0.0,0.0,0.0
2026-09-26T15:07:50.562815+00:00,0.0,0.0,0.0,0.0
2026-09-26T15:07:51.611820+00:00,0.0,0.0,0.0,0.0
2026-09-26T15:07:52.659483+00:00,0.0,0.0,0.0,0.0
2026-09-26T15:07:53.712127+00:00,0.0,0.0,0.0,0.0
2026-09-26T15:07:54.761055+00:00,0.0,0.0,0.0,0.0
2026-09-26T15:07:55.812084+00:00,0.0,0.0,0.0,0.0
2026-09-26T15:07:56.861996+00:00,0.0,0.0,0.0,0.0
2026-09-26T15:07:57.912698+00:00,0.0,0.0,0.0,0.0
2026-09-26T15:07:58.960132+00:00,0.0,0.0,0.0,0.0
2026-09-26T15:08:00.009110+00:00,0.0,0.0,0.0,0.0
2026-09-26T15:08:01.057800+00:00,0.0,0.0,0.0,0.0
2026-09-26T15:08:02.107544+00:00,0.0,0.0,0.0,0.0
2026-09-26T15:08:03.157831+00:00,0.0,0.0,0.0,0.0
2026-09-26T15:08:04.208664+00:00,0.0,0.0,0.0,0.0
2026-09-26T15:08:05.257993+00:00,0.0,0.0,0.0,0.0
2026-09-26T15:08:06.305011+00:00,0.0,0.0,0.0,0.0
2026-09-26T15:08:07.353784+00:00,0.0,0.0,0.0,0.0
2026-09-26T15:08:08.404190+00:00,0.0,0.0,0.0,0.0
2026-09-26T15:08:09.455771+00:00,0.0,0.0,0.0,0.0
2026-09-26T15:08:10.506709+00:00,0.0,0.0,0.0,0.0
2026-09-26T15:08:11.557271+00:00,0.0,0.0,0.0,0.0
2026-09-26T15:08:12.605664+00:00,0.0,0.0,0.0,0.0
2026-09-26T15:08:13.653437+00:00,0.0,0.0,0.0,0.0
2026-09-26T15:08:14.702345+00:00,0.0,0.0,0.0,0.0
2026-09-26T15:08:15.752429+00:00,0.0,0.0,0.0,0.0
2026-09-26T15:08:16.796865+00:00,0.0,0.0,0.0,0.0
2026-09-26T15:08:17.848438+00:00,0.0,0.0,0.0,0.0
2026-09-26T15:08:18.898785+00:00,0.0,0.0,0.0,0.0
2026-09-26T15:08:19.947528+00:00,0.0,0.0,0.0,0.0
2026-09-26T15:08:20.995724+00:00,0.0,0.0,0.0,0.0
2026-09-26T15:08:22.044611+00:00,0.0,0.0,0.0,0.0
2026-09-26T15:08:23.093888+00:00,0.0,0.0,0.0,0.0
2026-09-26T15:08:24.144681+00:00,0.0,0.0,0.0,0.0
2026-09-26T15:08:25.195414+00:00,0.0,0.0,0.0,0.0
2026-09-26T15:08:26.246346+00:00,0.0,0.0,0.0,0.0
2026-09-26T15:08:27.296145+00:00,0.0,0.0,0.0,0.0
2026-09-26T15:08:28.343365+00:00,0.0,0.0,0.0,0.0
2026-09-26T15:08:29.393407+00:00,0.0,0.0,0.0,0.0
2026-09-26T15:08:30.445243+00:00,0.0,0.0,0.0,0.0
2026-09-26T15:08:31.496662+00:00,0.0,0.0,0.0,0.0
2026-09-26T15:08:32.549144+00:00,0.0,0.0,0.0,0.0
2026-09-26T15:08:33.598366+00:00,0.0,0.0,0.0,0.0
2026-09-26T15:08:34.646293+00:00,0.0,0.0,0.0,0.0
2026-09-26T15:08:35.685717+00:00,0.0,0.0,0.0,0.0
2026-09-26T15:08:36.736381+00:00,0.0,0.0,0.0,0.0
2026-09-26T15:08:37.785788+00:00,0.0,0.0,0.0,0.0
2026-09-26T15:08:38.837364+00:00,0.0,0.0,0.0,0.0
2026-09-26T15:08:39.889078+00:00,0.0,0.0,0.0,0.0
2026-09-26T15:08:40.936664+00:00,0.0,0.0,0.0,0.0
2026-09-26T15:08:41.985611+00:00,0.0,0.0,0.0,0.0
2026-09-26T15:08:43.034089+00:00,0.0,0.0,0.0,0.0
2026-09-26T15:08:44.085393+00:00,0.0,0.0,0.0,0.0
2026-09-26T15:08:45.135538+00:00,0.0,0.0,0.0,0.0
2026-09-26T15:08:46.185941+00:00,0.0,0.0,0.0,0.0
2026-09-26T15:08:47.236931+00:00,0.0,0.0,0.0,0.0
2026-09-26T15:08:48.284644+00:00,0.0,0.0,0.0,0.0
2026-09-26T15:08:49.333279+00:00,0.0,0.0,0.0,0.0
2026-09-26T15:08:50.381534+00:00,0.0,0.0,0.0,0.0
2026-09-26T15:08:51.434511+00:00,0.0,0.0,0.0,0.0
2026-09-26T15:08:52.485080+00:00,0.0,0.0,0.0,0.0
2026-09-26T15:08:53.536964+00:00,0.0,0.0,0.0,0.0
2026-09-26T15:08:54.588678+00:00,0.0,0.0,0.0,0.0
2026-09-26T15:08:55.638691+00:00,0.0,0.0,0.0,0.0
2026-09-26T15:08:56.687126+00:00,0.0,0.0,0.0,0.0
2026-09-26T15:08:57.736527+00:00,0.0,0.0,0.0,0.0
2026-09-26T15:08:58.786929+00:00,0.0,0.0,0.0,0.0
2026-09-26T15:08:59.837969+00:00,0.0,0.0,0.0,0.0
2026-09-26T15:09:00.890502+00:00,0.0,0.0,0.0,0.0
2026-09-26T15:09:01.940428+00:00,0.0,0.0,0.0,0.0
2026-09-26T15:09:02.989429+00:00,0.0,0.0,0.0,0.0
2026-09-26T15:09:04.038161+00:00,0.0,0.0,0.0,0.0
2026-09-26T15:09:05.089443+00:00,0.0,0.0,0.0,0.0
2026-09-26T15:09:06.139623+00:00,0.0,0.0,0.0,0.0
2026-09-26T15:09:07.190377+00:00,0.0,0.0,0.0,0.0
2026-09-26T15:09:08.241248+00:00,0.0,0.0,0.0,0.0
2026-09-26T15:09:09.290871+00:00,0.0,0.0,0.0,0.0
2026-09-26T15:09:10.339447+00:00,0.0,0.0,0.0,0.0
2026-09-26T15:09:11.388592+00:00,0.0,0.0,0.0,0.0
2026-09-26T15:09:12.439496+00:00,0.0,0.0,0.0,0.0
2026-09-26T15:09:13.491348+00:00,0.0,0.0,0.0,0.0
2026-09-26T15:09:14.541361+00:00,0.0,0.0,0.0,0.0
2026-09-26T15:09:15.592215+00:00,0.0,0.0,0.0,0.0
2026-09-26T15:09:16.641420+00:00,0.0,0.0,0.0,0.0
2026-09-26T15:09:17.688652+00:00,0.0,0.0,0.0,0.0
2026-09-26T15:09:18.736745+00:00,0.0,0.0,0.0,0.0
2026-09-26T15:09:19.788498+00:00,0.0,0.0,0.0,0.0
2026-09-26T15:09:20.839194+00:00,0.0,0.0,0.0,0.0
2026-09-26T15:09:21.889403+00:00,0.0,0.0,0.0,0.0
2026-09-26T15:09:22.940724+00:00,0.0,0.0,0.0,0.0
2026-09-26T15:09:23.988612+00:00,0.0,0.0,0.0,0.0
2026-09-26T15:09:25.038410+00:00,0.0,0.0,0.0,0.0
2026-09-26T15:09:26.086424+00:00,0.0,0.0,0.0,0.0
2026-09-26T15:09:27.139113+00:00,0.0,0.0,0.0,0.0
2026-09-26T15:09:28.190642+00:00,0.0,0.0,0.0,0.0
2026-09-26T15:09:29.241296+00:00,0.0,0.0,0.0,0.0
2026-09-26T15:09:30.292174+00:00,0.0,0.0,0.0,0.0
2026-09-26T15:09:31.340945+00:00,0.0,0.0,0.0,0.0
2026-09-26T15:09:32.389482+00:00,0.0,0.0,0.0,0.0
2026-09-26T15:09:33.438913+00:00,0.0,0.0,0.0,0.0
2026-09-26T15:09:34.489559+00:00,0.0,0.0,0.0,0.0
2026-09-26T15:09:35.541231+00:00,0.0,0.0,0.0,0.0
2026-09-26T15:09:36.591730+00:00,0.0,0.0,0.0,0.0
2026-09-26T15:09:37.642784+00:00,0.0,0.0,0.0,0.0
2026-09-26T15:09:38.691516+00:00,0.0,0.0,0.0,0.0
2026-09-26T15:09:39.739813+00:00,0.0,0.0,0.0,0.0
2026-09-26T15:09:40.788814+00:00,0.0,0.0,0.0,0.0
2026-09-26T15:09:41.838658+00:00,0.0,0.0,0.0,0.0
2026-09-26T15:09:42.890341+00:00,0.0,0.0,0.0,0.0
2026-09-26T15:09:43.941034+00:00,0.0,0.0,0.0,0.0
2026-09-26T15:09:44.993445+00:00,0.0,0.0,0.0,0.0
2026-09-26T15:09:46.042465+00:00,0.0,0.0,0.0,0.0
2026-09-26T15:09:47.089991+00:00,0.0,0.0,0.0,0.0
2026-09-26T15:09:48.139551+00:00,0.0,0.0,0.0,0.0
2026-09-26T15:09:49.189953+00:00,0.0,0.0,0.0,0.0
2026-09-26T15:09:50.241334+00:00,0.0,0.0,0.0,0.0
2026-09-26T15:09:51.293325+00:00,0.0,0.0,0.0,0.0
2026-09-26T15:09:52.343465+00:00,0.0,0.0,0.0,0.0
2026-09-26T15:09:53.392524+00:00,0.0,0.0,0.0,0.0
2026-09-26T15:09:54.440538+00:00,0.0,0.0,0.0,0.0
2026-09-26T15:09:55.489485+00:00,0.0,0.0,0.0,0.0
2026-09-26T15:09:56.540284+00:00,0.0,0.0,0.0,0.0
2026-09-26T15:09:57.591045+00:00,0.0,0.0,0.0,0.0
2026-09-26T15:09:58.643759+00:00,0.0,0.0,0.0,0.0
2026-09-26T15:09:59.693736+00:00,0.0,0.0,0.0,0.0
2026-09-26T15:10:00.742427+00:00,0.0,0.0,0.0,0.0
2026-09-26T15:10:01.790124+00:00,0.0,0.0,0.0,0.0
2026-09-26T15:10:02.838913+00:00,0.0,0.0,0.0,0.0
2026-09-26T15:10:03.889476+00:00,0.0,0.0,0.0,0.0
2026-09-26T15:10:04.940716+00:00,0.0,0.0,0.0,0.0
2026-09-26T15:10:05.991691+00:00,0.0,0.0,0.0,0.0
2026-09-26T15:10:07.042016+00:00,0.0,0.0,0.0,0.0
2026-09-26T15:10:08.091013+00:00,0.0,0.0,0.0,0.0
2026-09-26T15:10:09.138673+00:00,0.0,0.0,0.0,0.0
2026-09-26T15:10:10.187382+00:00,0.0,0.0,0.0,0.0
2026-09-26T15:10:11.237101+00:00,0.0,0.0,0.0,0.0
2026-09-26T15:10:12.289474+00:00,0.0,0.0,0.0,0.0
2026-09-26T15:10:13.340876+00:00,0.0,0.0,0.0,0.0
2026-09-26T15:10:14.391671+00:00,0.0,0.0,0.0,0.0
2026-09-26T15:10:15.441156+00:00,0.0,0.0,0.0,0.0
2026-09-26T15:10:16.500888+00:00,0.0,0.0,0.0,0.0
2026-09-26T15:10:17.549123+00:00,0.0,0.0,0.0,0.0
2026-09-26T15:10:18.599250+00:00,0.0,0.0,0.0,0.0
2026-09-26T15:10:19.651308+00:00,0.0,0.0,0.0,0.0
2026-09-26T15:10:20.703031+00:00,0.0,0.0,0.0,0.0
2026-09-26T15:10:21.753651+00:00,0.0,0.0,0.0,0.0
2026-09-26T15:10:22.801729+00:00,0.0,0.0,0.0,0.0
2026-09-26T15:10:23.850138+00:00,0.0,0.0,0.0,0.0
2026-09-26T15:10:24.900353+00:00,0.0,0.0,0.0,0.0
2026-09-26T15:10:25.952376+00:00,0.0,0.0,0.0,0.0
2026-09-26T15:10:27.005267+00:00,0.0,0.0,0.0,0.0
2026-09-26T15:10:28.054805+00:00,0.0,0.0,0.0,0.0
2026-09-26T15:10:29.106212+00:00,0.0,0.0,0.0,0.0
2026-09-26T15:10:30.155125+00:00,0.0,0.0,0.0,0.0
2026-09-26T15:10:31.204528+00:00,0.0,0.0,0.0,0.0
2026-09-26T15:10:32.252569+00:00,0.0,0.0,0.0,0.0
2026-09-26T15:10:33.303850+00:00,0.0,0.0,0.0,0.0
2026-09-26T15:10:34.355672+00:00,0.0,0.0,0.0,0.0
2026-09-26T15:10:35.406718+00:00,0.0,0.0,0.0,0.0
2026-09-26T15:10:36.458233+00:00,0.0,0.0,0.0,0.0
2026-09-26T15:10:37.507527+00:00,0.0,0.0,0.0,0.0
2026-09-26T15:10:38.557398+00:00,0.0,0.0,0.0,0.0
2026-09-26T15:10:39.605946+00:00,0.0,0.0,0.0,0.0
2026-09-26T15:10:40.656720+00:00,0.0,0.0,0.0,0.0
2026-09-26T15:10:41.708001+00:00,0.0,0.0,0.0,0.0
2026-09-26T15:10:42.759301+00:00,0.0,0.0,0.0,0.0
2026-09-26T15:10:43.809278+00:00,0.0,0.0,0.0,0.0
2026-09-26T15:10:44.858460+00:00,0.0,0.0,0.0,0.0
2026-09-26T15:10:45.906388+00:00,0.0,0.0,0.0,0.0
2026-09-26T15:10:46.955564+00:00,0.0,0.0,0.0,0.0
2026-09-26T15:10:48.005886+00:00,0.0,0.0,0.0,0.0
2026-09-26T15:10:49.057331+00:00,0.0,0.0,0.0,0.0
2026-09-26T15:10:50.109020+00:00,0.0,0.0,0.0,0.0
2026-09-26T15:10:51.160715+00:00,0.0,0.0,0.0,0.0
2026-09-26T15:10:52.209660+00:00,0.0,0.0,0.0,0.0
2026-09-26T15:10:53.258523+00:00,0.0,0.0,0.0,0.0
2026-09-26T15:10:54.306107+00:00,0.0,0.0,0.0,0.0
2026-09-26T15:10:55.358269+00:00,0.0,0.0,0.0,0.0
2026-09-26T15:10:56.408874+00:00,0.0,0.0,0.0,0.0
2026-09-26T15:10:57.460826+00:00,0.0,0.0,0.0,0.0
2026-09-26T15:10:58.511713+00:00,0.0,0.0,0.0,0.0
2026-09-26T15:10:59.560162+00:00,0.0,0.0,0.0,0.0
2026-09-26T15:11:00.608647+00:00,0.0,0.0,0.0,0.0
2026-09-26T15:11:01.656720+00:00,0.0,0.0,0.0,0.0
2026-09-26T15:11:02.707159+00:00,0.0,0.0,0.0,0.0
2026-09-26T15:11:03.758010+00:00,0.0,0.0,0.0,0.0
2026-09-26T15:11:04.809106+00:00,0.0,0.0,0.0,0.0
2026-09-26T15:11:05.859082+00:00,0.0,0.0,0.0,0.0
2026-09-26T15:11:06.908904+00:00,0.0,0.0,0.0,0.0
2026-09-26T15:11:07.956506+00:00,0.0,0.0,0.0,0.0
2026-09-26T15:11:09.005370+00:00,0.0,0.0,0.0,0.0
2026-09-26T15:11:10.054902+00:00,0.0,0.0,0.0,0.0
2026-09-26T15:11:11.106665+00:00,0.0,0.0,0.0,0.0
2026-09-26T15:11:12.157215+00:00,0.0,0.0,0.0,0.0
2026-09-26T15:11:13.206520+00:00,0.0,0.0,0.0,0.0
2026-09-26T15:11:14.256751+00:00,0.0,0.0,0.0,0.0
2026-09-26T15:11:15.304535+00:00,0.0,0.0,0.0,0.0
2026-09-26T15:11:16.353973+00:00,0.0,0.0,0.0,0.0
2026-09-26T15:11:17.404778+00:00,0.0,0.0,0.0,0.0
2026-09-26T15:11:18.455697+00:00,0.0,0.0,0.0,0.0
2026-09-26T15:11:19.506438+00:00,0.0,0.0,0.0,0.0
2026-09-26T15:11:20.557242+00:00,0.0,0.0,0.0,0.0
2026-09-26T15:11:21.609159+00:00,0.0,0.0,0.0,0.0
2026-09-26T15:11:22.656304+00:00,0.0,0.0,0.0,0.0
2026-09-26T15:11:23.704823+00:00,0.0,0.0,0.0,0.0
2026-09-26T15:11:24.755800+00:00,0.0,0.0,0.0,0.0
2026-09-26T15:11:25.807453+00:00,0.0,0.0,0.0,0.0
2026-09-26T15:11:26.857968+00:00,0.0,0.0,0.0,0.0
2026-09-26T15:11:27.907985+00:00,0.0,0.0,0.0,0.0
2026-09-26T15:11:28.959672+00:00,0.0,0.0,0.0,0.0
2026-09-26T15:11:30.007483+00:00,0.0,0.0,0.0,0.0
2026-09-26T15:11:31.055975+00:00,0.0,0.0,0.0,0.0
2026-09-26T15:11:32.105703+00:00,0.0,0.0,0.0,0.0
2026-09-26T15:11:33.156646+00:00,0.0,0.0,0.0,0.0
2026-09-26T15:11:34.206370+00:00,0.0,0.0,0.0,0.0
2026-09-26T15:11:35.256412+00:00,0.0,0.0,0.0,0.0
2026-09-26T15:11:36.307298+00:00,0.0,0.0,0.0,0.0
2026-09-26T15:11:37.357102+00:00,0.0,0.0,0.0,0.0
2026-09-26T15:11:38.405496+00:00,0.0,0.0,0.0,0.0
2026-09-26T15:11:39.454646+00:00,0.0,0.0,0.0,0.0
2026-09-26T15:11:40.507720+00:00,0.0,0.0,0.0,0.0
2026-09-26T15:11:41.558772+00:00,0.0,0.0,0.0,0.0
2026-09-26T15:11:42.609691+00:00,0.0,0.0,0.0,0.0
2026-09-26T15:11:43.660695+00:00,0.0,0.0,0.0,0.0
2026-09-26T15:11:44.710383+00:00,0.0,0.0,0.0,0.0
2026-09-26T15:11:45.758563+00:00,0.0,0.0,0.0,0.0
2026-09-26T15:11:46.807636+00:00,0.0,0.0,0.0,0.0
2026-09-26T15:11:47.858155+00:00,0.0,0.0,0.0,0.0
2026-09-26T15:11:48.909817+00:00,0.0,0.0,0.0,0.0
2026-09-26T15:11:49.959831+00:00,0.0,0.0,0.0,0.0
2026-09-26T15:11:51.004914+00:00,0.0,0.0,0.0,0.0
2026-09-26T15:11:52.052941+00:00,0.0,0.0,0.0,0.0
2026-09-26T15:11:53.101847+00:00,0.0,0.0,0.0,0.0
2026-09-26T15:11:54.152381+00:00,0.0,0.0,0.0,0.0
2026-09-26T15:11:55.204812+00:00,0.0,0.0,0.0,0.0
2026-09-26T15:11:56.254996+00:00,0.0,0.0,0.0,0.0
2026-09-26T15:11:57.306019+00:00,0.0,0.0,0.0,0.0
2026-09-26T15:11:58.357768+00:00,0.0,0.0,0.0,0.0
2026-09-26T15:11:59.408777+00:00,0.0,0.0,0.0,0.0
2026-09-26T15:12:00.457303+00:00,0.0,0.0,0.0,0.0
2026-09-26T15:12:01.505691+00:00,0.0,0.0,0.0,0.0
2026-09-26T15:12:02.555958+00:00,0.0,0.0,0.0,0.0
2026-09-26T15:12:03.607694+00:00,0.0,0.0,0.0,0.0
2026-09-26T15:12:04.658421+00:00,0.0,0.0,0.0,0.0
2026-09-26T15:12:05.712280+00:00,0.0,0.0,0.0,0.0
2026-09-26T15:12:06.761546+00:00,0.0,0.0,0.0,0.0
2026-09-26T15:12:07.809896+00:00,0.0,0.0,0.0,0.0
2026-09-26T15:12:08.858932+00:00,0.0,0.0,0.0,0.0
2026-09-26T15:12:09.908851+00:00,0.0,0.0,0.0,0.0
2026-09-26T15:12:10.960076+00:00,0.0,0.0,0.0,0.0
2026-09-26T15:12:12.011709+00:00,0.0,0.0,0.0,0.0
2026-09-26T15:12:13.062351+00:00,0.0,0.0,0.0,0.0
2026-09-26T15:12:14.114098+00:00,0.0,0.0,0.0,0.0
2026-09-26T15:12:15.163448+00:00,0.0,0.0,0.0,0.0
2026-09-26T15:12:16.212491+00:00,0.0,0.0,0.0,0.0
2026-09-26T15:12:17.261936+00:00,0.0,0.0,0.0,0.0
2026-09-26T15:12:18.312460+00:00,0.0,0.0,0.0,0.0
2026-09-26T15:12:19.365094+00:00,0.0,0.0,0.0,0.0
2026-09-26T15:12:20.416317+00:00,0.0,0.0,0.0,0.0
2026-09-26T15:12:21.467044+00:00,0.0,0.0,0.0,0.0
2026-09-26T15:12:22.515748+00:00,0.0,0.0,0.0,0.0
2026-09-26T15:12:23.563557+00:00,0.0,0.0,0.0,0.0
2026-09-26T15:12:24.612988+00:00,0.0,0.0,0.0,0.0
2026-09-26T15:12:25.663542+00:00,0.0,0.0,0.0,0.0
2026-09-26T15:12:26.715416+00:00,0.0,0.0,0.0,0.0
2026-09-26T15:12:27.767462+00:00,0.0,0.0,0.0,0.0
2026-09-26T15:12:28.818856+00:00,0.0,0.0,0.0,0.0
2026-09-26T15:12:29.868736+00:00,0.0,0.0,0.0,0.0
2026-09-26T15:12:30.917851+00:00,0.0,0.0,0.0,0.0
2026-09-26T15:12:31.967442+00:00,0.0,0.0,0.0,0.0
2026-09-26T15:12:33.020079+00:00,0.0,0.0,0.0,0.0
2026-09-26T15:12:34.073971+00:00,0.0,0.0,0.0,0.0
2026-09-26T15:12:35.124688+00:00,0.0,0.0,0.0,0.0
2026-09-26T15:12:36.175687+00:00,0.0,0.0,0.0,0.0
2026-09-26T15:12:37.226991+00:00,0.0,0.0,0.0,0.0
2026-09-26T15:12:38.275302+00:00,0.0,0.0,0.0,0.0
2026-09-26T15:12:39.324758+00:00,0.0,0.0,0.0,0.0
2026-09-26T15:12:40.373209+00:00,0.0,0.0,0.0,0.0
2026-09-26T15:12:41.425026+00:00,0.0,0.0,0.0,0.0
2026-09-26T15:12:42.477718+00:00,0.0,0.0,0.0,0.0
2026-09-26T15:12:43.527604+00:00,0.0,0.0,0.0,0.0
2026-09-26T15:12:44.578991+00:00,0.0,0.0,0.0,0.0
2026-09-26T15:12:45.628613+00:00,0.0,0.0,0.0,0.0
2026-09-26T15:12:46.662978+00:00,0.0,0.0,0.0,0.0
2026-09-26T15:12:47.712231+00:00,0.0,0.0,0.0,0.0
2026-09-26T15:12:48.763773+00:00,0.0,0.0,0.0,0.0
2026-09-26T15:12:49.814082+00:00,0.0,0.0,0.0,0.0
2026-09-26T15:12:50.865350+00:00,0.0,0.0,0.0,0.0
2026-09-26T15:12:51.917646+00:00,0.0,0.0,0.0,0.0
2026-09-26T15:12:52.967024+00:00,0.0,0.0,0.0,0.0
2026-09-26T15:12:54.015877+00:00,0.0,0.0,0.0,0.0
2026-09-26T15:12:55.064154+00:00,0.0,0.0,0.0,0.0
2026-09-26T15:12:56.115386+00:00,0.0,0.0,0.0,0.0
2026-09-26T15:12:57.167168+00:00,0.0,0.0,0.0,0.0
2026-09-26T15:12:58.217423+00:00,0.0,0.0,0.0,0.0
2026-09-26T15:12:59.268642+00:00,0.0,0.0,0.0,0.0
2026-09-26T15:13:00.320629+00:00,0.0,0.0,0.0,0.0
2026-09-26T15:13:01.368485+00:00,0.0,0.0,0.0,0.0
2026-09-26T15:13:02.417210+00:00,0.0,0.0,0.0,0.0
2026-09-26T15:13:03.467494+00:00,0.0,0.0,0.0,0.0
2026-09-26T15:13:04.519111+00:00,0.0,0.0,0.0,0.0
2026-09-26T15:13:05.571174+00:00,0.0,0.0,0.0,0.0
2026-09-26T15:13:06.621509+00:00,0.0,0.0,0.0,0.0
2026-09-26T15:13:07.672902+00:00,0.0,0.0,0.0,0.0
2026-09-26T15:13:08.722127+00:00,0.0,0.0,0.0,0.0
2026-09-26T15:13:09.770454+00:00,0.0,0.0,0.0,0.0
2026-09-26T15:13:10.819837+00:00,0.0,0.0,0.0,0.0
2026-09-26T15:13:11.870678+00:00,0.0,0.0,0.0,0.0
2026-09-26T15:13:12.922059+00:00,0.0,0.0,0.0,0.0
2026-09-26T15:13:13.972727+00:00,0.0,0.0,0.0,0.0
2026-09-26T15:13:15.022985+00:00,0.0,0.0,0.0,0.0
2026-09-26T15:13:16.077313+00:00,0.0,0.0,0.0,0.0
2026-09-26T15:13:17.126017+00:00,0.0,0.0,0.0,0.0
2026-09-26T15:13:18.175720+00:00,0.0,0.0,0.0,0.0
2026-09-26T15:13:19.227707+00:00,0.0,0.0,0.0,0.0
2026-09-26T15:13:20.277321+00:00,0.0,0.0,0.0,0.0
2026-09-26T15:13:21.328549+00:00,0.0,0.0,0.0,0.0
2026-09-26T15:13:22.380463+00:00,0.0,0.0,0.0,0.0
2026-09-26T15:13:23.430692+00:00,0.0,0.0,0.0,0.0
2026-09-26T15:13:24.479969+00:00,0.0,0.0,0.0,0.0
2026-09-26T15:13:25.528520+00:00,0.0,0.0,0.0,0.0
2026-09-26T15:13:26.578615+00:00,0.0,0.0,0.0,0.0
2026-09-26T15:13:27.629568+00:00,0.0,0.0,0.0,0.0
2026-09-26T15:13:28.680132+00:00,0.0,0.0,0.0,0.0
2026-09-26T15:13:29.732330+00:00,0.0,0.0,0.0,0.0
2026-09-26T15:13:30.784097+00:00,0.0,0.0,0.0,0.0
2026-09-26T15:13:31.831879+00:00,0.0,0.0,0.0,0.0
2026-09-26T15:13:32.881044+00:00,0.0,0.0,0.0,0.0
2026-09-26T15:13:33.929364+00:00,0.0,0.0,0.0,0.0
2026-09-26T15:13:34.981738+00:00,0.0,0.0,0.0,0.0
2026-09-26T15:13:36.032866+00:00,0.0,0.0,0.0,0.0
2026-09-26T15:13:37.083486+00:00,0.0,0.0,0.0,0.0
2026-09-26T15:13:38.135150+00:00,0.0,0.0,0.0,0.0
2026-09-26T15:13:39.185201+00:00,0.0,0.0,0.0,0.0
2026-09-26T15:13:40.233940+00:00,0.0,0.0,0.0,0.0
2026-09-26T15:13:41.283398+00:00,0.0,0.0,0.0,0.0
2026-09-26T15:13:42.333672+00:00,0.0,0.0,0.0,0.0
2026-09-26T15:13:43.385534+00:00,0.0,0.0,0.0,0.0
2026-09-26T15:13:44.439145+00:00,0.0,0.0,0.0,0.0
2026-09-26T15:13:45.489888+00:00,0.0,0.0,0.0,0.0
2026-09-26T15:13:46.540085+00:00,0.0,0.0,0.0,0.0
2026-09-26T15:13:47.589607+00:00,0.0,0.0,0.0,0.0
2026-09-26T15:13:48.637448+00:00,0.0,0.0,0.0,0.0
2026-09-26T15:13:49.686636+00:00,0.0,0.0,0.0,0.0
2026-09-26T15:13:50.738118+00:00,0.0,0.0,0.0,0.0
2026-09-26T15:13:51.789797+00:00,0.0,0.0,0.0,0.0
2026-09-26T15:13:52.840847+00:00,0.0,0.0,0.0,0.0
2026-09-26T15:13:53.891027+00:00,0.0,0.0,0.0,0.0
2026-09-26T15:13:54.943035+00:00,0.0,0.0,0.0,0.0
2026-09-26T15:13:55.991664+00:00,0.0,0.0,0.0,0.0
2026-09-26T15:13:57.040745+00:00,0.0,0.0,0.0,0.0
2026-09-26T15:13:58.091448+00:00,0.0,0.0,0.0,0.0
2026-09-26T15:13:59.141123+00:00,0.0,0.0,0.0,0.0
2026-09-26T15:14:00.192366+00:00,0.0,0.0,0.0,0.0
2026-09-26T15:14:01.243176+00:00,0.0,0.0,0.0,0.0
2026-09-26T15:14:02.294384+00:00,0.0,0.0,0.0,0.0
2026-09-26T15:14:03.343956+00:00,0.0,0.0,0.0,0.0
2026-09-26T15:14:04.392527+00:00,0.0,0.0,0.0,0.0
2026-09-26T15:14:05.441882+00:00,0.0,0.0,0.0,0.0
2026-09-26T15:14:06.492620+00:00,0.0,0.0,0.0,0.0
2026-09-26T15:14:07.544097+00:00,0.0,0.0,0.0,0.0
2026-09-26T15:14:08.596729+00:00,0.0,0.0,0.0,0.0
2026-09-26T15:14:09.648775+00:00,0.0,0.0,0.0,0.0
2026-09-26T15:14:10.699514+00:00,0.0,0.0,0.0,0.0
2026-09-26T15:14:11.744370+00:00,0.0,0.0,0.0,0.0
2026-09-26T15:14:12.792680+00:00,0.0,0.0,0.0,0.0
2026-09-26T15:14:13.842035+00:00,0.0,0.0,0.0,0.0
2026-09-26T15:14:14.893457+00:00,0.0,0.0,0.0,0.0
2026-09-26T15:14:15.945842+00:00,0.0,0.0,0.0,0.0
2026-09-26T15:14:16.997010+00:00,0.0,0.0,0.0,0.0
2026-09-26T15:14:18.047317+00:00,0.0,0.0,0.0,0.0
2026-09-26T15:14:19.096505+00:00,0.0,0.0,0.0,0.0
2026-09-26T15:14:20.144107+00:00,0.0,0.0,0.0,0.0
2026-09-26T15:14:21.193403+00:00,0.0,0.0,0.0,0.0
2026-09-26T15:14:22.244426+00:00,0.0,0.0,0.0,0.0
2026-09-26T15:14:23.297432+00:00,0.0,0.0,0.0,0.0
2026-09-26T15:14:24.349245+00:00,0.0,0.0,0.0,0.0
2026-09-26T15:14:25.399390+00:00,0.0,0.0,0.0,0.0
2026-09-26T15:14:26.453759+00:00,0.0,0.0,0.0,0.0
2026-09-26T15:14:27.503770+00:00,0.0,0.0,0.0,0.0
2026-09-26T15:14:28.552273+00:00,0.0,0.0,0.0,0.0
2026-09-26T15:14:29.602216+00:00,0.0,0.0,0.0,0.0
2026-09-26T15:14:30.654464+00:00,0.0,0.0,0.0,0.0
2026-09-26T15:14:31.704655+00:00,0.0,0.0,0.0,0.0
2026-09-26T15:14:32.754687+00:00,0.0,0.0,0.0,0.0
2026-09-26T15:14:33.805955+00:00,0.0,0.0,0.0,0.0
2026-09-26T15:14:34.853155+00:00,0.0,0.0,0.0,0.0
2026-09-26T15:14:35.902498+00:00,0.0,0.0,0.0,0.0
2026-09-26T15:14:36.950301+00:00,0.0,0.0,0.0,0.0
2026-09-26T15:14:38.002319+00:00,0.0,0.0,0.0,0.0
2026-09-26T15:14:39.051836+00:00,0.0,0.0,0.0,0.0
2026-09-26T15:14:40.103758+00:00,0.0,0.0,0.0,0.0
2026-09-26T15:14:41.155471+00:00,0.0,0.0,0.0,0.0
2026-09-26T15:14:42.205057+00:00,0.0,0.0,0.0,0.0
2026-09-26T15:14:43.253648+00:00,0.0,0.0,0.0,0.0
2026-09-26T15:14:44.301463+00:00,0.0,0.0,0.0,0.0
2026-09-26T15:14:45.352450+00:00,0.0,0.0,0.0,0.0
2026-09-26T15:14:46.403251+00:00,0.0,0.0,0.0,0.0
2026-09-26T15:14:47.453627+00:00,0.0,0.0,0.0,0.0
2026-09-26T15:14:48.504994+00:00,0.0,0.0,0.0,0.0
2026-09-26T15:14:49.555785+00:00,0.0,0.0,0.0,0.0
2026-09-26T15:14:50.604307+00:00,0.0,0.0,0.0,0.0
2026-09-26T15:14:51.652964+00:00,0.0,0.0,0.0,0.0
2026-09-26T15:14:52.701572+00:00,0.0,0.0,0.0,0.0
2026-09-26T15:14:53.750858+00:00,0.0,0.0,0.0,0.0
2026-09-26T15:14:54.804079+00:00,0.0,0.0,0.0,0.0
2026-09-26T15:14:55.854794+00:00,0.0,0.0,0.0,0.0
2026-09-26T15:14:56.906100+00:00,0.0,0.0,0.0,0.0
2026-09-26T15:14:57.955737+00:00,0.0,0.0,0.0,0.0
2026-09-26T15:14:59.004396+00:00,0.0,0.0,0.0,0.0
2026-09-26T15:15:00.052663+00:00,0.0,0.0,0.0,0.0
2026-09-26T15:15:01.102053+00:00,0.0,0.0,0.0,0.0
2026-09-26T15:15:02.152528+00:00,0.0,0.0,0.0,0.0
2026-09-26T15:15:03.203024+00:00,0.0,0.0,0.0,0.0
2026-09-26T15:15:04.252614+00:00,0.0,0.0,0.0,0.0
2026-09-26T15:15:05.303350+00:00,0.0,0.0,0.0,0.0
2026-09-26T15:15:06.354391+00:00,0.0,0.0,0.0,0.0
2026-09-26T15:15:07.402104+00:00,0.0,0.0,0.0,0.0
2026-09-26T15:15:08.450492+00:00,0.0,0.0,0.0,0.0
2026-09-26T15:15:09.500533+00:00,0.0,0.0,0.0,0.0
2026-09-26T15:15:10.551720+00:00,0.0,0.0,0.0,0.0
2026-09-26T15:15:11.602342+00:00,0.0,0.0,0.0,0.0
2026-09-26T15:15:12.652663+00:00,0.0,0.0,0.0,0.0
2026-09-26T15:15:13.702965+00:00,0.0,0.0,0.0,0.0
2026-09-26T15:15:14.751384+00:00,0.0,0.0,0.0,0.0
2026-09-26T15:15:15.798868+00:00,0.0,0.0,0.0,0.0
2026-09-26T15:15:16.848889+00:00,0.0,0.0,0.0,0.0
2026-09-26T15:15:17.898604+00:00,0.0,0.0,0.0,0.0
2026-09-26T15:15:18.949917+00:00,0.0,0.0,0.0,0.0
2026-09-26T15:15:20.001327+00:00,0.0,0.0,0.0,0.0
2026-09-26T15:15:21.051379+00:00,0.0,0.0,0.0,0.0
2026-09-26T15:15:22.100509+00:00,0.0,0.0,0.0,0.0
2026-09-26T15:15:23.149177+00:00,0.0,0.0,0.0,0.0
2026-09-26T15:15:24.197419+00:00,0.0,0.0,0.0,0.0
2026-09-26T15:15:25.245335+00:00,0.0,0.0,0.0,0.0
2026-09-26T15:15:26.296699+00:00,0.0,0.0,0.0,0.0
2026-09-26T15:15:27.346393+00:00,0.0,0.0,0.0,0.0
2026-09-26T15:15:28.398152+00:00,0.0,0.0,0.0,0.0
2026-09-26T15:15:29.449560+00:00,0.0,0.0,0.0,0.0
2026-09-26T15:15:30.499246+00:00,0.0,0.0,0.0,0.0
2026-09-26T15:15:31.547771+00:00,0.0,0.0,0.0,0.0
2026-09-26T15:15:32.595698+00:00,0.0,0.0,0.0,0.0
2026-09-26T15:15:33.646389+00:00,0.0,0.0,0.0,0.0
2026-09-26T15:15:34.696781+00:00,0.0,0.0,0.0,0.0
2026-09-26T15:15:35.747488+00:00,0.0,0.0,0.0,0.0
2026-09-26T15:15:36.801948+00:00,0.0,0.0,0.0,0.0
2026-09-26T15:15:37.852572+00:00,0.0,0.0,0.0,0.0
2026-09-26T15:15:38.900371+00:00,0.0,0.0,0.0,0.0
2026-09-26T15:15:39.949734+00:00,0.0,0.0,0.0,0.0
2026-09-26T15:15:40.997457+00:00,0.0,0.0,0.0,0.0
2026-09-26T15:15:42.048571+00:00,0.0,0.0,0.0,0.0
2026-09-26T15:15:43.099713+00:00,0.0,0.0,0.0,0.0
2026-09-26T15:15:44.152212+00:00,0.0,0.0,0.0,0.0
2026-09-26T15:15:45.205216+00:00,0.0,0.0,0.0,0.0
2026-09-26T15:15:46.256373+00:00,0.0,0.0,0.0,0.0
2026-09-26T15:15:47.304630+00:00,0.0,0.0,0.0,0.0
2026-09-26T15:15:48.353901+00:00,0.0,0.0,0.0,0.0
2026-09-26T15:15:49.401608+00:00,0.0,0.0,0.0,0.0
2026-09-26T15:15:50.455419+00:00,0.0,0.0,0.0,0.0
2026-09-26T15:15:51.506467+00:00,0.0,0.0,0.0,0.0
2026-09-26T15:15:52.555297+00:00,0.0,0.0,0.0,0.0
2026-09-26T15:15:53.605773+00:00,0.0,0.0,0.0,0.0
2026-09-26T15:15:54.656447+00:00,0.0,0.0,0.0,0.0
2026-09-26T15:15:55.705172+00:00,0.0,0.0,0.0,0.0
2026-09-26T15:15:56.753654+00:00,0.0,0.0,0.0,0.0
2026-09-26T15:15:57.804840+00:00,0.0,0.0,0.0,0.0
2026-09-26T15:15:58.855506+00:00,0.0,0.0,0.0,0.0
2026-09-26T15:15:59.914169+00:00,0.0,0.0,0.0,0.0
2026-09-26T15:16:00.965063+00:00,0.0,0.0,0.0,0.0
2026-09-26T15:16:02.016895+00:00,0.0,0.0,0.0,0.0
2026-09-26T15:16:03.065260+00:00,0.0,0.0,0.0,0.0
2026-09-26T15:16:04.112265+00:00,0.0,0.0,0.0,0.0
2026-09-26T15:16:05.161078+00:00,0.0,0.0,0.0,0.0
2026-09-26T15:16:06.215249+00:00,0.0,0.0,0.0,0.0
2026-09-26T15:16:07.265917+00:00,0.0,0.0,0.0,0.0
2026-09-26T15:16:08.317620+00:00,0.0,0.0,0.0,0.0
2026-09-26T15:16:09.367787+00:00,0.0,0.0,0.0,0.0
2026-09-26T15:16:10.418782+00:00,0.0,0.0,0.0,0.0
2026-09-26T15:16:11.466963+00:00,0.0,0.0,0.0,0.0
2026-09-26T15:16:12.515263+00:00,0.0,0.0,0.0,0.0
2026-09-26T15:16:13.563112+00:00,0.0,0.0,0.0,0.0
2026-09-26T15:16:14.614524+00:00,0.0,0.0,0.0,0.0
2026-09-26T15:16:15.664314+00:00,0.0,0.0,0.0,0.0
2026-09-26T15:16:16.714474+00:00,0.0,0.0,0.0,0.0
2026-09-26T15:16:17.765750+00:00,0.0,0.0,0.0,0.0
2026-09-26T15:16:18.818935+00:00,0.0,0.0,0.0,0.0
2026-09-26T15:16:19.866460+00:00,0.0,0.0,0.0,0.0
2026-09-26T15:16:20.915484+00:00,0.0,0.0,0.0,0.0
2026-09-26T15:16:21.965601+00:00,0.0,0.0,0.0,0.0
2026-09-26T15:16:23.017100+00:00,0.0,0.0,0.0,0.0
2026-09-26T15:16:24.067866+00:00,0.0,0.0,0.0,0.0
2026-09-26T15:16:25.118995+00:00,0.0,0.0,0.0,0.0
2026-09-26T15:16:26.171377+00:00,0.0,0.0,0.0,0.0
2026-09-26T15:16:27.222871+00:00,0.0,0.0,0.0,0.0
2026-09-26T15:16:28.271099+00:00,0.0,0.0,0.0,0.0
2026-09-26T15:16:29.319914+00:00,0.0,0.0,0.0,0.0
2026-09-26T15:16:30.369740+00:00,0.0,0.0,0.0,0.0
2026-09-26T15:16:31.421281+00:00,0.0,0.0,0.0,0.0
2026-09-26T15:16:32.474782+00:00,0.0,0.0,0.0,0.0
2026-09-26T15:16:33.524504+00:00,0.0,0.0,0.0,0.0
2026-09-26T15:16:34.575368+00:00,0.0,0.0,0.0,0.0
2026-09-26T15:16:35.625162+00:00,0.0,0.0,0.0,0.0
2026-09-26T15:16:36.673531+00:00,0.0,0.0,0.0,0.0
2026-09-26T15:16:37.721758+00:00,0.0,0.0,0.0,0.0
2026-09-26T15:16:38.772643+00:00,0.0,0.0,0.0,0.0
2026-09-26T15:16:39.824788+00:00,0.0,0.0,0.0,0.0
2026-09-26T15:16:40.874664+00:00,0.0,0.0,0.0,0.0
2026-09-26T15:16:41.925372+00:00,0.0,0.0,0.0,0.0
2026-09-26T15:16:42.976841+00:00,0.0,0.0,0.0,0.0
2026-09-26T15:16:44.024498+00:00,0.0,0.0,0.0,0.0
2026-09-26T15:16:45.073282+00:00,0.0,0.0,0.0,0.0
2026-09-26T15:16:46.121681+00:00,0.0,0.0,0.0,0.0
2026-09-26T15:16:47.173007+00:00,0.0,0.0,0.0,0.0
2026-09-26T15:16:48.222256+00:00,0.0,0.0,0.0,0.0
2026-09-26T15:16:49.273280+00:00,0.0,0.0,0.0,0.0
2026-09-26T15:16:50.325517+00:00,0.0,0.0,0.0,0.0
2026-09-26T15:16:51.376186+00:00,0.0,0.0,0.0,0.0
2026-09-26T15:16:52.427167+00:00,0.0,0.0,0.0,0.0
2026-09-26T15:16:53.476838+00:00,0.0,0.0,0.0,0.0
2026-09-26T15:16:54.525129+00:00,0.0,0.0,0.0,0.0
2026-09-26T15:16:55.575631+00:00,0.0,0.0,0.0,0.0
2026-09-26T15:16:56.626591+00:00,0.0,0.0,0.0,0.0
2026-09-26T15:16:57.678548+00:00,0.0,0.0,0.0,0.0
2026-09-26T15:16:58.730458+00:00,0.0,0.0,0.0,0.0
2026-09-26T15:16:59.780427+00:00,0.0,0.0,0.0,0.0
2026-09-26T15:17:00.829868+00:00,0.0,0.0,0.0,0.0
2026-09-26T15:17:01.877340+00:00,0.0,0.0,0.0,0.0
2026-09-26T15:17:02.928798+00:00,0.0,0.0,0.0,0.0
2026-09-26T15:17:03.979062+00:00,0.0,0.0,0.0,0.0
2026-09-26T15:17:05.029994+00:00,0.0,0.0,0.0,0.0
2026-09-26T15:17:06.081026+00:00,0.0,0.0,0.0,0.0
2026-09-26T15:17:07.130907+00:00,0.0,0.0,0.0,0.0
2026-09-26T15:17:08.181978+00:00,0.0,0.0,0.0,0.0
2026-09-26T15:17:09.231757+00:00,0.0,0.0,0.0,0.0
2026-09-26T15:17:10.281491+00:00,0.0,0.0,0.0,0.0
2026-09-26T15:17:11.333240+00:00,0.0,0.0,0.0,0.0
2026-09-26T15:17:12.384059+00:00,0.0,0.0,0.0,0.0
2026-09-26T15:17:13.434950+00:00,0.0,0.0,0.0,0.0
2026-09-26T15:17:14.486937+00:00,0.0,0.0,0.0,0.0
2026-09-26T15:17:15.534702+00:00,0.0,0.0,0.0,0.0
2026-09-26T15:17:16.613146+00:00,0.0,0.0,0.0,0.0
2026-09-26T15:17:17.661385+00:00,0.0,0.0,0.0,0.0
2026-09-26T15:17:18.710810+00:00,0.0,0.0,0.0,0.0
2026-09-26T15:17:19.760979+00:00,0.0,0.0,0.0,0.0
2026-09-26T15:17:20.812415+00:00,0.0,0.0,0.0,0.0
2026-09-26T15:17:21.864751+00:00,0.0,0.0,0.0,0.0
2026-09-26T15:17:22.914348+00:00,0.0,0.0,0.0,0.0
2026-09-26T15:17:23.965451+00:00,0.0,0.0,0.0,0.0
2026-09-26T15:17:25.015010+00:00,0.0,0.0,0.0,0.0
2026-09-26T15:17:26.062752+00:00,0.0,0.0,0.0,0.0
2026-09-26T15:17:27.110613+00:00,0.0,0.0,0.0,0.0
2026-09-26T15:17:28.161992+00:00,0.0,0.0,0.0,0.0
2026-09-26T15:17:29.213466+00:00,0.0,0.0,0.0,0.0
2026-09-26T15:17:30.263134+00:00,0.0,0.0,0.0,0.0
2026-09-26T15:17:31.314152+00:00,0.0,0.0,0.0,0.0
2026-09-26T15:17:32.364671+00:00,0.0,0.0,0.0,0.0
2026-09-26T15:17:33.412820+00:00,0.0,0.0,0.0,0.0
2026-09-26T15:17:34.461468+00:00,0.0,0.0,0.0,0.0
2026-09-26T15:17:35.510905+00:00,0.0,0.0,0.0,0.0
2026-09-26T15:17:36.561282+00:00,0.0,0.0,0.0,0.0
2026-09-26T15:17:37.611962+00:00,0.0,0.0,0.0,0.0
2026-09-26T15:17:38.663115+00:00,0.0,0.0,0.0,0.0
2026-09-26T15:17:39.712519+00:00,0.0,0.0,0.0,0.0
2026-09-26T15:17:40.765057+00:00,0.0,0.0,0.0,0.0
2026-09-26T15:17:41.814004+00:00,0.0,0.0,0.0,0.0
2026-09-26T15:17:42.860712+00:00,0.0,0.0,0.0,0.0
2026-09-26T15:17:43.908087+00:00,0.0,0.0,0.0,0.0
2026-09-26T15:17:44.959880+00:00,0.0,0.0,0.0,0.0
2026-09-26T15:17:46.011267+00:00,0.0,0.0,0.0,0.0
2026-09-26T15:17:47.060972+00:00,0.0,0.0,0.0,0.0
2026-09-26T15:17:48.112137+00:00,0.0,0.0,0.0,0.0
2026-09-26T15:17:49.163390+00:00,0.0,0.0,0.0,0.0
2026-09-26T15:17:50.211564+00:00,0.0,0.0,0.0,0.0
2026-09-26T15:17:51.259144+00:00,0.0,0.0,0.0,0.0
2026-09-26T15:17:52.307643+00:00,0.0,0.0,0.0,0.0
2026-09-26T15:17:53.358250+00:00,0.0,0.0,0.0,0.0
2026-09-26T15:17:54.409679+00:00,0.0,0.0,0.0,0.0
2026-09-26T15:17:55.460754+00:00,0.0,0.0,0.0,0.0
2026-09-26T15:17:56.512249+00:00,0.0,0.0,0.0,0.0
2026-09-26T15:17:57.564361+00:00,0.0,0.0,0.0,0.0
2026-09-26T15:17:58.612297+00:00,0.0,0.0,0.0,0.0
2026-09-26T15:17:59.659983+00:00,0.0,0.0,0.0,0.0
2026-09-26T15:18:00.708127+00:00,0.0,0.0,0.0,0.0
2026-09-26T15:18:01.759401+00:00,0.0,0.0,0.0,0.0
2026-09-26T15:18:02.811124+00:00,0.0,0.0,0.0,0.0
2026-09-26T15:18:03.861019+00:00,0.0,0.0,0.0,0.0
2026-09-26T15:18:04.911767+00:00,0.0,0.0,0.0,0.0
2026-09-26T15:18:05.963478+00:00,0.0,0.0,0.0,0.0
2026-09-26T15:18:07.013601+00:00,0.0,0.0,0.0,0.0
2026-09-26T15:18:08.061517+00:00,0.0,0.0,0.0,0.0
2026-09-26T15:18:09.109250+00:00,0.0,0.0,0.0,0.0
2026-09-26T15:18:10.159426+00:00,0.0,0.0,0.0,0.0
2026-09-26T15:18:11.210736+00:00,0.0,0.0,0.0,0.0
2026-09-26T15:18:12.260435+00:00,0.0,0.0,0.0,0.0
2026-09-26T15:18:13.311794+00:00,0.0,0.0,0.0,0.0
2026-09-26T15:18:14.361621+00:00,0.0,0.0,0.0,0.0
2026-09-26T15:18:15.409970+00:00,0.0,0.0,0.0,0.0
2026-09-26T15:18:16.488348+00:00,0.0,0.0,0.0,0.0
2026-09-26T15:18:17.537354+00:00,0.0,0.0,0.0,0.0
2026-09-26T15:18:18.587483+00:00,0.0,0.0,0.0,0.0
2026-09-26T15:18:19.638613+00:00,0.0,0.0,0.0,0.0
2026-09-26T15:18:20.689473+00:00,0.0,0.0,0.0,0.0
2026-09-26T15:18:21.739302+00:00,0.0,0.0,0.0,0.0
2026-09-26T15:18:22.789708+00:00,0.0,0.0,0.0,0.0
2026-09-26T15:18:23.837239+00:00,0.0,0.0,0.0,0.0
2026-09-26T15:18:24.886390+00:00,0.0,0.0,0.0,0.0
2026-09-26T15:18:25.934997+00:00,0.0,0.0,0.0,0.0
2026-09-26T15:18:26.985839+00:00,0.0,0.0,0.0,0.0
2026-09-26T15:18:28.035964+00:00,0.0,0.0,0.0,0.0
2026-09-26T15:18:29.086924+00:00,0.0,0.0,0.0,0.0
2026-09-26T15:18:30.138289+00:00,0.0,0.0,0.0,0.0
2026-09-26T15:18:31.188812+00:00,0.0,0.0,0.0,0.0
2026-09-26T15:18:32.237466+00:00,0.0,0.0,0.0,0.0
2026-09-26T15:18:33.285221+00:00,0.0,0.0,0.0,0.0
2026-09-26T15:18:34.333343+00:00,0.0,0.0,0.0,0.0
2026-09-26T15:18:35.383955+00:00,0.0,0.0,0.0,0.0
2026-09-26T15:18:36.435200+00:00,0.0,0.0,0.0,0.0
2026-09-26T15:18:37.485380+00:00,0.0,0.0,0.0,0.0
2026-09-26T15:18:38.535155+00:00,0.0,0.0,0.0,0.0
2026-09-26T15:18:39.586219+00:00,0.0,0.0,0.0,0.0
2026-09-26T15:18:40.633706+00:00,0.0,0.0,0.0,0.0
2026-09-26T15:18:41.682858+00:00,0.0,0.0,0.0,0.0
2026-09-26T15:18:42.731228+00:00,0.0,0.0,0.0,0.0
2026-09-26T15:18:43.780984+00:00,0.0,0.0,0.0,0.0
2026-09-26T15:18:44.831977+00:00,0.0,0.0,0.0,0.0
2026-09-26T15:18:45.883263+00:00,0.0,0.0,0.0,0.0
2026-09-26T15:18:46.932698+00:00,0.0,0.0,0.0,0.0
2026-09-26T15:18:47.983169+00:00,0.0,0.0,0.0,0.0
2026-09-26T15:18:49.032885+00:00,0.0,0.0,0.0,0.0
2026-09-26T15:18:50.081794+00:00,0.0,0.0,0.0,0.0
2026-09-26T15:18:51.130854+00:00,0.0,0.0,0.0,0.0
2026-09-26T15:18:52.180665+00:00,0.0,0.0,0.0,0.0
2026-09-26T15:18:53.232562+00:00,0.0,0.0,0.0,0.0
2026-09-26T15:18:54.284697+00:00,0.0,0.0,0.0,0.0
2026-09-26T15:18:55.334428+00:00,0.0,0.0,0.0,0.0
2026-09-26T15:18:56.385129+00:00,0.0,0.0,0.0,0.0
2026-09-26T15:18:57.433949+00:00,0.0,0.0,0.0,0.0
2026-09-26T15:18:58.483270+00:00,0.0,0.0,0.0,0.0
2026-09-26T15:18:59.531037+00:00,0.0,0.0,0.0,0.0
2026-09-26T15:19:00.582495+00:00,0.0,0.0,0.0,0.0
2026-09-26T15:19:01.631884+00:00,0.0,0.0,0.0,0.0
2026-09-26T15:19:02.681918+00:00,0.0,0.0,0.0,0.0
2026-09-26T15:19:03.733259+00:00,0.0,0.0,0.0,0.0
2026-09-26T15:19:04.783528+00:00,0.0,0.0,0.0,0.0
2026-09-26T15:19:05.831498+00:00,0.0,0.0,0.0,0.0
2026-09-26T15:19:06.879526+00:00,0.0,0.0,0.0,0.0
2026-09-26T15:19:07.928691+00:00,0.0,0.0,0.0,0.0
2026-09-26T15:19:08.980787+00:00,0.0,0.0,0.0,0.0
2026-09-26T15:19:10.031272+00:00,0.0,0.0,0.0,0.0
2026-09-26T15:19:11.083746+00:00,0.0,0.0,0.0,0.0
2026-09-26T15:19:12.133397+00:00,0.0,0.0,0.0,0.0
2026-09-26T15:19:13.184911+00:00,0.0,0.0,0.0,0.0
2026-09-26T15:19:14.236334+00:00,0.0,0.0,0.0,0.0
2026-09-26T15:19:15.283727+00:00,0.0,0.0,0.0,0.0
2026-09-26T15:19:16.332087+00:00,0.0,0.0,0.0,0.0
2026-09-26T15:19:17.382486+00:00,0.0,0.0,0.0,0.0
2026-09-26T15:19:18.433441+00:00,0.0,0.0,0.0,0.0
2026-09-26T15:19:19.484454+00:00,0.0,0.0,0.0,0.0
2026-09-26T15:19:20.534395+00:00,0.0,0.0,0.0,0.0
2026-09-26T15:19:21.585519+00:00,0.0,0.0,0.0,0.0
2026-09-26T15:19:22.638238+00:00,0.0,0.0,0.0,0.0
2026-09-26T15:19:23.685691+00:00,0.0,0.0,0.0,0.0
2026-09-26T15:19:24.734675+00:00,0.0,0.0,0.0,0.0
2026-09-26T15:19:25.785149+00:00,0.0,0.0,0.0,0.0
2026-09-26T15:19:26.836524+00:00,0.0,0.0,0.0,0.0
2026-09-26T15:19:27.887606+00:00,0.0,0.0,0.0,0.0
2026-09-26T15:19:28.938659+00:00,0.0,0.0,0.0,0.0
2026-09-26T15:19:29.989358+00:00,0.0,0.0,0.0,0.0
2026-09-26T15:19:31.040495+00:00,0.0,0.0,0.0,0.0
2026-09-26T15:19:32.087631+00:00,0.0,0.0,0.0,0.0
2026-09-26T15:19:33.137292+00:00,0.0,0.0,0.0,0.0
2026-09-26T15:19:34.186872+00:00,0.0,0.0,0.0,0.0
2026-09-26T15:19:35.238654+00:00,0.0,0.0,0.0,0.0
2026-09-26T15:19:36.288763+00:00,0.0,0.0,0.0,0.0
2026-09-26T15:19:37.338459+00:00,0.0,0.0,0.0,0.0
2026-09-26T15:19:38.389692+00:00,0.0,0.0,0.0,0.0
2026-09-26T15:19:39.439887+00:00,0.0,0.0,0.0,0.0
2026-09-26T15:19:40.488169+00:00,0.0,0.0,0.0,0.0
2026-09-26T15:19:41.535954+00:00,0.0,0.0,0.0,0.0
2026-09-26T15:19:42.584918+00:00,0.0,0.0,0.0,0.0
2026-09-26T15:19:43.634326+00:00,0.0,0.0,0.0,0.0
2026-09-26T15:19:44.685679+00:00,0.0,0.0,0.0,0.0
2026-09-26T15:19:45.736225+00:00,0.0,0.0,0.0,0.0
2026-09-26T15:19:46.785889+00:00,0.0,0.0,0.0,0.0
2026-09-26T15:19:47.837944+00:00,0.0,0.0,0.0,0.0
2026-09-26T15:19:48.885788+00:00,0.0,0.0,0.0,0.0
2026-09-26T15:19:49.933976+00:00,0.0,0.0,0.0,0.0
2026-09-26T15:19:50.981769+00:00,0.0,0.0,0.0,0.0
2026-09-26T15:19:52.031709+00:00,0.0,0.0,0.0,0.0
2026-09-26T15:19:53.081407+00:00,0.0,0.0,0.0,0.0
2026-09-26T15:19:54.133558+00:00,0.0,0.0,0.0,0.0
2026-09-26T15:19:55.183297+00:00,0.0,0.0,0.0,0.0
2026-09-26T15:19:56.234264+00:00,0.0,0.0,0.0,0.0
2026-09-26T15:19:57.283702+00:00,0.0,0.0,0.0,0.0
2026-09-26T15:19:58.332227+00:00,0.0,0.0,0.0,0.0
2026-09-26T15:19:59.380956+00:00,0.0,0.0,0.0,0.0
2026-09-26T15:20:00.431697+00:00,0.0,0.0,0.0,0.0
2026-09-26T15:20:01.483613+00:00,0.0,0.0,0.0,0.0
2026-09-26T15:20:02.533681+00:00,0.0,0.0,0.0,0.0
2026-09-26T15:20:03.578957+00:00,0.0,0.0,0.0,0.0
2026-09-26T15:20:04.629044+00:00,0.0,0.0,0.0,0.0
2026-09-26T15:20:05.679246+00:00,0.0,0.0,0.0,0.0
2026-09-26T15:20:06.726208+00:00,0.0,0.0,0.0,0.0
2026-09-26T15:20:07.775271+00:00,0.0,0.0,0.0,0.0
2026-09-26T15:20:08.825786+00:00,0.0,0.0,0.0,0.0
2026-09-26T15:20:09.877241+00:00,0.0,0.0,0.0,0.0
2026-09-26T15:20:10.928339+00:00,0.0,0.0,0.0,0.0
2026-09-26T15:20:11.978928+00:00,0.0,0.0,0.0,0.0
2026-09-26T15:20:13.030948+00:00,0.0,0.0,0.0,0.0
2026-09-26T15:20:14.082554+00:00,0.0,0.0,0.0,0.0
2026-09-26T15:20:15.130346+00:00,0.0,0.0,0.0,0.0
2026-09-26T15:20:16.179670+00:00,0.0,0.0,0.0,0.0
2026-09-26T15:20:17.230700+00:00,0.0,0.0,0.0,0.0
2026-09-26T15:20:18.283598+00:00,0.0,0.0,0.0,0.0
2026-09-26T15:20:19.333867+00:00,0.0,0.0,0.0,0.0
2026-09-26T15:20:20.384777+00:00,0.0,0.0,0.0,0.0
2026-09-26T15:20:21.435190+00:00,0.0,0.0,0.0,0.0
2026-09-26T15:20:22.488243+00:00,0.0,0.0,0.0,0.0
2026-09-26T15:20:23.537532+00:00,0.0,0.0,0.0,0.0
2026-09-26T15:20:24.585899+00:00,0.0,0.0,0.0,0.0
2026-09-26T15:20:25.635078+00:00,0.0,0.0,0.0,0.0
2026-09-26T15:20:26.686781+00:00,0.0,0.0,0.0,0.0
2026-09-26T15:20:27.739845+00:00,0.0,0.0,0.0,0.0
2026-09-26T15:20:28.791599+00:00,0.0,0.0,0.0,0.0
2026-09-26T15:20:29.841956+00:00,0.0,0.0,0.0,0.0
2026-09-26T15:20:30.893230+00:00,0.0,0.0,0.0,0.0
2026-09-26T15:20:31.941823+00:00,0.0,0.0,0.0,0.0
2026-09-26T15:20:32.987696+00:00,0.0,0.0,0.0,0.0
2026-09-26T15:20:34.034803+00:00,0.0,0.0,0.0,0.0
2026-09-26T15:20:35.085884+00:00,0.0,0.0,0.0,0.0
2026-09-26T15:20:36.137638+00:00,0.0,0.0,0.0,0.0
2026-09-26T15:20:37.187213+00:00,0.0,0.0,0.0,0.0
2026-09-26T15:20:38.238289+00:00,0.0,0.0,0.0,0.0
2026-09-26T15:20:39.287569+00:00,0.0,0.0,0.0,0.0
2026-09-26T15:20:40.338156+00:00,0.0,0.0,0.0,0.0
2026-09-26T15:20:41.385986+00:00,0.0,0.0,0.0,0.0
2026-09-26T15:20:42.435233+00:00,0.0,0.0,0.0,0.0
2026-09-26T15:20:43.485520+00:00,0.0,0.0,0.0,0.0
2026-09-26T15:20:44.535669+00:00,0.0,0.0,0.0,0.0
2026-09-26T15:20:45.586120+00:00,0.0,0.0,0.0,0.0
2026-09-26T15:20:46.641856+00:00,0.0,0.0,0.0,0.0
2026-09-26T15:20:47.692151+00:00,0.0,0.0,0.0,0.0
2026-09-26T15:20:48.742758+00:00,0.0,0.0,0.0,0.0
2026-09-26T15:20:49.792317+00:00,0.0,0.0,0.0,0.0
2026-09-26T15:20:50.840799+00:00,0.0,0.0,0.0,0.0
2026-09-26T15:20:51.890350+00:00,0.0,0.0,0.0,0.0
2026-09-26T15:20:52.941068+00:00,0.0,0.0,0.0,0.0
2026-09-26T15:20:53.992292+00:00,0.0,0.0,0.0,0.0
2026-09-26T15:20:55.043327+00:00,0.0,0.0,0.0,0.0
2026-09-26T15:20:56.093822+00:00,0.0,0.0,0.0,0.0
2026-09-26T15:20:57.144962+00:00,0.0,0.0,0.0,0.0
2026-09-26T15:20:58.193593+00:00,0.0,0.0,0.0,0.0
2026-09-26T15:20:59.241774+00:00,0.0,0.0,0.0,0.0
2026-09-26T15:21:00.288724+00:00,0.0,0.0,0.0,0.0
2026-09-26T15:21:01.338103+00:00,0.0,0.0,0.0,0.0
2026-09-26T15:21:02.388760+00:00,0.0,0.0,0.0,0.0
2026-09-26T15:21:03.440192+00:00,0.0,0.0,0.0,0.0
2026-09-26T15:21:04.489211+00:00,0.0,0.0,0.0,0.0
2026-09-26T15:21:05.539732+00:00,0.0,0.0,0.0,0.0
2026-09-26T15:21:06.589441+00:00,0.0,0.0,0.0,0.0
2026-09-26T15:21:07.637837+00:00,0.0,0.0,0.0,0.0
2026-09-26T15:21:08.685550+00:00,0.0,0.0,0.0,0.0
2026-09-26T15:21:09.736513+00:00,0.0,0.0,0.0,0.0
2026-09-26T15:21:10.788947+00:00,0.0,0.0,0.0,0.0
2026-09-26T15:21:11.839330+00:00,0.0,0.0,0.0,0.0
2026-09-26T15:21:12.891233+00:00,0.0,0.0,0.0,0.0
2026-09-26T15:21:13.942276+00:00,0.0,0.0,0.0,0.0
2026-09-26T15:21:14.993429+00:00,0.0,0.0,0.0,0.0
2026-09-26T15:21:16.041929+00:00,0.0,0.0,0.0,0.0
2026-09-26T15:21:17.089692+00:00,0.0,0.0,0.0,0.0
2026-09-26T15:21:18.142708+00:00,0.0,0.0,0.0,0.0
2026-09-26T15:21:19.193965+00:00,0.0,0.0,0.0,0.0
2026-09-26T15:21:20.244975+00:00,0.0,0.0,0.0,0.0
2026-09-26T15:21:21.295317+00:00,0.0,0.0,0.0,0.0
2026-09-26T15:21:22.347082+00:00,0.0,0.0,0.0,0.0
2026-09-26T15:21:23.397391+00:00,0.0,0.0,0.0,0.0
2026-09-26T15:21:24.445860+00:00,0.0,0.0,0.0,0.0
2026-09-26T15:21:25.493368+00:00,0.0,0.0,0.0,0.0
2026-09-26T15:21:26.542325+00:00,0.0,0.0,0.0,0.0
2026-09-26T15:21:27.592411+00:00,0.0,0.0,0.0,0.0
2026-09-26T15:21:28.647615+00:00,0.0,0.0,0.0,0.0
2026-09-26T15:21:29.698296+00:00,0.0,0.0,0.0,0.0
2026-09-26T15:21:30.748447+00:00,0.0,0.0,0.0,0.0
2026-09-26T15:21:31.799082+00:00,0.0,0.0,0.0,0.0
2026-09-26T15:21:32.850914+00:00,0.0,0.0,0.0,0.0
2026-09-26T15:21:33.898715+00:00,0.0,0.0,0.0,0.0
2026-09-26T15:21:34.947877+00:00,0.0,0.0,0.0,0.0
2026-09-26T15:21:35.999114+00:00,0.0,0.0,0.0,0.0
2026-09-26T15:21:37.050186+00:00,0.0,0.0,0.0,0.0
2026-09-26T15:21:38.102669+00:00,0.0,0.0,0.0,0.0
2026-09-26T15:21:39.152205+00:00,0.0,0.0,0.0,0.0
2026-09-26T15:21:40.204751+00:00,0.0,0.0,0.0,0.0
2026-09-26T15:21:41.255876+00:00,0.0,0.0,0.0,0.0
2026-09-26T15:21:42.303818+00:00,0.0,0.0,0.0,0.0
2026-09-26T15:21:43.352388+00:00,0.0,0.0,0.0,0.0
2026-09-26T15:21:44.399247+00:00,0.0,0.0,0.0,0.0
2026-09-26T15:21:45.449915+00:00,0.0,0.0,0.0,0.0
2026-09-26T15:21:46.504475+00:00,0.0,0.0,0.0,0.0
2026-09-26T15:21:47.554666+00:00,0.0,0.0,0.0,0.0
2026-09-26T15:21:48.605356+00:00,0.0,0.0,0.0,0.0
2026-09-26T15:21:49.655788+00:00,0.0,0.0,0.0,0.0
2026-09-26T15:21:50.704215+00:00,0.0,0.0,0.0,0.0
2026-09-26T15:21:51.752271+00:00,0.0,0.0,0.0,0.0
2026-09-26T15:21:52.804576+00:00,0.0,0.0,0.0,0.0
2026-09-26T15:21:53.855490+00:00,0.0,0.0,0.0,0.0
2026-09-26T15:21:54.904783+00:00,0.0,0.0,0.0,0.0
2026-09-26T15:21:55.955188+00:00,0.0,0.0,0.0,0.0
2026-09-26T15:21:57.008163+00:00,0.0,0.0,0.0,0.0
2026-09-26T15:21:58.057384+00:00,0.0,0.0,0.0,0.0
2026-09-26T15:21:59.108302+00:00,0.0,0.0,0.0,0.0
2026-09-26T15:22:00.156760+00:00,0.0,0.0,0.0,0.0
2026-09-26T15:22:01.206602+00:00,0.0,0.0,0.0,0.0
2026-09-26T15:22:02.257384+00:00,0.0,0.0,0.0,0.0
2026-09-26T15:22:03.307764+00:00,0.0,0.0,0.0,0.0
2026-09-26T15:22:04.360892+00:00,0.0,0.0,0.0,0.0
2026-09-26T15:22:05.411890+00:00,0.0,0.0,0.0,0.0
2026-09-26T15:22:06.462035+00:00,0.0,0.0,0.0,0.0
2026-09-26T15:22:07.513058+00:00,0.0,0.0,0.0,0.0
2026-09-26T15:22:08.561852+00:00,0.0,0.0,0.0,0.0
2026-09-26T15:22:09.610280+00:00,0.0,0.0,0.0,0.0
2026-09-26T15:22:10.657520+00:00,0.0,0.0,0.0,0.0
2026-09-26T15:22:11.709105+00:00,0.0,0.0,0.0,0.0
2026-09-26T15:22:12.759509+00:00,0.0,0.0,0.0,0.0
2026-09-26T15:22:13.810711+00:00,0.0,0.0,0.0,0.0
2026-09-26T15:22:14.862015+00:00,0.0,0.0,0.0,0.0
2026-09-26T15:22:15.912502+00:00,0.0,0.0,0.0,0.0
2026-09-26T15:22:16.963570+00:00,0.0,0.0,0.0,0.0
2026-09-26T15:22:18.012574+00:00,0.0,0.0,0.0,0.0
2026-09-26T15:22:19.061233+00:00,0.0,0.0,0.0,0.0
2026-09-26T15:22:20.112152+00:00,0.0,0.0,0.0,0.0
2026-09-26T15:22:21.162472+00:00,0.0,0.0,0.0,0.0
2026-09-26T15:22:22.213654+00:00,0.0,0.0,0.0,0.0
2026-09-26T15:22:23.264181+00:00,0.0,0.0,0.0,0.0
2026-09-26T15:22:24.309218+00:00,0.0,0.0,0.0,0.0
2026-09-26T15:22:25.359716+00:00,0.0,0.0,0.0,0.0
2026-09-26T15:22:26.408121+00:00,0.0,0.0,0.0,0.0
2026-09-26T15:22:27.456249+00:00,0.0,0.0,0.0,0.0
2026-09-26T15:22:28.505725+00:00,0.0,0.0,0.0,0.0
2026-09-26T15:22:29.555711+00:00,0.0,0.0,0.0,0.0
2026-09-26T15:22:30.607569+00:00,0.0,0.0,0.0,0.0
2026-09-26T15:22:31.657831+00:00,0.0,0.0,0.0,0.0
2026-09-26T15:22:32.710689+00:00,0.0,0.0,0.0,0.0
2026-09-26T15:22:33.761636+00:00,0.0,0.0,0.0,0.0
2026-09-26T15:22:34.810613+00:00,0.0,0.0,0.0,0.0
2026-09-26T15:22:35.859636+00:00,0.0,0.0,0.0,0.0
2026-09-26T15:22:36.907500+00:00,0.0,0.0,0.0,0.0
2026-09-26T15:22:37.959869+00:00,0.0,0.0,0.0,0.0
2026-09-26T15:22:39.013918+00:00,0.0,0.0,0.0,0.0
2026-09-26T15:22:40.068194+00:00,0.0,0.0,0.0,0.0
2026-09-26T15:22:41.118953+00:00,0.0,0.0,0.0,0.0
2026-09-26T15:22:42.168295+00:00,0.0,0.0,0.0,0.0
2026-09-26T15:22:43.220069+00:00,0.0,0.0,0.0,0.0
2026-09-26T15:22:44.268569+00:00,0.0,0.0,0.0,0.0
2026-09-26T15:22:45.317309+00:00,0.0,0.0,0.0,0.0
2026-09-26T15:22:46.368693+00:00,0.0,0.0,0.0,0.0
2026-09-26T15:22:47.419157+00:00,0.0,0.0,0.0,0.0
2026-09-26T15:22:48.470200+00:00,0.0,0.0,0.0,0.0
2026-09-26T15:22:49.521636+00:00,0.0,0.0,0.0,0.0
2026-09-26T15:22:50.571762+00:00,0.0,0.0,0.0,0.0
2026-09-26T15:22:51.622207+00:00,0.0,0.0,0.0,0.0
2026-09-26T15:22:52.669716+00:00,0.0,0.0,0.0,0.0
2026-09-26T15:22:53.717894+00:00,0.0,0.0,0.0,0.0
2026-09-26T15:22:54.766305+00:00,0.0,0.0,0.0,0.0
2026-09-26T15:22:55.816613+00:00,0.0,0.0,0.0,0.0
2026-09-26T15:22:56.866999+00:00,0.0,0.0,0.0,0.0
2026-09-26T15:22:57.918914+00:00,0.0,0.0,0.0,0.0
2026-09-26T15:22:58.968318+00:00,0.0,0.0,0.0,0.0
2026-09-26T15:23:00.020308+00:00,0.0,0.0,0.0,0.0
2026-09-26T15:23:01.071505+00:00,0.0,0.0,0.0,0.0
2026-09-26T15:23:02.118786+00:00,0.0,0.0,0.0,0.0
2026-09-26T15:23:03.168683+00:00,0.0,0.0,0.0,0.0
2026-09-26T15:23:04.215956+00:00,0.0,0.0,0.0,0.0
2026-09-26T15:23:05.267097+00:00,0.0,0.0,0.0,0.0
2026-09-26T15:23:06.317058+00:00,0.0,0.0,0.0,0.0
2026-09-26T15:23:07.370194+00:00,0.0,0.0,0.0,0.0
2026-09-26T15:23:08.420671+00:00,0.0,0.0,0.0,0.0
2026-09-26T15:23:09.471119+00:00,0.0,0.0,0.0,0.0
2026-09-26T15:23:10.522075+00:00,0.0,0.0,0.0,0.0
2026-09-26T15:23:11.570055+00:00,0.0,0.0,0.0,0.0
2026-09-26T15:23:12.619937+00:00,0.0,0.0,0.0,0.0
2026-09-26T15:23:13.670407+00:00,0.0,0.0,0.0,0.0
2026-09-26T15:23:14.720438+00:00,0.0,0.0,0.0,0.0
2026-09-26T15:23:15.771903+00:00,0.0,0.0,0.0,0.0
2026-09-26T15:23:16.822956+00:00,0.0,0.0,0.0,0.0
2026-09-26T15:23:17.872850+00:00,0.0,0.0,0.0,0.0
2026-09-26T15:23:18.925173+00:00,0.0,0.0,0.0,0.0
2026-09-26T15:23:19.974055+00:00,0.0,0.0,0.0,0.0
2026-09-26T15:23:21.023903+00:00,0.0,0.0,0.0,0.0
2026-09-26T15:23:22.072833+00:00,0.0,0.0,0.0,0.0
2026-09-26T15:23:23.123534+00:00,0.0,0.0,0.0,0.0
2026-09-26T15:23:24.173865+00:00,0.0,0.0,0.0,0.0
2026-09-26T15:23:25.223951+00:00,0.0,0.0,0.0,0.0
2026-09-26T15:23:26.274553+00:00,0.0,0.0,0.0,0.0
2026-09-26T15:23:27.325412+00:00,0.0,0.0,0.0,0.0
2026-09-26T15:23:28.375391+00:00,0.0,0.0,0.0,0.0
2026-09-26T15:23:29.424624+00:00,0.0,0.0,0.0,0.0
2026-09-26T15:23:30.473272+00:00,0.0,0.0,0.0,0.0
2026-09-26T15:23:31.525285+00:00,0.0,0.0,0.0,0.0
2026-09-26T15:23:32.575960+00:00,0.0,0.0,0.0,0.0
2026-09-26T15:23:33.626958+00:00,0.0,0.0,0.0,0.0
2026-09-26T15:23:34.686211+00:00,0.0,0.0,0.0,0.0
2026-09-26T15:23:35.741493+00:00,0.0,0.0,0.0,0.0
2026-09-26T15:23:36.795086+00:00,0.0,0.0,0.0,0.0
2026-09-26T15:23:37.849657+00:00,0.0,0.0,0.0,0.0
2026-09-26T15:23:38.898031+00:00,0.0,0.0,0.0,0.0
2026-09-26T15:23:39.946725+00:00,0.0,0.0,0.0,0.0
2026-09-26T15:23:40.995997+00:00,0.0,0.0,0.0,0.0
2026-09-26T15:23:42.048624+00:00,0.0,0.0,0.0,0.0
2026-09-26T15:23:43.098474+00:00,0.0,0.0,0.0,0.0
2026-09-26T15:23:44.149350+00:00,0.0,0.0,0.0,0.0
2026-09-26T15:23:45.201382+00:00,0.0,0.0,0.0,0.0
2026-09-26T15:23:46.251934+00:00,0.0,0.0,0.0,0.0
2026-09-26T15:23:47.299666+00:00,0.0,0.0,0.0,0.0
2026-09-26T15:23:48.346914+00:00,0.0,0.0,0.0,0.0
2026-09-26T15:23:49.399712+00:00,0.0,0.0,0.0,0.0
2026-09-26T15:23:50.448994+00:00,0.0,0.0,0.0,0.0
2026-09-26T15:23:51.500182+00:00,0.0,0.0,0.0,0.0
2026-09-26T15:23:52.550746+00:00,0.0,0.0,0.0,0.0
2026-09-26T15:23:53.600539+00:00,0.0,0.0,0.0,0.0
2026-09-26T15:23:54.653907+00:00,0.0,0.0,0.0,0.0
2026-09-26T15:23:55.703123+00:00,0.0,0.0,0.0,0.0
2026-09-26T15:23:56.751362+00:00,0.0,0.0,0.0,0.0
2026-09-26T15:23:57.800494+00:00,0.0,0.0,0.0,0.0
2026-09-26T15:23:58.850859+00:00,0.0,0.0,0.0,0.0
2026-09-26T15:23:59.901750+00:00,0.0,0.0,0.0,0.0
2026-09-26T15:24:00.951533+00:00,0.0,0.0,0.0,0.0
2026-09-26T15:24:02.003237+00:00,0.0,0.0,0.0,0.0
2026-09-26T15:24:03.050049+00:00,0.0,0.0,0.0,0.0
2026-09-26T15:24:04.101863+00:00,0.0,0.0,0.0,0.0
2026-09-26T15:24:05.150286+00:00,0.0,0.0,0.0,0.0
2026-09-26T15:24:06.200137+00:00,0.0,0.0,0.0,0.0
2026-09-26T15:24:07.247460+00:00,0.0,0.0,0.0,0.0
2026-09-26T15:24:08.299319+00:00,0.0,0.0,0.0,0.0
2026-09-26T15:24:09.349902+00:00,0.0,0.0,0.0,0.0
2026-09-26T15:24:10.400455+00:00,0.0,0.0,0.0,0.0
2026-09-26T15:24:11.451528+00:00,0.0,0.0,0.0,0.0
2026-09-26T15:24:12.501168+00:00,0.0,0.0,0.0,0.0
2026-09-26T15:24:13.551779+00:00,0.0,0.0,0.0,0.0
2026-09-26T15:24:14.601146+00:00,0.0,0.0,0.0,0.0
2026-09-26T15:24:15.649682+00:00,0.0,0.0,0.0,0.0
2026-09-26T15:24:16.699502+00:00,0.0,0.0,0.0,0.0
2026-09-26T15:24:17.752279+00:00,0.0,0.0,0.0,0.0
2026-09-26T15:24:18.802780+00:00,0.0,0.0,0.0,0.0
2026-09-26T15:24:19.851998+00:00,0.0,0.0,0.0,0.0
2026-09-26T15:24:20.902186+00:00,0.0,0.0,0.0,0.0
2026-09-26T15:24:21.951898+00:00,0.0,0.0,0.0,0.0
2026-09-26T15:24:23.000702+00:00,0.0,0.0,0.0,0.0
2026-09-26T15:24:24.048971+00:00,0.0,0.0,0.0,0.0
2026-09-26T15:24:25.097385+00:00,0.0,0.0,0.0,0.0
2026-09-26T15:24:26.148128+00:00,0.0,0.0,0.0,0.0
2026-09-26T15:24:27.199872+00:00,0.0,0.0,0.0,0.0
2026-09-26T15:24:28.251780+00:00,0.0,0.0,0.0,0.0
2026-09-26T15:24:29.302599+00:00,0.0,0.0,0.0,0.0
2026-09-26T15:24:30.352482+00:00,0.0,0.0,0.0,0.0
2026-09-26T15:24:31.403868+00:00,0.0,0.0,0.0,0.0
2026-09-26T15:24:32.451516+00:00,0.0,0.0,0.0,0.0
2026-09-26T15:24:33.500767+00:00,0.0,0.0,0.0,0.0
2026-09-26T15:24:34.547906+00:00,0.0,0.0,0.0,0.0
2026-09-26T15:24:35.600658+00:00,0.0,0.0,0.0,0.0
2026-09-26T15:24:36.651490+00:00,0.0,0.0,0.0,0.0
2026-09-26T15:24:37.701380+00:00,0.0,0.0,0.0,0.0
2026-09-26T15:24:38.751887+00:00,0.0,0.0,0.0,0.0
2026-09-26T15:24:39.801978+00:00,0.0,0.0,0.0,0.0
2026-09-26T15:24:40.852288+00:00,0.0,0.0,0.0,0.0
2026-09-26T15:24:41.901744+00:00,0.0,0.0,0.0,0.0
2026-09-26T15:24:42.949028+00:00,0.0,0.0,0.0,0.0
2026-09-26T15:24:43.999163+00:00,0.0,0.0,0.0,0.0
2026-09-26T15:24:45.050032+00:00,0.0,0.0,0.0,0.0
2026-09-26T15:24:46.100995+00:00,0.0,0.0,0.0,0.0
2026-09-26T15:24:47.150717+00:00,0.0,0.0,0.0,0.0
2026-09-26T15:24:48.200766+00:00,0.0,0.0,0.0,0.0
2026-09-26T15:24:49.252409+00:00,0.0,0.0,0.0,0.0
2026-09-26T15:24:50.300474+00:00,0.0,0.0,0.0,0.0
2026-09-26T15:24:51.349033+00:00,0.0,0.0,0.0,0.0
2026-09-26T15:24:52.398527+00:00,0.0,0.0,0.0,0.0
2026-09-26T15:24:53.449751+00:00,0.0,0.0,0.0,0.0
2026-09-26T15:24:54.499754+00:00,0.0,0.0,0.0,0.0
2026-09-26T15:24:55.550412+00:00,0.0,0.0,0.0,0.0
2026-09-26T15:24:56.599975+00:00,0.0,0.0,0.0,0.0
2026-09-26T15:24:57.651258+00:00,0.0,0.0,0.0,0.0
2026-09-26T15:24:58.702652+00:00,0.0,0.0,0.0,0.0
2026-09-26T15:24:59.750210+00:00,0.0,0.0,0.0,0.0
2026-09-26T15:25:00.799607+00:00,0.0,0.0,0.0,0.0
2026-09-26T15:25:01.846941+00:00,0.0,0.0,0.0,0.0
2026-09-26T15:25:02.898592+00:00,0.0,0.0,0.0,0.0
2026-09-26T15:25:03.948432+00:00,0.0,0.0,0.0,0.0
2026-09-26T15:25:04.999540+00:00,0.0,0.0,0.0,0.0
2026-09-26T15:25:06.051571+00:00,0.0,0.0,0.0,0.0
2026-09-26T15:25:07.101658+00:00,0.0,0.0,0.0,0.0
2026-09-26T15:25:08.153491+00:00,0.0,0.0,0.0,0.0
2026-09-26T15:25:09.202856+00:00,0.0,0.0,0.0,0.0
2026-09-26T15:25:10.250784+00:00,0.0,0.0,0.0,0.0
2026-09-26T15:25:11.302661+00:00,0.0,0.0,0.0,0.0
2026-09-26T15:25:12.352932+00:00,0.0,0.0,0.0,0.0
2026-09-26T15:25:13.404255+00:00,0.0,0.0,0.0,0.0
2026-09-26T15:25:14.458106+00:00,0.0,0.0,0.0,0.0
2026-09-26T15:25:15.509967+00:00,0.0,0.0,0.0,0.0
2026-09-26T15:25:16.559179+00:00,0.0,0.0,0.0,0.0
2026-09-26T15:25:17.610132+00:00,0.0,0.0,0.0,0.0
2026-09-26T15:25:18.659686+00:00,0.0,0.0,0.0,0.0
2026-09-26T15:25:19.708051+00:00,0.0,0.0,0.0,0.0
2026-09-26T15:25:20.759668+00:00,0.0,0.0,0.0,0.0
2026-09-26T15:25:21.809572+00:00,0.0,0.0,0.0,0.0
2026-09-26T15:25:22.860279+00:00,0.0,0.0,0.0,0.0
2026-09-26T15:25:23.911998+00:00,0.0,0.0,0.0,0.0
2026-09-26T15:25:24.961696+00:00,0.0,0.0,0.0,0.0
2026-09-26T15:25:26.012621+00:00,0.0,0.0,0.0,0.0
2026-09-26T15:25:27.061981+00:00,0.0,0.0,0.0,0.0
2026-09-26T15:25:28.109761+00:00,0.0,0.0,0.0,0.0
2026-09-26T15:25:29.157326+00:00,0.0,0.0,0.0,0.0
2026-09-26T15:25:30.210403+00:00,0.0,0.0,0.0,0.0
2026-09-26T15:25:31.261283+00:00,0.0,0.0,0.0,0.0
2026-09-26T15:25:32.311694+00:00,0.0,0.0,0.0,0.0
2026-09-26T15:25:33.362400+00:00,0.0,0.0,0.0,0.0
2026-09-26T15:25:34.412359+00:00,0.0,0.0,0.0,0.0
2026-09-26T15:25:35.462801+00:00,0.0,0.0,0.0,0.0
2026-09-26T15:25:36.511470+00:00,0.0,0.0,0.0,0.0
2026-09-26T15:25:37.560281+00:00,0.0,0.0,0.0,0.0
2026-09-26T15:25:38.607662+00:00,0.0,0.0,0.0,0.0
2026-09-26T15:25:39.659302+00:00,0.0,0.0,0.0,0.0
2026-09-26T15:25:40.710701+00:00,0.0,0.0,0.0,0.0
2026-09-26T15:25:41.760691+00:00,0.0,0.0,0.0,0.0
2026-09-26T15:25:42.814014+00:00,0.0,0.0,0.0,0.0
2026-09-26T15:25:43.864876+00:00,0.0,0.0,0.0,0.0
2026-09-26T15:25:44.915517+00:00,0.0,0.0,0.0,0.0
2026-09-26T15:25:45.964307+00:00,0.0,0.0,0.0,0.0
2026-09-26T15:25:47.011710+00:00,0.0,0.0,0.0,0.0
2026-09-26T15:25:48.063921+00:00,0.0,0.0,0.0,0.0
2026-09-26T15:25:49.113685+00:00,0.0,0.0,0.0,0.0
2026-09-26T15:25:50.164602+00:00,0.0,0.0,0.0,0.0
2026-09-26T15:25:51.216897+00:00,0.0,0.0,0.0,0.0
2026-09-26T15:25:52.266031+00:00,0.0,0.0,0.0,0.0
2026-09-26T15:25:53.317319+00:00,0.0,0.0,0.0,0.0
2026-09-26T15:25:54.367162+00:00,0.0,0.0,0.0,0.0
2026-09-26T15:25:55.416731+00:00,0.0,0.0,0.0,0.0
2026-09-26T15:25:56.467752+00:00,0.0,0.0,0.0,0.0
2026-09-26T15:25:57.517322+00:00,0.0,0.0,0.0,0.0
2026-09-26T15:25:58.567424+00:00,0.0,0.0,0.0,0.0
2026-09-26T15:25:59.616835+00:00,0.0,0.0,0.0,0.0
2026-09-26T15:26:00.666541+00:00,0.0,0.0,0.0,0.0
2026-09-26T15:26:01.716153+00:00,0.0,0.0,0.0,0.0
2026-09-26T15:26:02.767107+00:00,0.0,0.0,0.0,0.0
2026-09-26T15:26:03.815641+00:00,0.0,0.0,0.0,0.0
2026-09-26T15:26:04.864394+00:00,0.0,0.0,0.0,0.0
2026-09-26T15:26:05.913460+00:00,0.0,0.0,0.0,0.0
2026-09-26T15:26:06.964647+00:00,0.0,0.0,0.0,0.0
2026-09-26T15:26:08.016494+00:00,0.0,0.0,0.0,0.0
2026-09-26T15:26:09.065710+00:00,0.0,0.0,0.0,0.0
2026-09-26T15:26:10.117111+00:00,0.0,0.0,0.0,0.0
2026-09-26T15:26:11.168486+00:00,0.0,0.0,0.0,0.0
2026-09-26T15:26:12.217873+00:00,0.0,0.0,0.0,0.0
2026-09-26T15:26:13.266689+00:00,0.0,0.0,0.0,0.0
2026-09-26T15:26:14.314406+00:00,0.0,0.0,0.0,0.0
2026-09-26T15:26:15.363293+00:00,0.0,0.0,0.0,0.0
2026-09-26T15:26:16.412570+00:00,0.0,0.0,0.0,0.0
2026-09-26T15:26:17.464173+00:00,0.0,0.0,0.0,0.0
2026-09-26T15:26:18.515930+00:00,0.0,0.0,0.0,0.0
2026-09-26T15:26:19.566272+00:00,0.0,0.0,0.0,0.0
2026-09-26T15:26:20.617355+00:00,0.0,0.0,0.0,0.0
2026-09-26T15:26:21.668554+00:00,0.0,0.0,0.0,0.0
2026-09-26T15:26:22.716723+00:00,0.0,0.0,0.0,0.0
2026-09-26T15:26:23.764857+00:00,0.0,0.0,0.0,0.0
2026-09-26T15:26:24.813382+00:00,0.0,0.0,0.0,0.0
2026-09-26T15:26:25.862983+00:00,0.0,0.0,0.0,0.0
2026-09-26T15:26:26.913590+00:00,0.0,0.0,0.0,0.0
2026-09-26T15:26:27.965731+00:00,0.0,0.0,0.0,0.0
2026-09-26T15:26:29.015461+00:00,0.0,0.0,0.0,0.0
2026-09-26T15:26:30.066248+00:00,0.0,0.0,0.0,0.0
2026-09-26T15:26:31.117786+00:00,0.0,0.0,0.0,0.0
2026-09-26T15:26:32.165355+00:00,0.0,0.0,0.0,0.0
2026-09-26T15:26:33.215879+00:00,0.0,0.0,0.0,0.0
2026-09-26T15:26:34.266753+00:00,0.0,0.0,0.0,0.0
2026-09-26T15:26:35.317611+00:00,0.0,0.0,0.0,0.0
2026-09-26T15:26:36.369920+00:00,0.0,0.0,0.0,0.0
2026-09-26T15:26:37.420204+00:00,0.0,0.0,0.0,0.0
2026-09-26T15:26:38.474522+00:00,0.0,0.0,0.0,0.0
2026-09-26T15:26:39.526014+00:00,0.0,0.0,0.0,0.0
2026-09-26T15:26:40.578400+00:00,0.0,0.0,0.0,0.0
2026-09-26T15:26:41.627179+00:00,0.0,0.0,0.0,0.0
2026-09-26T15:26:42.675638+00:00,0.0,0.0,0.0,0.0
2026-09-26T15:26:43.724368+00:00,0.0,0.0,0.0,0.0
2026-09-26T15:26:44.775360+00:00,0.0,0.0,0.0,0.0
2026-09-26T15:26:45.827328+00:00,0.0,0.0,0.0,0.0
2026-09-26T15:26:46.878099+00:00,0.0,0.0,0.0,0.0
2026-09-26T15:26:47.928676+00:00,0.0,0.0,0.0,0.0
2026-09-26T15:26:48.980256+00:00,0.0,0.0,0.0,0.0
2026-09-26T15:26:50.030885+00:00,0.0,0.0,0.0,0.0
2026-09-26T15:26:51.079151+00:00,0.0,0.0,0.0,0.0
2026-09-26T15:26:52.128727+00:00,0.0,0.0,0.0,0.0
2026-09-26T15:26:53.176934+00:00,0.0,0.0,0.0,0.0
2026-09-26T15:26:54.227482+00:00,0.0,0.0,0.0,0.0
2026-09-26T15:26:55.278336+00:00,0.0,0.0,0.0,0.0
2026-09-26T15:26:56.329634+00:00,0.0,0.0,0.0,0.0
2026-09-26T15:26:57.381475+00:00,0.0,0.0,0.0,0.0
2026-09-26T15:26:58.431350+00:00,0.0,0.0,0.0,0.0
2026-09-26T15:26:59.482331+00:00,0.0,0.0,0.0,0.0
2026-09-26T15:27:00.531562+00:00,0.0,0.0,0.0,0.0
2026-09-26T15:27:01.580031+00:00,0.0,0.0,0.0,0.0
2026-09-26T15:27:02.630658+00:00,0.0,0.0,0.0,0.0
2026-09-26T15:27:03.681006+00:00,0.0,0.0,0.0,0.0
2026-09-26T15:27:04.731371+00:00,0.0,0.0,0.0,0.0
2026-09-26T15:27:05.780599+00:00,0.0,0.0,0.0,0.0
2026-09-26T15:27:06.832633+00:00,0.0,0.0,0.0,0.0
2026-09-26T15:27:07.885325+00:00,0.0,0.0,0.0,0.0
2026-09-26T15:27:08.934964+00:00,0.0,0.0,0.0,0.0
2026-09-26T15:27:09.983486+00:00,0.0,0.0,0.0,0.0
2026-09-26T15:27:11.030677+00:00,0.0,0.0,0.0,0.0
2026-09-26T15:27:12.082457+00:00,0.0,0.0,0.0,0.0
2026-09-26T15:27:13.133906+00:00,0.0,0.0,0.0,0.0
2026-09-26T15:27:14.184964+00:00,0.0,0.0,0.0,0.0
2026-09-26T15:27:15.236916+00:00,0.0,0.0,0.0,0.0
2026-09-26T15:27:16.289688+00:00,0.0,0.0,0.0,0.0
2026-09-26T15:27:17.340098+00:00,0.0,0.0,0.0,0.0
2026-09-26T15:27:18.390094+00:00,0.0,0.0,0.0,0.0
2026-09-26T15:27:19.439242+00:00,0.0,0.0,0.0,0.0
2026-09-26T15:27:20.487100+00:00,0.0,0.0,0.0,0.0
2026-09-26T15:27:21.535866+00:00,0.0,0.0,0.0,0.0
2026-09-26T15:27:22.587030+00:00,0.0,0.0,0.0,0.0
2026-09-26T15:27:23.637296+00:00,0.0,0.0,0.0,0.0
2026-09-26T15:27:24.687904+00:00,0.0,0.0,0.0,0.0
2026-09-26T15:27:25.739294+00:00,0.0,0.0,0.0,0.0
2026-09-26T15:27:26.790394+00:00,0.0,0.0,0.0,0.0
2026-09-26T15:27:27.841113+00:00,0.0,0.0,0.0,0.0
2026-09-26T15:27:28.890561+00:00,0.0,0.0,0.0,0.0
2026-09-26T15:27:29.938495+00:00,0.0,0.0,0.0,0.0
2026-09-26T15:27:30.989975+00:00,0.0,0.0,0.0,0.0
2026-09-26T15:27:32.040037+00:00,0.0,0.0,0.0,0.0
2026-09-26T15:27:33.090874+00:00,0.0,0.0,0.0,0.0
2026-09-26T15:27:34.139076+00:00,0.0,0.0,0.0,0.0
2026-09-26T15:27:35.190322+00:00,0.0,0.0,0.0,0.0
2026-09-26T15:27:36.241093+00:00,0.0,0.0,0.0,0.0
2026-09-26T15:27:37.291663+00:00,0.0,0.0,0.0,0.0
2026-09-26T15:27:38.339097+00:00,0.0,0.0,0.0,0.0
2026-09-26T15:27:39.386900+00:00,0.0,0.0,0.0,0.0
2026-09-26T15:27:40.438330+00:00,0.0,0.0,0.0,0.0
2026-09-26T15:27:41.488191+00:00,0.0,0.0,0.0,0.0
2026-09-26T15:27:42.539077+00:00,0.0,0.0,0.0,0.0
2026-09-26T15:27:43.590324+00:00,0.0,0.0,0.0,0.0
2026-09-26T15:27:44.639980+00:00,0.0,0.0,0.0,0.0
2026-09-26T15:27:45.690570+00:00,0.0,0.0,0.0,0.0
2026-09-26T15:27:46.742356+00:00,0.0,0.0,0.0,0.0
2026-09-26T15:27:47.789878+00:00,0.0,0.0,0.0,0.0
2026-09-26T15:27:48.840717+00:00,0.0,0.0,0.0,0.0
2026-09-26T15:27:49.892556+00:00,0.0,0.0,0.0,0.0
2026-09-26T15:27:50.943122+00:00,0.0,0.0,0.0,0.0
2026-09-26T15:27:51.994161+00:00,0.0,0.0,0.0,0.0
2026-09-26T15:27:53.045337+00:00,0.0,0.0,0.0,0.0
2026-09-26T15:27:54.095167+00:00,0.0,0.0,0.0,0.0
2026-09-26T15:27:55.146086+00:00,0.0,0.0,0.0,0.0
2026-09-26T15:27:56.197531+00:00,0.0,0.0,0.0,0.0
2026-09-26T15:27:57.245969+00:00,0.0,0.0,0.0,0.0
2026-09-26T15:27:58.295424+00:00,0.0,0.0,0.0,0.0
2026-09-26T15:27:59.345502+00:00,0.0,0.0,0.0,0.0
2026-09-26T15:28:00.396839+00:00,0.0,0.0,0.0,0.0
2026-09-26T15:28:01.447282+00:00,0.0,0.0,0.0,0.0
2026-09-26T15:28:02.498418+00:00,0.0,0.0,0.0,0.0
2026-09-26T15:28:03.548693+00:00,0.0,0.0,0.0,0.0
2026-09-26T15:28:04.601155+00:00,0.0,0.0,0.0,0.0
2026-09-26T15:28:05.651261+00:00,0.0,0.0,0.0,0.0
2026-09-26T15:28:06.699666+00:00,0.0,0.0,0.0,0.0
2026-09-26T15:28:07.747470+00:00,0.0,0.0,0.0,0.0
2026-09-26T15:28:08.799427+00:00,0.0,0.0,0.0,0.0
2026-09-26T15:28:09.850100+00:00,0.0,0.0,0.0,0.0
2026-09-26T15:28:10.899804+00:00,0.0,0.0,0.0,0.0
2026-09-26T15:28:11.950297+00:00,0.0,0.0,0.0,0.0
2026-09-26T15:28:13.000332+00:00,0.0,0.0,0.0,0.0
2026-09-26T15:28:14.050605+00:00,0.0,0.0,0.0,0.0
2026-09-26T15:28:15.102553+00:00,0.0,0.0,0.0,0.0
2026-09-26T15:28:16.152064+00:00,0.0,0.0,0.0,0.0
2026-09-26T15:28:17.201185+00:00,0.0,0.0,0.0,0.0
2026-09-26T15:28:18.250530+00:00,0.0,0.0,0.0,0.0
2026-09-26T15:28:19.301076+00:00,0.0,0.0,0.0,0.0
2026-09-26T15:28:20.350638+00:00,0.0,0.0,0.0,0.0
2026-09-26T15:28:21.400918+00:00,0.0,0.0,0.0,0.0
2026-09-26T15:28:22.451891+00:00,0.0,0.0,0.0,0.0
2026-09-26T15:28:23.501656+00:00,0.0,0.0,0.0,0.0
2026-09-26T15:28:24.553175+00:00,0.0,0.0,0.0,0.0
2026-09-26T15:28:25.602633+00:00,0.0,0.0,0.0,0.0
2026-09-26T15:28:26.652038+00:00,0.0,0.0,0.0,0.0
2026-09-26T15:28:27.703797+00:00,0.0,0.0,0.0,0.0
2026-09-26T15:28:28.754844+00:00,0.0,0.0,0.0,0.0
2026-09-26T15:28:29.804790+00:00,0.0,0.0,0.0,0.0
2026-09-26T15:28:30.857103+00:00,0.0,0.0,0.0,0.0
2026-09-26T15:28:31.906628+00:00,0.0,0.0,0.0,0.0
2026-09-26T15:28:32.957370+00:00,0.0,0.0,0.0,0.0
2026-09-26T15:28:34.007470+00:00,0.0,0.0,0.0,0.0
2026-09-26T15:28:35.055376+00:00,0.0,0.0,0.0,0.0
2026-09-26T15:28:36.103719+00:00,0.0,0.0,0.0,0.0
2026-09-26T15:28:37.154802+00:00,0.0,0.0,0.0,0.0
2026-09-26T15:28:38.206554+00:00,0.0,0.0,0.0,0.0
2026-09-26T15:28:39.256300+00:00,0.0,0.0,0.0,0.0
2026-09-26T15:28:40.307374+00:00,0.0,0.0,0.0,0.0
2026-09-26T15:28:41.358866+00:00,0.0,0.0,0.0,0.0
2026-09-26T15:28:42.409083+00:00,0.0,0.0,0.0,0.0
2026-09-26T15:28:43.461489+00:00,0.0,0.0,0.0,0.0
2026-09-26T15:28:44.507916+00:00,0.0,0.0,0.0,0.0
2026-09-26T15:28:45.556320+00:00,0.0,0.0,0.0,0.0
2026-09-26T15:28:46.618822+00:00,0.0,0.0,0.0,0.0
2026-09-26T15:28:47.669322+00:00,0.0,0.0,0.0,0.0
2026-09-26T15:28:48.721409+00:00,0.0,0.0,0.0,0.0
2026-09-26T15:28:49.773927+00:00,0.0,0.0,0.0,0.0
2026-09-26T15:28:50.825916+00:00,0.0,0.0,0.0,0.0
2026-09-26T15:28:51.875994+00:00,0.0,0.0,0.0,0.0
2026-09-26T15:28:52.927642+00:00,0.0,0.0,0.0,0.0
2026-09-26T15:28:53.977020+00:00,0.0,0.0,0.0,0.0
2026-09-26T15:28:55.025674+00:00,0.0,0.0,0.0,0.0
2026-09-26T15:28:56.074805+00:00,0.0,0.0,0.0,0.0
2026-09-26T15:28:57.126000+00:00,0.0,0.0,0.0,0.0
2026-09-26T15:28:58.177946+00:00,0.0,0.0,0.0,0.0
2026-09-26T15:28:59.231128+00:00,0.0,0.0,0.0,0.0
2026-09-26T15:29:00.281078+00:00,0.0,0.0,0.0,0.0
2026-09-26T15:29:01.332074+00:00,0.0,0.0,0.0,0.0
2026-09-26T15:29:02.383725+00:00,0.0,0.0,0.0,0.0
2026-09-26T15:29:03.431437+00:00,0.0,0.0,0.0,0.0
2026-09-26T15:29:04.481040+00:00,0.0,0.0,0.0,0.0
2026-09-26T15:29:05.528919+00:00,0.0,0.0,0.0,0.0
2026-09-26T15:29:06.579518+00:00,0.0,0.0,0.0,0.0
2026-09-26T15:29:07.630441+00:00,0.0,0.0,0.0,0.0
2026-09-26T15:29:08.682066+00:00,0.0,0.0,0.0,0.0
2026-09-26T15:29:09.733652+00:00,0.0,0.0,0.0,0.0
2026-09-26T15:29:10.785610+00:00,0.0,0.0,0.0,0.0
2026-09-26T15:29:11.835944+00:00,0.0,0.0,0.0,0.0
2026-09-26T15:29:12.879712+00:00,0.0,0.0,0.0,0.0
2026-09-26T15:29:13.928500+00:00,0.0,0.0,0.0,0.0
2026-09-26T15:29:14.976124+00:00,0.0,0.0,0.0,0.0
2026-09-26T15:29:16.027601+00:00,0.0,0.0,0.0,0.0
2026-09-26T15:29:17.077553+00:00,0.0,0.0,0.0,0.0
2026-09-26T15:29:18.129025+00:00,0.0,0.0,0.0,0.0
2026-09-26T15:29:19.180154+00:00,0.0,0.0,0.0,0.0
2026-09-26T15:29:20.230352+00:00,0.0,0.0,0.0,0.0
2026-09-26T15:29:21.282157+00:00,0.0,0.0,0.0,0.0
2026-09-26T15:29:22.333355+00:00,0.0,0.0,0.0,0.0
2026-09-26T15:29:23.382319+00:00,0.0,0.0,0.0,0.0
2026-09-26T15:29:24.431321+00:00,0.0,0.0,0.0,0.0
2026-09-26T15:29:25.482425+00:00,0.0,0.0,0.0,0.0
2026-09-26T15:29:26.533206+00:00,0.0,0.0,0.0,0.0
2026-09-26T15:29:27.588169+00:00,0.0,0.0,0.0,0.0
2026-09-26T15:29:28.642295+00:00,0.0,0.0,0.0,0.0
2026-09-26T15:29:29.692570+00:00,0.0,0.0,0.0,0.0
2026-09-26T15:29:30.744405+00:00,0.0,0.0,0.0,0.0
2026-09-26T15:29:31.794060+00:00,0.0,0.0,0.0,0.0
2026-09-26T15:29:32.842688+00:00,0.0,0.0,0.0,0.0
2026-09-26T15:29:33.891721+00:00,0.0,0.0,0.0,0.0
2026-09-26T15:29:34.942990+00:00,0.0,0.0,0.0,0.0
2026-09-26T15:29:35.992339+00:00,0.0,0.0,0.0,0.0
2026-09-26T15:29:37.043419+00:00,0.0,0.0,0.0,0.0
2026-09-26T15:29:38.095212+00:00,0.0,0.0,0.0,0.0
2026-09-26T15:29:39.144045+00:00,0.0,0.0,0.0,0.0
2026-09-26T15:29:40.195572+00:00,0.0,0.0,0.0,0.0
2026-09-26T15:29:41.245322+00:00,0.0,0.0,0.0,0.0
2026-09-26T15:29:42.293871+00:00,0.0,0.0,0.0,0.0
2026-09-26T15:29:43.341867+00:00,0.0,0.0,0.0,0.0
2026-09-26T15:29:44.393369+00:00,0.0,0.0,0.0,0.0
2026-09-26T15:29:45.443676+00:00,0.0,0.0,0.0,0.0
2026-09-26T15:29:46.502067+00:00,0.0,0.0,0.0,0.0
2026-09-26T15:29:47.553047+00:00,0.0,0.0,0.0,0.0
2026-09-26T15:29:48.603418+00:00,0.0,0.0,0.0,0.0
2026-09-26T15:29:49.655027+00:00,0.0,0.0,0.0,0.0
2026-09-26T15:29:50.704667+00:00,0.0,0.0,0.0,0.0
2026-09-26T15:29:51.753757+00:00,0.0,0.0,0.0,0.0
2026-09-26T15:29:52.801728+00:00,0.0,0.0,0.0,0.0
2026-09-26T15:29:53.850862+00:00,0.0,0.0,0.0,0.0
2026-09-26T15:29:54.901048+00:00,0.0,0.0,0.0,0.0
2026-09-26T15:29:55.956117+00:00,0.0,0.0,0.0,0.0
2026-09-26T15:29:57.005706+00:00,0.0,0.0,0.0,0.0
2026-09-26T15:29:58.055225+00:00,0.0,0.0,0.0,0.0
2026-09-26T15:29:59.105171+00:00,0.0,0.0,0.0,0.0
2026-09-26T15:30:00.155826+00:00,0.0,0.0,0.0,0.0
2026-09-26T15:30:01.204411+00:00,0.0,0.0,0.0,0.0
2026-09-26T15:30:02.253600+00:00,0.0,0.0,0.0,0.0
2026-09-26T15:30:03.303356+00:00,0.0,0.0,0.0,0.0
2026-09-26T15:30:04.358482+00:00,0.0,0.0,0.0,0.0
2026-09-26T15:30:05.409671+00:00,0.0,0.0,0.0,0.0
2026-09-26T15:30:06.459146+00:00,0.0,0.0,0.0,0.0
2026-09-26T15:30:07.512964+00:00,0.0,0.0,0.0,0.0
2026-09-26T15:30:08.563436+00:00,0.0,0.0,0.0,0.0
2026-09-26T15:30:09.614718+00:00,0.0,0.0,0.0,0.0
2026-09-26T15:30:10.662469+00:00,0.0,0.0,0.0,0.0
2026-09-26T15:30:11.711904+00:00,0.0,0.0,0.0,0.0
2026-09-26T15:30:12.760952+00:00,0.0,0.0,0.0,0.0
2026-09-26T15:30:13.812408+00:00,0.0,0.0,0.0,0.0
2026-09-26T15:30:14.863355+00:00,0.0,0.0,0.0,0.0
2026-09-26T15:30:15.914691+00:00,0.0,0.0,0.0,0.0
2026-09-26T15:30:16.965574+00:00,0.0,0.0,0.0,0.0
2026-09-26T15:30:18.015938+00:00,0.0,0.0,0.0,0.0
2026-09-26T15:30:19.066482+00:00,0.0,0.0,0.0,0.0
2026-09-26T15:30:20.116747+00:00,0.0,0.0,0.0,0.0
2026-09-26T15:30:21.164493+00:00,0.0,0.0,0.0,0.0
2026-09-26T15:30:22.211509+00:00,0.0,0.0,0.0,0.0
2026-09-26T15:30:23.263560+00:00,0.0,0.0,0.0,0.0
2026-09-26T15:30:24.317150+00:00,0.0,0.0,0.0,0.0
2026-09-26T15:30:25.366146+00:00,0.0,0.0,0.0,0.0
2026-09-26T15:30:26.416898+00:00,0.0,0.0,0.0,0.0
2026-09-26T15:30:27.467262+00:00,0.0,0.0,0.0,0.0
2026-09-26T15:30:28.517391+00:00,0.0,0.0,0.0,0.0
2026-09-26T15:30:29.568172+00:00,0.0,0.0,0.0,0.0
2026-09-26T15:30:30.616971+00:00,0.0,0.0,0.0,0.0
2026-09-26T15:30:31.665746+00:00,0.0,0.0,0.0,0.0
2026-09-26T15:30:32.713269+00:00,0.0,0.0,0.0,0.0
2026-09-26T15:30:33.765214+00:00,0.0,0.0,0.0,0.0
2026-09-26T15:30:34.815774+00:00,0.0,0.0,0.0,0.0
2026-09-26T15:30:35.866857+00:00,0.0,0.0,0.0,0.0
2026-09-26T15:30:36.918445+00:00,0.0,0.0,0.0,0.0
2026-09-26T15:30:37.969893+00:00,0.0,0.0,0.0,0.0
2026-09-26T15:30:39.020136+00:00,0.0,0.0,0.0,0.0
2026-09-26T15:30:40.068549+00:00,0.0,0.0,0.0,0.0
2026-09-26T15:30:41.116383+00:00,0.0,0.0,0.0,0.0
2026-09-26T15:30:42.165713+00:00,0.0,0.0,0.0,0.0
2026-09-26T15:30:43.215443+00:00,0.0,0.0,0.0,0.0
2026-09-26T15:30:44.267055+00:00,0.0,0.0,0.0,0.0
2026-09-26T15:30:45.317358+00:00,0.0,0.0,0.0,0.0
2026-09-26T15:30:46.369676+00:00,0.0,0.0,0.0,0.0
2026-09-26T15:30:47.421345+00:00,0.0,0.0,0.0,0.0
2026-09-26T15:30:48.472229+00:00,0.0,0.0,0.0,0.0
2026-09-26T15:30:49.522949+00:00,0.0,0.0,0.0,0.0
2026-09-26T15:30:50.572079+00:00,0.0,0.0,0.0,0.0
2026-09-26T15:30:51.619303+00:00,0.0,0.0,0.0,0.0
2026-09-26T15:30:52.670852+00:00,0.0,0.0,0.0,0.0
2026-09-26T15:30:53.721174+00:00,0.0,0.0,0.0,0.0
2026-09-26T15:30:54.771884+00:00,0.0,0.0,0.0,0.0
2026-09-26T15:30:55.823634+00:00,0.0,0.0,0.0,0.0
2026-09-26T15:30:56.873738+00:00,0.0,0.0,0.0,0.0
2026-09-26T15:30:57.924204+00:00,0.0,0.0,0.0,0.0
2026-09-26T15:30:58.976802+00:00,0.0,0.0,0.0,0.0
2026-09-26T15:31:00.024401+00:00,0.0,0.0,0.0,0.0
2026-09-26T15:31:01.073633+00:00,0.0,0.0,0.0,0.0
2026-09-26T15:31:02.121870+00:00,0.0,0.0,0.0,0.0
2026-09-26T15:31:03.173878+00:00,0.0,0.0,0.0,0.0
2026-09-26T15:31:04.224393+00:00,0.0,0.0,0.0,0.0
2026-09-26T15:31:05.269683+00:00,0.0,0.0,0.0,0.0
2026-09-26T15:31:06.320099+00:00,0.0,0.0,0.0,0.0
2026-09-26T15:31:07.373332+00:00,0.0,0.0,0.0,0.0
2026-09-26T15:31:08.425470+00:00,0.0,0.0,0.0,0.0
2026-09-26T15:31:09.475493+00:00,0.0,0.0,0.0,0.0
2026-09-26T15:31:10.524175+00:00,0.0,0.0,0.0,0.0
2026-09-26T15:31:11.573784+00:00,0.0,0.0,0.0,0.0
2026-09-26T15:31:12.624036+00:00,0.0,0.0,0.0,0.0
2026-09-26T15:31:13.675324+00:00,0.0,0.0,0.0,0.0
2026-09-26T15:31:14.726772+00:00,0.0,0.0,0.0,0.0
2026-09-26T15:31:15.777850+00:00,0.0,0.0,0.0,0.0
2026-09-26T15:31:16.828014+00:00,0.0,0.0,0.0,0.0
2026-09-26T15:31:17.879289+00:00,0.0,0.0,0.0,0.0
2026-09-26T15:31:18.929362+00:00,0.0,0.0,0.0,0.0
2026-09-26T15:31:19.979231+00:00,0.0,0.0,0.0,0.0
2026-09-26T15:31:21.029836+00:00,0.0,0.0,0.0,0.0
2026-09-26T15:31:22.080044+00:00,0.0,0.0,0.0,0.0
2026-09-26T15:31:23.130923+00:00,0.0,0.0,0.0,0.0
2026-09-26T15:31:24.180619+00:00,0.0,0.0,0.0,0.0
2026-09-26T15:31:25.232004+00:00,0.0,0.0,0.0,0.0
2026-09-26T15:31:26.283038+00:00,0.0,0.0,0.0,0.0
2026-09-26T15:31:27.333330+00:00,0.0,0.0,0.0,0.0
2026-09-26T15:31:28.384304+00:00,0.0,0.0,0.0,0.0
2026-09-26T15:31:29.433628+00:00,0.0,0.0,0.0,0.0
2026-09-26T15:31:30.480931+00:00,0.0,0.0,0.0,0.0
2026-09-26T15:31:31.528449+00:00,0.0,0.0,0.0,0.0
2026-09-26T15:31:32.579920+00:00,0.0,0.0,0.0,0.0
2026-09-26T15:31:33.632553+00:00,0.0,0.0,0.0,0.0
2026-09-26T15:31:34.681503+00:00,0.0,0.0,0.0,0.0
2026-09-26T15:31:35.733110+00:00,0.0,0.0,0.0,0.0
2026-09-26T15:31:36.784979+00:00,0.0,0.0,0.0,0.0
2026-09-26T15:31:37.836018+00:00,0.0,0.0,0.0,0.0
2026-09-26T15:31:38.886574+00:00,0.0,0.0,0.0,0.0
2026-09-26T15:31:39.935718+00:00,0.0,0.0,0.0,0.0
2026-09-26T15:31:40.984337+00:00,0.0,0.0,0.0,0.0
2026-09-26T15:31:42.035609+00:00,0.0,0.0,0.0,0.0
2026-09-26T15:31:43.086321+00:00,0.0,0.0,0.0,0.0
2026-09-26T15:31:44.137338+00:00,0.0,0.0,0.0,0.0
2026-09-26T15:31:45.189375+00:00,0.0,0.0,0.0,0.0
2026-09-26T15:31:46.240189+00:00,0.0,0.0,0.0,0.0
2026-09-26T15:31:47.290142+00:00,0.0,0.0,0.0,0.0
2026-09-26T15:31:48.343259+00:00,0.0,0.0,0.0,0.0
2026-09-26T15:31:49.390837+00:00,0.0,0.0,0.0,0.0
2026-09-26T15:31:50.440252+00:00,0.0,0.0,0.0,0.0
2026-09-26T15:31:51.488138+00:00,0.0,0.0,0.0,0.0
2026-09-26T15:31:52.539685+00:00,0.0,0.0,0.0,0.0
2026-09-26T15:31:53.590476+00:00,0.0,0.0,0.0,0.0
2026-09-26T15:31:54.641370+00:00,0.0,0.0,0.0,0.0
2026-09-26T15:31:55.693332+00:00,0.0,0.0,0.0,0.0
2026-09-26T15:31:56.745412+00:00,0.0,0.0,0.0,0.0
2026-09-26T15:31:57.796953+00:00,0.0,0.0,0.0,0.0
2026-09-26T15:31:58.845670+00:00,0.0,0.0,0.0,0.0
2026-09-26T15:31:59.893951+00:00,0.0,0.0,0.0,0.0
2026-09-26T15:32:00.942684+00:00,0.0,0.0,0.0,0.0
2026-09-26T15:32:01.994268+00:00,0.0,0.0,0.0,0.0
2026-09-26T15:32:03.044161+00:00,0.0,0.0,0.0,0.0
2026-09-26T15:32:04.096318+00:00,0.0,0.0,0.0,0.0
2026-09-26T15:32:05.147026+00:00,0.0,0.0,0.0,0.0
2026-09-26T15:32:06.197739+00:00,0.0,0.0,0.0,0.0
2026-09-26T15:32:07.248681+00:00,0.0,0.0,0.0,0.0
2026-09-26T15:32:08.299313+00:00,0.0,0.0,0.0,0.0
2026-09-26T15:32:09.348331+00:00,0.0,0.0,0.0,0.0
2026-09-26T15:32:10.396990+00:00,0.0,0.0,0.0,0.0
2026-09-26T15:32:11.446881+00:00,0.0,0.0,0.0,0.0
2026-09-26T15:32:12.497557+00:00,0.0,0.0,0.0,0.0
2026-09-26T15:32:13.548813+00:00,0.0,0.0,0.0,0.0
2026-09-26T15:32:14.599492+00:00,0.0,0.0,0.0,0.0
2026-09-26T15:32:15.652714+00:00,0.0,0.0,0.0,0.0
2026-09-26T15:32:16.703003+00:00,0.0,0.0,0.0,0.0
2026-09-26T15:32:17.753012+00:00,0.0,0.0,0.0,0.0
2026-09-26T15:32:18.802148+00:00,0.0,0.0,0.0,0.0
2026-09-26T15:32:19.850340+00:00,0.0,0.0,0.0,0.0
2026-09-26T15:32:20.901444+00:00,0.0,0.0,0.0,0.0
2026-09-26T15:32:21.951534+00:00,0.0,0.0,0.0,0.0
2026-09-26T15:32:23.002840+00:00,0.0,0.0,0.0,0.0
2026-09-26T15:32:24.054275+00:00,0.0,0.0,0.0,0.0
2026-09-26T15:32:25.104402+00:00,0.0,0.0,0.0,0.0
2026-09-26T15:32:26.156110+00:00,0.0,0.0,0.0,0.0
2026-09-26T15:32:27.207279+00:00,0.0,0.0,0.0,0.0
2026-09-26T15:32:28.257712+00:00,0.0,0.0,0.0,0.0
2026-09-26T15:32:29.305960+00:00,0.0,0.0,0.0,0.0
2026-09-26T15:32:30.353689+00:00,0.0,0.0,0.0,0.0
2026-09-26T15:32:31.402956+00:00,0.0,0.0,0.0,0.0
2026-09-26T15:32:32.453626+00:00,0.0,0.0,0.0,0.0
2026-09-26T15:32:33.505207+00:00,0.0,0.0,0.0,0.0
2026-09-26T15:32:34.556238+00:00,0.0,0.0,0.0,0.0
2026-09-26T15:32:35.606437+00:00,0.0,0.0,0.0,0.0
2026-09-26T15:32:36.657818+00:00,0.0,0.0,0.0,0.0
2026-09-26T15:32:37.709880+00:00,0.0,0.0,0.0,0.0
2026-09-26T15:32:38.757683+00:00,0.0,0.0,0.0,0.0
2026-09-26T15:32:39.807098+00:00,0.0,0.0,0.0,0.0
2026-09-26T15:32:40.855613+00:00,0.0,0.0,0.0,0.0
2026-09-26T15:32:41.907029+00:00,0.0,0.0,0.0,0.0
2026-09-26T15:32:42.957021+00:00,0.0,0.0,0.0,0.0
2026-09-26T15:32:44.010758+00:00,0.0,0.0,0.0,0.0
2026-09-26T15:32:45.061719+00:00,0.0,0.0,0.0,0.0
2026-09-26T15:32:46.113462+00:00,0.0,0.0,0.0,0.0
2026-09-26T15:32:47.163462+00:00,0.0,0.0,0.0,0.0
2026-09-26T15:32:48.214376+00:00,0.0,0.0,0.0,0.0
2026-09-26T15:32:49.263867+00:00,0.0,0.0,0.0,0.0
2026-09-26T15:32:50.312085+00:00,0.0,0.0,0.0,0.0
2026-09-26T15:32:51.366292+00:00,0.0,0.0,0.0,0.0
2026-09-26T15:32:52.417947+00:00,0.0,0.0,0.0,0.0
2026-09-26T15:32:53.468404+00:00,0.0,0.0,0.0,0.0
2026-09-26T15:32:54.519645+00:00,0.0,0.0,0.0,0.0
2026-09-26T15:32:55.571449+00:00,0.0,0.0,0.0,0.0
2026-09-26T15:32:56.621650+00:00,0.0,0.0,0.0,0.0
2026-09-26T15:32:57.672454+00:00,0.0,0.0,0.0,0.0
2026-09-26T15:32:58.719434+00:00,0.0,0.0,0.0,0.0
2026-09-26T15:32:59.768360+00:00,0.0,0.0,0.0,0.0
2026-09-26T15:33:00.815722+00:00,0.0,0.0,0.0,0.0
2026-09-26T15:33:01.867391+00:00,0.0,0.0,0.0,0.0
2026-09-26T15:33:02.917136+00:00,0.0,0.0,0.0,0.0
2026-09-26T15:33:03.967845+00:00,0.0,0.0,0.0,0.0
2026-09-26T15:33:05.019752+00:00,0.0,0.0,0.0,0.0
2026-09-26T15:33:06.071875+00:00,0.0,0.0,0.0,0.0
2026-09-26T15:33:07.122643+00:00,0.0,0.0,0.0,0.0
2026-09-26T15:33:08.175600+00:00,0.0,0.0,0.0,0.0
2026-09-26T15:33:09.226265+00:00,0.0,0.0,0.0,0.0
2026-09-26T15:33:10.274461+00:00,0.0,0.0,0.0,0.0
2026-09-26T15:33:11.323748+00:00,0.0,0.0,0.0,0.0
2026-09-26T15:33:12.375911+00:00,0.0,0.0,0.0,0.0
2026-09-26T15:33:13.427132+00:00,0.0,0.0,0.0,0.0
2026-09-26T15:33:14.478941+00:00,0.0,0.0,0.0,0.0
2026-09-26T15:33:15.529411+00:00,0.0,0.0,0.0,0.0
2026-09-26T15:33:16.612875+00:00,0.0,0.0,0.0,0.0
2026-09-26T15:33:17.663978+00:00,0.0,0.0,0.0,0.0
2026-09-26T15:33:18.711767+00:00,0.0,0.0,0.0,0.0
2026-09-26T15:33:19.760731+00:00,0.0,0.0,0.0,0.0
2026-09-26T15:33:20.809232+00:00,0.0,0.0,0.0,0.0
2026-09-26T15:33:21.860596+00:00,0.0,0.0,0.0,0.0
2026-09-26T15:33:22.910519+00:00,0.0,0.0,0.0,0.0
2026-09-26T15:33:23.961324+00:00,0.0,0.0,0.0,0.0
2026-09-26T15:33:25.012828+00:00,0.0,0.0,0.0,0.0
2026-09-26T15:33:26.062185+00:00,0.0,0.0,0.0,0.0
2026-09-26T15:33:27.113112+00:00,0.0,0.0,0.0,0.0
2026-09-26T15:33:28.165049+00:00,0.0,0.0,0.0,0.0
2026-09-26T15:33:29.212477+00:00,0.0,0.0,0.0,0.0
2026-09-26T15:33:30.261609+00:00,0.0,0.0,0.0,0.0
2026-09-26T15:33:31.310831+00:00,0.0,0.0,0.0,0.0
2026-09-26T15:33:32.362950+00:00,0.0,0.0,0.0,0.0
2026-09-26T15:33:33.415295+00:00,0.0,0.0,0.0,0.0
2026-09-26T15:33:34.466157+00:00,0.0,0.0,0.0,0.0
2026-09-26T15:33:35.518637+00:00,0.0,0.0,0.0,0.0
2026-09-26T15:33:36.570512+00:00,0.0,0.0,0.0,0.0
2026-09-26T15:33:37.622255+00:00,0.0,0.0,0.0,0.0
2026-09-26T15:33:38.671891+00:00,0.0,0.0,0.0,0.0
2026-09-26T15:33:39.720329+00:00,0.0,0.0,0.0,0.0
2026-09-26T15:33:40.769076+00:00,0.0,0.0,0.0,0.0
2026-09-26T15:33:41.819262+00:00,0.0,0.0,0.0,0.0
2026-09-26T15:33:42.867980+00:00,0.0,0.0,0.0,0.0
2026-09-26T15:33:43.918028+00:00,0.0,0.0,0.0,0.0
2026-09-26T15:33:44.969027+00:00,0.0,0.0,0.0,0.0
2026-09-26T15:33:46.020205+00:00,0.0,0.0,0.0,0.0
2026-09-26T15:33:47.071698+00:00,0.0,0.0,0.0,0.0
2026-09-26T15:33:48.123787+00:00,0.0,0.0,0.0,0.0
2026-09-26T15:33:49.171552+00:00,0.0,0.0,0.0,0.0
2026-09-26T15:33:50.220772+00:00,0.0,0.0,0.0,0.0
2026-09-26T15:33:51.268508+00:00,0.0,0.0,0.0,0.0
2026-09-26T15:33:52.318915+00:00,0.0,0.0,0.0,0.0
2026-09-26T15:33:53.369555+00:00,0.0,0.0,0.0,0.0
2026-09-26T15:33:54.420299+00:00,0.0,0.0,0.0,0.0
2026-09-26T15:33:55.471058+00:00,0.0,0.0,0.0,0.0
2026-09-26T15:33:56.523172+00:00,0.0,0.0,0.0,0.0
2026-09-26T15:33:57.573382+00:00,0.0,0.0,0.0,0.0
2026-09-26T15:33:58.623678+00:00,0.0,0.0,0.0,0.0
2026-09-26T15:33:59.672504+00:00,0.0,0.0,0.0,0.0
2026-09-26T15:34:00.720325+00:00,0.0,0.0,0.0,0.0
2026-09-26T15:34:01.771915+00:00,0.0,0.0,0.0,0.0
2026-09-26T15:34:02.822397+00:00,0.0,0.0,0.0,0.0
2026-09-26T15:34:03.872986+00:00,0.0,0.0,0.0,0.0
2026-09-26T15:34:04.925289+00:00,0.0,0.0,0.0,0.0
2026-09-26T15:34:05.975836+00:00,0.0,0.0,0.0,0.0
2026-09-26T15:34:07.025734+00:00,0.0,0.0,0.0,0.0
2026-09-26T15:34:08.077792+00:00,0.0,0.0,0.0,0.0
2026-09-26T15:34:09.128151+00:00,0.0,0.0,0.0,0.0
2026-09-26T15:34:10.177897+00:00,0.0,0.0,0.0,0.0
2026-09-26T15:34:11.227180+00:00,0.0,0.0,0.0,0.0
2026-09-26T15:34:12.276440+00:00,0.0,0.0,0.0,0.0
2026-09-26T15:34:13.327698+00:00,0.0,0.0,0.0,0.0
2026-09-26T15:34:14.377485+00:00,0.0,0.0,0.0,0.0
2026-09-26T15:34:15.426959+00:00,0.0,0.0,0.0,0.0
2026-09-26T15:34:16.503623+00:00,0.0,0.0,0.0,0.0
2026-09-26T15:34:17.553933+00:00,0.0,0.0,0.0,0.0
2026-09-26T15:34:18.603493+00:00,0.0,0.0,0.0,0.0
2026-09-26T15:34:19.653048+00:00,0.0,0.0,0.0,0.0
2026-09-26T15:34:20.701464+00:00,0.0,0.0,0.0,0.0
2026-09-26T15:34:21.750405+00:00,0.0,0.0,0.0,0.0
2026-09-26T15:34:22.800969+00:00,0.0,0.0,0.0,0.0
2026-09-26T15:34:23.854661+00:00,0.0,0.0,0.0,0.0
2026-09-26T15:34:24.905029+00:00,0.0,0.0,0.0,0.0
2026-09-26T15:34:25.957220+00:00,0.0,0.0,0.0,0.0
2026-09-26T15:34:27.007505+00:00,0.0,0.0,0.0,0.0
2026-09-26T15:34:28.058472+00:00,0.0,0.0,0.0,0.0
2026-09-26T15:34:29.110631+00:00,0.0,0.0,0.0,0.0
2026-09-26T15:34:30.158836+00:00,0.0,0.0,0.0,0.0
2026-09-26T15:34:31.206971+00:00,0.0,0.0,0.0,0.0
2026-09-26T15:34:32.257869+00:00,0.0,0.0,0.0,0.0
2026-09-26T15:34:33.308709+00:00,0.0,0.0,0.0,0.0
2026-09-26T15:34:34.359710+00:00,0.0,0.0,0.0,0.0
2026-09-26T15:34:35.409872+00:00,0.0,0.0,0.0,0.0
2026-09-26T15:34:36.460988+00:00,0.0,0.0,0.0,0.0
2026-09-26T15:34:37.510424+00:00,0.0,0.0,0.0,0.0
2026-09-26T15:34:38.562879+00:00,0.0,0.0,0.0,0.0
2026-09-26T15:34:39.611373+00:00,0.0,0.0,0.0,0.0
2026-09-26T15:34:40.659165+00:00,0.0,0.0,0.0,0.0
2026-09-26T15:34:41.707872+00:00,0.0,0.0,0.0,0.0
2026-09-26T15:34:42.758750+00:00,0.0,0.0,0.0,0.0
2026-09-26T15:34:43.810221+00:00,0.0,0.0,0.0,0.0
2026-09-26T15:34:44.862326+00:00,0.0,0.0,0.0,0.0
2026-09-26T15:34:45.913450+00:00,0.0,0.0,0.0,0.0
2026-09-26T15:34:46.963957+00:00,0.0,0.0,0.0,0.0
2026-09-26T15:34:48.016270+00:00,0.0,0.0,0.0,0.0
2026-09-26T15:34:49.066491+00:00,0.0,0.0,0.0,0.0
2026-09-26T15:34:50.114736+00:00,0.0,0.0,0.0,0.0
2026-09-26T15:34:51.162804+00:00,0.0,0.0,0.0,0.0
2026-09-26T15:34:52.212381+00:00,0.0,0.0,0.0,0.0
2026-09-26T15:34:53.262266+00:00,0.0,0.0,0.0,0.0
2026-09-26T15:34:54.313880+00:00,0.0,0.0,0.0,0.0
2026-09-26T15:34:55.365456+00:00,0.0,0.0,0.0,0.0
2026-09-26T15:34:56.415749+00:00,0.0,0.0,0.0,0.0
2026-09-26T15:34:57.466481+00:00,0.0,0.0,0.0,0.0
2026-09-26T15:34:58.517357+00:00,0.0,0.0,0.0,0.0
2026-09-26T15:34:59.568736+00:00,0.0,0.0,0.0,0.0
2026-09-26T15:35:00.617556+00:00,0.0,0.0,0.0,0.0
2026-09-26T15:35:01.665149+00:00,0.0,0.0,0.0,0.0
2026-09-26T15:35:02.716758+00:00,0.0,0.0,0.0,0.0
2026-09-26T15:35:03.767080+00:00,0.0,0.0,0.0,0.0
2026-09-26T15:35:04.817745+00:00,0.0,0.0,0.0,0.0
2026-09-26T15:35:05.871042+00:00,0.0,0.0,0.0,0.0
2026-09-26T15:35:06.919870+00:00,0.0,0.0,0.0,0.0
2026-09-26T15:35:07.970444+00:00,0.0,0.0,0.0,0.0
2026-09-26T15:35:09.021624+00:00,0.0,0.0,0.0,0.0
2026-09-26T15:35:10.071697+00:00,0.0,0.0,0.0,0.0
2026-09-26T15:35:11.120736+00:00,0.0,0.0,0.0,0.0
2026-09-26T15:35:12.168509+00:00,0.0,0.0,0.0,0.0
2026-09-26T15:35:13.219138+00:00,0.0,0.0,0.0,0.0
2026-09-26T15:35:14.269181+00:00,0.0,0.0,0.0,0.0
2026-09-26T15:35:15.320143+00:00,0.0,0.0,0.0,0.0
2026-09-26T15:35:16.373969+00:00,0.0,0.0,0.0,0.0
2026-09-26T15:35:17.425876+00:00,0.0,0.0,0.0,0.0
2026-09-26T15:35:18.476212+00:00,0.0,0.0,0.0,0.0
2026-09-26T15:35:19.526684+00:00,0.0,0.0,0.0,0.0
2026-09-26T15:35:20.575369+00:00,0.0,0.0,0.0,0.0
2026-09-26T15:35:21.623588+00:00,0.0,0.0,0.0,0.0
2026-09-26T15:35:22.671749+00:00,0.0,0.0,0.0,0.0
2026-09-26T15:35:23.722791+00:00,0.0,0.0,0.0,0.0
2026-09-26T15:35:24.773737+00:00,0.0,0.0,0.0,0.0
2026-09-26T15:35:25.824450+00:00,0.0,0.0,0.0,0.0
2026-09-26T15:35:26.875886+00:00,0.0,0.0,0.0,0.0
2026-09-26T15:35:27.926499+00:00,0.0,0.0,0.0,0.0
2026-09-26T15:35:28.976486+00:00,0.0,0.0,0.0,0.0
2026-09-26T15:35:30.027997+00:00,0.0,0.0,0.0,0.0
2026-09-26T15:35:31.074817+00:00,0.0,0.0,0.0,0.0
2026-09-26T15:35:32.123993+00:00,0.0,0.0,0.0,0.0
2026-09-26T15:35:33.173050+00:00,0.0,0.0,0.0,0.0
2026-09-26T15:35:34.227107+00:00,0.0,0.0,0.0,0.0
2026-09-26T15:35:35.278821+00:00,0.0,0.0,0.0,0.0
2026-09-26T15:35:36.328327+00:00,0.0,0.0,0.0,0.0
2026-09-26T15:35:37.378497+00:00,0.0,0.0,0.0,0.0
2026-09-26T15:35:38.428290+00:00,0.0,0.0,0.0,0.0
2026-09-26T15:35:39.478163+00:00,0.0,0.0,0.0,0.0
2026-09-26T15:35:40.530088+00:00,0.0,0.0,0.0,0.0
2026-09-26T15:35:41.578607+00:00,0.0,0.0,0.0,0.0
2026-09-26T15:35:42.627487+00:00,0.0,0.0,0.0,0.0
2026-09-26T15:35:43.677400+00:00,0.0,0.0,0.0,0.0
2026-09-26T15:35:44.727905+00:00,0.0,0.0,0.0,0.0
2026-09-26T15:35:45.777032+00:00,0.0,0.0,0.0,0.0
2026-09-26T15:35:46.829123+00:00,0.0,0.0,0.0,0.0
2026-09-26T15:35:47.882424+00:00,0.0,0.0,0.0,0.0
2026-09-26T15:35:48.933267+00:00,0.0,0.0,0.0,0.0
2026-09-26T15:35:49.983299+00:00,0.0,0.0,0.0,0.0
2026-09-26T15:35:51.034676+00:00,0.0,0.0,0.0,0.0
2026-09-26T15:35:52.083648+00:00,0.0,0.0,0.0,0.0
2026-09-26T15:35:53.132491+00:00,0.0,0.0,0.0,0.0
2026-09-26T15:35:54.182793+00:00,0.0,0.0,0.0,0.0
2026-09-26T15:35:55.232449+00:00,0.0,0.0,0.0,0.0
2026-09-26T15:35:56.283382+00:00,0.0,0.0,0.0,0.0
2026-09-26T15:35:57.333253+00:00,0.0,0.0,0.0,0.0
2026-09-26T15:35:58.383678+00:00,0.0,0.0,0.0,0.0
2026-09-26T15:35:59.433672+00:00,0.0,0.0,0.0,0.0
2026-09-26T15:36:00.483884+00:00,0.0,0.0,0.0,0.0
2026-09-26T15:36:01.532902+00:00,0.0,0.0,0.0,0.0
2026-09-26T15:36:02.580443+00:00,0.0,0.0,0.0,0.0
2026-09-26T15:36:03.629261+00:00,0.0,0.0,0.0,0.0
2026-09-26T15:36:04.679141+00:00,0.0,0.0,0.0,0.0
2026-09-26T15:36:05.730091+00:00,0.0,0.0,0.0,0.0
2026-09-26T15:36:06.780526+00:00,0.0,0.0,0.0,0.0
2026-09-26T15:36:07.831719+00:00,0.0,0.0,0.0,0.0
2026-09-26T15:36:08.882792+00:00,0.0,0.0,0.0,0.0
2026-09-26T15:36:09.932929+00:00,0.0,0.0,0.0,0.0
2026-09-26T15:36:10.984157+00:00,0.0,0.0,0.0,0.0
2026-09-26T15:36:12.033508+00:00,0.0,0.0,0.0,0.0
2026-09-26T15:36:13.081857+00:00,0.0,0.0,0.0,0.0
2026-09-26T15:36:14.129942+00:00,0.0,0.0,0.0,0.0
2026-09-26T15:36:15.180363+00:00,0.0,0.0,0.0,0.0
2026-09-26T15:36:16.230018+00:00,0.0,0.0,0.0,0.0
2026-09-26T15:36:17.280773+00:00,0.0,0.0,0.0,0.0
2026-09-26T15:36:18.332545+00:00,0.0,0.0,0.0,0.0
2026-09-26T15:36:19.384038+00:00,0.0,0.0,0.0,0.0
2026-09-26T15:36:20.435071+00:00,0.0,0.0,0.0,0.0
2026-09-26T15:36:21.487530+00:00,0.0,0.0,0.0,0.0
2026-09-26T15:36:22.536952+00:00,0.0,0.0,0.0,0.0
2026-09-26T15:36:23.585267+00:00,0.0,0.0,0.0,0.0
2026-09-26T15:36:24.633182+00:00,0.0,0.0,0.0,0.0
2026-09-26T15:36:25.684605+00:00,0.0,0.0,0.0,0.0
2026-09-26T15:36:26.737402+00:00,0.0,0.0,0.0,0.0
2026-09-26T15:36:27.788350+00:00,0.0,0.0,0.0,0.0
2026-09-26T15:36:28.838849+00:00,0.0,0.0,0.0,0.0
2026-09-26T15:36:29.891887+00:00,0.0,0.0,0.0,0.0
2026-09-26T15:36:30.941997+00:00,0.0,0.0,0.0,0.0
2026-09-26T15:36:31.991639+00:00,0.0,0.0,0.0,0.0
2026-09-26T15:36:33.040278+00:00,0.0,0.0,0.0,0.0
2026-09-26T15:36:34.088120+00:00,0.0,0.0,0.0,0.0
2026-09-26T15:36:35.136952+00:00,0.0,0.0,0.0,0.0
2026-09-26T15:36:36.187311+00:00,0.0,0.0,0.0,0.0
2026-09-26T15:36:37.238541+00:00,0.0,0.0,0.0,0.0
2026-09-26T15:36:38.289682+00:00,0.0,0.0,0.0,0.0
2026-09-26T15:36:39.340291+00:00,0.0,0.0,0.0,0.0
2026-09-26T15:36:40.392683+00:00,0.0,0.0,0.0,0.0
2026-09-26T15:36:41.444335+00:00,0.0,0.0,0.0,0.0
2026-09-26T15:36:42.494256+00:00,0.0,0.0,0.0,0.0
2026-09-26T15:36:43.543364+00:00,0.0,0.0,0.0,0.0
2026-09-26T15:36:44.590638+00:00,0.0,0.0,0.0,0.0
2026-09-26T15:36:45.639545+00:00,0.0,0.0,0.0,0.0
2026-09-26T15:36:46.677342+00:00,0.0,0.0,0.0,0.0
2026-09-26T15:36:47.729563+00:00,0.0,0.0,0.0,0.0
2026-09-26T15:36:48.779970+00:00,0.0,0.0,0.0,0.0
2026-09-26T15:36:49.830882+00:00,0.0,0.0,0.0,0.0
2026-09-26T15:36:50.882882+00:00,0.0,0.0,0.0,0.0
2026-09-26T15:36:51.933685+00:00,0.0,0.0,0.0,0.0
2026-09-26T15:36:52.984261+00:00,0.0,0.0,0.0,0.0
2026-09-26T15:36:54.033258+00:00,0.0,0.0,0.0,0.0
2026-09-26T15:36:55.081167+00:00,0.0,0.0,0.0,0.0
2026-09-26T15:36:56.131550+00:00,0.0,0.0,0.0,0.0
2026-09-26T15:36:57.181813+00:00,0.0,0.0,0.0,0.0
2026-09-26T15:36:58.233862+00:00,0.0,0.0,0.0,0.0
2026-09-26T15:36:59.283878+00:00,0.0,0.0,0.0,0.0
2026-09-26T15:37:00.334630+00:00,0.0,0.0,0.0,0.0
2026-09-26T15:37:01.386462+00:00,0.0,0.0,0.0,0.0
2026-09-26T15:37:02.436198+00:00,0.0,0.0,0.0,0.0
2026-09-26T15:37:03.488947+00:00,0.0,0.0,0.0,0.0
2026-09-26T15:37:04.537463+00:00,0.0,0.0,0.0,0.0
2026-09-26T15:37:05.587151+00:00,0.0,0.0,0.0,0.0
2026-09-26T15:37:06.638031+00:00,0.0,0.0,0.0,0.0
2026-09-26T15:37:07.687596+00:00,0.0,0.0,0.0,0.0
2026-09-26T15:37:08.738391+00:00,0.0,0.0,0.0,0.0
2026-09-26T15:37:09.789198+00:00,0.0,0.0,0.0,0.0
2026-09-26T15:37:10.838351+00:00,0.0,0.0,0.0,0.0
2026-09-26T15:37:11.890226+00:00,0.0,0.0,0.0,0.0
2026-09-26T15:37:12.942617+00:00,0.0,0.0,0.0,0.0
2026-09-26T15:37:13.993151+00:00,0.0,0.0,0.0,0.0
2026-09-26T15:37:15.041929+00:00,0.0,0.0,0.0,0.0
2026-09-26T15:37:16.090122+00:00,0.0,0.0,0.0,0.0
2026-09-26T15:37:17.140718+00:00,0.0,0.0,0.0,0.0
2026-09-26T15:37:18.191711+00:00,0.0,0.0,0.0,0.0
2026-09-26T15:37:19.241245+00:00,0.0,0.0,0.0,0.0
2026-09-26T15:37:20.292646+00:00,0.0,0.0,0.0,0.0
2026-09-26T15:37:21.341658+00:00,0.0,0.0,0.0,0.0
2026-09-26T15:37:22.392265+00:00,0.0,0.0,0.0,0.0
2026-09-26T15:37:23.444143+00:00,0.0,0.0,0.0,0.0
2026-09-26T15:37:24.493196+00:00,0.0,0.0,0.0,0.0
2026-09-26T15:37:25.541705+00:00,0.0,0.0,0.0,0.0
2026-09-26T15:37:26.588217+00:00,0.0,0.0,0.0,0.0
2026-09-26T15:37:27.639239+00:00,0.0,0.0,0.0,0.0
2026-09-26T15:37:28.689614+00:00,0.0,0.0,0.0,0.0
2026-09-26T15:37:29.740659+00:00,0.0,0.0,0.0,0.0
2026-09-26T15:37:30.792703+00:00,0.0,0.0,0.0,0.0
2026-09-26T15:37:31.843031+00:00,0.0,0.0,0.0,0.0
2026-09-26T15:37:32.893651+00:00,0.0,0.0,0.0,0.0
2026-09-26T15:37:33.945248+00:00,0.0,0.0,0.0,0.0
2026-09-26T15:37:34.995530+00:00,0.0,0.0,0.0,0.0
2026-09-26T15:37:36.044514+00:00,0.0,0.0,0.0,0.0
2026-09-26T15:37:37.091709+00:00,0.0,0.0,0.0,0.0
2026-09-26T15:37:38.143157+00:00,0.0,0.0,0.0,0.0
2026-09-26T15:37:39.193099+00:00,0.0,0.0,0.0,0.0
2026-09-26T15:37:40.243755+00:00,0.0,0.0,0.0,0.0
2026-09-26T15:37:41.295478+00:00,0.0,0.0,0.0,0.0
2026-09-26T15:37:42.345171+00:00,0.0,0.0,0.0,0.0
2026-09-26T15:37:43.396214+00:00,0.0,0.0,0.0,0.0
2026-09-26T15:37:44.450631+00:00,0.0,0.0,0.0,0.0
2026-09-26T15:37:45.499802+00:00,0.0,0.0,0.0,0.0
2026-09-26T15:37:46.548017+00:00,0.0,0.0,0.0,0.0
2026-09-26T15:37:47.596477+00:00,0.0,0.0,0.0,0.0
2026-09-26T15:37:48.646866+00:00,0.0,0.0,0.0,0.0
2026-09-26T15:37:49.700631+00:00,0.0,0.0,0.0,0.0
2026-09-26T15:37:50.751185+00:00,0.0,0.0,0.0,0.0
2026-09-26T15:37:51.801774+00:00,0.0,0.0,0.0,0.0
2026-09-26T15:37:52.852482+00:00,0.0,0.0,0.0,0.0
2026-09-26T15:37:53.905776+00:00,0.0,0.0,0.0,0.0
2026-09-26T15:37:54.955217+00:00,0.0,0.0,0.0,0.0
2026-09-26T15:37:56.003323+00:00,0.0,0.0,0.0,0.0
2026-09-26T15:37:57.051974+00:00,0.0,0.0,0.0,0.0
2026-09-26T15:37:58.101065+00:00,0.0,0.0,0.0,0.0
2026-09-26T15:37:59.151538+00:00,0.0,0.0,0.0,0.0
2026-09-26T15:38:00.202751+00:00,0.0,0.0,0.0,0.0
2026-09-26T15:38:01.254529+00:00,0.0,0.0,0.0,0.0
2026-09-26T15:38:02.305341+00:00,0.0,0.0,0.0,0.0
2026-09-26T15:38:03.356110+00:00,0.0,0.0,0.0,0.0
2026-09-26T15:38:04.409808+00:00,0.0,0.0,0.0,0.0
2026-09-26T15:38:05.460537+00:00,0.0,0.0,0.0,0.0
2026-09-26T15:38:06.509351+00:00,0.0,0.0,0.0,0.0
2026-09-26T15:38:07.557879+00:00,0.0,0.0,0.0,0.0
2026-09-26T15:38:08.604046+00:00,0.0,0.0,0.0,0.0
2026-09-26T15:38:09.653728+00:00,0.0,0.0,0.0,0.0
2026-09-26T15:38:10.705484+00:00,0.0,0.0,0.0,0.0
2026-09-26T15:38:11.756294+00:00,0.0,0.0,0.0,0.0
2026-09-26T15:38:12.806570+00:00,0.0,0.0,0.0,0.0
2026-09-26T15:38:13.858226+00:00,0.0,0.0,0.0,0.0
2026-09-26T15:38:14.909695+00:00,0.0,0.0,0.0,0.0
2026-09-26T15:38:15.959558+00:00,0.0,0.0,0.0,0.0
2026-09-26T15:38:17.008856+00:00,0.0,0.0,0.0,0.0
2026-09-26T15:38:18.057552+00:00,0.0,0.0,0.0,0.0
2026-09-26T15:38:19.106138+00:00,0.0,0.0,0.0,0.0
2026-09-26T15:38:20.159344+00:00,0.0,0.0,0.0,0.0
2026-09-26T15:38:21.209854+00:00,0.0,0.0,0.0,0.0
2026-09-26T15:38:22.262227+00:00,0.0,0.0,0.0,0.0
2026-09-26T15:38:23.312530+00:00,0.0,0.0,0.0,0.0
2026-09-26T15:38:24.361672+00:00,0.0,0.0,0.0,0.0
2026-09-26T15:38:25.411876+00:00,0.0,0.0,0.0,0.0
2026-09-26T15:38:26.462746+00:00,0.0,0.0,0.0,0.0
2026-09-26T15:38:27.511707+00:00,0.0,0.0,0.0,0.0
2026-09-26T15:38:28.559612+00:00,0.0,0.0,0.0,0.0
2026-09-26T15:38:29.609031+00:00,0.0,0.0,0.0,0.0
2026-09-26T15:38:30.660039+00:00,0.0,0.0,0.0,0.0
2026-09-26T15:38:31.711486+00:00,0.0,0.0,0.0,0.0
2026-09-26T15:38:32.762291+00:00,0.0,0.0,0.0,0.0
2026-09-26T15:38:33.812876+00:00,0.0,0.0,0.0,0.0
2026-09-26T15:38:34.853762+00:00,0.0,0.0,0.0,0.0
2026-09-26T15:38:35.907502+00:00,0.0,0.0,0.0,0.0
2026-09-26T15:38:36.961141+00:00,0.0,0.0,0.0,0.0
2026-09-26T15:38:38.010792+00:00,0.0,0.0,0.0,0.0
2026-09-26T15:38:39.060357+00:00,0.0,0.0,0.0,0.0
2026-09-26T15:38:40.108420+00:00,0.0,0.0,0.0,0.0
2026-09-26T15:38:41.159776+00:00,0.0,0.0,0.0,0.0
2026-09-26T15:38:42.210392+00:00,0.0,0.0,0.0,0.0
2026-09-26T15:38:43.261465+00:00,0.0,0.0,0.0,0.0
2026-09-26T15:38:44.313223+00:00,0.0,0.0,0.0,0.0
2026-09-26T15:38:45.366665+00:00,0.0,0.0,0.0,0.0
2026-09-26T15:38:46.416302+00:00,0.0,0.0,0.0,0.0
2026-09-26T15:38:47.466780+00:00,0.0,0.0,0.0,0.0
2026-09-26T15:38:48.509864+00:00,0.0,0.0,0.0,0.0
2026-09-26T15:38:49.558187+00:00,0.0,0.0,0.0,0.0
2026-09-26T15:38:50.606881+00:00,0.0,0.0,0.0,0.0
2026-09-26T15:38:51.657022+00:00,0.0,0.0,0.0,0.0
2026-09-26T15:38:52.708963+00:00,0.0,0.0,0.0,0.0
2026-09-26T15:38:53.760355+00:00,0.0,0.0,0.0,0.0
2026-09-26T15:38:54.812437+00:00,0.0,0.0,0.0,0.0
2026-09-26T15:38:55.862843+00:00,0.0,0.0,0.0,0.0
2026-09-26T15:38:56.914889+00:00,0.0,0.0,0.0,0.0
2026-09-26T15:38:57.966084+00:00,0.0,0.0,0.0,0.0
2026-09-26T15:38:59.016143+00:00,0.0,0.0,0.0,0.0
2026-09-26T15:39:00.064725+00:00,0.0,0.0,0.0,0.0
2026-09-26T15:39:01.112799+00:00,0.0,0.0,0.0,0.0
2026-09-26T15:39:02.165929+00:00,0.0,0.0,0.0,0.0
2026-09-26T15:39:03.219411+00:00,0.0,0.0,0.0,0.0
2026-09-26T15:39:04.270226+00:00,0.0,0.0,0.0,0.0
2026-09-26T15:39:05.319257+00:00,0.0,0.0,0.0,0.0
2026-09-26T15:39:06.370599+00:00,0.0,0.0,0.0,0.0
2026-09-26T15:39:07.421504+00:00,0.0,0.0,0.0,0.0
2026-09-26T15:39:08.471803+00:00,0.0,0.0,0.0,0.0
2026-09-26T15:39:09.523166+00:00,0.0,0.0,0.0,0.0
2026-09-26T15:39:10.570880+00:00,0.0,0.0,0.0,0.0
2026-09-26T15:39:11.620051+00:00,0.0,0.0,0.0,0.0
2026-09-26T15:39:12.670683+00:00,0.0,0.0,0.0,0.0
2026-09-26T15:39:13.721854+00:00,0.0,0.0,0.0,0.0
2026-09-26T15:39:14.773490+00:00,0.0,0.0,0.0,0.0
2026-09-26T15:39:15.823755+00:00,0.0,0.0,0.0,0.0
2026-09-26T15:39:16.874370+00:00,0.0,0.0,0.0,0.0
2026-09-26T15:39:17.925425+00:00,0.0,0.0,0.0,0.0
2026-09-26T15:39:18.975297+00:00,0.0,0.0,0.0,0.0
2026-09-26T15:39:20.026335+00:00,0.0,0.0,0.0,0.0
2026-09-26T15:39:21.076053+00:00,0.0,0.0,0.0,0.0
2026-09-26T15:39:22.124228+00:00,0.0,0.0,0.0,0.0
2026-09-26T15:39:23.174237+00:00,0.0,0.0,0.0,0.0
2026-09-26T15:39:24.225903+00:00,0.0,0.0,0.0,0.0
2026-09-26T15:39:25.277382+00:00,0.0,0.0,0.0,0.0
2026-09-26T15:39:26.327340+00:00,0.0,0.0,0.0,0.0
2026-09-26T15:39:27.378046+00:00,0.0,0.0,0.0,0.0
2026-09-26T15:39:28.429227+00:00,0.0,0.0,0.0,0.0
2026-09-26T15:39:29.479168+00:00,0.0,0.0,0.0,0.0
2026-09-26T15:39:30.527612+00:00,0.0,0.0,0.0,0.0
2026-09-26T15:39:31.575140+00:00,0.0,0.0,0.0,0.0
2026-09-26T15:39:32.624348+00:00,0.0,0.0,0.0,0.0
2026-09-26T15:39:33.674280+00:00,0.0,0.0,0.0,0.0
2026-09-26T15:39:34.725283+00:00,0.0,0.0,0.0,0.0
2026-09-26T15:39:35.775686+00:00,0.0,0.0,0.0,0.0
2026-09-26T15:39:36.825651+00:00,0.0,0.0,0.0,0.0
2026-09-26T15:39:37.876241+00:00,0.0,0.0,0.0,0.0
2026-09-26T15:39:38.926151+00:00,0.0,0.0,0.0,0.0
2026-09-26T15:39:39.977258+00:00,0.0,0.0,0.0,0.0
2026-09-26T15:39:41.028384+00:00,0.0,0.0,0.0,0.0
2026-09-26T15:39:42.076445+00:00,0.0,0.0,0.0,0.0
2026-09-26T15:39:43.125342+00:00,0.0,0.0,0.0,0.0
2026-09-26T15:39:44.173235+00:00,0.0,0.0,0.0,0.0
2026-09-26T15:39:45.224290+00:00,0.0,0.0,0.0,0.0
2026-09-26T15:39:46.274835+00:00,0.0,0.0,0.0,0.0
2026-09-26T15:39:47.325641+00:00,0.0,0.0,0.0,0.0
2026-09-26T15:39:48.375553+00:00,0.0,0.0,0.0,0.0
2026-09-26T15:39:49.425612+00:00,0.0,0.0,0.0,0.0
2026-09-26T15:39:50.477080+00:00,0.0,0.0,0.0,0.0
2026-09-26T15:39:51.526780+00:00,0.0,0.0,0.0,0.0
2026-09-26T15:39:52.575931+00:00,0.0,0.0,0.0,0.0
2026-09-26T15:39:53.623542+00:00,0.0,0.0,0.0,0.0
2026-09-26T15:39:54.673194+00:00,0.0,0.0,0.0,0.0
2026-09-26T15:39:55.723619+00:00,0.0,0.0,0.0,0.0
2026-09-26T15:39:56.776090+00:00,0.0,0.0,0.0,0.0
2026-09-26T15:39:57.827471+00:00,0.0,0.0,0.0,0.0
2026-09-26T15:39:58.877791+00:00,0.0,0.0,0.0,0.0
2026-09-26T15:39:59.928595+00:00,0.0,0.0,0.0,0.0
2026-09-26T15:40:00.980108+00:00,0.0,0.0,0.0,0.0
2026-09-26T15:40:02.029603+00:00,0.0,0.0,0.0,0.0
2026-09-26T15:40:03.078405+00:00,0.0,0.0,0.0,0.0
2026-09-26T15:40:04.127096+00:00,0.0,0.0,0.0,0.0
2026-09-26T15:40:05.176491+00:00,0.0,0.0,0.0,0.0
2026-09-26T15:40:06.226708+00:00,0.0,0.0,0.0,0.0
2026-09-26T15:40:07.277765+00:00,0.0,0.0,0.0,0.0
2026-09-26T15:40:08.328614+00:00,0.0,0.0,0.0,0.0
2026-09-26T15:40:09.379289+00:00,0.0,0.0,0.0,0.0
2026-09-26T15:40:10.429486+00:00,0.0,0.0,0.0,0.0
2026-09-26T15:40:11.479399+00:00,0.0,0.0,0.0,0.0
2026-09-26T15:40:12.528937+00:00,0.0,0.0,0.0,0.0
2026-09-26T15:40:13.581880+00:00,0.0,0.0,0.0,0.0
2026-09-26T15:40:14.631279+00:00,0.0,0.0,0.0,0.0
2026-09-26T15:40:15.679439+00:00,0.0,0.0,0.0,0.0
2026-09-26T15:40:16.729435+00:00,0.0,0.0,0.0,0.0
2026-09-26T15:40:17.780397+00:00,0.0,0.0,0.0,0.0
2026-09-26T15:40:18.831969+00:00,0.0,0.0,0.0,0.0
2026-09-26T15:40:19.882674+00:00,0.0,0.0,0.0,0.0
2026-09-26T15:40:20.933533+00:00,0.0,0.0,0.0,0.0
2026-09-26T15:40:21.985964+00:00,0.0,0.0,0.0,0.0
2026-09-26T15:40:23.037539+00:00,0.0,0.0,0.0,0.0
2026-09-26T15:40:24.089617+00:00,0.0,0.0,0.0,0.0
2026-09-26T15:40:25.138106+00:00,0.0,0.0,0.0,0.0
2026-09-26T15:40:26.187098+00:00,0.0,0.0,0.0,0.0
2026-09-26T15:40:27.237970+00:00,0.0,0.0,0.0,0.0
2026-09-26T15:40:28.287878+00:00,0.0,0.0,0.0,0.0
2026-09-26T15:40:29.337736+00:00,0.0,0.0,0.0,0.0
2026-09-26T15:40:30.388645+00:00,0.0,0.0,0.0,0.0
2026-09-26T15:40:31.439611+00:00,0.0,0.0,0.0,0.0
2026-09-26T15:40:32.489424+00:00,0.0,0.0,0.0,0.0
2026-09-26T15:40:33.540176+00:00,0.0,0.0,0.0,0.0
2026-09-26T15:40:34.590188+00:00,0.0,0.0,0.0,0.0
2026-09-26T15:40:35.638524+00:00,0.0,0.0,0.0,0.0
2026-09-26T15:40:36.686812+00:00,0.0,0.0,0.0,0.0
2026-09-26T15:40:37.735937+00:00,0.0,0.0,0.0,0.0
2026-09-26T15:40:38.786197+00:00,0.0,0.0,0.0,0.0
2026-09-26T15:40:39.837144+00:00,0.0,0.0,0.0,0.0
2026-09-26T15:40:40.888131+00:00,0.0,0.0,0.0,0.0
2026-09-26T15:40:41.938465+00:00,0.0,0.0,0.0,0.0
2026-09-26T15:40:42.989964+00:00,0.0,0.0,0.0,0.0
2026-09-26T15:40:44.041371+00:00,0.0,0.0,0.0,0.0
2026-09-26T15:40:45.092154+00:00,0.0,0.0,0.0,0.0
2026-09-26T15:40:46.140200+00:00,0.0,0.0,0.0,0.0
2026-09-26T15:40:47.187526+00:00,0.0,0.0,0.0,0.0
2026-09-26T15:40:48.236509+00:00,0.0,0.0,0.0,0.0
2026-09-26T15:40:49.287088+00:00,0.0,0.0,0.0,0.0
2026-09-26T15:40:50.339332+00:00,0.0,0.0,0.0,0.0
2026-09-26T15:40:51.390636+00:00,0.0,0.0,0.0,0.0
2026-09-26T15:40:52.441364+00:00,0.0,0.0,0.0,0.0
2026-09-26T15:40:53.492815+00:00,0.0,0.0,0.0,0.0
2026-09-26T15:40:54.543848+00:00,0.0,0.0,0.0,0.0
2026-09-26T15:40:55.596430+00:00,0.0,0.0,0.0,0.0
2026-09-26T15:40:56.645970+00:00,0.0,0.0,0.0,0.0
2026-09-26T15:40:57.695633+00:00,0.0,0.0,0.0,0.0
2026-09-26T15:40:58.743950+00:00,0.0,0.0,0.0,0.0
2026-09-26T15:40:59.795049+00:00,0.0,0.0,0.0,0.0
2026-09-26T15:41:00.845609+00:00,0.0,0.0,0.0,0.0
2026-09-26T15:41:01.896633+00:00,0.0,0.0,0.0,0.0
2026-09-26T15:41:02.948086+00:00,0.0,0.0,0.0,0.0
2026-09-26T15:41:03.997302+00:00,0.0,0.0,0.0,0.0
2026-09-26T15:41:05.047434+00:00,0.0,0.0,0.0,0.0
2026-09-26T15:41:06.098629+00:00,0.0,0.0,0.0,0.0
2026-09-26T15:41:07.147899+00:00,0.0,0.0,0.0,0.0
2026-09-26T15:41:08.196368+00:00,0.0,0.0,0.0,0.0
2026-09-26T15:41:09.243944+00:00,0.0,0.0,0.0,0.0
2026-09-26T15:41:10.292687+00:00,0.0,0.0,0.0,0.0
2026-09-26T15:41:11.343492+00:00,0.0,0.0,0.0,0.0
2026-09-26T15:41:12.394444+00:00,0.0,0.0,0.0,0.0
2026-09-26T15:41:13.444691+00:00,0.0,0.0,0.0,0.0
2026-09-26T15:41:14.496255+00:00,0.0,0.0,0.0,0.0
2026-09-26T15:41:15.547938+00:00,0.0,0.0,0.0,0.0
2026-09-26T15:41:16.620105+00:00,0.0,0.0,0.0,0.0
2026-09-26T15:41:17.671021+00:00,0.0,0.0,0.0,0.0
2026-09-26T15:41:18.721803+00:00,0.0,0.0,0.0,0.0
2026-09-26T15:41:19.770417+00:00,0.0,0.0,0.0,0.0
2026-09-26T15:41:20.819678+00:00,0.0,0.0,0.0,0.0
2026-09-26T15:41:21.869886+00:00,0.0,0.0,0.0,0.0
2026-09-26T15:41:22.919742+00:00,0.0,0.0,0.0,0.0
2026-09-26T15:41:23.973576+00:00,0.0,0.0,0.0,0.0
2026-09-26T15:41:25.022163+00:00,0.0,0.0,0.0,0.0
2026-09-26T15:41:26.072407+00:00,0.0,0.0,0.0,0.0
2026-09-26T15:41:27.123840+00:00,0.0,0.0,0.0,0.0
2026-09-26T15:41:28.173704+00:00,0.0,0.0,0.0,0.0
2026-09-26T15:41:29.221967+00:00,0.0,0.0,0.0,0.0
2026-09-26T15:41:30.270042+00:00,0.0,0.0,0.0,0.0
2026-09-26T15:41:31.319199+00:00,0.0,0.0,0.0,0.0
2026-09-26T15:41:32.369771+00:00,0.0,0.0,0.0,0.0
2026-09-26T15:41:33.420826+00:00,0.0,0.0,0.0,0.0
2026-09-26T15:41:34.472095+00:00,0.0,0.0,0.0,0.0
2026-09-26T15:41:35.522874+00:00,0.0,0.0,0.0,0.0
2026-09-26T15:41:36.574437+00:00,0.0,0.0,0.0,0.0
2026-09-26T15:41:37.626462+00:00,0.0,0.0,0.0,0.0
2026-09-26T15:41:38.675750+00:00,0.0,0.0,0.0,0.0
2026-09-26T15:41:39.726255+00:00,0.0,0.0,0.0,0.0
2026-09-26T15:41:40.774737+00:00,0.0,0.0,0.0,0.0
2026-09-26T15:41:41.824775+00:00,0.0,0.0,0.0,0.0
2026-09-26T15:41:42.874938+00:00,0.0,0.0,0.0,0.0
2026-09-26T15:41:43.924647+00:00,0.0,0.0,0.0,0.0
2026-09-26T15:41:44.976390+00:00,0.0,0.0,0.0,0.0
2026-09-26T15:41:46.027330+00:00,0.0,0.0,0.0,0.0
2026-09-26T15:41:47.078112+00:00,0.0,0.0,0.0,0.0
2026-09-26T15:41:48.129595+00:00,0.0,0.0,0.0,0.0
2026-09-26T15:41:49.181367+00:00,0.0,0.0,0.0,0.0
2026-09-26T15:41:50.231768+00:00,0.0,0.0,0.0,0.0
2026-09-26T15:41:51.277329+00:00,0.0,0.0,0.0,0.0
2026-09-26T15:41:52.324952+00:00,0.0,0.0,0.0,0.0
2026-09-26T15:41:53.372359+00:00,0.0,0.0,0.0,0.0
2026-09-26T15:41:54.423982+00:00,0.0,0.0,0.0,0.0
2026-09-26T15:41:55.474162+00:00,0.0,0.0,0.0,0.0
2026-09-26T15:41:56.524775+00:00,0.0,0.0,0.0,0.0
2026-09-26T15:41:57.576662+00:00,0.0,0.0,0.0,0.0
2026-09-26T15:41:58.627280+00:00,0.0,0.0,0.0,0.0
2026-09-26T15:41:59.679280+00:00,0.0,0.0,0.0,0.0
2026-09-26T15:42:00.731138+00:00,0.0,0.0,0.0,0.0
2026-09-26T15:42:01.783089+00:00,0.0,0.0,0.0,0.0
2026-09-26T15:42:02.832002+00:00,0.0,0.0,0.0,0.0
2026-09-26T15:42:03.881057+00:00,0.0,0.0,0.0,0.0
2026-09-26T15:42:04.930576+00:00,0.0,0.0,0.0,0.0
2026-09-26T15:42:05.983433+00:00,0.0,0.0,0.0,0.0
2026-09-26T15:42:07.033701+00:00,0.0,0.0,0.0,0.0
2026-09-26T15:42:08.084226+00:00,0.0,0.0,0.0,0.0
2026-09-26T15:42:09.134999+00:00,0.0,0.0,0.0,0.0
2026-09-26T15:42:10.186339+00:00,0.0,0.0,0.0,0.0
2026-09-26T15:42:11.236922+00:00,0.0,0.0,0.0,0.0
2026-09-26T15:42:12.287235+00:00,0.0,0.0,0.0,0.0
2026-09-26T15:42:13.336515+00:00,0.0,0.0,0.0,0.0
2026-09-26T15:42:14.384826+00:00,0.0,0.0,0.0,0.0
2026-09-26T15:42:15.434312+00:00,0.0,0.0,0.0,0.0
2026-09-26T15:42:16.503935+00:00,0.0,0.0,0.0,0.0
2026-09-26T15:42:17.555806+00:00,0.0,0.0,0.0,0.0
2026-09-26T15:42:18.605906+00:00,0.0,0.0,0.0,0.0
2026-09-26T15:42:19.652219+00:00,0.0,0.0,0.0,0.0
2026-09-26T15:42:20.703745+00:00,0.0,0.0,0.0,0.0
2026-09-26T15:42:21.754035+00:00,0.0,0.0,0.0,0.0
2026-09-26T15:42:22.805636+00:00,0.0,0.0,0.0,0.0
2026-09-26T15:42:23.854837+00:00,0.0,0.0,0.0,0.0
2026-09-26T15:42:24.904419+00:00,0.0,0.0,0.0,0.0
2026-09-26T15:42:25.952404+00:00,0.0,0.0,0.0,0.0
2026-09-26T15:42:27.003913+00:00,0.0,0.0,0.0,0.0
2026-09-26T15:42:28.055472+00:00,0.0,0.0,0.0,0.0
2026-09-26T15:42:29.105981+00:00,0.0,0.0,0.0,0.0
2026-09-26T15:42:30.157194+00:00,0.0,0.0,0.0,0.0
2026-09-26T15:42:31.209662+00:00,0.0,0.0,0.0,0.0
2026-09-26T15:42:32.260890+00:00,0.0,0.0,0.0,0.0
2026-09-26T15:42:33.312698+00:00,0.0,0.0,0.0,0.0
2026-09-26T15:42:34.366082+00:00,0.0,0.0,0.0,0.0
2026-09-26T15:42:35.415168+00:00,0.0,0.0,0.0,0.0
2026-09-26T15:42:36.462425+00:00,0.0,0.0,0.0,0.0
2026-09-26T15:42:37.513246+00:00,0.0,0.0,0.0,0.0
2026-09-26T15:42:38.564013+00:00,0.0,0.0,0.0,0.0
2026-09-26T15:42:39.614749+00:00,0.0,0.0,0.0,0.0
2026-09-26T15:42:40.666230+00:00,0.0,0.0,0.0,0.0
2026-09-26T15:42:41.716986+00:00,0.0,0.0,0.0,0.0
2026-09-26T15:42:42.768356+00:00,0.0,0.0,0.0,0.0
2026-09-26T15:42:43.820295+00:00,0.0,0.0,0.0,0.0
2026-09-26T15:42:44.870351+00:00,0.0,0.0,0.0,0.0
2026-09-26T15:42:45.918648+00:00,0.0,0.0,0.0,0.0
2026-09-26T15:42:46.965088+00:00,0.0,0.0,0.0,0.0
2026-09-26T15:42:48.013657+00:00,0.0,0.0,0.0,0.0
2026-09-26T15:42:49.063704+00:00,0.0,0.0,0.0,0.0
2026-09-26T15:42:50.114289+00:00,0.0,0.0,0.0,0.0
2026-09-26T15:42:51.164634+00:00,0.0,0.0,0.0,0.0
2026-09-26T15:42:52.215981+00:00,0.0,0.0,0.0,0.0
2026-09-26T15:42:53.267945+00:00,0.0,0.0,0.0,0.0
2026-09-26T15:42:54.320049+00:00,0.0,0.0,0.0,0.0
2026-09-26T15:42:55.371068+00:00,0.0,0.0,0.0,0.0
2026-09-26T15:42:56.422549+00:00,0.0,0.0,0.0,0.0
2026-09-26T15:42:57.470019+00:00,0.0,0.0,0.0,0.0
2026-09-26T15:42:58.520359+00:00,0.0,0.0,0.0,0.0
2026-09-26T15:42:59.571195+00:00,0.0,0.0,0.0,0.0
2026-09-26T15:43:00.622290+00:00,0.0,0.0,0.0,0.0
2026-09-26T15:43:01.674061+00:00,0.0,0.0,0.0,0.0
2026-09-26T15:43:02.724086+00:00,0.0,0.0,0.0,0.0
2026-09-26T15:43:03.775044+00:00,0.0,0.0,0.0,0.0
2026-09-26T15:43:04.825916+00:00,0.0,0.0,0.0,0.0
2026-09-26T15:43:05.876477+00:00,0.0,0.0,0.0,0.0
2026-09-26T15:43:06.927422+00:00,0.0,0.0,0.0,0.0
2026-09-26T15:43:07.978058+00:00,0.0,0.0,0.0,0.0
2026-09-26T15:43:09.026198+00:00,0.0,0.0,0.0,0.0
2026-09-26T15:43:10.075482+00:00,0.0,0.0,0.0,0.0
2026-09-26T15:43:11.126456+00:00,0.0,0.0,0.0,0.0
2026-09-26T15:43:12.177356+00:00,0.0,0.0,0.0,0.0
2026-09-26T15:43:13.226778+00:00,0.0,0.0,0.0,0.0
2026-09-26T15:43:14.277872+00:00,0.0,0.0,0.0,0.0
2026-09-26T15:43:15.328697+00:00,0.0,0.0,0.0,0.0
2026-09-26T15:43:16.386703+00:00,0.0,0.0,0.0,0.0
2026-09-26T15:43:17.438059+00:00,0.0,0.0,0.0,0.0
2026-09-26T15:43:18.486315+00:00,0.0,0.0,0.0,0.0
2026-09-26T15:43:19.534959+00:00,0.0,0.0,0.0,0.0
2026-09-26T15:43:20.583423+00:00,0.0,0.0,0.0,0.0
2026-09-26T15:43:21.635751+00:00,0.0,0.0,0.0,0.0
2026-09-26T15:43:22.685977+00:00,0.0,0.0,0.0,0.0
2026-09-26T15:43:23.737149+00:00,0.0,0.0,0.0,0.0
2026-09-26T15:43:24.788854+00:00,0.0,0.0,0.0,0.0
2026-09-26T15:43:25.840690+00:00,0.0,0.0,0.0,0.0
2026-09-26T15:43:26.890827+00:00,0.0,0.0,0.0,0.0
2026-09-26T15:43:27.942608+00:00,0.0,0.0,0.0,0.0
2026-09-26T15:43:28.992261+00:00,0.0,0.0,0.0,0.0
2026-09-26T15:43:30.040677+00:00,0.0,0.0,0.0,0.0
2026-09-26T15:43:31.089025+00:00,0.0,0.0,0.0,0.0
2026-09-26T15:43:32.140423+00:00,0.0,0.0,0.0,0.0
2026-09-26T15:43:33.190515+00:00,0.0,0.0,0.0,0.0
2026-09-26T15:43:34.240088+00:00,0.0,0.0,0.0,0.0
2026-09-26T15:43:35.290210+00:00,0.0,0.0,0.0,0.0
2026-09-26T15:43:36.341477+00:00,0.0,0.0,0.0,0.0
2026-09-26T15:43:37.392817+00:00,0.0,0.0,0.0,0.0
2026-09-26T15:43:38.442840+00:00,0.0,0.0,0.0,0.0
2026-09-26T15:43:39.492959+00:00,0.0,0.0,0.0,0.0
2026-09-26T15:43:40.542452+00:00,0.0,0.0,0.0,0.0
2026-09-26T15:43:41.590788+00:00,0.0,0.0,0.0,0.0
2026-09-26T15:43:42.639730+00:00,0.0,0.0,0.0,0.0
2026-09-26T15:43:43.689776+00:00,0.0,0.0,0.0,0.0
2026-09-26T15:43:44.741783+00:00,0.0,0.0,0.0,0.0
2026-09-26T15:43:45.792213+00:00,0.0,0.0,0.0,0.0
2026-09-26T15:43:46.841704+00:00,0.0,0.0,0.0,0.0
2026-09-26T15:43:47.893607+00:00,0.0,0.0,0.0,0.0
2026-09-26T15:43:48.944023+00:00,0.0,0.0,0.0,0.0
2026-09-26T15:43:49.995188+00:00,0.0,0.0,0.0,0.0
2026-09-26T15:43:51.047220+00:00,0.0,0.0,0.0,0.0
2026-09-26T15:43:52.094829+00:00,0.0,0.0,0.0,0.0
2026-09-26T15:43:53.143835+00:00,0.0,0.0,0.0,0.0
2026-09-26T15:43:54.192325+00:00,0.0,0.0,0.0,0.0
2026-09-26T15:43:55.243608+00:00,0.0,0.0,0.0,0.0
2026-09-26T15:43:56.294020+00:00,0.0,0.0,0.0,0.0
2026-09-26T15:43:57.342685+00:00,0.0,0.0,0.0,0.0
2026-09-26T15:43:58.392889+00:00,0.0,0.0,0.0,0.0
2026-09-26T15:43:59.444696+00:00,0.0,0.0,0.0,0.0
2026-09-26T15:44:00.495809+00:00,0.0,0.0,0.0,0.0
2026-09-26T15:44:01.545215+00:00,0.0,0.0,0.0,0.0
2026-09-26T15:44:02.593601+00:00,0.0,0.0,0.0,0.0
2026-09-26T15:44:03.641729+00:00,0.0,0.0,0.0,0.0
2026-09-26T15:44:04.691401+00:00,0.0,0.0,0.0,0.0
2026-09-26T15:44:05.742178+00:00,0.0,0.0,0.0,0.0
2026-09-26T15:44:06.793057+00:00,0.0,0.0,0.0,0.0
2026-09-26T15:44:07.843960+00:00,0.0,0.0,0.0,0.0
2026-09-26T15:44:08.894462+00:00,0.0,0.0,0.0,0.0
2026-09-26T15:44:09.945853+00:00,0.0,0.0,0.0,0.0
2026-09-26T15:44:10.996228+00:00,0.0,0.0,0.0,0.0
2026-09-26T15:44:12.048011+00:00,0.0,0.0,0.0,0.0
2026-09-26T15:44:13.098517+00:00,0.0,0.0,0.0,0.0
2026-09-26T15:44:14.146606+00:00,0.0,0.0,0.0,0.0
2026-09-26T15:44:15.195566+00:00,0.0,0.0,0.0,0.0
2026-09-26T15:44:16.243273+00:00,0.0,0.0,0.0,0.0
2026-09-26T15:44:17.294994+00:00,0.0,0.0,0.0,0.0
2026-09-26T15:44:18.345572+00:00,0.0,0.0,0.0,0.0
2026-09-26T15:44:19.396656+00:00,0.0,0.0,0.0,0.0
2026-09-26T15:44:20.450649+00:00,0.0,0.0,0.0,0.0
2026-09-26T15:44:21.502078+00:00,0.0,0.0,0.0,0.0
2026-09-26T15:44:22.552361+00:00,0.0,0.0,0.0,0.0
2026-09-26T15:44:23.602951+00:00,0.0,0.0,0.0,0.0
2026-09-26T15:44:24.653479+00:00,0.0,0.0,0.0,0.0
2026-09-26T15:44:25.701020+00:00,0.0,0.0,0.0,0.0
2026-09-26T15:44:26.749709+00:00,0.0,0.0,0.0,0.0
2026-09-26T15:44:27.799786+00:00,0.0,0.0,0.0,0.0
2026-09-26T15:44:28.851666+00:00,0.0,0.0,0.0,0.0
2026-09-26T15:44:29.901811+00:00,0.0,0.0,0.0,0.0
2026-09-26T15:44:30.953087+00:00,0.0,0.0,0.0,0.0
2026-09-26T15:44:32.004461+00:00,0.0,0.0,0.0,0.0
2026-09-26T15:44:33.057272+00:00,0.0,0.0,0.0,0.0
2026-09-26T15:44:34.108059+00:00,0.0,0.0,0.0,0.0
2026-09-26T15:44:35.157906+00:00,0.0,0.0,0.0,0.0
2026-09-26T15:44:36.206710+00:00,0.0,0.0,0.0,0.0
2026-09-26T15:44:37.254288+00:00,0.0,0.0,0.0,0.0
2026-09-26T15:44:38.303606+00:00,0.0,0.0,0.0,0.0
2026-09-26T15:44:39.354383+00:00,0.0,0.0,0.0,0.0
2026-09-26T15:44:40.405889+00:00,0.0,0.0,0.0,0.0
2026-09-26T15:44:41.456131+00:00,0.0,0.0,0.0,0.0
2026-09-26T15:44:42.506409+00:00,0.0,0.0,0.0,0.0
2026-09-26T15:44:43.557895+00:00,0.0,0.0,0.0,0.0
2026-09-26T15:44:44.609821+00:00,0.0,0.0,0.0,0.0
2026-09-26T15:44:45.661273+00:00,0.0,0.0,0.0,0.0
2026-09-26T15:44:46.712023+00:00,0.0,0.0,0.0,0.0
2026-09-26T15:44:47.761458+00:00,0.0,0.0,0.0,0.0
2026-09-26T15:44:48.808812+00:00,0.0,0.0,0.0,0.0
2026-09-26T15:44:49.859673+00:00,0.0,0.0,0.0,0.0
2026-09-26T15:44:50.910047+00:00,0.0,0.0,0.0,0.0
2026-09-26T15:44:51.961656+00:00,0.0,0.0,0.0,0.0
2026-09-26T15:44:53.011412+00:00,0.0,0.0,0.0,0.0
2026-09-26T15:44:54.063783+00:00,0.0,0.0,0.0,0.0
2026-09-26T15:44:55.114621+00:00,0.0,0.0,0.0,0.0
2026-09-26T15:44:56.165318+00:00,0.0,0.0,0.0,0.0
2026-09-26T15:44:57.215618+00:00,0.0,0.0,0.0,0.0
2026-09-26T15:44:58.264870+00:00,0.0,0.0,0.0,0.0
2026-09-26T15:44:59.312651+00:00,0.0,0.0,0.0,0.0
2026-09-26T15:45:00.361794+00:00,0.0,0.0,0.0,0.0
2026-09-26T15:45:01.412550+00:00,0.0,0.0,0.0,0.0
2026-09-26T15:45:02.464313+00:00,0.0,0.0,0.0,0.0
2026-09-26T15:45:03.516273+00:00,0.0,0.0,0.0,0.0
2026-09-26T15:45:04.567268+00:00,0.0,0.0,0.0,0.0
2026-09-26T15:45:05.618641+00:00,0.0,0.0,0.0,0.0
2026-09-26T15:45:06.670192+00:00,0.0,0.0,0.0,0.0
2026-09-26T15:45:07.722449+00:00,0.0,0.0,0.0,0.0
2026-09-26T15:45:08.771100+00:00,0.0,0.0,0.0,0.0
2026-09-26T15:45:09.819679+00:00,0.0,0.0,0.0,0.0
2026-09-26T15:45:10.868144+00:00,0.0,0.0,0.0,0.0
2026-09-26T15:45:11.917695+00:00,0.0,0.0,0.0,0.0
2026-09-26T15:45:12.968339+00:00,0.0,0.0,0.0,0.0
2026-09-26T15:45:14.019465+00:00,0.0,0.0,0.0,0.0
2026-09-26T15:45:15.070124+00:00,0.0,0.0,0.0,0.0
2026-09-26T15:45:16.120967+00:00,0.0,0.0,0.0,0.0
2026-09-26T15:45:17.172173+00:00,0.0,0.0,0.0,0.0
2026-09-26T15:45:18.225254+00:00,0.0,0.0,0.0,0.0
2026-09-26T15:45:19.275073+00:00,0.0,0.0,0.0,0.0
2026-09-26T15:45:20.325995+00:00,0.0,0.0,0.0,0.0
2026-09-26T15:45:21.374874+00:00,0.0,0.0,0.0,0.0
2026-09-26T15:45:22.422651+00:00,0.0,0.0,0.0,0.0
2026-09-26T15:45:23.473048+00:00,0.0,0.0,0.0,0.0
2026-09-26T15:45:24.524433+00:00,0.0,0.0,0.0,0.0
2026-09-26T15:45:25.577133+00:00,0.0,0.0,0.0,0.0
2026-09-26T15:45:26.629131+00:00,0.0,0.0,0.0,0.0
2026-09-26T15:45:27.679619+00:00,0.0,0.0,0.0,0.0
2026-09-26T15:45:28.731033+00:00,0.0,0.0,0.0,0.0
2026-09-26T15:45:29.782874+00:00,0.0,0.0,0.0,0.0
2026-09-26T15:45:30.832996+00:00,0.0,0.0,0.0,0.0
2026-09-26T15:45:31.881921+00:00,0.0,0.0,0.0,0.0
2026-09-26T15:45:32.931169+00:00,0.0,0.0,0.0,0.0
2026-09-26T15:45:33.980280+00:00,0.0,0.0,0.0,0.0
2026-09-26T15:45:35.030441+00:00,0.0,0.0,0.0,0.0
2026-09-26T15:45:36.082341+00:00,0.0,0.0,0.0,0.0
2026-09-26T15:45:37.133021+00:00,0.0,0.0,0.0,0.0
2026-09-26T15:45:38.183651+00:00,0.0,0.0,0.0,0.0
2026-09-26T15:45:39.234597+00:00,0.0,0.0,0.0,0.0
2026-09-26T15:45:40.286503+00:00,0.0,0.0,0.0,0.0
2026-09-26T15:45:41.336694+00:00,0.0,0.0,0.0,0.0
2026-09-26T15:45:42.387792+00:00,0.0,0.0,0.0,0.0
2026-09-26T15:45:43.437460+00:00,0.0,0.0,0.0,0.0
2026-09-26T15:45:44.485607+00:00,0.0,0.0,0.0,0.0
2026-09-26T15:45:45.535209+00:00,0.0,0.0,0.0,0.0
2026-09-26T15:45:46.618608+00:00,0.0,0.0,0.0,0.0
2026-09-26T15:45:47.668546+00:00,0.0,0.0,0.0,0.0
2026-09-26T15:45:48.720540+00:00,0.0,0.0,0.0,0.0
2026-09-26T15:45:49.772545+00:00,0.0,0.0,0.0,0.0
2026-09-26T15:45:50.821972+00:00,0.0,0.0,0.0,0.0
2026-09-26T15:45:51.872181+00:00,0.0,0.0,0.0,0.0
2026-09-26T15:45:52.921814+00:00,0.0,0.0,0.0,0.0
2026-09-26T15:45:53.972788+00:00,0.0,0.0,0.0,0.0
2026-09-26T15:45:55.021734+00:00,0.0,0.0,0.0,0.0
2026-09-26T15:45:56.069515+00:00,0.0,0.0,0.0,0.0
2026-09-26T15:45:57.119733+00:00,0.0,0.0,0.0,0.0
2026-09-26T15:45:58.170630+00:00,0.0,0.0,0.0,0.0
2026-09-26T15:45:59.222404+00:00,0.0,0.0,0.0,0.0
2026-09-26T15:46:00.273412+00:00,0.0,0.0,0.0,0.0
2026-09-26T15:46:01.326026+00:00,0.0,0.0,0.0,0.0
2026-09-26T15:46:02.377364+00:00,0.0,0.0,0.0,0.0
2026-09-26T15:46:03.429554+00:00,0.0,0.0,0.0,0.0
2026-09-26T15:46:04.480563+00:00,0.0,0.0,0.0,0.0
2026-09-26T15:46:05.529432+00:00,0.0,0.0,0.0,0.0
2026-09-26T15:46:06.579058+00:00,0.0,0.0,0.0,0.0
2026-09-26T15:46:07.626705+00:00,0.0,0.0,0.0,0.0
2026-09-26T15:46:08.676932+00:00,0.0,0.0,0.0,0.0
2026-09-26T15:46:09.728026+00:00,0.0,0.0,0.0,0.0
2026-09-26T15:46:10.778936+00:00,0.0,0.0,0.0,0.0
2026-09-26T15:46:11.831281+00:00,0.0,0.0,0.0,0.0
2026-09-26T15:46:12.881386+00:00,0.0,0.0,0.0,0.0
2026-09-26T15:46:13.932525+00:00,0.0,0.0,0.0,0.0
2026-09-26T15:46:14.982231+00:00,0.0,0.0,0.0,0.0
2026-09-26T15:46:16.033078+00:00,0.0,0.0,0.0,0.0
2026-09-26T15:46:17.074465+00:00,0.0,0.0,0.0,0.0
2026-09-26T15:46:18.121183+00:00,0.0,0.0,0.0,0.0
2026-09-26T15:46:19.170917+00:00,0.0,0.0,0.0,0.0
2026-09-26T15:46:20.221600+00:00,0.0,0.0,0.0,0.0
2026-09-26T15:46:21.274907+00:00,0.0,0.0,0.0,0.0
2026-09-26T15:46:22.326649+00:00,0.0,0.0,0.0,0.0
2026-09-26T15:46:23.378439+00:00,0.0,0.0,0.0,0.0
2026-09-26T15:46:24.428859+00:00,0.0,0.0,0.0,0.0
2026-09-26T15:46:25.482487+00:00,0.0,0.0,0.0,0.0
2026-09-26T15:46:26.533526+00:00,0.0,0.0,0.0,0.0
2026-09-26T15:46:27.583702+00:00,0.0,0.0,0.0,0.0
2026-09-26T15:46:28.632833+00:00,0.0,0.0,0.0,0.0
2026-09-26T15:46:29.681793+00:00,0.0,0.0,0.0,0.0
2026-09-26T15:46:30.730197+00:00,0.0,0.0,0.0,0.0
2026-09-26T15:46:31.782436+00:00,0.0,0.0,0.0,0.0
2026-09-26T15:46:32.832078+00:00,0.0,0.0,0.0,0.0
2026-09-26T15:46:33.883992+00:00,0.0,0.0,0.0,0.0
2026-09-26T15:46:34.934281+00:00,0.0,0.0,0.0,0.0
2026-09-26T15:46:35.984952+00:00,0.0,0.0,0.0,0.0
2026-09-26T15:46:37.035772+00:00,0.0,0.0,0.0,0.0
2026-09-26T15:46:38.084877+00:00,0.0,0.0,0.0,0.0
2026-09-26T15:46:39.136389+00:00,0.0,0.0,0.0,0.0
2026-09-26T15:46:40.185675+00:00,0.0,0.0,0.0,0.0
2026-09-26T15:46:41.233190+00:00,0.0,0.0,0.0,0.0
2026-09-26T15:46:42.282757+00:00,0.0,0.0,0.0,0.0
2026-09-26T15:46:43.334124+00:00,0.0,0.0,0.0,0.0
2026-09-26T15:46:44.386300+00:00,0.0,0.0,0.0,0.0
2026-09-26T15:46:45.437536+00:00,0.0,0.0,0.0,0.0
2026-09-26T15:46:46.504835+00:00,0.0,0.0,0.0,0.0
2026-09-26T15:46:47.555414+00:00,0.0,0.0,0.0,0.0
2026-09-26T15:46:48.606143+00:00,0.0,0.0,0.0,0.0
2026-09-26T15:46:49.658082+00:00,0.0,0.0,0.0,0.0
2026-09-26T15:46:50.706379+00:00,0.0,0.0,0.0,0.0
2026-09-26T15:46:51.755690+00:00,0.0,0.0,0.0,0.0
2026-09-26T15:46:52.804174+00:00,0.0,0.0,0.0,0.0
2026-09-26T15:46:53.855726+00:00,0.0,0.0,0.0,0.0
2026-09-26T15:46:54.907516+00:00,0.0,0.0,0.0,0.0
2026-09-26T15:46:55.957657+00:00,0.0,0.0,0.0,0.0
2026-09-26T15:46:57.008299+00:00,0.0,0.0,0.0,0.0
2026-09-26T15:46:58.057651+00:00,0.0,0.0,0.0,0.0
2026-09-26T15:46:59.107704+00:00,0.0,0.0,0.0,0.0
2026-09-26T15:47:00.161694+00:00,0.0,0.0,0.0,0.0
2026-09-26T15:47:01.212232+00:00,0.0,0.0,0.0,0.0
2026-09-26T15:47:02.259890+00:00,0.0,0.0,0.0,0.0
2026-09-26T15:47:03.309303+00:00,0.0,0.0,0.0,0.0
2026-09-26T15:47:04.357120+00:00,0.0,0.0,0.0,0.0
2026-09-26T15:47:05.407311+00:00,0.0,0.0,0.0,0.0
2026-09-26T15:47:06.458036+00:00,0.0,0.0,0.0,0.0
2026-09-26T15:47:07.508843+00:00,0.0,0.0,0.0,0.0
2026-09-26T15:47:08.559881+00:00,0.0,0.0,0.0,0.0
2026-09-26T15:47:09.610131+00:00,0.0,0.0,0.0,0.0
2026-09-26T15:47:10.660300+00:00,0.0,0.0,0.0,0.0
2026-09-26T15:47:11.710792+00:00,0.0,0.0,0.0,0.0
2026-09-26T15:47:12.761968+00:00,0.0,0.0,0.0,0.0
2026-09-26T15:47:13.810225+00:00,0.0,0.0,0.0,0.0
2026-09-26T15:47:14.857853+00:00,0.0,0.0,0.0,0.0
2026-09-26T15:47:15.906002+00:00,0.0,0.0,0.0,0.0
2026-09-26T15:47:16.955977+00:00,0.0,0.0,0.0,0.0
2026-09-26T15:47:18.006460+00:00,0.0,0.0,0.0,0.0
2026-09-26T15:47:19.057496+00:00,0.0,0.0,0.0,0.0
2026-09-26T15:47:20.107563+00:00,0.0,0.0,0.0,0.0
2026-09-26T15:47:21.159690+00:00,0.0,0.0,0.0,0.0
2026-09-26T15:47:22.211373+00:00,0.0,0.0,0.0,0.0
2026-09-26T15:47:23.261160+00:00,0.0,0.0,0.0,0.0
2026-09-26T15:47:24.311970+00:00,0.0,0.0,0.0,0.0
2026-09-26T15:47:25.360939+00:00,0.0,0.0,0.0,0.0
2026-09-26T15:47:26.408837+00:00,0.0,0.0,0.0,0.0
2026-09-26T15:47:27.456840+00:00,0.0,0.0,0.0,0.0
2026-09-26T15:47:28.506971+00:00,0.0,0.0,0.0,0.0
2026-09-26T15:47:29.556599+00:00,0.0,0.0,0.0,0.0
2026-09-26T15:47:30.609165+00:00,0.0,0.0,0.0,0.0
2026-09-26T15:47:31.660043+00:00,0.0,0.0,0.0,0.0
2026-09-26T15:47:32.711488+00:00,0.0,0.0,0.0,0.0
2026-09-26T15:47:33.762359+00:00,0.0,0.0,0.0,0.0
2026-09-26T15:47:34.814028+00:00,0.0,0.0,0.0,0.0
2026-09-26T15:47:35.865745+00:00,0.0,0.0,0.0,0.0
2026-09-26T15:47:36.913745+00:00,0.0,0.0,0.0,0.0
2026-09-26T15:47:37.963273+00:00,0.0,0.0,0.0,0.0
2026-09-26T15:47:39.009967+00:00,0.0,0.0,0.0,0.0
2026-09-26T15:47:40.060824+00:00,0.0,0.0,0.0,0.0
2026-09-26T15:47:41.112764+00:00,0.0,0.0,0.0,0.0
2026-09-26T15:47:42.163742+00:00,0.0,0.0,0.0,0.0
2026-09-26T15:47:43.213709+00:00,0.0,0.0,0.0,0.0
2026-09-26T15:47:44.262461+00:00,0.0,0.0,0.0,0.0
2026-09-26T15:47:45.313535+00:00,0.0,0.0,0.0,0.0
2026-09-26T15:47:46.364592+00:00,0.0,0.0,0.0,0.0
2026-09-26T15:47:47.414377+00:00,0.0,0.0,0.0,0.0
2026-09-26T15:47:48.463945+00:00,0.0,0.0,0.0,0.0
2026-09-26T15:47:49.511563+00:00,0.0,0.0,0.0,0.0
2026-09-26T15:47:50.561506+00:00,0.0,0.0,0.0,0.0
2026-09-26T15:47:51.612536+00:00,0.0,0.0,0.0,0.0
2026-09-26T15:47:52.664168+00:00,0.0,0.0,0.0,0.0
2026-09-26T15:47:53.714074+00:00,0.0,0.0,0.0,0.0
2026-09-26T15:47:54.764879+00:00,0.0,0.0,0.0,0.0
2026-09-26T15:47:55.817462+00:00,0.0,0.0,0.0,0.0
2026-09-26T15:47:56.867293+00:00,0.0,0.0,0.0,0.0
2026-09-26T15:47:57.916540+00:00,0.0,0.0,0.0,0.0
2026-09-26T15:47:58.967757+00:00,0.0,0.0,0.0,0.0
2026-09-26T15:48:00.015333+00:00,0.0,0.0,0.0,0.0
2026-09-26T15:48:01.064105+00:00,0.0,0.0,0.0,0.0
2026-09-26T15:48:02.114684+00:00,0.0,0.0,0.0,0.0
2026-09-26T15:48:03.166414+00:00,0.0,0.0,0.0,0.0
2026-09-26T15:48:04.217765+00:00,0.0,0.0,0.0,0.0
2026-09-26T15:48:05.268624+00:00,0.0,0.0,0.0,0.0
2026-09-26T15:48:06.319447+00:00,0.0,0.0,0.0,0.0
2026-09-26T15:48:07.369185+00:00,0.0,0.0,0.0,0.0
2026-09-26T15:48:08.419241+00:00,0.0,0.0,0.0,0.0
2026-09-26T15:48:09.472404+00:00,0.0,0.0,0.0,0.0
2026-09-26T15:48:10.524222+00:00,0.0,0.0,0.0,0.0
2026-09-26T15:48:11.571925+00:00,0.0,0.0,0.0,0.0
2026-09-26T15:48:12.620591+00:00,0.0,0.0,0.0,0.0
2026-09-26T15:48:13.670715+00:00,0.0,0.0,0.0,0.0
2026-09-26T15:48:14.721339+00:00,0.0,0.0,0.0,0.0
2026-09-26T15:48:15.771242+00:00,0.0,0.0,0.0,0.0
2026-09-26T15:48:16.822195+00:00,0.0,0.0,0.0,0.0
2026-09-26T15:48:17.872011+00:00,0.0,0.0,0.0,0.0
2026-09-26T15:48:18.923369+00:00,0.0,0.0,0.0,0.0
2026-09-26T15:48:19.975370+00:00,0.0,0.0,0.0,0.0
2026-09-26T15:48:21.025879+00:00,0.0,0.0,0.0,0.0
2026-09-26T15:48:22.075248+00:00,0.0,0.0,0.0,0.0
2026-09-26T15:48:23.124102+00:00,0.0,0.0,0.0,0.0
2026-09-26T15:48:24.172445+00:00,0.0,0.0,0.0,0.0
2026-09-26T15:48:25.223406+00:00,0.0,0.0,0.0,0.0
2026-09-26T15:48:26.274503+00:00,0.0,0.0,0.0,0.0
2026-09-26T15:48:27.327069+00:00,0.0,0.0,0.0,0.0
2026-09-26T15:48:28.378437+00:00,0.0,0.0,0.0,0.0
2026-09-26T15:48:29.426389+00:00,0.0,0.0,0.0,0.0
2026-09-26T15:48:30.477105+00:00,0.0,0.0,0.0,0.0
2026-09-26T15:48:31.526270+00:00,0.0,0.0,0.0,0.0
2026-09-26T15:48:32.577238+00:00,0.0,0.0,0.0,0.0
2026-09-26T15:48:33.627799+00:00,0.0,0.0,0.0,0.0
2026-09-26T15:48:34.675477+00:00,0.0,0.0,0.0,0.0
2026-09-26T15:48:35.724374+00:00,0.0,0.0,0.0,0.0
2026-09-26T15:48:36.774545+00:00,0.0,0.0,0.0,0.0
2026-09-26T15:48:37.826998+00:00,0.0,0.0,0.0,0.0
2026-09-26T15:48:38.877424+00:00,0.0,0.0,0.0,0.0
2026-09-26T15:48:39.927419+00:00,0.0,0.0,0.0,0.0
2026-09-26T15:48:40.979033+00:00,0.0,0.0,0.0,0.0
2026-09-26T15:48:42.028386+00:00,0.0,0.0,0.0,0.0
2026-09-26T15:48:43.078926+00:00,0.0,0.0,0.0,0.0
2026-09-26T15:48:44.128908+00:00,0.0,0.0,0.0,0.0
2026-09-26T15:48:45.178696+00:00,0.0,0.0,0.0,0.0
2026-09-26T15:48:46.227976+00:00,0.0,0.0,0.0,0.0
2026-09-26T15:48:47.277267+00:00,0.0,0.0,0.0,0.0
2026-09-26T15:48:48.328017+00:00,0.0,0.0,0.0,0.0
2026-09-26T15:48:49.378818+00:00,0.0,0.0,0.0,0.0
2026-09-26T15:48:50.430448+00:00,0.0,0.0,0.0,0.0
2026-09-26T15:48:51.479601+00:00,0.0,0.0,0.0,0.0
2026-09-26T15:48:52.530231+00:00,0.0,0.0,0.0,0.0
2026-09-26T15:48:53.582041+00:00,0.0,0.0,0.0,0.0
2026-09-26T15:48:54.631739+00:00,0.0,0.0,0.0,0.0
2026-09-26T15:48:55.682791+00:00,0.0,0.0,0.0,0.0
2026-09-26T15:48:56.731375+00:00,0.0,0.0,0.0,0.0
2026-09-26T15:48:57.779926+00:00,0.0,0.0,0.0,0.0
2026-09-26T15:48:58.827446+00:00,0.0,0.0,0.0,0.0
2026-09-26T15:48:59.878171+00:00,0.0,0.0,0.0,0.0
2026-09-26T15:49:00.928055+00:00,0.0,0.0,0.0,0.0
2026-09-26T15:49:01.978595+00:00,0.0,0.0,0.0,0.0
2026-09-26T15:49:03.029621+00:00,0.0,0.0,0.0,0.0
2026-09-26T15:49:04.079730+00:00,0.0,0.0,0.0,0.0
2026-09-26T15:49:05.130994+00:00,0.0,0.0,0.0,0.0
2026-09-26T15:49:06.183821+00:00,0.0,0.0,0.0,0.0
2026-09-26T15:49:07.235358+00:00,0.0,0.0,0.0,0.0
2026-09-26T15:49:08.283143+00:00,0.0,0.0,0.0,0.0
2026-09-26T15:49:09.332631+00:00,0.0,0.0,0.0,0.0
2026-09-26T15:49:10.380919+00:00,0.0,0.0,0.0,0.0
2026-09-26T15:49:11.430938+00:00,0.0,0.0,0.0,0.0
2026-09-26T15:49:12.481903+00:00,0.0,0.0,0.0,0.0
2026-09-26T15:49:13.533793+00:00,0.0,0.0,0.0,0.0
2026-09-26T15:49:14.584731+00:00,0.0,0.0,0.0,0.0
2026-09-26T15:49:15.635354+00:00,0.0,0.0,0.0,0.0
2026-09-26T15:49:16.688606+00:00,0.0,0.0,0.0,0.0
2026-09-26T15:49:17.739269+00:00,0.0,0.0,0.0,0.0
2026-09-26T15:49:18.789456+00:00,0.0,0.0,0.0,0.0
2026-09-26T15:49:19.837263+00:00,0.0,0.0,0.0,0.0
2026-09-26T15:49:20.885623+00:00,0.0,0.0,0.0,0.0
2026-09-26T15:49:21.934447+00:00,0.0,0.0,0.0,0.0
2026-09-26T15:49:22.984724+00:00,0.0,0.0,0.0,0.0
2026-09-26T15:49:24.036534+00:00,0.0,0.0,0.0,0.0
2026-09-26T15:49:25.087522+00:00,0.0,0.0,0.0,0.0
2026-09-26T15:49:26.138139+00:00,0.0,0.0,0.0,0.0
2026-09-26T15:49:27.190261+00:00,0.0,0.0,0.0,0.0
2026-09-26T15:49:28.241999+00:00,0.0,0.0,0.0,0.0
2026-09-26T15:49:29.292433+00:00,0.0,0.0,0.0,0.0
2026-09-26T15:49:30.342212+00:00,0.0,0.0,0.0,0.0
2026-09-26T15:49:31.390718+00:00,0.0,0.0,0.0,0.0
2026-09-26T15:49:32.439037+00:00,0.0,0.0,0.0,0.0
2026-09-26T15:49:33.483331+00:00,0.0,0.0,0.0,0.0
2026-09-26T15:49:34.532238+00:00,0.0,0.0,0.0,0.0
2026-09-26T15:49:35.583382+00:00,0.0,0.0,0.0,0.0
2026-09-26T15:49:36.634156+00:00,0.0,0.0,0.0,0.0
2026-09-26T15:49:37.684625+00:00,0.0,0.0,0.0,0.0
2026-09-26T15:49:38.735769+00:00,0.0,0.0,0.0,0.0
2026-09-26T15:49:39.787352+00:00,0.0,0.0,0.0,0.0
2026-09-26T15:49:40.838012+00:00,0.0,0.0,0.0,0.0
2026-09-26T15:49:41.889633+00:00,0.0,0.0,0.0,0.0
2026-09-26T15:49:42.938730+00:00,0.0,0.0,0.0,0.0
2026-09-26T15:49:43.986497+00:00,0.0,0.0,0.0,0.0
2026-09-26T15:49:45.036053+00:00,0.0,0.0,0.0,0.0
2026-09-26T15:49:46.087275+00:00,0.0,0.0,0.0,0.0
2026-09-26T15:49:47.138573+00:00,0.0,0.0,0.0,0.0
2026-09-26T15:49:48.188622+00:00,0.0,0.0,0.0,0.0
2026-09-26T15:49:49.238912+00:00,0.0,0.0,0.0,0.0
2026-09-26T15:49:50.290049+00:00,0.0,0.0,0.0,0.0
2026-09-26T15:49:51.340410+00:00,0.0,0.0,0.0,0.0
2026-09-26T15:49:52.392406+00:00,0.0,0.0,0.0,0.0
2026-09-26T15:49:53.444324+00:00,0.0,0.0,0.0,0.0
2026-09-26T15:49:54.492442+00:00,0.0,0.0,0.0,0.0
2026-09-26T15:49:55.541898+00:00,0.0,0.0,0.0,0.0
2026-09-26T15:49:56.590373+00:00,0.0,0.0,0.0,0.0
2026-09-26T15:49:57.641408+00:00,0.0,0.0,0.0,0.0
2026-09-26T15:49:58.691981+00:00,0.0,0.0,0.0,0.0
2026-09-26T15:49:59.743035+00:00,0.0,0.0,0.0,0.0
2026-09-26T15:50:00.794368+00:00,0.0,0.0,0.0,0.0
2026-09-26T15:50:01.845190+00:00,0.0,0.0,0.0,0.0
2026-09-26T15:50:02.895474+00:00,0.0,0.0,0.0,0.0
2026-09-26T15:50:03.946381+00:00,0.0,0.0,0.0,0.0
2026-09-26T15:50:04.996628+00:00,0.0,0.0,0.0,0.0
2026-09-26T15:50:06.045046+00:00,0.0,0.0,0.0,0.0
2026-09-26T15:50:07.092152+00:00,0.0,0.0,0.0,0.0
2026-09-26T15:50:08.141404+00:00,0.0,0.0,0.0,0.0
2026-09-26T15:50:09.191882+00:00,0.0,0.0,0.0,0.0
2026-09-26T15:50:10.243014+00:00,0.0,0.0,0.0,0.0
2026-09-26T15:50:11.294025+00:00,0.0,0.0,0.0,0.0
2026-09-26T15:50:12.343872+00:00,0.0,0.0,0.0,0.0
2026-09-26T15:50:13.394697+00:00,0.0,0.0,0.0,0.0
2026-09-26T15:50:14.444973+00:00,0.0,0.0,0.0,0.0
2026-09-26T15:50:15.496034+00:00,0.0,0.0,0.0,0.0
2026-09-26T15:50:16.548887+00:00,0.0,0.0,0.0,0.0
2026-09-26T15:50:17.598746+00:00,0.0,0.0,0.0,0.0
2026-09-26T15:50:18.647460+00:00,0.0,0.0,0.0,0.0
2026-09-26T15:50:19.697070+00:00,0.0,0.0,0.0,0.0
2026-09-26T15:50:20.747354+00:00,0.0,0.0,0.0,0.0
2026-09-26T15:50:21.798087+00:00,0.0,0.0,0.0,0.0
2026-09-26T15:50:22.848355+00:00,0.0,0.0,0.0,0.0
2026-09-26T15:50:23.900631+00:00,0.0,0.0,0.0,0.0
2026-09-26T15:50:24.952656+00:00,0.0,0.0,0.0,0.0
2026-09-26T15:50:26.002721+00:00,0.0,0.0,0.0,0.0
2026-09-26T15:50:27.053473+00:00,0.0,0.0,0.0,0.0
2026-09-26T15:50:28.105058+00:00,0.0,0.0,0.0,0.0
2026-09-26T15:50:29.154728+00:00,0.0,0.0,0.0,0.0
2026-09-26T15:50:30.203780+00:00,0.0,0.0,0.0,0.0
2026-09-26T15:50:31.251795+00:00,0.0,0.0,0.0,0.0
2026-09-26T15:50:32.302608+00:00,0.0,0.0,0.0,0.0
2026-09-26T15:50:33.352575+00:00,0.0,0.0,0.0,0.0
2026-09-26T15:50:34.402100+00:00,0.0,0.0,0.0,0.0
2026-09-26T15:50:35.452596+00:00,0.0,0.0,0.0,0.0
2026-09-26T15:50:36.504083+00:00,0.0,0.0,0.0,0.0
2026-09-26T15:50:37.554257+00:00,0.0,0.0,0.0,0.0
2026-09-26T15:50:38.604812+00:00,0.0,0.0,0.0,0.0
2026-09-26T15:50:39.655057+00:00,0.0,0.0,0.0,0.0
2026-09-26T15:50:40.706347+00:00,0.0,0.0,0.0,0.0
2026-09-26T15:50:41.754338+00:00,0.0,0.0,0.0,0.0
2026-09-26T15:50:42.804667+00:00,0.0,0.0,0.0,0.0
2026-09-26T15:50:43.856910+00:00,0.0,0.0,0.0,0.0
2026-09-26T15:50:44.907853+00:00,0.0,0.0,0.0,0.0
2026-09-26T15:50:45.959038+00:00,0.0,0.0,0.0,0.0
2026-09-26T15:50:47.010637+00:00,0.0,0.0,0.0,0.0
2026-09-26T15:50:48.061314+00:00,0.0,0.0,0.0,0.0
2026-09-26T15:50:49.110893+00:00,0.0,0.0,0.0,0.0
2026-09-26T15:50:50.162182+00:00,0.0,0.0,0.0,0.0
2026-09-26T15:50:51.212781+00:00,0.0,0.0,0.0,0.0
2026-09-26T15:50:52.264345+00:00,0.0,0.0,0.0,0.0
2026-09-26T15:50:53.313248+00:00,0.0,0.0,0.0,0.0
2026-09-26T15:50:54.360668+00:00,0.0,0.0,0.0,0.0
2026-09-26T15:50:55.411635+00:00,0.0,0.0,0.0,0.0
2026-09-26T15:50:56.461365+00:00,0.0,0.0,0.0,0.0
2026-09-26T15:50:57.511379+00:00,0.0,0.0,0.0,0.0
2026-09-26T15:50:58.564225+00:00,0.0,0.0,0.0,0.0
2026-09-26T15:50:59.614070+00:00,0.0,0.0,0.0,0.0
2026-09-26T15:51:00.664532+00:00,0.0,0.0,0.0,0.0
2026-09-26T15:51:01.716125+00:00,0.0,0.0,0.0,0.0
2026-09-26T15:51:02.766248+00:00,0.0,0.0,0.0,0.0
2026-09-26T15:51:03.817030+00:00,0.0,0.0,0.0,0.0
2026-09-26T15:51:04.866941+00:00,0.0,0.0,0.0,0.0
2026-09-26T15:51:05.915387+00:00,0.0,0.0,0.0,0.0
2026-09-26T15:51:06.963192+00:00,0.0,0.0,0.0,0.0
2026-09-26T15:51:08.014249+00:00,0.0,0.0,0.0,0.0
2026-09-26T15:51:09.065417+00:00,0.0,0.0,0.0,0.0
2026-09-26T15:51:10.117519+00:00,0.0,0.0,0.0,0.0
2026-09-26T15:51:11.167476+00:00,0.0,0.0,0.0,0.0
2026-09-26T15:51:12.221250+00:00,0.0,0.0,0.0,0.0
2026-09-26T15:51:13.271346+00:00,0.0,0.0,0.0,0.0
2026-09-26T15:51:14.322549+00:00,0.0,0.0,0.0,0.0
2026-09-26T15:51:15.373540+00:00,0.0,0.0,0.0,0.0
2026-09-26T15:51:16.422287+00:00,0.0,0.0,0.0,0.0
2026-09-26T15:51:17.469923+00:00,0.0,0.0,0.0,0.0
2026-09-26T15:51:18.517784+00:00,0.0,0.0,0.0,0.0
2026-09-26T15:51:19.569695+00:00,0.0,0.0,0.0,0.0
2026-09-26T15:51:20.621727+00:00,0.0,0.0,0.0,0.0
2026-09-26T15:51:21.672200+00:00,0.0,0.0,0.0,0.0
2026-09-26T15:51:22.723419+00:00,0.0,0.0,0.0,0.0
2026-09-26T15:51:23.775533+00:00,0.0,0.0,0.0,0.0
2026-09-26T15:51:24.824977+00:00,0.0,0.0,0.0,0.0
2026-09-26T15:51:25.876223+00:00,0.0,0.0,0.0,0.0
2026-09-26T15:51:26.929058+00:00,0.0,0.0,0.0,0.0
2026-09-26T15:51:27.978925+00:00,0.0,0.0,0.0,0.0
2026-09-26T15:51:29.027351+00:00,0.0,0.0,0.0,0.0
2026-09-26T15:51:30.076467+00:00,0.0,0.0,0.0,0.0
2026-09-26T15:51:31.127329+00:00,0.0,0.0,0.0,0.0
2026-09-26T15:51:32.179006+00:00,0.0,0.0,0.0,0.0
2026-09-26T15:51:33.229363+00:00,0.0,0.0,0.0,0.0
2026-09-26T15:51:34.280005+00:00,0.0,0.0,0.0,0.0
2026-09-26T15:51:35.331227+00:00,0.0,0.0,0.0,0.0
2026-09-26T15:51:36.380847+00:00,0.0,0.0,0.0,0.0
2026-09-26T15:51:37.431252+00:00,0.0,0.0,0.0,0.0
2026-09-26T15:51:38.481115+00:00,0.0,0.0,0.0,0.0
2026-09-26T15:51:39.530789+00:00,0.0,0.0,0.0,0.0
2026-09-26T15:51:40.580071+00:00,0.0,0.0,0.0,0.0
2026-09-26T15:51:41.628749+00:00,0.0,0.0,0.0,0.0
2026-09-26T15:51:42.679020+00:00,0.0,0.0,0.0,0.0
2026-09-26T15:51:43.728921+00:00,0.0,0.0,0.0,0.0
2026-09-26T15:51:44.781718+00:00,0.0,0.0,0.0,0.0
2026-09-26T15:51:45.832222+00:00,0.0,0.0,0.0,0.0
2026-09-26T15:51:46.882919+00:00,0.0,0.0,0.0,0.0
2026-09-26T15:51:47.933312+00:00,0.0,0.0,0.0,0.0
2026-09-26T15:51:48.984014+00:00,0.0,0.0,0.0,0.0
2026-09-26T15:51:50.034463+00:00,0.0,0.0,0.0,0.0
2026-09-26T15:51:51.085525+00:00,0.0,0.0,0.0,0.0
2026-09-26T15:51:52.133748+00:00,0.0,0.0,0.0,0.0
2026-09-26T15:51:53.182975+00:00,0.0,0.0,0.0,0.0
2026-09-26T15:51:54.231536+00:00,0.0,0.0,0.0,0.0
2026-09-26T15:51:55.283246+00:00,0.0,0.0,0.0,0.0
2026-09-26T15:51:56.333061+00:00,0.0,0.0,0.0,0.0
2026-09-26T15:51:57.383971+00:00,0.0,0.0,0.0,0.0
2026-09-26T15:51:58.435693+00:00,0.0,0.0,0.0,0.0
2026-09-26T15:51:59.485992+00:00,0.0,0.0,0.0,0.0
2026-09-26T15:52:00.536409+00:00,0.0,0.0,0.0,0.0
2026-09-26T15:52:01.587923+00:00,0.0,0.0,0.0,0.0
2026-09-26T15:52:02.638634+00:00,0.0,0.0,0.0,0.0
2026-09-26T15:52:03.687212+00:00,0.0,0.0,0.0,0.0
2026-09-26T15:52:04.734974+00:00,0.0,0.0,0.0,0.0
2026-09-26T15:52:05.786365+00:00,0.0,0.0,0.0,0.0
2026-09-26T15:52:06.836733+00:00,0.0,0.0,0.0,0.0
2026-09-26T15:52:07.887337+00:00,0.0,0.0,0.0,0.0
2026-09-26T15:52:08.939266+00:00,0.0,0.0,0.0,0.0
2026-09-26T15:52:09.990611+00:00,0.0,0.0,0.0,0.0
2026-09-26T15:52:11.040738+00:00,0.0,0.0,0.0,0.0
2026-09-26T15:52:12.090654+00:00,0.0,0.0,0.0,0.0
2026-09-26T15:52:13.142056+00:00,0.0,0.0,0.0,0.0
2026-09-26T15:52:14.192379+00:00,0.0,0.0,0.0,0.0
2026-09-26T15:52:15.241090+00:00,0.0,0.0,0.0,0.0
2026-09-26T15:52:16.287824+00:00,0.0,0.0,0.0,0.0
2026-09-26T15:52:17.336336+00:00,0.0,0.0,0.0,0.0
2026-09-26T15:52:18.387549+00:00,0.0,0.0,0.0,0.0
2026-09-26T15:52:19.439000+00:00,0.0,0.0,0.0,0.0
2026-09-26T15:52:20.490410+00:00,0.0,0.0,0.0,0.0
2026-09-26T15:52:21.543291+00:00,0.0,0.0,0.0,0.0
2026-09-26T15:52:22.593615+00:00,0.0,0.0,0.0,0.0
2026-09-26T15:52:23.645262+00:00,0.0,0.0,0.0,0.0
2026-09-26T15:52:24.695012+00:00,0.0,0.0,0.0,0.0
2026-09-26T15:52:25.747626+00:00,0.0,0.0,0.0,0.0
2026-09-26T15:52:26.797034+00:00,0.0,0.0,0.0,0.0
2026-09-26T15:52:27.845205+00:00,0.0,0.0,0.0,0.0
2026-09-26T15:52:28.895651+00:00,0.0,0.0,0.0,0.0
2026-09-26T15:52:29.946318+00:00,0.0,0.0,0.0,0.0
2026-09-26T15:52:30.997150+00:00,0.0,0.0,0.0,0.0
2026-09-26T15:52:32.048569+00:00,0.0,0.0,0.0,0.0
2026-09-26T15:52:33.098865+00:00,0.0,0.0,0.0,0.0
2026-09-26T15:52:34.149687+00:00,0.0,0.0,0.0,0.0
2026-09-26T15:52:35.201620+00:00,0.0,0.0,0.0,0.0
2026-09-26T15:52:36.251009+00:00,0.0,0.0,0.0,0.0
2026-09-26T15:52:37.301253+00:00,0.0,0.0,0.0,0.0
2026-09-26T15:52:38.352268+00:00,0.0,0.0,0.0,0.0
2026-09-26T15:52:39.399814+00:00,0.0,0.0,0.0,0.0
2026-09-26T15:52:40.449101+00:00,0.0,0.0,0.0,0.0
2026-09-26T15:52:41.500787+00:00,0.0,0.0,0.0,0.0
2026-09-26T15:52:42.552271+00:00,0.0,0.0,0.0,0.0
2026-09-26T15:52:43.604145+00:00,0.0,0.0,0.0,0.0
2026-09-26T15:52:44.654775+00:00,0.0,0.0,0.0,0.0
2026-09-26T15:52:45.706363+00:00,0.0,0.0,0.0,0.0
2026-09-26T15:52:46.757985+00:00,0.0,0.0,0.0,0.0
2026-09-26T15:52:47.808661+00:00,0.0,0.0,0.0,0.0
2026-09-26T15:52:48.853918+00:00,0.0,0.0,0.0,0.0
2026-09-26T15:52:49.904406+00:00,0.0,0.0,0.0,0.0
2026-09-26T15:52:50.953613+00:00,0.0,0.0,0.0,0.0
2026-09-26T15:52:52.001592+00:00,0.0,0.0,0.0,0.0
2026-09-26T15:52:53.050734+00:00,0.0,0.0,0.0,0.0
2026-09-26T15:52:54.101960+00:00,0.0,0.0,0.0,0.0
2026-09-26T15:52:55.153610+00:00,0.0,0.0,0.0,0.0
2026-09-26T15:52:56.203323+00:00,0.0,0.0,0.0,0.0
2026-09-26T15:52:57.253906+00:00,0.0,0.0,0.0,0.0
2026-09-26T15:52:58.304795+00:00,0.0,0.0,0.0,0.0
2026-09-26T15:52:59.354667+00:00,0.0,0.0,0.0,0.0
2026-09-26T15:53:00.405820+00:00,0.0,0.0,0.0,0.0
2026-09-26T15:53:01.457379+00:00,0.0,0.0,0.0,0.0
2026-09-26T15:53:02.504750+00:00,0.0,0.0,0.0,0.0
2026-09-26T15:53:03.553689+00:00,0.0,0.0,0.0,0.0
2026-09-26T15:53:04.601547+00:00,0.0,0.0,0.0,0.0
2026-09-26T15:53:05.651752+00:00,0.0,0.0,0.0,0.0
2026-09-26T15:53:06.702405+00:00,0.0,0.0,0.0,0.0
2026-09-26T15:53:07.753518+00:00,0.0,0.0,0.0,0.0
2026-09-26T15:53:08.803531+00:00,0.0,0.0,0.0,0.0
2026-09-26T15:53:09.854968+00:00,0.0,0.0,0.0,0.0
2026-09-26T15:53:10.905483+00:00,0.0,0.0,0.0,0.0
2026-09-26T15:53:11.955746+00:00,0.0,0.0,0.0,0.0
2026-09-26T15:53:13.007769+00:00,0.0,0.0,0.0,0.0
2026-09-26T15:53:14.059294+00:00,0.0,0.0,0.0,0.0
2026-09-26T15:53:15.107272+00:00,0.0,0.0,0.0,0.0
2026-09-26T15:53:16.156880+00:00,0.0,0.0,0.0,0.0
2026-09-26T15:53:17.207107+00:00,0.0,0.0,0.0,0.0
2026-09-26T15:53:18.258445+00:00,0.0,0.0,0.0,0.0
2026-09-26T15:53:19.309977+00:00,0.0,0.0,0.0,0.0
2026-09-26T15:53:20.361543+00:00,0.0,0.0,0.0,0.0
2026-09-26T15:53:21.412451+00:00,0.0,0.0,0.0,0.0
2026-09-26T15:53:22.465853+00:00,0.0,0.0,0.0,0.0
2026-09-26T15:53:23.517986+00:00,0.0,0.0,0.0,0.0
2026-09-26T15:53:24.569732+00:00,0.0,0.0,0.0,0.0
2026-09-26T15:53:25.620523+00:00,0.0,0.0,0.0,0.0
2026-09-26T15:53:26.669502+00:00,0.0,0.0,0.0,0.0
2026-09-26T15:53:27.717432+00:00,0.0,0.0,0.0,0.0
2026-09-26T15:53:28.768084+00:00,0.0,0.0,0.0,0.0
2026-09-26T15:53:29.819544+00:00,0.0,0.0,0.0,0.0
2026-09-26T15:53:30.869540+00:00,0.0,0.0,0.0,0.0
2026-09-26T15:53:31.924446+00:00,0.0,0.0,0.0,0.0
2026-09-26T15:53:32.976090+00:00,0.0,0.0,0.0,0.0
2026-09-26T15:53:34.024767+00:00,0.0,0.0,0.0,0.0
2026-09-26T15:53:35.079908+00:00,0.0,0.0,0.0,0.0
2026-09-26T15:53:36.131557+00:00,0.0,0.0,0.0,0.0
2026-09-26T15:53:37.185309+00:00,0.0,0.0,0.0,0.0
2026-09-26T15:53:38.234028+00:00,0.0,0.0,0.0,0.0
2026-09-26T15:53:39.282604+00:00,0.0,0.0,0.0,0.0
2026-09-26T15:53:40.329893+00:00,0.0,0.0,0.0,0.0
2026-09-26T15:53:41.381722+00:00,0.0,0.0,0.0,0.0
2026-09-26T15:53:42.431518+00:00,0.0,0.0,0.0,0.0
2026-09-26T15:53:43.482138+00:00,0.0,0.0,0.0,0.0
2026-09-26T15:53:44.532679+00:00,0.0,0.0,0.0,0.0
2026-09-26T15:53:45.585275+00:00,0.0,0.0,0.0,0.0
2026-09-26T15:53:46.637040+00:00,0.0,0.0,0.0,0.0
2026-09-26T15:53:47.688841+00:00,0.0,0.0,0.0,0.0
2026-09-26T15:53:48.738222+00:00,0.0,0.0,0.0,0.0
2026-09-26T15:53:49.786646+00:00,0.0,0.0,0.0,0.0
2026-09-26T15:53:50.834025+00:00,0.0,0.0,0.0,0.0
2026-09-26T15:53:51.882467+00:00,0.0,0.0,0.0,0.0
2026-09-26T15:53:52.932524+00:00,0.0,0.0,0.0,0.0
2026-09-26T15:53:53.981950+00:00,0.0,0.0,0.0,0.0
2026-09-26T15:53:55.031952+00:00,0.0,0.0,0.0,0.0
2026-09-26T15:53:56.082504+00:00,0.0,0.0,0.0,0.0
2026-09-26T15:53:57.133348+00:00,0.0,0.0,0.0,0.0
2026-09-26T15:53:58.184084+00:00,0.0,0.0,0.0,0.0
2026-09-26T15:53:59.237139+00:00,0.0,0.0,0.0,0.0
2026-09-26T15:54:00.289666+00:00,0.0,0.0,0.0,0.0
2026-09-26T15:54:01.339552+00:00,0.0,0.0,0.0,0.0
2026-09-26T15:54:02.388619+00:00,0.0,0.0,0.0,0.0
2026-09-26T15:54:03.435680+00:00,0.0,0.0,0.0,0.0
2026-09-26T15:54:04.486737+00:00,0.0,0.0,0.0,0.0
2026-09-26T15:54:05.537889+00:00,0.0,0.0,0.0,0.0
2026-09-26T15:54:06.588410+00:00,0.0,0.0,0.0,0.0
2026-09-26T15:54:07.639536+00:00,0.0,0.0,0.0,0.0
2026-09-26T15:54:08.690272+00:00,0.0,0.0,0.0,0.0
2026-09-26T15:54:09.741550+00:00,0.0,0.0,0.0,0.0
2026-09-26T15:54:10.792662+00:00,0.0,0.0,0.0,0.0
2026-09-26T15:54:11.843214+00:00,0.0,0.0,0.0,0.0
2026-09-26T15:54:12.895000+00:00,0.0,0.0,0.0,0.0
2026-09-26T15:54:13.943526+00:00,0.0,0.0,0.0,0.0
2026-09-26T15:54:14.991447+00:00,0.0,0.0,0.0,0.0
2026-09-26T15:54:16.040119+00:00,0.0,0.0,0.0,0.0
2026-09-26T15:54:17.091801+00:00,0.0,0.0,0.0,0.0
2026-09-26T15:54:18.143010+00:00,0.0,0.0,0.0,0.0
2026-09-26T15:54:19.193451+00:00,0.0,0.0,0.0,0.0
2026-09-26T15:54:20.245455+00:00,0.0,0.0,0.0,0.0
2026-09-26T15:54:21.297055+00:00,0.0,0.0,0.0,0.0
2026-09-26T15:54:22.347250+00:00,0.0,0.0,0.0,0.0
2026-09-26T15:54:23.397908+00:00,0.0,0.0,0.0,0.0
2026-09-26T15:54:24.449178+00:00,0.0,0.0,0.0,0.0
2026-09-26T15:54:25.499303+00:00,0.0,0.0,0.0,0.0
2026-09-26T15:54:26.547227+00:00,0.0,0.0,0.0,0.0
2026-09-26T15:54:27.596734+00:00,0.0,0.0,0.0,0.0
2026-09-26T15:54:28.650070+00:00,0.0,0.0,0.0,0.0
2026-09-26T15:54:29.703102+00:00,0.0,0.0,0.0,0.0
2026-09-26T15:54:30.753937+00:00,0.0,0.0,0.0,0.0
2026-09-26T15:54:31.803985+00:00,0.0,0.0,0.0,0.0
2026-09-26T15:54:32.854486+00:00,0.0,0.0,0.0,0.0
2026-09-26T15:54:33.906045+00:00,0.0,0.0,0.0,0.0
2026-09-26T15:54:34.955989+00:00,0.0,0.0,0.0,0.0
2026-09-26T15:54:36.007497+00:00,0.0,0.0,0.0,0.0
2026-09-26T15:54:37.059247+00:00,0.0,0.0,0.0,0.0
2026-09-26T15:54:38.106987+00:00,0.0,0.0,0.0,0.0
2026-09-26T15:54:39.155888+00:00,0.0,0.0,0.0,0.0
2026-09-26T15:54:40.204314+00:00,0.0,0.0,0.0,0.0
2026-09-26T15:54:41.255183+00:00,0.0,0.0,0.0,0.0
2026-09-26T15:54:42.305698+00:00,0.0,0.0,0.0,0.0
2026-09-26T15:54:43.357213+00:00,0.0,0.0,0.0,0.0
2026-09-26T15:54:44.407481+00:00,0.0,0.0,0.0,0.0
2026-09-26T15:54:45.458436+00:00,0.0,0.0,0.0,0.0
2026-09-26T15:54:46.510965+00:00,0.0,0.0,0.0,0.0
2026-09-26T15:54:47.562625+00:00,0.0,0.0,0.0,0.0
2026-09-26T15:54:48.613227+00:00,0.0,0.0,0.0,0.0
2026-09-26T15:54:49.662985+00:00,0.0,0.0,0.0,0.0
2026-09-26T15:54:50.710883+00:00,0.0,0.0,0.0,0.0
2026-09-26T15:54:51.759804+00:00,0.0,0.0,0.0,0.0
2026-09-26T15:54:52.810075+00:00,0.0,0.0,0.0,0.0
2026-09-26T15:54:53.861365+00:00,0.0,0.0,0.0,0.0
2026-09-26T15:54:54.911329+00:00,0.0,0.0,0.0,0.0
2026-09-26T15:54:55.963005+00:00,0.0,0.0,0.0,0.0
2026-09-26T15:54:57.013553+00:00,0.0,0.0,0.0,0.0
2026-09-26T15:54:58.063786+00:00,0.0,0.0,0.0,0.0
2026-09-26T15:54:59.113032+00:00,0.0,0.0,0.0,0.0
2026-09-26T15:55:00.165139+00:00,0.0,0.0,0.0,0.0
2026-09-26T15:55:01.215366+00:00,0.0,0.0,0.0,0.0
2026-09-26T15:55:02.265535+00:00,0.0,0.0,0.0,0.0
2026-09-26T15:55:03.315120+00:00,0.0,0.0,0.0,0.0
2026-09-26T15:55:04.362807+00:00,0.0,0.0,0.0,0.0
2026-09-26T15:55:05.413220+00:00,0.0,0.0,0.0,0.0
2026-09-26T15:55:06.463825+00:00,0.0,0.0,0.0,0.0
2026-09-26T15:55:07.516720+00:00,0.0,0.0,0.0,0.0
2026-09-26T15:55:08.568414+00:00,0.0,0.0,0.0,0.0
2026-09-26T15:55:09.619076+00:00,0.0,0.0,0.0,0.0
2026-09-26T15:55:10.667506+00:00,0.0,0.0,0.0,0.0
2026-09-26T15:55:11.716646+00:00,0.0,0.0,0.0,0.0
2026-09-26T15:55:12.767695+00:00,0.0,0.0,0.0,0.0
2026-09-26T15:55:13.817776+00:00,0.0,0.0,0.0,0.0
2026-09-26T15:55:14.866805+00:00,0.0,0.0,0.0,0.0
2026-09-26T15:55:15.915693+00:00,0.0,0.0,0.0,0.0
2026-09-26T15:55:16.966188+00:00,0.0,0.0,0.0,0.0
2026-09-26T15:55:18.017265+00:00,0.0,0.0,0.0,0.0
2026-09-26T15:55:19.067044+00:00,0.0,0.0,0.0,0.0
2026-09-26T15:55:20.118937+00:00,0.0,0.0,0.0,0.0
2026-09-26T15:55:21.169698+00:00,0.0,0.0,0.0,0.0
2026-09-26T15:55:22.219904+00:00,0.0,0.0,0.0,0.0
2026-09-26T15:55:23.271068+00:00,0.0,0.0,0.0,0.0
2026-09-26T15:55:24.323440+00:00,0.0,0.0,0.0,0.0
2026-09-26T15:55:25.373194+00:00,0.0,0.0,0.0,0.0
2026-09-26T15:55:26.421687+00:00,0.0,0.0,0.0,0.0
2026-09-26T15:55:27.469766+00:00,0.0,0.0,0.0,0.0
2026-09-26T15:55:28.518225+00:00,0.0,0.0,0.0,0.0
2026-09-26T15:55:29.569299+00:00,0.0,0.0,0.0,0.0
2026-09-26T15:55:30.619415+00:00,0.0,0.0,0.0,0.0
2026-09-26T15:55:31.670041+00:00,0.0,0.0,0.0,0.0
2026-09-26T15:55:32.720193+00:00,0.0,0.0,0.0,0.0
2026-09-26T15:55:33.771969+00:00,0.0,0.0,0.0,0.0
2026-09-26T15:55:34.823192+00:00,0.0,0.0,0.0,0.0
2026-09-26T15:55:35.872803+00:00,0.0,0.0,0.0,0.0
2026-09-26T15:55:36.924978+00:00,0.0,0.0,0.0,0.0
2026-09-26T15:55:37.979482+00:00,0.0,0.0,0.0,0.0
2026-09-26T15:55:39.028033+00:00,0.0,0.0,0.0,0.0
2026-09-26T15:55:40.076523+00:00,0.0,0.0,0.0,0.0
2026-09-26T15:55:41.126489+00:00,0.0,0.0,0.0,0.0
2026-09-26T15:55:42.177499+00:00,0.0,0.0,0.0,0.0
2026-09-26T15:55:43.229672+00:00,0.0,0.0,0.0,0.0
2026-09-26T15:55:44.279888+00:00,0.0,0.0,0.0,0.0
2026-09-26T15:55:45.330046+00:00,0.0,0.0,0.0,0.0
2026-09-26T15:55:46.382896+00:00,0.0,0.0,0.0,0.0
2026-09-26T15:55:47.433981+00:00,0.0,0.0,0.0,0.0
2026-09-26T15:55:48.484529+00:00,0.0,0.0,0.0,0.0
2026-09-26T15:55:49.535473+00:00,0.0,0.0,0.0,0.0
2026-09-26T15:55:50.586284+00:00,0.0,0.0,0.0,0.0
2026-09-26T15:55:51.633614+00:00,0.0,0.0,0.0,0.0
2026-09-26T15:55:52.681974+00:00,0.0,0.0,0.0,0.0
2026-09-26T15:55:53.733472+00:00,0.0,0.0,0.0,0.0
2026-09-26T15:55:54.784541+00:00,0.0,0.0,0.0,0.0
2026-09-26T15:55:55.835323+00:00,0.0,0.0,0.0,0.0
2026-09-26T15:55:56.885172+00:00,0.0,0.0,0.0,0.0
2026-09-26T15:55:57.936375+00:00,0.0,0.0,0.0,0.0
2026-09-26T15:55:58.986969+00:00,0.0,0.0,0.0,0.0
2026-09-26T15:56:00.037409+00:00,0.0,0.0,0.0,0.0
2026-09-26T15:56:01.089092+00:00,0.0,0.0,0.0,0.0
2026-09-26T15:56:02.138818+00:00,0.0,0.0,0.0,0.0
2026-09-26T15:56:03.187425+00:00,0.0,0.0,0.0,0.0
2026-09-26T15:56:04.234355+00:00,0.0,0.0,0.0,0.0
2026-09-26T15:56:05.284356+00:00,0.0,0.0,0.0,0.0
2026-09-26T15:56:06.336669+00:00,0.0,0.0,0.0,0.0
2026-09-26T15:56:07.386602+00:00,0.0,0.0,0.0,0.0
2026-09-26T15:56:08.438221+00:00,0.0,0.0,0.0,0.0
2026-09-26T15:56:09.488959+00:00,0.0,0.0,0.0,0.0
2026-09-26T15:56:10.539044+00:00,0.0,0.0,0.0,0.0
2026-09-26T15:56:11.590842+00:00,0.0,0.0,0.0,0.0
2026-09-26T15:56:12.641129+00:00,0.0,0.0,0.0,0.0
2026-09-26T15:56:13.692489+00:00,0.0,0.0,0.0,0.0
2026-09-26T15:56:14.741013+00:00,0.0,0.0,0.0,0.0
2026-09-26T15:56:15.789233+00:00,0.0,0.0,0.0,0.0
2026-09-26T15:56:16.837606+00:00,0.0,0.0,0.0,0.0
2026-09-26T15:56:17.888408+00:00,0.0,0.0,0.0,0.0
2026-09-26T15:56:18.939957+00:00,0.0,0.0,0.0,0.0
2026-09-26T15:56:19.990135+00:00,0.0,0.0,0.0,0.0
2026-09-26T15:56:21.039568+00:00,0.0,0.0,0.0,0.0
2026-09-26T15:56:22.091375+00:00,0.0,0.0,0.0,0.0
2026-09-26T15:56:23.142391+00:00,0.0,0.0,0.0,0.0
2026-09-26T15:56:24.193017+00:00,0.0,0.0,0.0,0.0
2026-09-26T15:56:25.244693+00:00,0.0,0.0,0.0,0.0
2026-09-26T15:56:26.294910+00:00,0.0,0.0,0.0,0.0
2026-09-26T15:56:27.342734+00:00,0.0,0.0,0.0,0.0
2026-09-26T15:56:28.391762+00:00,0.0,0.0,0.0,0.0
2026-09-26T15:56:29.440325+00:00,0.0,0.0,0.0,0.0
2026-09-26T15:56:30.490815+00:00,0.0,0.0,0.0,0.0
2026-09-26T15:56:31.542394+00:00,0.0,0.0,0.0,0.0
2026-09-26T15:56:32.594425+00:00,0.0,0.0,0.0,0.0
2026-09-26T15:56:33.645414+00:00,0.0,0.0,0.0,0.0
2026-09-26T15:56:34.694125+00:00,0.0,0.0,0.0,0.0
2026-09-26T15:56:35.743679+00:00,0.0,0.0,0.0,0.0
2026-09-26T15:56:36.794310+00:00,0.0,0.0,0.0,0.0
2026-09-26T15:56:37.845742+00:00,0.0,0.0,0.0,0.0
2026-09-26T15:56:38.895248+00:00,0.0,0.0,0.0,0.0
2026-09-26T15:56:39.945258+00:00,0.0,0.0,0.0,0.0
2026-09-26T15:56:40.993114+00:00,0.0,0.0,0.0,0.0
2026-09-26T15:56:42.044800+00:00,0.0,0.0,0.0,0.0
2026-09-26T15:56:43.095844+00:00,0.0,0.0,0.0,0.0
2026-09-26T15:56:44.146817+00:00,0.0,0.0,0.0,0.0
2026-09-26T15:56:45.198637+00:00,0.0,0.0,0.0,0.0
2026-09-26T15:56:46.250505+00:00,0.0,0.0,0.0,0.0
2026-09-26T15:56:47.300382+00:00,0.0,0.0,0.0,0.0
2026-09-26T15:56:48.353246+00:00,0.0,0.0,0.0,0.0
2026-09-26T15:56:49.405188+00:00,0.0,0.0,0.0,0.0
2026-09-26T15:56:50.455282+00:00,0.0,0.0,0.0,0.0
2026-09-26T15:56:51.503039+00:00,0.0,0.0,0.0,0.0
2026-09-26T15:56:52.551805+00:00,0.0,0.0,0.0,0.0
2026-09-26T15:56:53.601020+00:00,0.0,0.0,0.0,0.0
2026-09-26T15:56:54.651085+00:00,0.0,0.0,0.0,0.0
2026-09-26T15:56:55.702194+00:00,0.0,0.0,0.0,0.0
2026-09-26T15:56:56.752855+00:00,0.0,0.0,0.0,0.0
2026-09-26T15:56:57.803317+00:00,0.0,0.0,0.0,0.0
2026-09-26T15:56:58.854462+00:00,0.0,0.0,0.0,0.0
2026-09-26T15:56:59.905333+00:00,0.0,0.0,0.0,0.0
2026-09-26T15:57:00.954206+00:00,0.0,0.0,0.0,0.0
2026-09-26T15:57:02.006393+00:00,0.0,0.0,0.0,0.0
2026-09-26T15:57:03.057245+00:00,0.0,0.0,0.0,0.0
2026-09-26T15:57:04.105403+00:00,0.0,0.0,0.0,0.0
2026-09-26T15:57:05.156296+00:00,0.0,0.0,0.0,0.0
2026-09-26T15:57:06.207347+00:00,0.0,0.0,0.0,0.0
2026-09-26T15:57:07.258936+00:00,0.0,0.0,0.0,0.0
2026-09-26T15:57:08.311175+00:00,0.0,0.0,0.0,0.0
2026-09-26T15:57:09.360356+00:00,0.0,0.0,0.0,0.0
2026-09-26T15:57:10.411182+00:00,0.0,0.0,0.0,0.0
2026-09-26T15:57:11.462421+00:00,0.0,0.0,0.0,0.0
2026-09-26T15:57:12.512469+00:00,0.0,0.0,0.0,0.0
2026-09-26T15:57:13.563550+00:00,0.0,0.0,0.0,0.0
2026-09-26T15:57:14.615192+00:00,0.0,0.0,0.0,0.0
2026-09-26T15:57:15.662607+00:00,0.0,0.0,0.0,0.0
2026-09-26T15:57:16.711379+00:00,0.0,0.0,0.0,0.0
2026-09-26T15:57:17.758762+00:00,0.0,0.0,0.0,0.0
2026-09-26T15:57:18.808721+00:00,0.0,0.0,0.0,0.0
2026-09-26T15:57:19.859860+00:00,0.0,0.0,0.0,0.0
2026-09-26T15:57:20.911370+00:00,0.0,0.0,0.0,0.0
2026-09-26T15:57:21.963066+00:00,0.0,0.0,0.0,0.0
2026-09-26T15:57:23.014416+00:00,0.0,0.0,0.0,0.0
2026-09-26T15:57:24.065376+00:00,0.0,0.0,0.0,0.0
2026-09-26T15:57:25.117102+00:00,0.0,0.0,0.0,0.0
2026-09-26T15:57:26.167976+00:00,0.0,0.0,0.0,0.0
2026-09-26T15:57:27.219607+00:00,0.0,0.0,0.0,0.0
2026-09-26T15:57:28.268662+00:00,0.0,0.0,0.0,0.0
2026-09-26T15:57:29.316004+00:00,0.0,0.0,0.0,0.0
2026-09-26T15:57:30.365428+00:00,0.0,0.0,0.0,0.0
2026-09-26T15:57:31.416063+00:00,0.0,0.0,0.0,0.0
2026-09-26T15:57:32.467327+00:00,0.0,0.0,0.0,0.0
2026-09-26T15:57:33.517518+00:00,0.0,0.0,0.0,0.0
2026-09-26T15:57:34.567769+00:00,0.0,0.0,0.0,0.0
2026-09-26T15:57:35.619156+00:00,0.0,0.0,0.0,0.0
2026-09-26T15:57:36.669602+00:00,0.0,0.0,0.0,0.0
2026-09-26T15:57:37.721999+00:00,0.0,0.0,0.0,0.0
2026-09-26T15:57:38.772699+00:00,0.0,0.0,0.0,0.0
2026-09-26T15:57:39.823632+00:00,0.0,0.0,0.0,0.0
2026-09-26T15:57:40.871570+00:00,0.0,0.0,0.0,0.0
2026-09-26T15:57:41.919699+00:00,0.0,0.0,0.0,0.0
2026-09-26T15:57:42.972051+00:00,0.0,0.0,0.0,0.0
2026-09-26T15:57:44.024354+00:00,0.0,0.0,0.0,0.0
2026-09-26T15:57:45.073971+00:00,0.0,0.0,0.0,0.0
2026-09-26T15:57:46.124076+00:00,0.0,0.0,0.0,0.0
2026-09-26T15:57:47.174095+00:00,0.0,0.0,0.0,0.0
2026-09-26T15:57:48.226406+00:00,0.0,0.0,0.0,0.0
2026-09-26T15:57:49.277403+00:00,0.0,0.0,0.0,0.0
2026-09-26T15:57:50.329283+00:00,0.0,0.0,0.0,0.0
2026-09-26T15:57:51.379514+00:00,0.0,0.0,0.0,0.0
2026-09-26T15:57:52.428942+00:00,0.0,0.0,0.0,0.0
2026-09-26T15:57:53.479078+00:00,0.0,0.0,0.0,0.0
2026-09-26T15:57:54.526861+00:00,0.0,0.0,0.0,0.0
2026-09-26T15:57:55.578432+00:00,0.0,0.0,0.0,0.0
2026-09-26T15:57:56.628482+00:00,0.0,0.0,0.0,0.0
2026-09-26T15:57:57.680063+00:00,0.0,0.0,0.0,0.0
2026-09-26T15:57:58.731101+00:00,0.0,0.0,0.0,0.0
2026-09-26T15:57:59.781841+00:00,0.0,0.0,0.0,0.0
2026-09-26T15:58:00.834635+00:00,0.0,0.0,0.0,0.0
2026-09-26T15:58:01.886487+00:00,0.0,0.0,0.0,0.0
2026-09-26T15:58:02.939499+00:00,0.0,0.0,0.0,0.0
2026-09-26T15:58:03.989545+00:00,0.0,0.0,0.0,0.0
2026-09-26T15:58:05.038344+00:00,0.0,0.0,0.0,0.0
2026-09-26T15:58:06.086943+00:00,0.0,0.0,0.0,0.0
2026-09-26T15:58:07.136952+00:00,0.0,0.0,0.0,0.0
2026-09-26T15:58:08.188193+00:00,0.0,0.0,0.0,0.0
2026-09-26T15:58:09.239352+00:00,0.0,0.0,0.0,0.0
2026-09-26T15:58:10.290439+00:00,0.0,0.0,0.0,0.0
2026-09-26T15:58:11.339400+00:00,0.0,0.0,0.0,0.0
2026-09-26T15:58:12.390913+00:00,0.0,0.0,0.0,0.0
2026-09-26T15:58:13.442370+00:00,0.0,0.0,0.0,0.0
2026-09-26T15:58:14.494407+00:00,0.0,0.0,0.0,0.0
2026-09-26T15:58:15.544465+00:00,0.0,0.0,0.0,0.0
2026-09-26T15:58:16.626811+00:00,0.0,0.0,0.0,0.0
2026-09-26T15:58:17.675803+00:00,0.0,0.0,0.0,0.0
2026-09-26T15:58:18.723835+00:00,0.0,0.0,0.0,0.0
2026-09-26T15:58:19.775233+00:00,0.0,0.0,0.0,0.0
2026-09-26T15:58:20.825336+00:00,0.0,0.0,0.0,0.0
2026-09-26T15:58:21.877250+00:00,0.0,0.0,0.0,0.0
2026-09-26T15:58:22.928748+00:00,0.0,0.0,0.0,0.0
2026-09-26T15:58:23.979015+00:00,0.0,0.0,0.0,0.0
2026-09-26T15:58:25.030621+00:00,0.0,0.0,0.0,0.0
2026-09-26T15:58:26.077713+00:00,0.0,0.0,0.0,0.0
2026-09-26T15:58:27.128723+00:00,0.0,0.0,0.0,0.0
2026-09-26T15:58:28.179854+00:00,0.0,0.0,0.0,0.0
2026-09-26T15:58:29.227730+00:00,0.0,0.0,0.0,0.0
2026-09-26T15:58:30.276872+00:00,0.0,0.0,0.0,0.0
2026-09-26T15:58:31.324959+00:00,0.0,0.0,0.0,0.0
2026-09-26T15:58:32.376251+00:00,0.0,0.0,0.0,0.0
2026-09-26T15:58:33.426783+00:00,0.0,0.0,0.0,0.0
2026-09-26T15:58:34.477502+00:00,0.0,0.0,0.0,0.0
2026-09-26T15:58:35.528429+00:00,0.0,0.0,0.0,0.0
2026-09-26T15:58:36.578360+00:00,0.0,0.0,0.0,0.0
2026-09-26T15:58:37.628211+00:00,0.0,0.0,0.0,0.0
2026-09-26T15:58:38.677228+00:00,0.0,0.0,0.0,0.0
2026-09-26T15:58:39.727713+00:00,0.0,0.0,0.0,0.0
2026-09-26T15:58:40.782415+00:00,0.0,0.0,0.0,0.0
2026-09-26T15:58:41.830718+00:00,0.0,0.0,0.0,0.0
2026-09-26T15:58:42.878956+00:00,0.0,0.0,0.0,0.0
2026-09-26T15:58:43.929378+00:00,0.0,0.0,0.0,0.0
2026-09-26T15:58:44.979973+00:00,0.0,0.0,0.0,0.0
2026-09-26T15:58:46.031898+00:00,0.0,0.0,0.0,0.0
2026-09-26T15:58:47.083396+00:00,0.0,0.0,0.0,0.0
2026-09-26T15:58:48.134023+00:00,0.0,0.0,0.0,0.0
2026-09-26T15:58:49.184854+00:00,0.0,0.0,0.0,0.0
2026-09-26T15:58:50.236825+00:00,0.0,0.0,0.0,0.0
2026-09-26T15:58:51.287793+00:00,0.0,0.0,0.0,0.0
2026-09-26T15:58:52.338710+00:00,0.0,0.0,0.0,0.0
2026-09-26T15:58:53.390718+00:00,0.0,0.0,0.0,0.0
2026-09-26T15:58:54.439215+00:00,0.0,0.0,0.0,0.0
2026-09-26T15:58:55.485938+00:00,0.0,0.0,0.0,0.0
2026-09-26T15:58:56.536334+00:00,0.0,0.0,0.0,0.0
2026-09-26T15:58:57.588392+00:00,0.0,0.0,0.0,0.0
2026-09-26T15:58:58.639991+00:00,0.0,0.0,0.0,0.0
2026-09-26T15:58:59.689881+00:00,0.0,0.0,0.0,0.0
2026-09-26T15:59:00.741136+00:00,0.0,0.0,0.0,0.0
2026-09-26T15:59:01.792668+00:00,0.0,0.0,0.0,0.0
2026-09-26T15:59:02.842636+00:00,0.0,0.0,0.0,0.0
2026-09-26T15:59:03.893030+00:00,0.0,0.0,0.0,0.0
2026-09-26T15:59:04.944928+00:00,0.0,0.0,0.0,0.0
2026-09-26T15:59:05.995336+00:00,0.0,0.0,0.0,0.0
2026-09-26T15:59:07.043816+00:00,0.0,0.0,0.0,0.0
2026-09-26T15:59:08.090600+00:00,0.0,0.0,0.0,0.0
2026-09-26T15:59:09.141922+00:00,0.0,0.0,0.0,0.0
2026-09-26T15:59:10.191643+00:00,0.0,0.0,0.0,0.0
2026-09-26T15:59:11.243436+00:00,0.0,0.0,0.0,0.0
2026-09-26T15:59:12.294127+00:00,0.0,0.0,0.0,0.0
2026-09-26T15:59:13.345700+00:00,0.0,0.0,0.0,0.0
2026-09-26T15:59:14.396718+00:00,0.0,0.0,0.0,0.0
2026-09-26T15:59:15.448907+00:00,0.0,0.0,0.0,0.0
2026-09-26T15:59:16.502408+00:00,0.0,0.0,0.0,0.0
2026-09-26T15:59:17.554845+00:00,0.0,0.0,0.0,0.0
2026-09-26T15:59:18.604260+00:00,0.0,0.0,0.0,0.0
2026-09-26T15:59:19.653039+00:00,0.0,0.0,0.0,0.0
2026-09-26T15:59:20.701146+00:00,0.0,0.0,0.0,0.0
2026-09-26T15:59:21.753157+00:00,0.0,0.0,0.0,0.0
2026-09-26T15:59:22.805009+00:00,0.0,0.0,0.0,0.0
2026-09-26T15:59:23.854654+00:00,0.0,0.0,0.0,0.0
2026-09-26T15:59:24.906121+00:00,0.0,0.0,0.0,0.0
2026-09-26T15:59:25.956633+00:00,0.0,0.0,0.0,0.0
2026-09-26T15:59:27.006566+00:00,0.0,0.0,0.0,0.0
2026-09-26T15:59:28.057760+00:00,0.0,0.0,0.0,0.0
2026-09-26T15:59:29.107975+00:00,0.0,0.0,0.0,0.0
2026-09-26T15:59:30.158126+00:00,0.0,0.0,0.0,0.0
2026-09-26T15:59:31.207410+00:00,0.0,0.0,0.0,0.0
2026-09-26T15:59:32.255808+00:00,0.0,0.0,0.0,0.0
2026-09-26T15:59:33.304938+00:00,0.0,0.0,0.0,0.0
2026-09-26T15:59:34.355061+00:00,0.0,0.0,0.0,0.0
2026-09-26T15:59:35.406818+00:00,0.0,0.0,0.0,0.0
2026-09-26T15:59:36.459173+00:00,0.0,0.0,0.0,0.0
2026-09-26T15:59:37.508293+00:00,0.0,0.0,0.0,0.0
2026-09-26T15:59:38.559506+00:00,0.0,0.0,0.0,0.0
2026-09-26T15:59:39.609290+00:00,0.0,0.0,0.0,0.0
2026-09-26T15:59:40.659563+00:00,0.0,0.0,0.0,0.0
2026-09-26T15:59:41.709873+00:00,0.0,0.0,0.0,0.0
2026-09-26T15:59:42.760089+00:00,0.0,0.0,0.0,0.0
2026-09-26T15:59:43.809329+00:00,0.0,0.0,0.0,0.0
2026-09-26T15:59:44.856643+00:00,0.0,0.0,0.0,0.0
2026-09-26T15:59:45.905972+00:00,0.0,0.0,0.0,0.0
2026-09-26T15:59:46.955368+00:00,0.0,0.0,0.0,0.0
2026-09-26T15:59:48.006250+00:00,0.0,0.0,0.0,0.0
2026-09-26T15:59:49.056044+00:00,0.0,0.0,0.0,0.0
2026-09-26T15:59:50.108007+00:00,0.0,0.0,0.0,0.0
2026-09-26T15:59:51.159206+00:00,0.0,0.0,0.0,0.0
2026-09-26T15:59:52.208633+00:00,0.0,0.0,0.0,0.0
2026-09-26T15:59:53.258954+00:00,0.0,0.0,0.0,0.0
2026-09-26T15:59:54.310379+00:00,0.0,0.0,0.0,0.0
2026-09-26T15:59:55.360423+00:00,0.0,0.0,0.0,0.0
2026-09-26T15:59:56.409368+00:00,0.0,0.0,0.0,0.0
2026-09-26T15:59:57.457203+00:00,0.0,0.0,0.0,0.0
2026-09-26T15:59:58.506780+00:00,0.0,0.0,0.0,0.0
2026-09-26T15:59:59.556940+00:00,0.0,0.0,0.0,0.0
2026-09-26T16:00:00.607459+00:00,0.0,0.0,0.0,0.0
2026-09-26T16:00:01.656661+00:00,0.0,0.0,0.0,0.0
2026-09-26T16:00:02.708070+00:00,0.0,0.0,0.0,0.0
2026-09-26T16:00:03.760325+00:00,0.0,0.0,0.0,0.0
2026-09-26T16:00:04.810044+00:00,0.0,0.0,0.0,0.0
2026-09-26T16:00:05.859861+00:00,0.0,0.0,0.0,0.0
2026-09-26T16:00:06.909996+00:00,0.0,0.0,0.0,0.0
2026-09-26T16:00:07.960259+00:00,0.0,0.0,0.0,0.0
2026-09-26T16:00:09.009010+00:00,0.0,0.0,0.0,0.0
2026-09-26T16:00:10.056983+00:00,0.0,0.0,0.0,0.0
2026-09-26T16:00:11.107151+00:00,0.0,0.0,0.0,0.0
2026-09-26T16:00:12.157913+00:00,0.0,0.0,0.0,0.0
2026-09-26T16:00:13.210042+00:00,0.0,0.0,0.0,0.0
2026-09-26T16:00:14.259639+00:00,0.0,0.0,0.0,0.0
2026-09-26T16:00:15.312679+00:00,0.0,0.0,0.0,0.0
2026-09-26T16:00:16.365049+00:00,0.0,0.0,0.0,0.0
2026-09-26T16:00:17.414537+00:00,0.0,0.0,0.0,0.0
2026-09-26T16:00:18.468041+00:00,0.0,0.0,0.0,0.0
2026-09-26T16:00:19.518629+00:00,0.0,0.0,0.0,0.0
2026-09-26T16:00:20.569334+00:00,0.0,0.0,0.0,0.0
2026-09-26T16:00:21.616289+00:00,0.0,0.0,0.0,0.0
2026-09-26T16:00:22.664839+00:00,0.0,0.0,0.0,0.0
2026-09-26T16:00:23.716045+00:00,0.0,0.0,0.0,0.0
2026-09-26T16:00:24.766576+00:00,0.0,0.0,0.0,0.0
2026-09-26T16:00:25.816771+00:00,0.0,0.0,0.0,0.0
2026-09-26T16:00:26.868156+00:00,0.0,0.0,0.0,0.0
2026-09-26T16:00:27.917949+00:00,0.0,0.0,0.0,0.0
2026-09-26T16:00:28.968951+00:00,0.0,0.0,0.0,0.0
2026-09-26T16:00:30.021545+00:00,0.0,0.0,0.0,0.0
2026-09-26T16:00:31.071347+00:00,0.0,0.0,0.0,0.0
2026-09-26T16:00:32.125117+00:00,0.0,0.0,0.0,0.0
2026-09-26T16:00:33.174442+00:00,0.0,0.0,0.0,0.0
2026-09-26T16:00:34.222461+00:00,0.0,0.0,0.0,0.0
2026-09-26T16:00:35.271458+00:00,0.0,0.0,0.0,0.0
2026-09-26T16:00:36.321481+00:00,0.0,0.0,0.0,0.0
2026-09-26T16:00:37.372355+00:00,0.0,0.0,0.0,0.0
2026-09-26T16:00:38.421623+00:00,0.0,0.0,0.0,0.0
2026-09-26T16:00:39.471657+00:00,0.0,0.0,0.0,0.0
2026-09-26T16:00:40.522649+00:00,0.0,0.0,0.0,0.0
2026-09-26T16:00:41.573188+00:00,0.0,0.0,0.0,0.0
2026-09-26T16:00:42.624113+00:00,0.0,0.0,0.0,0.0
2026-09-26T16:00:43.674462+00:00,0.0,0.0,0.0,0.0
2026-09-26T16:00:44.724993+00:00,0.0,0.0,0.0,0.0
2026-09-26T16:00:45.775036+00:00,0.0,0.0,0.0,0.0
2026-09-26T16:00:46.822006+00:00,0.0,0.0,0.0,0.0
2026-09-26T16:00:47.870030+00:00,0.0,0.0,0.0,0.0
2026-09-26T16:00:48.921145+00:00,0.0,0.0,0.0,0.0
2026-09-26T16:00:49.972519+00:00,0.0,0.0,0.0,0.0
2026-09-26T16:00:51.022439+00:00,0.0,0.0,0.0,0.0
2026-09-26T16:00:52.073098+00:00,0.0,0.0,0.0,0.0
2026-09-26T16:00:53.124671+00:00,0.0,0.0,0.0,0.0
2026-09-26T16:00:54.175393+00:00,0.0,0.0,0.0,0.0
2026-09-26T16:00:55.226501+00:00,0.0,0.0,0.0,0.0
2026-09-26T16:00:56.278124+00:00,0.0,0.0,0.0,0.0
2026-09-26T16:00:57.328870+00:00,0.0,0.0,0.0,0.0
2026-09-26T16:00:58.376707+00:00,0.0,0.0,0.0,0.0
2026-09-26T16:00:59.424464+00:00,0.0,0.0,0.0,0.0
2026-09-26T16:01:00.474757+00:00,0.0,0.0,0.0,0.0
2026-09-26T16:01:01.524854+00:00,0.0,0.0,0.0,0.0
2026-09-26T16:01:02.575324+00:00,0.0,0.0,0.0,0.0
2026-09-26T16:01:03.626976+00:00,0.0,0.0,0.0,0.0
2026-09-26T16:01:04.677056+00:00,0.0,0.0,0.0,0.0
2026-09-26T16:01:05.728237+00:00,0.0,0.0,0.0,0.0
2026-09-26T16:01:06.779739+00:00,0.0,0.0,0.0,0.0
2026-09-26T16:01:07.829105+00:00,0.0,0.0,0.0,0.0
2026-09-26T16:01:08.879894+00:00,0.0,0.0,0.0,0.0
2026-09-26T16:01:09.931262+00:00,0.0,0.0,0.0,0.0
2026-09-26T16:01:10.979042+00:00,0.0,0.0,0.0,0.0
2026-09-26T16:01:12.027977+00:00,0.0,0.0,0.0,0.0
2026-09-26T16:01:13.077746+00:00,0.0,0.0,0.0,0.0
2026-09-26T16:01:14.129931+00:00,0.0,0.0,0.0,0.0
2026-09-26T16:01:15.180937+00:00,0.0,0.0,0.0,0.0
2026-09-26T16:01:16.231183+00:00,0.0,0.0,0.0,0.0
2026-09-26T16:01:17.282393+00:00,0.0,0.0,0.0,0.0
2026-09-26T16:01:18.332213+00:00,0.0,0.0,0.0,0.0
2026-09-26T16:01:19.383236+00:00,0.0,0.0,0.0,0.0
2026-09-26T16:01:20.433382+00:00,0.0,0.0,0.0,0.0
2026-09-26T16:01:21.483504+00:00,0.0,0.0,0.0,0.0
2026-09-26T16:01:22.535636+00:00,0.0,0.0,0.0,0.0
2026-09-26T16:01:23.583453+00:00,0.0,0.0,0.0,0.0
2026-09-26T16:01:24.632957+00:00,0.0,0.0,0.0,0.0
2026-09-26T16:01:25.680456+00:00,0.0,0.0,0.0,0.0
2026-09-26T16:01:26.732011+00:00,0.0,0.0,0.0,0.0
2026-09-26T16:01:27.783094+00:00,0.0,0.0,0.0,0.0
2026-09-26T16:01:28.833313+00:00,0.0,0.0,0.0,0.0
2026-09-26T16:01:29.885666+00:00,0.0,0.0,0.0,0.0
2026-09-26T16:01:30.936417+00:00,0.0,0.0,0.0,0.0
2026-09-26T16:01:31.986789+00:00,0.0,0.0,0.0,0.0
2026-09-26T16:01:33.037807+00:00,0.0,0.0,0.0,0.0
2026-09-26T16:01:34.087483+00:00,0.0,0.0,0.0,0.0
2026-09-26T16:01:35.137946+00:00,0.0,0.0,0.0,0.0
2026-09-26T16:01:36.187486+00:00,0.0,0.0,0.0,0.0
2026-09-26T16:01:37.237751+00:00,0.0,0.0,0.0,0.0
2026-09-26T16:01:38.286721+00:00,0.0,0.0,0.0,0.0
2026-09-26T16:01:39.336868+00:00,0.0,0.0,0.0,0.0
2026-09-26T16:01:40.387887+00:00,0.0,0.0,0.0,0.0
2026-09-26T16:01:41.437212+00:00,0.0,0.0,0.0,0.0
2026-09-26T16:01:42.488648+00:00,0.0,0.0,0.0,0.0
2026-09-26T16:01:43.540167+00:00,0.0,0.0,0.0,0.0
2026-09-26T16:01:44.590154+00:00,0.0,0.0,0.0,0.0
2026-09-26T16:01:45.641425+00:00,0.0,0.0,0.0,0.0
2026-09-26T16:01:46.681970+00:00,0.0,0.0,0.0,0.0
2026-09-26T16:01:47.731801+00:00,0.0,0.0,0.0,0.0
2026-09-26T16:01:48.781140+00:00,0.0,0.0,0.0,0.0
2026-09-26T16:01:49.829447+00:00,0.0,0.0,0.0,0.0
2026-09-26T16:01:50.880881+00:00,0.0,0.0,0.0,0.0
2026-09-26T16:01:51.931461+00:00,0.0,0.0,0.0,0.0
2026-09-26T16:01:52.981726+00:00,0.0,0.0,0.0,0.0
2026-09-26T16:01:54.032344+00:00,0.0,0.0,0.0,0.0
2026-09-26T16:01:55.077011+00:00,0.0,0.0,0.0,0.0
2026-09-26T16:01:56.126384+00:00,0.0,0.0,0.0,0.0
2026-09-26T16:01:57.176949+00:00,0.0,0.0,0.0,0.0
2026-09-26T16:01:58.229208+00:00,0.0,0.0,0.0,0.0
2026-09-26T16:01:59.279149+00:00,0.0,0.0,0.0,0.0
2026-09-26T16:02:00.331363+00:00,0.0,0.0,0.0,0.0
2026-09-26T16:02:01.380399+00:00,0.0,0.0,0.0,0.0
2026-09-26T16:02:02.428388+00:00,0.0,0.0,0.0,0.0
2026-09-26T16:02:03.479938+00:00,0.0,0.0,0.0,0.0
2026-09-26T16:02:04.527825+00:00,0.0,0.0,0.0,0.0
2026-09-26T16:02:05.579281+00:00,0.0,0.0,0.0,0.0
2026-09-26T16:02:06.628240+00:00,0.0,0.0,0.0,0.0
2026-09-26T16:02:07.679317+00:00,0.0,0.0,0.0,0.0
2026-09-26T16:02:08.730072+00:00,0.0,0.0,0.0,0.0
2026-09-26T16:02:09.782428+00:00,0.0,0.0,0.0,0.0
2026-09-26T16:02:10.833177+00:00,0.0,0.0,0.0,0.0
2026-09-26T16:02:11.885353+00:00,0.0,0.0,0.0,0.0
2026-09-26T16:02:12.936060+00:00,0.0,0.0,0.0,0.0
2026-09-26T16:02:13.984133+00:00,0.0,0.0,0.0,0.0
2026-09-26T16:02:15.032139+00:00,0.0,0.0,0.0,0.0
2026-09-26T16:02:16.083799+00:00,0.0,0.0,0.0,0.0
2026-09-26T16:02:17.134300+00:00,0.0,0.0,0.0,0.0
2026-09-26T16:02:18.185052+00:00,0.0,0.0,0.0,0.0
2026-09-26T16:02:19.235836+00:00,0.0,0.0,0.0,0.0
2026-09-26T16:02:20.286559+00:00,0.0,0.0,0.0,0.0
2026-09-26T16:02:21.337204+00:00,0.0,0.0,0.0,0.0
2026-09-26T16:02:22.388808+00:00,0.0,0.0,0.0,0.0
2026-09-26T16:02:23.440742+00:00,0.0,0.0,0.0,0.0
2026-09-26T16:02:24.490648+00:00,0.0,0.0,0.0,0.0
2026-09-26T16:02:25.541963+00:00,0.0,0.0,0.0,0.0
2026-09-26T16:02:26.590444+00:00,0.0,0.0,0.0,0.0
2026-09-26T16:02:27.639372+00:00,0.0,0.0,0.0,0.0
2026-09-26T16:02:28.691126+00:00,0.0,0.0,0.0,0.0
2026-09-26T16:02:29.741117+00:00,0.0,0.0,0.0,0.0
2026-09-26T16:02:30.794410+00:00,0.0,0.0,0.0,0.0
2026-09-26T16:02:31.846392+00:00,0.0,0.0,0.0,0.0
2026-09-26T16:02:32.896899+00:00,0.0,0.0,0.0,0.0
2026-09-26T16:02:33.948009+00:00,0.0,0.0,0.0,0.0
2026-09-26T16:02:34.999186+00:00,0.0,0.0,0.0,0.0
2026-09-26T16:02:36.048628+00:00,0.0,0.0,0.0,0.0
2026-09-26T16:02:37.099470+00:00,0.0,0.0,0.0,0.0
2026-09-26T16:02:38.150261+00:00,0.0,0.0,0.0,0.0
2026-09-26T16:02:39.197888+00:00,0.0,0.0,0.0,0.0
2026-09-26T16:02:40.246822+00:00,0.0,0.0,0.0,0.0
2026-09-26T16:02:41.297156+00:00,0.0,0.0,0.0,0.0
2026-09-26T16:02:42.348738+00:00,0.0,0.0,0.0,0.0
2026-09-26T16:02:43.400001+00:00,0.0,0.0,0.0,0.0
2026-09-26T16:02:44.450507+00:00,0.0,0.0,0.0,0.0
2026-09-26T16:02:45.502524+00:00,0.0,0.0,0.0,0.0
2026-09-26T16:02:46.553651+00:00,0.0,0.0,0.0,0.0
2026-09-26T16:02:47.603668+00:00,0.0,0.0,0.0,0.0
2026-09-26T16:02:48.654552+00:00,0.0,0.0,0.0,0.0
2026-09-26T16:02:49.705769+00:00,0.0,0.0,0.0,0.0
2026-09-26T16:02:50.752742+00:00,0.0,0.0,0.0,0.0
2026-09-26T16:02:51.801531+00:00,0.0,0.0,0.0,0.0
2026-09-26T16:02:52.848264+00:00,0.0,0.0,0.0,0.0
2026-09-26T16:02:53.899085+00:00,0.0,0.0,0.0,0.0
2026-09-26T16:02:54.949737+00:00,0.0,0.0,0.0,0.0
2026-09-26T16:02:56.000690+00:00,0.0,0.0,0.0,0.0
2026-09-26T16:02:57.051820+00:00,0.0,0.0,0.0,0.0
2026-09-26T16:02:58.102775+00:00,0.0,0.0,0.0,0.0
2026-09-26T16:02:59.154051+00:00,0.0,0.0,0.0,0.0
2026-09-26T16:03:00.204481+00:00,0.0,0.0,0.0,0.0
2026-09-26T16:03:01.257559+00:00,0.0,0.0,0.0,0.0
2026-09-26T16:03:02.308811+00:00,0.0,0.0,0.0,0.0
2026-09-26T16:03:03.361386+00:00,0.0,0.0,0.0,0.0
2026-09-26T16:03:04.408250+00:00,0.0,0.0,0.0,0.0
2026-09-26T16:03:05.457897+00:00,0.0,0.0,0.0,0.0
2026-09-26T16:03:06.507333+00:00,0.0,0.0,0.0,0.0
2026-09-26T16:03:07.557817+00:00,0.0,0.0,0.0,0.0
2026-09-26T16:03:08.607636+00:00,0.0,0.0,0.0,0.0
2026-09-26T16:03:09.658261+00:00,0.0,0.0,0.0,0.0
2026-09-26T16:03:10.709638+00:00,0.0,0.0,0.0,0.0
2026-09-26T16:03:11.759806+00:00,0.0,0.0,0.0,0.0
2026-09-26T16:03:12.810653+00:00,0.0,0.0,0.0,0.0
2026-09-26T16:03:13.861510+00:00,0.0,0.0,0.0,0.0
2026-09-26T16:03:14.912794+00:00,0.0,0.0,0.0,0.0
2026-09-26T16:03:15.963913+00:00,0.0,0.0,0.0,0.0
2026-09-26T16:03:17.012993+00:00,0.0,0.0,0.0,0.0
2026-09-26T16:03:18.061234+00:00,0.0,0.0,0.0,0.0
2026-09-26T16:03:19.114405+00:00,0.0,0.0,0.0,0.0
2026-09-26T16:03:20.165051+00:00,0.0,0.0,0.0,0.0
2026-09-26T16:03:21.214824+00:00,0.0,0.0,0.0,0.0
2026-09-26T16:03:22.266042+00:00,0.0,0.0,0.0,0.0
2026-09-26T16:03:23.315612+00:00,0.0,0.0,0.0,0.0
2026-09-26T16:03:24.366022+00:00,0.0,0.0,0.0,0.0
2026-09-26T16:03:25.419895+00:00,0.0,0.0,0.0,0.0
2026-09-26T16:03:26.472473+00:00,0.0,0.0,0.0,0.0
2026-09-26T16:03:27.522271+00:00,0.0,0.0,0.0,0.0
2026-09-26T16:03:28.573290+00:00,0.0,0.0,0.0,0.0
2026-09-26T16:03:29.622773+00:00,0.0,0.0,0.0,0.0
2026-09-26T16:03:30.671251+00:00,0.0,0.0,0.0,0.0
2026-09-26T16:03:31.719721+00:00,0.0,0.0,0.0,0.0
2026-09-26T16:03:32.763417+00:00,0.0,0.0,0.0,0.0
2026-09-26T16:03:33.813504+00:00,0.0,0.0,0.0,0.0
2026-09-26T16:03:34.864385+00:00,0.0,0.0,0.0,0.0
2026-09-26T16:03:35.914715+00:00,0.0,0.0,0.0,0.0
2026-09-26T16:03:36.966330+00:00,0.0,0.0,0.0,0.0
2026-09-26T16:03:38.017480+00:00,0.0,0.0,0.0,0.0
2026-09-26T16:03:39.067251+00:00,0.0,0.0,0.0,0.0
2026-09-26T16:03:40.118295+00:00,0.0,0.0,0.0,0.0
2026-09-26T16:03:41.169661+00:00,0.0,0.0,0.0,0.0
2026-09-26T16:03:42.217097+00:00,0.0,0.0,0.0,0.0
2026-09-26T16:03:43.265855+00:00,0.0,0.0,0.0,0.0
2026-09-26T16:03:44.314753+00:00,0.0,0.0,0.0,0.0
2026-09-26T16:03:45.364159+00:00,0.0,0.0,0.0,0.0
2026-09-26T16:03:46.408545+00:00,0.0,0.0,0.0,0.0
2026-09-26T16:03:47.459235+00:00,0.0,0.0,0.0,0.0
2026-09-26T16:03:48.511111+00:00,0.0,0.0,0.0,0.0
2026-09-26T16:03:49.561435+00:00,0.0,0.0,0.0,0.0
2026-09-26T16:03:50.612767+00:00,0.0,0.0,0.0,0.0
2026-09-26T16:03:51.664568+00:00,0.0,0.0,0.0,0.0
2026-09-26T16:03:52.714850+00:00,0.0,0.0,0.0,0.0
2026-09-26T16:03:53.765975+00:00,0.0,0.0,0.0,0.0
2026-09-26T16:03:54.815298+00:00,0.0,0.0,0.0,0.0
2026-09-26T16:03:55.864614+00:00,0.0,0.0,0.0,0.0
2026-09-26T16:03:56.913367+00:00,0.0,0.0,0.0,0.0
2026-09-26T16:03:57.964228+00:00,0.0,0.0,0.0,0.0
2026-09-26T16:03:59.015038+00:00,0.0,0.0,0.0,0.0
2026-09-26T16:04:00.064343+00:00,0.0,0.0,0.0,0.0
2026-09-26T16:04:01.116117+00:00,0.0,0.0,0.0,0.0
2026-09-26T16:04:02.167095+00:00,0.0,0.0,0.0,0.0
2026-09-26T16:04:03.217723+00:00,0.0,0.0,0.0,0.0
2026-09-26T16:04:04.270999+00:00,0.0,0.0,0.0,0.0
2026-09-26T16:04:05.323219+00:00,0.0,0.0,0.0,0.0
2026-09-26T16:04:06.374004+00:00,0.0,0.0,0.0,0.0
2026-09-26T16:04:07.422893+00:00,0.0,0.0,0.0,0.0
2026-09-26T16:04:08.471699+00:00,0.0,0.0,0.0,0.0
2026-09-26T16:04:09.520516+00:00,0.0,0.0,0.0,0.0
2026-09-26T16:04:10.570207+00:00,0.0,0.0,0.0,0.0
2026-09-26T16:04:11.622152+00:00,0.0,0.0,0.0,0.0
2026-09-26T16:04:12.674616+00:00,0.0,0.0,0.0,0.0
2026-09-26T16:04:13.724195+00:00,0.0,0.0,0.0,0.0
2026-09-26T16:04:14.776787+00:00,0.0,0.0,0.0,0.0
2026-09-26T16:04:15.829271+00:00,0.0,0.0,0.0,0.0
2026-09-26T16:04:16.880427+00:00,0.0,0.0,0.0,0.0
2026-09-26T16:04:17.931692+00:00,0.0,0.0,0.0,0.0
2026-09-26T16:04:18.982542+00:00,0.0,0.0,0.0,0.0
2026-09-26T16:04:20.032221+00:00,0.0,0.0,0.0,0.0
2026-09-26T16:04:21.079858+00:00,0.0,0.0,0.0,0.0
2026-09-26T16:04:22.134918+00:00,0.0,0.0,0.0,0.0
2026-09-26T16:04:23.186494+00:00,0.0,0.0,0.0,0.0
2026-09-26T16:04:24.237438+00:00,0.0,0.0,0.0,0.0
2026-09-26T16:04:25.287530+00:00,0.0,0.0,0.0,0.0
2026-09-26T16:04:26.338635+00:00,0.0,0.0,0.0,0.0
2026-09-26T16:04:27.390178+00:00,0.0,0.0,0.0,0.0
2026-09-26T16:04:28.438876+00:00,0.0,0.0,0.0,0.0
2026-09-26T16:04:29.491524+00:00,0.0,0.0,0.0,0.0
2026-09-26T16:04:30.540922+00:00,0.0,0.0,0.0,0.0
2026-09-26T16:04:31.591971+00:00,0.0,0.0,0.0,0.0
2026-09-26T16:04:32.643630+00:00,0.0,0.0,0.0,0.0
2026-09-26T16:04:33.691159+00:00,0.0,0.0,0.0,0.0
2026-09-26T16:04:34.740106+00:00,0.0,0.0,0.0,0.0
2026-09-26T16:04:35.790961+00:00,0.0,0.0,0.0,0.0
2026-09-26T16:04:36.842573+00:00,0.0,0.0,0.0,0.0
2026-09-26T16:04:37.894735+00:00,0.0,0.0,0.0,0.0
2026-09-26T16:04:38.944341+00:00,0.0,0.0,0.0,0.0
2026-09-26T16:04:39.995867+00:00,0.0,0.0,0.0,0.0
2026-09-26T16:04:41.047479+00:00,0.0,0.0,0.0,0.0
2026-09-26T16:04:42.098751+00:00,0.0,0.0,0.0,0.0
2026-09-26T16:04:43.151604+00:00,0.0,0.0,0.0,0.0
2026-09-26T16:04:44.203596+00:00,0.0,0.0,0.0,0.0
2026-09-26T16:04:45.255738+00:00,0.0,0.0,0.0,0.0
2026-09-26T16:04:46.305020+00:00,0.0,0.0,0.0,0.0
2026-09-26T16:04:47.353748+00:00,0.0,0.0,0.0,0.0
2026-09-26T16:04:48.401512+00:00,0.0,0.0,0.0,0.0
2026-09-26T16:04:49.453293+00:00,0.0,0.0,0.0,0.0
2026-09-26T16:04:50.502389+00:00,0.0,0.0,0.0,0.0
2026-09-26T16:04:51.553129+00:00,0.0,0.0,0.0,0.0
2026-09-26T16:04:52.603697+00:00,0.0,0.0,0.0,0.0
2026-09-26T16:04:53.652992+00:00,0.0,0.0,0.0,0.0
2026-09-26T16:04:54.703999+00:00,0.0,0.0,0.0,0.0
2026-09-26T16:04:55.753762+00:00,0.0,0.0,0.0,0.0
2026-09-26T16:04:56.806879+00:00,0.0,0.0,0.0,0.0
2026-09-26T16:04:57.858225+00:00,0.0,0.0,0.0,0.0
2026-09-26T16:04:58.907718+00:00,0.0,0.0,0.0,0.0
2026-09-26T16:04:59.956470+00:00,0.0,0.0,0.0,0.0
2026-09-26T16:05:01.005346+00:00,0.0,0.0,0.0,0.0
2026-09-26T16:05:02.058028+00:00,0.0,0.0,0.0,0.0
2026-09-26T16:05:03.109530+00:00,0.0,0.0,0.0,0.0
2026-09-26T16:05:04.161891+00:00,0.0,0.0,0.0,0.0
2026-09-26T16:05:05.210023+00:00,0.0,0.0,0.0,0.0
2026-09-26T16:05:06.261284+00:00,0.0,0.0,0.0,0.0
2026-09-26T16:05:07.310961+00:00,0.0,0.0,0.0,0.0
2026-09-26T16:05:08.361442+00:00,0.0,0.0,0.0,0.0
2026-09-26T16:05:09.412032+00:00,0.0,0.0,0.0,0.0
2026-09-26T16:05:10.462285+00:00,0.0,0.0,0.0,0.0
2026-09-26T16:05:11.510760+00:00,0.0,0.0,0.0,0.0
2026-09-26T16:05:12.558211+00:00,0.0,0.0,0.0,0.0
2026-09-26T16:05:13.605913+00:00,0.0,0.0,0.0,0.0
2026-09-26T16:05:14.656280+00:00,0.0,0.0,0.0,0.0
2026-09-26T16:05:15.705854+00:00,0.0,0.0,0.0,0.0
2026-09-26T16:05:16.756756+00:00,0.0,0.0,0.0,0.0
2026-09-26T16:05:17.809340+00:00,0.0,0.0,0.0,0.0
2026-09-26T16:05:18.860731+00:00,0.0,0.0,0.0,0.0
2026-09-26T16:05:19.910715+00:00,0.0,0.0,0.0,0.0
2026-09-26T16:05:20.962095+00:00,0.0,0.0,0.0,0.0
2026-09-26T16:05:22.011708+00:00,0.0,0.0,0.0,0.0
2026-09-26T16:05:23.062967+00:00,0.0,0.0,0.0,0.0
2026-09-26T16:05:24.112655+00:00,0.0,0.0,0.0,0.0
2026-09-26T16:05:25.162455+00:00,0.0,0.0,0.0,0.0
2026-09-26T16:05:26.212294+00:00,0.0,0.0,0.0,0.0
2026-09-26T16:05:27.262139+00:00,0.0,0.0,0.0,0.0
2026-09-26T16:05:28.313366+00:00,0.0,0.0,0.0,0.0
2026-09-26T16:05:29.364817+00:00,0.0,0.0,0.0,0.0
2026-09-26T16:05:30.415205+00:00,0.0,0.0,0.0,0.0
2026-09-26T16:05:31.466765+00:00,0.0,0.0,0.0,0.0
2026-09-26T16:05:32.518164+00:00,0.0,0.0,0.0,0.0
2026-09-26T16:05:33.569057+00:00,0.0,0.0,0.0,0.0
2026-09-26T16:05:34.618835+00:00,0.0,0.0,0.0,0.0
2026-09-26T16:05:35.669911+00:00,0.0,0.0,0.0,0.0
2026-09-26T16:05:36.720761+00:00,0.0,0.0,0.0,0.0
2026-09-26T16:05:37.770211+00:00,0.0,0.0,0.0,0.0
2026-09-26T16:05:38.817626+00:00,0.0,0.0,0.0,0.0
2026-09-26T16:05:39.869436+00:00,0.0,0.0,0.0,0.0
2026-09-26T16:05:40.920135+00:00,0.0,0.0,0.0,0.0
2026-09-26T16:05:41.971070+00:00,0.0,0.0,0.0,0.0
2026-09-26T16:05:43.024694+00:00,0.0,0.0,0.0,0.0
2026-09-26T16:05:44.075361+00:00,0.0,0.0,0.0,0.0
2026-09-26T16:05:45.127269+00:00,0.0,0.0,0.0,0.0
2026-09-26T16:05:46.178615+00:00,0.0,0.0,0.0,0.0
2026-09-26T16:05:47.229896+00:00,0.0,0.0,0.0,0.0
2026-09-26T16:05:48.279189+00:00,0.0,0.0,0.0,0.0
2026-09-26T16:05:49.330445+00:00,0.0,0.0,0.0,0.0
2026-09-26T16:05:50.380052+00:00,0.0,0.0,0.0,0.0
2026-09-26T16:05:51.427440+00:00,0.0,0.0,0.0,0.0
2026-09-26T16:05:52.474765+00:00,0.0,0.0,0.0,0.0
2026-09-26T16:05:53.527772+00:00,0.0,0.0,0.0,0.0
2026-09-26T16:05:54.579777+00:00,0.0,0.0,0.0,0.0
2026-09-26T16:05:55.629650+00:00,0.0,0.0,0.0,0.0
2026-09-26T16:05:56.680936+00:00,0.0,0.0,0.0,0.0
2026-09-26T16:05:57.732750+00:00,0.0,0.0,0.0,0.0
2026-09-26T16:05:58.783225+00:00,0.0,0.0,0.0,0.0
2026-09-26T16:05:59.834941+00:00,0.0,0.0,0.0,0.0
2026-09-26T16:06:00.885905+00:00,0.0,0.0,0.0,0.0
2026-09-26T16:06:01.936330+00:00,0.0,0.0,0.0,0.0
2026-09-26T16:06:02.984664+00:00,0.0,0.0,0.0,0.0
2026-09-26T16:06:04.032682+00:00,0.0,0.0,0.0,0.0
2026-09-26T16:06:05.081984+00:00,0.0,0.0,0.0,0.0
2026-09-26T16:06:06.132771+00:00,0.0,0.0,0.0,0.0
2026-09-26T16:06:07.184348+00:00,0.0,0.0,0.0,0.0
2026-09-26T16:06:08.234201+00:00,0.0,0.0,0.0,0.0
2026-09-26T16:06:09.283877+00:00,0.0,0.0,0.0,0.0
2026-09-26T16:06:10.335694+00:00,0.0,0.0,0.0,0.0
2026-09-26T16:06:11.385837+00:00,0.0,0.0,0.0,0.0
2026-09-26T16:06:12.436045+00:00,0.0,0.0,0.0,0.0
2026-09-26T16:06:13.488201+00:00,0.0,0.0,0.0,0.0
2026-09-26T16:06:14.538709+00:00,0.0,0.0,0.0,0.0
2026-09-26T16:06:15.590995+00:00,0.0,0.0,0.0,0.0
2026-09-26T16:06:16.641051+00:00,0.0,0.0,0.0,0.0
2026-09-26T16:06:17.689317+00:00,0.0,0.0,0.0,0.0
2026-09-26T16:06:18.742569+00:00,0.0,0.0,0.0,0.0
2026-09-26T16:06:19.794423+00:00,0.0,0.0,0.0,0.0
2026-09-26T16:06:20.838952+00:00,0.0,0.0,0.0,0.0
2026-09-26T16:06:21.889845+00:00,0.0,0.0,0.0,0.0
2026-09-26T16:06:22.940651+00:00,0.0,0.0,0.0,0.0
2026-09-26T16:06:23.993279+00:00,0.0,0.0,0.0,0.0
2026-09-26T16:06:25.044344+00:00,0.0,0.0,0.0,0.0
2026-09-26T16:06:26.094308+00:00,0.0,0.0,0.0,0.0
2026-09-26T16:06:27.144875+00:00,0.0,0.0,0.0,0.0
2026-09-26T16:06:28.195110+00:00,0.0,0.0,0.0,0.0
2026-09-26T16:06:29.243597+00:00,0.0,0.0,0.0,0.0
2026-09-26T16:06:30.292288+00:00,0.0,0.0,0.0,0.0
2026-09-26T16:06:31.341368+00:00,0.0,0.0,0.0,0.0
2026-09-26T16:06:32.391840+00:00,0.0,0.0,0.0,0.0
2026-09-26T16:06:33.442641+00:00,0.0,0.0,0.0,0.0
2026-09-26T16:06:34.492677+00:00,0.0,0.0,0.0,0.0
2026-09-26T16:06:35.542805+00:00,0.0,0.0,0.0,0.0
2026-09-26T16:06:36.593689+00:00,0.0,0.0,0.0,0.0
2026-09-26T16:06:37.642802+00:00,0.0,0.0,0.0,0.0
2026-09-26T16:06:38.693868+00:00,0.0,0.0,0.0,0.0
2026-09-26T16:06:39.743980+00:00,0.0,0.0,0.0,0.0
2026-09-26T16:06:40.796201+00:00,0.0,0.0,0.0,0.0
2026-09-26T16:06:41.846629+00:00,0.0,0.0,0.0,0.0
2026-09-26T16:06:42.895527+00:00,0.0,0.0,0.0,0.0
2026-09-26T16:06:43.944712+00:00,0.0,0.0,0.0,0.0
2026-09-26T16:06:44.994400+00:00,0.0,0.0,0.0,0.0
2026-09-26T16:06:46.044506+00:00,0.0,0.0,0.0,0.0
2026-09-26T16:06:47.095189+00:00,0.0,0.0,0.0,0.0
2026-09-26T16:06:48.146270+00:00,0.0,0.0,0.0,0.0
2026-09-26T16:06:49.196697+00:00,0.0,0.0,0.0,0.0
2026-09-26T16:06:50.247790+00:00,0.0,0.0,0.0,0.0
2026-09-26T16:06:51.298486+00:00,0.0,0.0,0.0,0.0
2026-09-26T16:06:52.350269+00:00,0.0,0.0,0.0,0.0
2026-09-26T16:06:53.401474+00:00,0.0,0.0,0.0,0.0
2026-09-26T16:06:54.452077+00:00,0.0,0.0,0.0,0.0
2026-09-26T16:06:55.500888+00:00,0.0,0.0,0.0,0.0
2026-09-26T16:06:56.548956+00:00,0.0,0.0,0.0,0.0
2026-09-26T16:06:57.601595+00:00,0.0,0.0,0.0,0.0
2026-09-26T16:06:58.653442+00:00,0.0,0.0,0.0,0.0
2026-09-26T16:06:59.704164+00:00,0.0,0.0,0.0,0.0
2026-09-26T16:07:00.755182+00:00,0.0,0.0,0.0,0.0
2026-09-26T16:07:01.805733+00:00,0.0,0.0,0.0,0.0
2026-09-26T16:07:02.857233+00:00,0.0,0.0,0.0,0.0
2026-09-26T16:07:03.908721+00:00,0.0,0.0,0.0,0.0
2026-09-26T16:07:04.959418+00:00,0.0,0.0,0.0,0.0
2026-09-26T16:07:06.008745+00:00,0.0,0.0,0.0,0.0
2026-09-26T16:07:07.061261+00:00,0.0,0.0,0.0,0.0
2026-09-26T16:07:08.110754+00:00,0.0,0.0,0.0,0.0
2026-09-26T16:07:09.158100+00:00,0.0,0.0,0.0,0.0
2026-09-26T16:07:10.205992+00:00,0.0,0.0,0.0,0.0
2026-09-26T16:07:11.257507+00:00,0.0,0.0,0.0,0.0
2026-09-26T16:07:12.307836+00:00,0.0,0.0,0.0,0.0
2026-09-26T16:07:13.358737+00:00,0.0,0.0,0.0,0.0
2026-09-26T16:07:14.410273+00:00,0.0,0.0,0.0,0.0
2026-09-26T16:07:15.460906+00:00,0.0,0.0,0.0,0.0
2026-09-26T16:07:16.515877+00:00,0.0,0.0,0.0,0.0
2026-09-26T16:07:17.566295+00:00,0.0,0.0,0.0,0.0
2026-09-26T16:07:18.617702+00:00,0.0,0.0,0.0,0.0
2026-09-26T16:07:19.667659+00:00,0.0,0.0,0.0,0.0
2026-09-26T16:07:20.717672+00:00,0.0,0.0,0.0,0.0
2026-09-26T16:07:21.768811+00:00,0.0,0.0,0.0,0.0
2026-09-26T16:07:22.817574+00:00,0.0,0.0,0.0,0.0
2026-09-26T16:07:23.869134+00:00,0.0,0.0,0.0,0.0
2026-09-26T16:07:24.921066+00:00,0.0,0.0,0.0,0.0
2026-09-26T16:07:25.971321+00:00,0.0,0.0,0.0,0.0
2026-09-26T16:07:27.022405+00:00,0.0,0.0,0.0,0.0
2026-09-26T16:07:28.073920+00:00,0.0,0.0,0.0,0.0
2026-09-26T16:07:29.124447+00:00,0.0,0.0,0.0,0.0
2026-09-26T16:07:30.175444+00:00,0.0,0.0,0.0,0.0
2026-09-26T16:07:31.226543+00:00,0.0,0.0,0.0,0.0
2026-09-26T16:07:32.277060+00:00,0.0,0.0,0.0,0.0
2026-09-26T16:07:33.328861+00:00,0.0,0.0,0.0,0.0
2026-09-26T16:07:34.377699+00:00,0.0,0.0,0.0,0.0
2026-09-26T16:07:35.426499+00:00,0.0,0.0,0.0,0.0
2026-09-26T16:07:36.476853+00:00,0.0,0.0,0.0,0.0
2026-09-26T16:07:37.528148+00:00,0.0,0.0,0.0,0.0
2026-09-26T16:07:38.579641+00:00,0.0,0.0,0.0,0.0
2026-09-26T16:07:39.629982+00:00,0.0,0.0,0.0,0.0
2026-09-26T16:07:40.681321+00:00,0.0,0.0,0.0,0.0
2026-09-26T16:07:41.731662+00:00,0.0,0.0,0.0,0.0
2026-09-26T16:07:42.781977+00:00,0.0,0.0,0.0,0.0
2026-09-26T16:07:43.833687+00:00,0.0,0.0,0.0,0.0
2026-09-26T16:07:44.889923+00:00,0.0,0.0,0.0,0.0
2026-09-26T16:07:45.941833+00:00,0.0,0.0,0.0,0.0
2026-09-26T16:07:46.991205+00:00,0.0,0.0,0.0,0.0
2026-09-26T16:07:48.039823+00:00,0.0,0.0,0.0,0.0
2026-09-26T16:07:49.087835+00:00,0.0,0.0,0.0,0.0
2026-09-26T16:07:50.139489+00:00,0.0,0.0,0.0,0.0
2026-09-26T16:07:51.191017+00:00,0.0,0.0,0.0,0.0
2026-09-26T16:07:52.241777+00:00,0.0,0.0,0.0,0.0
2026-09-26T16:07:53.292528+00:00,0.0,0.0,0.0,0.0
2026-09-26T16:07:54.343483+00:00,0.0,0.0,0.0,0.0
2026-09-26T16:07:55.394196+00:00,0.0,0.0,0.0,0.0
2026-09-26T16:07:56.445411+00:00,0.0,0.0,0.0,0.0
2026-09-26T16:07:57.499021+00:00,0.0,0.0,0.0,0.0
2026-09-26T16:07:58.550448+00:00,0.0,0.0,0.0,0.0
2026-09-26T16:07:59.598011+00:00,0.0,0.0,0.0,0.0
2026-09-26T16:08:00.646540+00:00,0.0,0.0,0.0,0.0
2026-09-26T16:08:01.695162+00:00,0.0,0.0,0.0,0.0
2026-09-26T16:08:02.745800+00:00,0.0,0.0,0.0,0.0
2026-09-26T16:08:03.796274+00:00,0.0,0.0,0.0,0.0
2026-09-26T16:08:04.846603+00:00,0.0,0.0,0.0,0.0
2026-09-26T16:08:05.896431+00:00,0.0,0.0,0.0,0.0
2026-09-26T16:08:06.947622+00:00,0.0,0.0,0.0,0.0
2026-09-26T16:08:07.997909+00:00,0.0,0.0,0.0,0.0
2026-09-26T16:08:09.048678+00:00,0.0,0.0,0.0,0.0
2026-09-26T16:08:10.099906+00:00,0.0,0.0,0.0,0.0
2026-09-26T16:08:11.148565+00:00,0.0,0.0,0.0,0.0
2026-09-26T16:08:12.197366+00:00,0.0,0.0,0.0,0.0
2026-09-26T16:08:13.245377+00:00,0.0,0.0,0.0,0.0
2026-09-26T16:08:14.294414+00:00,0.0,0.0,0.0,0.0
2026-09-26T16:08:15.344827+00:00,0.0,0.0,0.0,0.0
2026-09-26T16:08:16.397055+00:00,0.0,0.0,0.0,0.0
2026-09-26T16:08:17.447569+00:00,0.0,0.0,0.0,0.0
2026-09-26T16:08:18.498428+00:00,0.0,0.0,0.0,0.0
2026-09-26T16:08:19.549861+00:00,0.0,0.0,0.0,0.0
2026-09-26T16:08:20.601624+00:00,0.0,0.0,0.0,0.0
2026-09-26T16:08:21.652248+00:00,0.0,0.0,0.0,0.0
2026-09-26T16:08:22.703992+00:00,0.0,0.0,0.0,0.0
2026-09-26T16:08:23.755594+00:00,0.0,0.0,0.0,0.0
2026-09-26T16:08:24.803477+00:00,0.0,0.0,0.0,0.0
2026-09-26T16:08:25.851234+00:00,0.0,0.0,0.0,0.0
2026-09-26T16:08:26.898760+00:00,0.0,0.0,0.0,0.0
2026-09-26T16:08:27.949325+00:00,0.0,0.0,0.0,0.0
2026-09-26T16:08:28.999275+00:00,0.0,0.0,0.0,0.0
2026-09-26T16:08:30.050196+00:00,0.0,0.0,0.0,0.0
2026-09-26T16:08:31.100362+00:00,0.0,0.0,0.0,0.0
2026-09-26T16:08:32.150474+00:00,0.0,0.0,0.0,0.0
2026-09-26T16:08:33.202526+00:00,0.0,0.0,0.0,0.0
2026-09-26T16:08:34.253031+00:00,0.0,0.0,0.0,0.0
2026-09-26T16:08:35.304213+00:00,0.0,0.0,0.0,0.0
2026-09-26T16:08:36.356296+00:00,0.0,0.0,0.0,0.0
2026-09-26T16:08:37.403302+00:00,0.0,0.0,0.0,0.0
2026-09-26T16:08:38.453628+00:00,0.0,0.0,0.0,0.0
2026-09-26T16:08:39.500272+00:00,0.0,0.0,0.0,0.0
2026-09-26T16:08:40.556263+00:00,0.0,0.0,0.0,0.0
2026-09-26T16:08:41.607527+00:00,0.0,0.0,0.0,0.0
2026-09-26T16:08:42.657461+00:00,0.0,0.0,0.0,0.0
2026-09-26T16:08:43.708205+00:00,0.0,0.0,0.0,0.0
2026-09-26T16:08:44.759050+00:00,0.0,0.0,0.0,0.0
2026-09-26T16:08:45.808856+00:00,0.0,0.0,0.0,0.0
2026-09-26T16:08:46.859356+00:00,0.0,0.0,0.0,0.0
2026-09-26T16:08:47.911375+00:00,0.0,0.0,0.0,0.0
2026-09-26T16:08:48.961366+00:00,0.0,0.0,0.0,0.0
2026-09-26T16:08:50.012818+00:00,0.0,0.0,0.0,0.0
2026-09-26T16:08:51.063697+00:00,0.0,0.0,0.0,0.0
2026-09-26T16:08:52.111487+00:00,0.0,0.0,0.0,0.0
2026-09-26T16:08:53.159523+00:00,0.0,0.0,0.0,0.0
2026-09-26T16:08:54.211505+00:00,0.0,0.0,0.0,0.0
2026-09-26T16:08:55.264169+00:00,0.0,0.0,0.0,0.0
2026-09-26T16:08:56.315572+00:00,0.0,0.0,0.0,0.0
2026-09-26T16:08:57.365301+00:00,0.0,0.0,0.0,0.0
2026-09-26T16:08:58.418155+00:00,0.0,0.0,0.0,0.0
2026-09-26T16:08:59.469367+00:00,0.0,0.0,0.0,0.0
2026-09-26T16:09:00.519753+00:00,0.0,0.0,0.0,0.0
2026-09-26T16:09:01.570320+00:00,0.0,0.0,0.0,0.0
2026-09-26T16:09:02.621497+00:00,0.0,0.0,0.0,0.0
2026-09-26T16:09:03.671508+00:00,0.0,0.0,0.0,0.0
2026-09-26T16:09:04.720212+00:00,0.0,0.0,0.0,0.0
2026-09-26T16:09:05.767693+00:00,0.0,0.0,0.0,0.0
2026-09-26T16:09:06.817812+00:00,0.0,0.0,0.0,0.0
2026-09-26T16:09:07.867537+00:00,0.0,0.0,0.0,0.0
2026-09-26T16:09:08.922684+00:00,0.0,0.0,0.0,0.0
2026-09-26T16:09:09.975188+00:00,0.0,0.0,0.0,0.0
2026-09-26T16:09:11.026553+00:00,0.0,0.0,0.0,0.0
2026-09-26T16:09:12.077458+00:00,0.0,0.0,0.0,0.0
2026-09-26T16:09:13.128813+00:00,0.0,0.0,0.0,0.0
2026-09-26T16:09:14.179546+00:00,0.0,0.0,0.0,0.0
2026-09-26T16:09:15.229842+00:00,0.0,0.0,0.0,0.0
2026-09-26T16:09:16.280757+00:00,0.0,0.0,0.0,0.0
2026-09-26T16:09:17.330165+00:00,0.0,0.0,0.0,0.0
2026-09-26T16:09:18.378575+00:00,0.0,0.0,0.0,0.0
2026-09-26T16:09:19.426020+00:00,0.0,0.0,0.0,0.0
2026-09-26T16:09:20.478039+00:00,0.0,0.0,0.0,0.0
2026-09-26T16:09:21.529215+00:00,0.0,0.0,0.0,0.0
2026-09-26T16:09:22.581106+00:00,0.0,0.0,0.0,0.0
2026-09-26T16:09:23.632477+00:00,0.0,0.0,0.0,0.0
2026-09-26T16:09:24.682456+00:00,0.0,0.0,0.0,0.0
2026-09-26T16:09:25.732487+00:00,0.0,0.0,0.0,0.0
2026-09-26T16:09:26.782951+00:00,0.0,0.0,0.0,0.0
2026-09-26T16:09:27.832746+00:00,0.0,0.0,0.0,0.0
2026-09-26T16:09:28.882804+00:00,0.0,0.0,0.0,0.0
2026-09-26T16:09:29.931712+00:00,0.0,0.0,0.0,0.0
2026-09-26T16:09:30.979938+00:00,0.0,0.0,0.0,0.0
2026-09-26T16:09:32.028647+00:00,0.0,0.0,0.0,0.0
2026-09-26T16:09:33.078839+00:00,0.0,0.0,0.0,0.0
2026-09-26T16:09:34.128829+00:00,0.0,0.0,0.0,0.0
2026-09-26T16:09:35.182840+00:00,0.0,0.0,0.0,0.0
2026-09-26T16:09:36.237360+00:00,0.0,0.0,0.0,0.0
2026-09-26T16:09:37.290151+00:00,0.0,0.0,0.0,0.0
2026-09-26T16:09:38.342361+00:00,0.0,0.0,0.0,0.0
2026-09-26T16:09:39.392824+00:00,0.0,0.0,0.0,0.0
2026-09-26T16:09:40.443676+00:00,0.0,0.0,0.0,0.0
2026-09-26T16:09:41.496624+00:00,0.0,0.0,0.0,0.0
2026-09-26T16:09:42.547350+00:00,0.0,0.0,0.0,0.0
2026-09-26T16:09:43.599139+00:00,0.0,0.0,0.0,0.0
2026-09-26T16:09:44.648130+00:00,0.0,0.0,0.0,0.0
2026-09-26T16:09:45.697074+00:00,0.0,0.0,0.0,0.0
2026-09-26T16:09:46.746676+00:00,0.0,0.0,0.0,0.0
2026-09-26T16:09:47.795370+00:00,0.0,0.0,0.0,0.0
2026-09-26T16:09:48.845322+00:00,0.0,0.0,0.0,0.0
2026-09-26T16:09:49.893477+00:00,0.0,0.0,0.0,0.0
2026-09-26T16:09:50.941710+00:00,0.0,0.0,0.0,0.0
2026-09-26T16:09:51.990533+00:00,0.0,0.0,0.0,0.0
2026-09-26T16:09:53.040285+00:00,0.0,0.0,0.0,0.0
2026-09-26T16:09:54.089946+00:00,0.0,0.0,0.0,0.0
2026-09-26T16:09:55.139490+00:00,0.0,0.0,0.0,0.0
2026-09-26T16:09:56.188188+00:00,0.0,0.0,0.0,0.0
2026-09-26T16:09:57.238436+00:00,0.0,0.0,0.0,0.0
2026-09-26T16:09:58.287198+00:00,0.0,0.0,0.0,0.0
2026-09-26T16:09:59.336970+00:00,0.0,0.0,0.0,0.0
2026-09-26T16:10:00.385896+00:00,0.0,0.0,0.0,0.0
2026-09-26T16:10:01.435955+00:00,0.0,0.0,0.0,0.0
2026-09-26T16:10:02.485661+00:00,0.0,0.0,0.0,0.0
2026-09-26T16:10:03.535390+00:00,0.0,0.0,0.0,0.0
2026-09-26T16:10:04.586687+00:00,0.0,0.0,0.0,0.0
2026-09-26T16:10:05.635747+00:00,0.0,0.0,0.0,0.0
2026-09-26T16:10:06.687667+00:00,0.0,0.0,0.0,0.0
2026-09-26T16:10:07.737538+00:00,0.0,0.0,0.0,0.0
2026-09-26T16:10:08.786404+00:00,0.0,0.0,0.0,0.0
2026-09-26T16:10:09.836446+00:00,0.0,0.0,0.0,0.0
2026-09-26T16:10:10.884645+00:00,0.0,0.0,0.0,0.0
2026-09-26T16:10:11.935048+00:00,0.0,0.0,0.0,0.0
2026-09-26T16:10:12.984310+00:00,0.0,0.0,0.0,0.0
2026-09-26T16:10:14.033923+00:00,0.0,0.0,0.0,0.0
2026-09-26T16:10:15.084493+00:00,0.0,0.0,0.0,0.0
2026-09-26T16:10:16.133403+00:00,0.0,0.0,0.0,0.0
2026-09-26T16:10:17.181752+00:00,0.0,0.0,0.0,0.0
2026-09-26T16:10:18.232397+00:00,0.0,0.0,0.0,0.0
2026-09-26T16:10:19.283812+00:00,0.0,0.0,0.0,0.0
2026-09-26T16:10:20.333991+00:00,0.0,0.0,0.0,0.0
2026-09-26T16:10:21.383215+00:00,0.0,0.0,0.0,0.0
2026-09-26T16:10:22.432108+00:00,0.0,0.0,0.0,0.0
2026-09-26T16:10:23.481997+00:00,0.0,0.0,0.0,0.0
2026-09-26T16:10:24.529467+00:00,0.0,0.0,0.0,0.0
2026-09-26T16:10:25.578804+00:00,0.0,0.0,0.0,0.0
2026-09-26T16:10:26.627280+00:00,0.0,0.0,0.0,0.0
2026-09-26T16:10:27.675976+00:00,0.0,0.0,0.0,0.0
2026-09-26T16:10:28.725385+00:00,0.0,0.0,0.0,0.0
2026-09-26T16:10:29.776123+00:00,0.0,0.0,0.0,0.0
2026-09-26T16:10:30.825420+00:00,0.0,0.0,0.0,0.0
2026-09-26T16:10:31.876194+00:00,0.0,0.0,0.0,0.0
2026-09-26T16:10:32.922967+00:00,0.0,0.0,0.0,0.0
2026-09-26T16:10:33.972481+00:00,0.0,0.0,0.0,0.0
2026-09-26T16:10:35.021111+00:00,0.0,0.0,0.0,0.0
2026-09-26T16:10:36.071739+00:00,0.0,0.0,0.0,0.0
2026-09-26T16:10:37.120851+00:00,0.0,0.0,0.0,0.0
2026-09-26T16:10:38.170705+00:00,0.0,0.0,0.0,0.0
2026-09-26T16:10:39.220058+00:00,0.0,0.0,0.0,0.0
2026-09-26T16:10:40.271294+00:00,0.0,0.0,0.0,0.0
2026-09-26T16:10:41.320331+00:00,0.0,0.0,0.0,0.0
2026-09-26T16:10:42.371134+00:00,0.0,0.0,0.0,0.0
2026-09-26T16:10:43.420942+00:00,0.0,0.0,0.0,0.0
2026-09-26T16:10:44.470165+00:00,0.0,0.0,0.0,0.0
2026-09-26T16:10:45.520324+00:00,0.0,0.0,0.0,0.0
2026-09-26T16:10:46.609848+00:00,0.0,0.0,0.0,0.0
2026-09-26T16:10:47.661851+00:00,0.0,0.0,0.0,0.0
2026-09-26T16:10:48.710635+00:00,0.0,0.0,0.0,0.0
2026-09-26T16:10:49.760480+00:00,0.0,0.0,0.0,0.0
2026-09-26T16:10:50.807807+00:00,0.0,0.0,0.0,0.0
2026-09-26T16:10:51.858052+00:00,0.0,0.0,0.0,0.0
2026-09-26T16:10:52.907303+00:00,0.0,0.0,0.0,0.0
2026-09-26T16:10:53.957263+00:00,0.0,0.0,0.0,0.0
2026-09-26T16:10:55.007703+00:00,0.0,0.0,0.0,0.0
2026-09-26T16:10:56.057388+00:00,0.0,0.0,0.0,0.0
2026-09-26T16:10:57.105575+00:00,0.0,0.0,0.0,0.0
2026-09-26T16:10:58.155692+00:00,0.0,0.0,0.0,0.0
2026-09-26T16:10:59.203475+00:00,0.0,0.0,0.0,0.0
2026-09-26T16:11:00.253788+00:00,0.0,0.0,0.0,0.0
2026-09-26T16:11:01.302730+00:00,0.0,0.0,0.0,0.0
2026-09-26T16:11:02.351923+00:00,0.0,0.0,0.0,0.0
2026-09-26T16:11:03.400058+00:00,0.0,0.0,0.0,0.0
2026-09-26T16:11:04.449663+00:00,0.0,0.0,0.0,0.0
2026-09-26T16:11:05.497203+00:00,0.0,0.0,0.0,0.0
2026-09-26T16:11:06.546348+00:00,0.0,0.0,0.0,0.0
2026-09-26T16:11:07.594964+00:00,0.0,0.0,0.0,0.0
2026-09-26T16:11:08.644081+00:00,0.0,0.0,0.0,0.0
2026-09-26T16:11:09.694239+00:00,0.0,0.0,0.0,0.0
2026-09-26T16:11:10.742867+00:00,0.0,0.0,0.0,0.0
2026-09-26T16:11:11.792484+00:00,0.0,0.0,0.0,0.0
2026-09-26T16:11:12.842278+00:00,0.0,0.0,0.0,0.0
2026-09-26T16:11:13.892398+00:00,0.0,0.0,0.0,0.0
2026-09-26T16:11:14.940688+00:00,0.0,0.0,0.0,0.0
2026-09-26T16:11:15.991839+00:00,0.0,0.0,0.0,0.0
2026-09-26T16:11:17.039963+00:00,0.0,0.0,0.0,0.0
2026-09-26T16:11:18.089084+00:00,0.0,0.0,0.0,0.0
2026-09-26T16:11:19.138085+00:00,0.0,0.0,0.0,0.0
2026-09-26T16:11:20.188519+00:00,0.0,0.0,0.0,0.0
2026-09-26T16:11:21.237421+00:00,0.0,0.0,0.0,0.0
2026-09-26T16:11:22.286723+00:00,0.0,0.0,0.0,0.0
2026-09-26T16:11:23.334533+00:00,0.0,0.0,0.0,0.0
2026-09-26T16:11:24.384503+00:00,0.0,0.0,0.0,0.0
2026-09-26T16:11:25.434560+00:00,0.0,0.0,0.0,0.0
2026-09-26T16:11:26.484957+00:00,0.0,0.0,0.0,0.0
2026-09-26T16:11:27.534152+00:00,0.0,0.0,0.0,0.0
2026-09-26T16:11:28.584208+00:00,0.0,0.0,0.0,0.0
2026-09-26T16:11:29.634952+00:00,0.0,0.0,0.0,0.0
2026-09-26T16:11:30.683139+00:00,0.0,0.0,0.0,0.0
2026-09-26T16:11:31.731826+00:00,0.0,0.0,0.0,0.0
2026-09-26T16:11:32.781651+00:00,0.0,0.0,0.0,0.0
2026-09-26T16:11:33.831040+00:00,0.0,0.0,0.0,0.0
2026-09-26T16:11:34.880471+00:00,0.0,0.0,0.0,0.0
2026-09-26T16:11:35.929768+00:00,0.0,0.0,0.0,0.0
2026-09-26T16:11:36.980266+00:00,0.0,0.0,0.0,0.0
2026-09-26T16:11:38.028598+00:00,0.0,0.0,0.0,0.0
2026-09-26T16:11:39.078320+00:00,0.0,0.0,0.0,0.0
2026-09-26T16:11:40.127403+00:00,0.0,0.0,0.0,0.0
2026-09-26T16:11:41.178065+00:00,0.0,0.0,0.0,0.0
2026-09-26T16:11:42.227466+00:00,0.0,0.0,0.0,0.0
2026-09-26T16:11:43.276683+00:00,0.0,0.0,0.0,0.0
2026-09-26T16:11:44.327472+00:00,0.0,0.0,0.0,0.0
2026-09-26T16:11:45.378842+00:00,0.0,0.0,0.0,0.0
2026-09-26T16:11:46.426991+00:00,0.0,0.0,0.0,0.0
2026-09-26T16:11:47.477133+00:00,0.0,0.0,0.0,0.0
2026-09-26T16:11:48.525950+00:00,0.0,0.0,0.0,0.0
2026-09-26T16:11:49.575916+00:00,0.0,0.0,0.0,0.0
2026-09-26T16:11:50.625493+00:00,0.0,0.0,0.0,0.0
2026-09-26T16:11:51.675863+00:00,0.0,0.0,0.0,0.0
2026-09-26T16:11:52.724430+00:00,0.0,0.0,0.0,0.0
2026-09-26T16:11:53.775600+00:00,0.0,0.0,0.0,0.0
2026-09-26T16:11:54.825007+00:00,0.0,0.0,0.0,0.0
2026-09-26T16:11:55.874710+00:00,0.0,0.0,0.0,0.0
2026-09-26T16:11:56.924255+00:00,0.0,0.0,0.0,0.0
2026-09-26T16:11:57.970860+00:00,0.0,0.0,0.0,0.0
2026-09-26T16:11:59.021230+00:00,0.0,0.0,0.0,0.0
2026-09-26T16:12:00.071357+00:00,0.0,0.0,0.0,0.0
2026-09-26T16:12:01.120277+00:00,0.0,0.0,0.0,0.0
2026-09-26T16:12:02.169146+00:00,0.0,0.0,0.0,0.0
2026-09-26T16:12:03.218393+00:00,0.0,0.0,0.0,0.0
2026-09-26T16:12:04.269245+00:00,0.0,0.0,0.0,0.0
2026-09-26T16:12:05.317128+00:00,0.0,0.0,0.0,0.0
2026-09-26T16:12:06.367264+00:00,0.0,0.0,0.0,0.0
2026-09-26T16:12:07.417948+00:00,0.0,0.0,0.0,0.0
2026-09-26T16:12:08.467328+00:00,0.0,0.0,0.0,0.0
2026-09-26T16:12:09.515749+00:00,0.0,0.0,0.0,0.0
2026-09-26T16:12:10.564337+00:00,0.0,0.0,0.0,0.0
2026-09-26T16:12:11.613515+00:00,0.0,0.0,0.0,0.0
2026-09-26T16:12:12.663361+00:00,0.0,0.0,0.0,0.0
2026-09-26T16:12:13.710053+00:00,0.0,0.0,0.0,0.0
2026-09-26T16:12:14.757972+00:00,0.0,0.0,0.0,0.0
2026-09-26T16:12:15.808176+00:00,0.0,0.0,0.0,0.0
2026-09-26T16:12:16.855238+00:00,0.0,0.0,0.0,0.0
2026-09-26T16:12:17.905640+00:00,0.0,0.0,0.0,0.0
2026-09-26T16:12:18.954247+00:00,0.0,0.0,0.0,0.0
2026-09-26T16:12:20.004718+00:00,0.0,0.0,0.0,0.0
2026-09-26T16:12:21.053595+00:00,0.0,0.0,0.0,0.0
2026-09-26T16:12:22.103395+00:00,0.0,0.0,0.0,0.0
2026-09-26T16:12:23.152454+00:00,0.0,0.0,0.0,0.0
2026-09-26T16:12:24.202150+00:00,0.0,0.0,0.0,0.0
2026-09-26T16:12:25.250464+00:00,0.0,0.0,0.0,0.0
2026-09-26T16:12:26.301836+00:00,0.0,0.0,0.0,0.0
2026-09-26T16:12:27.349803+00:00,0.0,0.0,0.0,0.0
2026-09-26T16:12:28.399534+00:00,0.0,0.0,0.0,0.0
2026-09-26T16:12:29.450173+00:00,0.0,0.0,0.0,0.0
2026-09-26T16:12:30.499983+00:00,0.0,0.0,0.0,0.0
2026-09-26T16:12:31.548450+00:00,0.0,0.0,0.0,0.0
2026-09-26T16:12:32.597893+00:00,0.0,0.0,0.0,0.0
2026-09-26T16:12:33.645618+00:00,0.0,0.0,0.0,0.0
2026-09-26T16:12:34.695503+00:00,0.0,0.0,0.0,0.0
2026-09-26T16:12:35.743929+00:00,0.0,0.0,0.0,0.0
2026-09-26T16:12:36.792465+00:00,0.0,0.0,0.0,0.0
2026-09-26T16:12:37.841630+00:00,0.0,0.0,0.0,0.0
2026-09-26T16:12:38.889338+00:00,0.0,0.0,0.0,0.0
2026-09-26T16:12:39.939124+00:00,0.0,0.0,0.0,0.0
2026-09-26T16:12:40.988168+00:00,0.0,0.0,0.0,0.0
2026-09-26T16:12:42.037734+00:00,0.0,0.0,0.0,0.0
2026-09-26T16:12:43.088452+00:00,0.0,0.0,0.0,0.0
2026-09-26T16:12:44.138996+00:00,0.0,0.0,0.0,0.0
2026-09-26T16:12:45.188757+00:00,0.0,0.0,0.0,0.0
2026-09-26T16:12:46.237805+00:00,0.0,0.0,0.0,0.0
2026-09-26T16:12:47.285554+00:00,0.0,0.0,0.0,0.0
2026-09-26T16:12:48.335656+00:00,0.0,0.0,0.0,0.0
2026-09-26T16:12:49.384595+00:00,0.0,0.0,0.0,0.0
2026-09-26T16:12:50.435069+00:00,0.0,0.0,0.0,0.0
2026-09-26T16:12:51.485742+00:00,0.0,0.0,0.0,0.0
2026-09-26T16:12:52.535815+00:00,0.0,0.0,0.0,0.0
2026-09-26T16:12:53.584179+00:00,0.0,0.0,0.0,0.0
2026-09-26T16:12:54.633467+00:00,0.0,0.0,0.0,0.0
2026-09-26T16:12:55.681552+00:00,0.0,0.0,0.0,0.0
2026-09-26T16:12:56.731866+00:00,0.0,0.0,0.0,0.0
2026-09-26T16:12:57.780718+00:00,0.0,0.0,0.0,0.0
2026-09-26T16:12:58.831112+00:00,0.0,0.0,0.0,0.0
2026-09-26T16:12:59.881651+00:00,0.0,0.0,0.0,0.0
2026-09-26T16:13:00.930760+00:00,0.0,0.0,0.0,0.0
2026-09-26T16:13:01.978771+00:00,0.0,0.0,0.0,0.0
2026-09-26T16:13:03.029116+00:00,0.0,0.0,0.0,0.0
2026-09-26T16:13:04.078283+00:00,0.0,0.0,0.0,0.0
2026-09-26T16:13:05.128312+00:00,0.0,0.0,0.0,0.0
2026-09-26T16:13:06.179535+00:00,0.0,0.0,0.0,0.0
2026-09-26T16:13:07.227466+00:00,0.0,0.0,0.0,0.0
2026-09-26T16:13:08.277222+00:00,0.0,0.0,0.0,0.0
2026-09-26T16:13:09.326044+00:00,0.0,0.0,0.0,0.0
2026-09-26T16:13:10.375114+00:00,0.0,0.0,0.0,0.0
2026-09-26T16:13:11.425684+00:00,0.0,0.0,0.0,0.0
2026-09-26T16:13:12.475282+00:00,0.0,0.0,0.0,0.0
2026-09-26T16:13:13.526406+00:00,0.0,0.0,0.0,0.0
2026-09-26T16:13:14.575762+00:00,0.0,0.0,0.0,0.0
2026-09-26T16:13:15.625224+00:00,0.0,0.0,0.0,0.0
2026-09-26T16:13:16.659485+00:00,0.0,0.0,0.0,0.0
2026-09-26T16:13:17.708834+00:00,0.0,0.0,0.0,0.0
2026-09-26T16:13:18.757731+00:00,0.0,0.0,0.0,0.0
2026-09-26T16:13:19.807275+00:00,0.0,0.0,0.0,0.0
2026-09-26T16:13:20.856501+00:00,0.0,0.0,0.0,0.0
2026-09-26T16:13:21.903985+00:00,0.0,0.0,0.0,0.0
2026-09-26T16:13:22.953986+00:00,0.0,0.0,0.0,0.0
2026-09-26T16:13:24.002296+00:00,0.0,0.0,0.0,0.0
2026-09-26T16:13:25.052478+00:00,0.0,0.0,0.0,0.0
2026-09-26T16:13:26.100905+00:00,0.0,0.0,0.0,0.0
2026-09-26T16:13:27.150673+00:00,0.0,0.0,0.0,0.0
2026-09-26T16:13:28.199847+00:00,0.0,0.0,0.0,0.0
2026-09-26T16:13:29.248613+00:00,0.0,0.0,0.0,0.0
2026-09-26T16:13:30.297535+00:00,0.0,0.0,0.0,0.0
2026-09-26T16:13:31.349097+00:00,0.0,0.0,0.0,0.0
2026-09-26T16:13:32.397940+00:00,0.0,0.0,0.0,0.0
2026-09-26T16:13:33.449772+00:00,0.0,0.0,0.0,0.0
2026-09-26T16:13:34.499596+00:00,0.0,0.0,0.0,0.0
2026-09-26T16:13:35.548315+00:00,0.0,0.0,0.0,0.0
2026-09-26T16:13:36.597892+00:00,0.0,0.0,0.0,0.0
2026-09-26T16:13:37.646441+00:00,0.0,0.0,0.0,0.0
2026-09-26T16:13:38.695727+00:00,0.0,0.0,0.0,0.0
2026-09-26T16:13:39.746191+00:00,0.0,0.0,0.0,0.0
2026-09-26T16:13:40.795489+00:00,0.0,0.0,0.0,0.0
2026-09-26T16:13:41.844867+00:00,0.0,0.0,0.0,0.0
2026-09-26T16:13:42.893350+00:00,0.0,0.0,0.0,0.0
2026-09-26T16:13:43.942524+00:00,0.0,0.0,0.0,0.0
2026-09-26T16:13:44.992182+00:00,0.0,0.0,0.0,0.0
2026-09-26T16:13:46.041899+00:00,0.0,0.0,0.0,0.0
2026-09-26T16:13:47.090648+00:00,0.0,0.0,0.0,0.0
2026-09-26T16:13:48.139860+00:00,0.0,0.0,0.0,0.0
2026-09-26T16:13:49.186570+00:00,0.0,0.0,0.0,0.0
2026-09-26T16:13:50.236648+00:00,0.0,0.0,0.0,0.0
2026-09-26T16:13:51.285046+00:00,0.0,0.0,0.0,0.0
2026-09-26T16:13:52.334324+00:00,0.0,0.0,0.0,0.0
2026-09-26T16:13:53.383643+00:00,0.0,0.0,0.0,0.0
2026-09-26T16:13:54.434726+00:00,0.0,0.0,0.0,0.0
2026-09-26T16:13:55.483533+00:00,0.0,0.0,0.0,0.0
2026-09-26T16:13:56.532485+00:00,0.0,0.0,0.0,0.0
2026-09-26T16:13:57.581838+00:00,0.0,0.0,0.0,0.0
2026-09-26T16:13:58.631862+00:00,0.0,0.0,0.0,0.0
2026-09-26T16:13:59.681129+00:00,0.0,0.0,0.0,0.0
2026-09-26T16:14:00.730869+00:00,0.0,0.0,0.0,0.0
2026-09-26T16:14:01.780191+00:00,0.0,0.0,0.0,0.0
2026-09-26T16:14:02.832051+00:00,0.0,0.0,0.0,0.0
2026-09-26T16:14:03.879461+00:00,0.0,0.0,0.0,0.0
2026-09-26T16:14:04.927680+00:00,0.0,0.0,0.0,0.0
2026-09-26T16:14:05.977250+00:00,0.0,0.0,0.0,0.0
2026-09-26T16:14:07.027794+00:00,0.0,0.0,0.0,0.0
2026-09-26T16:14:08.077401+00:00,0.0,0.0,0.0,0.0
