timestamp_utc,mem_total_kib,mem_available_kib,swap_total_kib,swap_used_kib,pswpin,pswpout,pgmajfault,gemma_rss_kib,gemma_pss_kib,gemma_swap_kib,ornith_rss_kib,ornith_pss_kib,ornith_swap_kib
2026-09-26T14:47:33.932192+00:00,64060288,43920232,4194300,36116,111846,1783061,111328,0,0,0,0,0,0
2026-09-26T14:47:34.934289+00:00,64060288,43927508,4194300,44948,111846,1784419,111332,0,0,0,0,0,0
2026-09-26T14:47:35.935449+00:00,64060288,43945780,4194300,61760,111872,1787352,111345,0,0,0,0,0,0
2026-09-26T14:47:36.936438+00:00,64060288,43939684,4194300,61760,111904,1787352,111390,0,0,0,0,0,0
2026-09-26T14:47:37.939371+00:00,64060288,43929436,4194300,61760,111931,1787352,111417,0,0,0,0,0,0
2026-09-26T14:47:38.943929+00:00,64060288,43875468,4194300,61760,111999,1787352,111504,0,0,0,0,0,0
2026-09-26T14:47:39.945010+00:00,64060288,43864156,4194300,61288,112887,1787353,111995,0,0,0,0,0,0
2026-09-26T14:47:40.945878+00:00,64060288,43928972,4194300,61288,112887,1787353,112383,0,0,0,0,0,0
2026-09-26T14:47:41.946600+00:00,64060288,43914576,4194300,61288,112887,1787353,112899,0,0,0,0,0,0
2026-09-26T14:47:42.947704+00:00,64060288,43907008,4194300,61288,112887,1787353,113458,0,0,0,0,0,0
2026-09-26T14:47:43.948506+00:00,64060288,43904072,4194300,61288,112887,1787353,113780,0,0,0,0,0,0
2026-09-26T14:47:44.949624+00:00,64060288,43884912,4194300,61288,112888,1787353,114731,0,0,0,0,0,0
2026-09-26T14:47:45.951055+00:00,64060288,43869740,4194300,61288,112888,1787353,115450,0,0,0,0,0,0
2026-09-26T14:47:46.951797+00:00,64060288,43849284,4194300,59772,112893,1787353,115488,0,0,0,0,0,0
2026-09-26T14:47:47.952561+00:00,64060288,43850056,4194300,59772,112893,1787353,115556,0,0,0,0,0,0
2026-09-26T14:47:48.953330+00:00,64060288,43862200,4194300,59772,112893,1787353,115627,0,0,0,0,0,0
2026-09-26T14:47:49.954099+00:00,64060288,43861008,4194300,59772,112893,1787353,115673,0,0,0,0,0,0
2026-09-26T14:47:50.954910+00:00,64060288,43872472,4194300,59772,112899,1787353,115704,0,0,0,0,0,0
2026-09-26T14:47:51.955748+00:00,64060288,43873192,4194300,59772,112899,1787353,115709,0,0,0,0,0,0
2026-09-26T14:47:52.956516+00:00,64060288,43862972,4194300,59772,112899,1787353,115716,0,0,0,0,0,0
2026-09-26T14:47:53.957302+00:00,64060288,43867724,4194300,59772,112899,1787353,115720,0,0,0,0,0,0
2026-09-26T14:47:54.958012+00:00,64060288,43849536,4194300,59772,112899,1787353,115731,0,0,0,0,0,0
2026-09-26T14:47:55.958752+00:00,64060288,43869628,4194300,59772,112899,1787353,115734,0,0,0,0,0,0
2026-09-26T14:47:56.959483+00:00,64060288,43856804,4194300,59772,112899,1787353,115868,0,0,0,0,0,0
2026-09-26T14:47:57.960232+00:00,64060288,43866944,4194300,59772,112899,1787353,115907,0,0,0,0,0,0
2026-09-26T14:47:58.961056+00:00,64060288,43864612,4194300,59772,112899,1787353,115908,0,0,0,0,0,0
2026-09-26T14:47:59.961808+00:00,64060288,43866264,4194300,59772,112899,1787353,115911,0,0,0,0,0,0
2026-09-26T14:48:00.962618+00:00,64060288,43862564,4194300,59772,112907,1787353,115930,0,0,0,0,0,0
2026-09-26T14:48:01.963362+00:00,64060288,43863504,4194300,59772,112907,1787353,115930,0,0,0,0,0,0
2026-09-26T14:48:02.964282+00:00,64060288,43858468,4194300,59772,112907,1787353,115933,0,0,0,0,0,0
2026-09-26T14:48:03.965071+00:00,64060288,43836600,4194300,59772,112911,1787353,115938,0,0,0,0,0,0
2026-09-26T14:48:04.965862+00:00,64060288,43808660,4194300,59772,112911,1787353,115951,0,0,0,0,0,0
2026-09-26T14:48:05.966666+00:00,64060288,43820140,4194300,59772,112912,1787353,115965,0,0,0,0,0,0
2026-09-26T14:48:06.967443+00:00,64060288,43827248,4194300,59772,112912,1787353,115969,0,0,0,0,0,0
2026-09-26T14:48:07.968210+00:00,64060288,43845244,4194300,59768,112912,1787353,115993,0,0,0,0,0,0
2026-09-26T14:48:08.969096+00:00,64060288,43834540,4194300,59764,112912,1787353,115999,0,0,0,0,0,0
2026-09-26T14:48:09.969883+00:00,64060288,43830408,4194300,59748,112990,1787353,116120,0,0,0,0,0,0
2026-09-26T14:48:10.970645+00:00,64060288,43835228,4194300,59748,112999,1787353,116129,0,0,0,0,0,0
2026-09-26T14:48:11.971370+00:00,64060288,43819084,4194300,59748,112999,1787353,116129,0,0,0,0,0,0
2026-09-26T14:48:12.972099+00:00,64060288,43834528,4194300,59748,112999,1787353,116129,0,0,0,0,0,0
2026-09-26T14:48:13.972872+00:00,64060288,43825824,4194300,59748,112999,1787353,116129,0,0,0,0,0,0
2026-09-26T14:48:14.973641+00:00,64060288,43834448,4194300,59748,112999,1787353,116129,0,0,0,0,0,0
2026-09-26T14:48:15.974377+00:00,64060288,43832024,4194300,59748,112999,1787353,116129,0,0,0,0,0,0
2026-09-26T14:48:16.975065+00:00,64060288,43831004,4194300,59748,113000,1787353,116133,0,0,0,0,0,0
2026-09-26T14:48:17.975873+00:00,64060288,43827620,4194300,59748,113000,1787353,116133,0,0,0,0,0,0
2026-09-26T14:48:18.976642+00:00,64060288,43819352,4194300,59748,113000,1787353,116133,0,0,0,0,0,0
2026-09-26T14:48:19.977377+00:00,64060288,43807344,4194300,59748,113016,1787353,116150,0,0,0,0,0,0
2026-09-26T14:48:20.978163+00:00,64060288,43834784,4194300,59748,113016,1787353,116150,0,0,0,0,0,0
2026-09-26T14:48:21.978983+00:00,64060288,43842704,4194300,59748,113016,1787353,116150,0,0,0,0,0,0
2026-09-26T14:48:22.979779+00:00,64060288,43849176,4194300,59748,113016,1787353,116157,0,0,0,0,0,0
2026-09-26T14:48:23.980525+00:00,64060288,43840376,4194300,59748,113017,1787353,116216,0,0,0,0,0,0
2026-09-26T14:48:24.981288+00:00,64060288,43849628,4194300,59748,113017,1787353,116216,0,0,0,0,0,0
2026-09-26T14:48:25.982043+00:00,64060288,43845988,4194300,59748,113017,1787353,116216,0,0,0,0,0,0
2026-09-26T14:48:26.982811+00:00,64060288,43835620,4194300,59748,113017,1787353,116224,0,0,0,0,0,0
2026-09-26T14:48:27.984115+00:00,64060288,43832084,4194300,59748,113018,1787353,116233,0,0,0,0,0,0
2026-09-26T14:48:28.984871+00:00,64060288,43906736,4194300,59748,113018,1787353,116233,0,0,0,0,0,0
2026-09-26T14:48:29.985664+00:00,64060288,43906760,4194300,59748,113018,1787353,116233,0,0,0,0,0,0
2026-09-26T14:48:30.986453+00:00,64060288,43893488,4194300,59748,113018,1787353,116233,0,0,0,0,0,0
2026-09-26T14:48:31.987236+00:00,64060288,43899548,4194300,59748,113018,1787353,116233,0,0,0,0,0,0
2026-09-26T14:48:32.988068+00:00,64060288,43909272,4194300,59748,113040,1787353,116268,0,0,0,0,0,0
2026-09-26T14:48:33.989416+00:00,64060288,43870532,4194300,59748,113040,1787353,116268,0,0,0,0,0,0
2026-09-26T14:48:34.990182+00:00,64060288,43848292,4194300,59748,113040,1787353,116268,0,0,0,0,0,0
2026-09-26T14:48:35.990927+00:00,64060288,43827788,4194300,59748,113040,1787353,116268,0,0,0,0,0,0
2026-09-26T14:48:36.991656+00:00,64060288,43836940,4194300,59748,113040,1787353,116274,0,0,0,0,0,0
2026-09-26T14:48:37.992385+00:00,64060288,43853736,4194300,59748,113040,1787353,116283,0,0,0,0,0,0
2026-09-26T14:48:38.993127+00:00,64060288,43859784,4194300,59748,113040,1787353,116283,0,0,0,0,0,0
2026-09-26T14:48:39.993820+00:00,64060288,43861216,4194300,59748,113041,1787353,116284,0,0,0,0,0,0
2026-09-26T14:48:40.994807+00:00,64060288,43862624,4194300,59748,113041,1787353,116284,0,0,0,0,0,0
2026-09-26T14:48:41.995550+00:00,64060288,43844360,4194300,59748,113041,1787353,116284,0,0,0,0,0,0
2026-09-26T14:48:42.996319+00:00,64060288,43875116,4194300,59748,113041,1787353,116284,0,0,0,0,0,0
2026-09-26T14:48:43.997079+00:00,64060288,43857008,4194300,59748,113041,1787353,116287,0,0,0,0,0,0
2026-09-26T14:48:44.997874+00:00,64060288,43873408,4194300,59748,113041,1787353,116287,0,0,0,0,0,0
2026-09-26T14:48:45.998630+00:00,64060288,43872080,4194300,59748,113041,1787353,116287,0,0,0,0,0,0
2026-09-26T14:48:46.999444+00:00,64060288,43864432,4194300,59740,113042,1787353,116288,0,0,0,0,0,0
2026-09-26T14:48:48.000191+00:00,64060288,43851708,4194300,59740,113042,1787353,116289,0,0,0,0,0,0
2026-09-26T14:48:49.001010+00:00,64060288,43860700,4194300,59740,113042,1787353,116291,0,0,0,0,0,0
2026-09-26T14:48:50.001770+00:00,64060288,43855712,4194300,59740,113042,1787353,116295,0,0,0,0,0,0
2026-09-26T14:48:51.002460+00:00,64060288,43834120,4194300,59740,113042,1787353,116296,0,0,0,0,0,0
2026-09-26T14:48:52.003275+00:00,64060288,43860088,4194300,59740,113043,1787353,116302,0,0,0,0,0,0
2026-09-26T14:48:53.004115+00:00,64060288,43859720,4194300,59740,113043,1787353,116326,0,0,0,0,0,0
2026-09-26T14:48:54.004871+00:00,64060288,43845928,4194300,59740,113043,1787353,116326,0,0,0,0,0,0
2026-09-26T14:48:55.005659+00:00,64060288,43872036,4194300,59740,113043,1787353,116326,0,0,0,0,0,0
2026-09-26T14:48:56.006398+00:00,64060288,43853812,4194300,59740,113043,1787353,116326,0,0,0,0,0,0
2026-09-26T14:48:57.007116+00:00,64060288,43867536,4194300,59740,113043,1787353,116327,0,0,0,0,0,0
2026-09-26T14:48:58.007888+00:00,64060288,43851236,4194300,59740,113043,1787353,116327,0,0,0,0,0,0
2026-09-26T14:48:59.008666+00:00,64060288,43851996,4194300,59740,113043,1787353,116327,0,0,0,0,0,0
2026-09-26T14:49:00.009437+00:00,64060288,43858548,4194300,59740,113043,1787353,116327,0,0,0,0,0,0
2026-09-26T14:49:01.010165+00:00,64060288,43852524,4194300,59740,113044,1787353,116328,0,0,0,0,0,0
2026-09-26T14:49:02.010926+00:00,64060288,43847204,4194300,59740,113044,1787353,116328,0,0,0,0,0,0
2026-09-26T14:49:03.011665+00:00,64060288,43848192,4194300,59740,113044,1787353,116328,0,0,0,0,0,0
2026-09-26T14:49:04.012477+00:00,64060288,43838584,4194300,59740,113044,1787353,116336,0,0,0,0,0,0
2026-09-26T14:49:05.013223+00:00,64060288,43811796,4194300,59740,113044,1787353,116337,0,0,0,0,0,0
2026-09-26T14:49:06.014043+00:00,64060288,43813396,4194300,59740,113044,1787353,116337,0,0,0,0,0,0
2026-09-26T14:49:07.014830+00:00,64060288,43822496,4194300,59740,113044,1787353,116337,0,0,0,0,0,0
2026-09-26T14:49:08.015627+00:00,64060288,43852272,4194300,59740,113045,1787353,116346,0,0,0,0,0,0
2026-09-26T14:49:09.017019+00:00,64060288,43852168,4194300,59740,113045,1787353,116346,0,0,0,0,0,0
2026-09-26T14:49:10.017771+00:00,64060288,43845448,4194300,58696,113072,1787353,116375,0,0,0,0,0,0
2026-09-26T14:49:11.018529+00:00,64060288,43849728,4194300,58696,113081,1787353,116383,0,0,0,0,0,0
2026-09-26T14:49:12.019344+00:00,64060288,43847644,4194300,58696,113081,1787353,116383,0,0,0,0,0,0
2026-09-26T14:49:13.020105+00:00,64060288,43853200,4194300,58696,113083,1787353,116386,0,0,0,0,0,0
2026-09-26T14:49:14.020868+00:00,64060288,43844332,4194300,58696,113083,1787353,116386,0,0,0,0,0,0
2026-09-26T14:49:15.021613+00:00,64060288,43846348,4194300,58696,113083,1787353,116386,0,0,0,0,0,0
2026-09-26T14:49:16.022350+00:00,64060288,43848808,4194300,58696,113085,1787353,116388,0,0,0,0,0,0
2026-09-26T14:49:17.023210+00:00,64060288,43860460,4194300,58692,113156,1787353,116488,0,0,0,0,0,0
2026-09-26T14:49:18.024012+00:00,64060288,43817120,4194300,58692,113156,1787353,116488,0,0,0,0,0,0
2026-09-26T14:49:19.024824+00:00,64060288,43816452,4194300,58692,113157,1787353,116493,0,0,0,0,0,0
2026-09-26T14:49:20.025632+00:00,64060288,43811976,4194300,58692,113157,1787353,116493,0,0,0,0,0,0
2026-09-26T14:49:21.026520+00:00,64060288,43816488,4194300,58692,113157,1787353,116493,0,0,0,0,0,0
2026-09-26T14:49:22.027274+00:00,64060288,43833636,4194300,58692,113157,1787353,116493,0,0,0,0,0,0
2026-09-26T14:49:23.028036+00:00,64060288,43813728,4194300,58692,113157,1787353,116493,0,0,0,0,0,0
2026-09-26T14:49:24.028803+00:00,64060288,43832132,4194300,58692,113157,1787353,116500,0,0,0,0,0,0
2026-09-26T14:49:25.029604+00:00,64060288,43833272,4194300,58692,113157,1787353,116508,0,0,0,0,0,0
2026-09-26T14:49:26.030423+00:00,64060288,43833032,4194300,58692,113157,1787353,116509,0,0,0,0,0,0
2026-09-26T14:49:27.031176+00:00,64060288,43821980,4194300,58692,113157,1787353,116509,0,0,0,0,0,0
2026-09-26T14:49:28.031935+00:00,64060288,43799064,4194300,58692,113157,1787353,116509,0,0,0,0,0,0
2026-09-26T14:49:29.032734+00:00,64060288,43809764,4194300,58692,113157,1787353,116509,0,0,0,0,0,0
2026-09-26T14:49:30.033520+00:00,64060288,43837600,4194300,58692,113157,1787353,116509,0,0,0,0,0,0
2026-09-26T14:49:31.034285+00:00,64060288,43830460,4194300,58692,113158,1787353,116510,0,0,0,0,0,0
2026-09-26T14:49:32.035041+00:00,64060288,43826960,4194300,58692,113158,1787353,116510,0,0,0,0,0,0
2026-09-26T14:49:33.035794+00:00,64060288,43808928,4194300,58692,113158,1787353,116510,0,0,0,0,0,0
2026-09-26T14:49:34.036602+00:00,64060288,43800028,4194300,58692,113158,1787353,116510,0,0,0,0,0,0
2026-09-26T14:49:35.037378+00:00,64060288,43811568,4194300,58692,113158,1787353,116512,0,0,0,0,0,0
2026-09-26T14:49:36.038208+00:00,64060288,43813480,4194300,58692,113158,1787353,116512,0,0,0,0,0,0
2026-09-26T14:49:37.039030+00:00,64060288,43784820,4194300,58692,113158,1787353,116513,0,0,0,0,0,0
2026-09-26T14:49:38.039833+00:00,64060288,43794808,4194300,58692,113158,1787353,116513,0,0,0,0,0,0
2026-09-26T14:49:39.040645+00:00,64060288,43799484,4194300,58692,113158,1787353,116513,0,0,0,0,0,0
2026-09-26T14:49:40.041434+00:00,64060288,43805548,4194300,58692,113158,1787353,116513,0,0,0,0,0,0
2026-09-26T14:49:41.042210+00:00,64060288,43892608,4194300,58692,113158,1787353,116513,0,0,0,0,0,0
2026-09-26T14:49:42.043052+00:00,64060288,43884168,4194300,54988,113158,1787353,116513,0,0,0,0,0,0
2026-09-26T14:49:43.043898+00:00,64060288,43869192,4194300,54988,113158,1787353,116513,0,0,0,0,0,0
2026-09-26T14:49:44.044647+00:00,64060288,43870600,4194300,54988,113158,1787353,116514,0,0,0,0,0,0
2026-09-26T14:49:45.045383+00:00,64060288,43858368,4194300,54988,113158,1787353,116518,0,0,0,0,0,0
2026-09-26T14:49:46.046160+00:00,64060288,43854448,4194300,54988,113158,1787353,116518,0,0,0,0,0,0
2026-09-26T14:49:47.046929+00:00,64060288,43857704,4194300,54988,113159,1787353,116520,0,0,0,0,0,0
2026-09-26T14:49:48.047708+00:00,64060288,43848932,4194300,54988,113159,1787353,116520,0,0,0,0,0,0
2026-09-26T14:49:49.048450+00:00,64060288,43875932,4194300,54988,113180,1787353,116529,0,0,0,0,0,0
2026-09-26T14:49:50.049233+00:00,64060288,43880156,4194300,54988,113180,1787353,116529,0,0,0,0,0,0
2026-09-26T14:49:51.049994+00:00,64060288,43872496,4194300,54988,113180,1787353,116533,0,0,0,0,0,0
2026-09-26T14:49:52.050813+00:00,64060288,43876652,4194300,54988,113180,1787353,116533,0,0,0,0,0,0
2026-09-26T14:49:53.051532+00:00,64060288,43875968,4194300,54988,113180,1787353,116533,0,0,0,0,0,0
2026-09-26T14:49:54.052273+00:00,64060288,43859952,4194300,54988,113180,1787353,116533,0,0,0,0,0,0
2026-09-26T14:49:55.053076+00:00,64060288,43865952,4194300,54988,113180,1787353,116533,0,0,0,0,0,0
2026-09-26T14:49:56.053869+00:00,64060288,43869988,4194300,54988,113180,1787353,116533,0,0,0,0,0,0
2026-09-26T14:49:57.054628+00:00,64060288,43871644,4194300,54988,113180,1787353,116551,0,0,0,0,0,0
2026-09-26T14:49:58.055403+00:00,64060288,43841200,4194300,54988,113180,1787353,116551,0,0,0,0,0,0
2026-09-26T14:49:59.056166+00:00,64060288,43873608,4194300,54988,113180,1787353,116551,0,0,0,0,0,0
2026-09-26T14:50:00.056938+00:00,64060288,43845180,4194300,54988,113180,1787353,116554,0,0,0,0,0,0
2026-09-26T14:50:01.057695+00:00,64060288,43828400,4194300,54988,113187,1787353,116561,0,0,0,0,0,0
2026-09-26T14:50:02.058505+00:00,64060288,43832012,4194300,54988,113187,1787353,116562,0,0,0,0,0,0
2026-09-26T14:50:03.059305+00:00,64060288,43853960,4194300,54988,113187,1787353,116562,0,0,0,0,0,0
2026-09-26T14:50:04.060094+00:00,64060288,43854228,4194300,54988,113187,1787353,116562,0,0,0,0,0,0
2026-09-26T14:50:05.060882+00:00,64060288,43851816,4194300,54988,113187,1787353,116567,0,0,0,0,0,0
2026-09-26T14:50:06.061569+00:00,64060288,43848204,4194300,54988,113187,1787353,116567,0,0,0,0,0,0
2026-09-26T14:50:07.062297+00:00,64060288,43850804,4194300,54988,113187,1787353,116567,0,0,0,0,0,0
2026-09-26T14:50:08.063028+00:00,64060288,43856864,4194300,54988,113187,1787353,116567,0,0,0,0,0,0
2026-09-26T14:50:09.063825+00:00,64060288,43863828,4194300,54988,113187,1787353,116567,0,0,0,0,0,0
2026-09-26T14:50:10.064639+00:00,64060288,43859976,4194300,54988,113187,1787353,116567,0,0,0,0,0,0
2026-09-26T14:50:11.065398+00:00,64060288,43849016,4194300,54988,113187,1787353,116568,0,0,0,0,0,0
2026-09-26T14:50:12.066247+00:00,64060288,43852932,4194300,54988,113187,1787353,116568,0,0,0,0,0,0
2026-09-26T14:50:13.067008+00:00,64060288,43858260,4194300,54988,113187,1787353,116568,0,0,0,0,0,0
2026-09-26T14:50:14.067764+00:00,64060288,43866900,4194300,54988,113187,1787353,116568,0,0,0,0,0,0
2026-09-26T14:50:15.068520+00:00,64060288,43857312,4194300,54988,113187,1787353,116568,0,0,0,0,0,0
2026-09-26T14:50:16.069289+00:00,64060288,43826636,4194300,54988,113187,1787353,116568,0,0,0,0,0,0
2026-09-26T14:50:17.070069+00:00,64060288,43830408,4194300,54980,113188,1787353,116569,0,0,0,0,0,0
2026-09-26T14:50:18.070832+00:00,64060288,43828536,4194300,54980,113188,1787353,116569,0,0,0,0,0,0
2026-09-26T14:50:19.071656+00:00,64060288,43830676,4194300,54980,113193,1787353,116574,0,0,0,0,0,0
2026-09-26T14:50:20.072442+00:00,64060288,43829784,4194300,54980,113193,1787353,116574,0,0,0,0,0,0
2026-09-26T14:50:21.073217+00:00,64060288,43842804,4194300,54980,113193,1787353,116578,0,0,0,0,0,0
2026-09-26T14:50:22.074044+00:00,64060288,43820304,4194300,54980,113195,1787353,116580,0,0,0,0,0,0
2026-09-26T14:50:23.074812+00:00,64060288,43833612,4194300,54980,113195,1787353,116580,0,0,0,0,0,0
2026-09-26T14:50:24.075562+00:00,64060288,43839768,4194300,54980,113196,1787353,116585,0,0,0,0,0,0
2026-09-26T14:50:25.076324+00:00,64060288,43838152,4194300,54980,113196,1787353,116585,0,0,0,0,0,0
2026-09-26T14:50:26.077147+00:00,64060288,43849292,4194300,54980,113196,1787353,116585,0,0,0,0,0,0
2026-09-26T14:50:27.077917+00:00,64060288,43836428,4194300,54980,113196,1787353,116585,0,0,0,0,0,0
2026-09-26T14:50:28.078656+00:00,64060288,43836896,4194300,54980,113196,1787353,116585,0,0,0,0,0,0
2026-09-26T14:50:29.079450+00:00,64060288,43821500,4194300,54980,113196,1787353,116585,0,0,0,0,0,0
2026-09-26T14:50:30.080194+00:00,64060288,43827516,4194300,54980,113196,1787353,116586,0,0,0,0,0,0
2026-09-26T14:50:31.080985+00:00,64060288,43831528,4194300,54980,113196,1787353,116594,0,0,0,0,0,0
2026-09-26T14:50:32.081791+00:00,64060288,43812820,4194300,54980,113196,1787353,116594,0,0,0,0,0,0
2026-09-26T14:50:33.082631+00:00,64060288,43802836,4194300,54980,113196,1787353,116594,0,0,0,0,0,0
2026-09-26T14:50:34.083400+00:00,64060288,43808788,4194300,54980,113196,1787353,116595,0,0,0,0,0,0
2026-09-26T14:50:35.084074+00:00,64060288,43813140,4194300,54980,113196,1787353,116595,0,0,0,0,0,0
2026-09-26T14:50:36.084891+00:00,64060288,43819620,4194300,54980,113196,1787353,116595,0,0,0,0,0,0
2026-09-26T14:50:37.085634+00:00,64060288,43818084,4194300,54980,113196,1787353,116595,0,0,0,0,0,0
2026-09-26T14:50:38.086415+00:00,64060288,43814552,4194300,54980,113196,1787353,116595,0,0,0,0,0,0
2026-09-26T14:50:39.087172+00:00,64060288,43817840,4194300,54980,113196,1787353,116595,0,0,0,0,0,0
2026-09-26T14:50:40.088010+00:00,64060288,43813328,4194300,54980,113197,1787353,116596,0,0,0,0,0,0
2026-09-26T14:50:41.088784+00:00,64060288,43817368,4194300,54980,113198,1787353,116597,0,0,0,0,0,0
2026-09-26T14:50:42.089545+00:00,64060288,43808624,4194300,54980,113198,1787353,116597,0,0,0,0,0,0
2026-09-26T14:50:43.090361+00:00,64060288,43820684,4194300,54980,113198,1787353,116597,0,0,0,0,0,0
2026-09-26T14:50:44.091176+00:00,64060288,43829784,4194300,54980,113198,1787353,116598,0,0,0,0,0,0
2026-09-26T14:50:45.091968+00:00,64060288,43816864,4194300,54980,113198,1787353,116598,0,0,0,0,0,0
2026-09-26T14:50:46.092790+00:00,64060288,43834068,4194300,54980,113210,1787353,116611,0,0,0,0,0,0
2026-09-26T14:50:47.093628+00:00,64060288,43803112,4194300,54964,113210,1787353,116611,0,0,0,0,0,0
2026-09-26T14:50:48.094367+00:00,64060288,43794076,4194300,54964,113210,1787353,116611,0,0,0,0,0,0
2026-09-26T14:50:49.095147+00:00,64060288,43813916,4194300,54964,113210,1787353,116612,0,0,0,0,0,0
2026-09-26T14:50:50.095950+00:00,64060288,43826116,4194300,54964,113210,1787353,116612,0,0,0,0,0,0
2026-09-26T14:50:51.096710+00:00,64060288,43801820,4194300,54964,113210,1787353,116612,0,0,0,0,0,0
2026-09-26T14:50:52.097423+00:00,64060288,43807596,4194300,54964,113210,1787353,116612,0,0,0,0,0,0
2026-09-26T14:50:53.098230+00:00,64060288,43803840,4194300,54964,113210,1787353,116612,0,0,0,0,0,0
2026-09-26T14:50:54.099060+00:00,64060288,43811792,4194300,54964,113210,1787353,116612,0,0,0,0,0,0
2026-09-26T14:50:55.099827+00:00,64060288,43813196,4194300,54964,113210,1787353,116612,0,0,0,0,0,0
2026-09-26T14:50:56.100602+00:00,64060288,43815832,4194300,54964,113210,1787353,116614,0,0,0,0,0,0
2026-09-26T14:50:57.101361+00:00,64060288,43814480,4194300,54964,113210,1787353,116614,0,0,0,0,0,0
2026-09-26T14:50:58.102174+00:00,64060288,43808680,4194300,54964,113210,1787353,116614,0,0,0,0,0,0
2026-09-26T14:50:59.102968+00:00,64060288,43806740,4194300,54964,113210,1787353,116614,0,0,0,0,0,0
2026-09-26T14:51:00.103789+00:00,64060288,43792804,4194300,54964,113210,1787353,116614,0,0,0,0,0,0
2026-09-26T14:51:01.104616+00:00,64060288,43786160,4194300,54964,113214,1787353,116618,0,0,0,0,0,0
2026-09-26T14:51:02.105408+00:00,64060288,43891712,4194300,54964,113214,1787353,116620,0,0,0,0,0,0
2026-09-26T14:51:03.106204+00:00,64060288,43892772,4194300,54964,113214,1787353,116620,0,0,0,0,0,0
2026-09-26T14:51:04.107014+00:00,64060288,43889740,4194300,54964,113214,1787353,116620,0,0,0,0,0,0
2026-09-26T14:51:05.107864+00:00,64060288,43886744,4194300,54964,113214,1787353,116620,0,0,0,0,0,0
2026-09-26T14:51:06.108663+00:00,64060288,43879424,4194300,54964,113214,1787353,116620,0,0,0,0,0,0
2026-09-26T14:51:07.109405+00:00,64060288,43880420,4194300,54964,113214,1787353,116623,0,0,0,0,0,0
2026-09-26T14:51:08.110147+00:00,64060288,43881344,4194300,54964,113214,1787353,116623,0,0,0,0,0,0
2026-09-26T14:51:09.110994+00:00,64060288,43846400,4194300,54964,113215,1787353,116624,0,0,0,0,0,0
2026-09-26T14:51:10.111771+00:00,64060288,43855916,4194300,51956,113222,1787353,116627,0,0,0,0,0,0
2026-09-26T14:51:11.112543+00:00,64060288,43853996,4194300,51956,113222,1787353,116627,0,0,0,0,0,0
2026-09-26T14:51:12.113363+00:00,64060288,43862468,4194300,51956,113222,1787353,116627,0,0,0,0,0,0
2026-09-26T14:51:13.114096+00:00,64060288,43851268,4194300,51956,113223,1787353,116628,0,0,0,0,0,0
2026-09-26T14:51:14.114880+00:00,64060288,43849780,4194300,51956,113223,1787353,116628,0,0,0,0,0,0
2026-09-26T14:51:15.115646+00:00,64060288,43860068,4194300,51956,113223,1787353,116629,0,0,0,0,0,0
2026-09-26T14:51:16.116492+00:00,64060288,43867696,4194300,51956,113223,1787353,116629,0,0,0,0,0,0
2026-09-26T14:51:17.117280+00:00,64060288,43827740,4194300,51956,113227,1787353,116635,0,0,0,0,0,0
2026-09-26T14:51:18.118056+00:00,64060288,43856956,4194300,51956,113227,1787353,116635,0,0,0,0,0,0
2026-09-26T14:51:19.118828+00:00,64060288,43858912,4194300,51956,113227,1787353,116635,0,0,0,0,0,0
2026-09-26T14:51:20.119657+00:00,64060288,43868920,4194300,51956,113227,1787353,116635,0,0,0,0,0,0
2026-09-26T14:51:21.120402+00:00,64060288,43860124,4194300,51956,113232,1787353,116636,0,0,0,0,0,0
2026-09-26T14:51:22.121190+00:00,64060288,43844680,4194300,51956,113232,1787353,116636,0,0,0,0,0,0
2026-09-26T14:51:23.121945+00:00,64060288,43835920,4194300,51956,113232,1787353,116636,0,0,0,0,0,0
2026-09-26T14:51:24.122797+00:00,64060288,43802488,4194300,51956,113232,1787353,116636,0,0,0,0,0,0
2026-09-26T14:51:25.123559+00:00,64060288,43805028,4194300,51956,113232,1787353,116636,0,0,0,0,0,0
2026-09-26T14:51:26.124316+00:00,64060288,43804388,4194300,51956,113232,1787353,116636,0,0,0,0,0,0
2026-09-26T14:51:27.125173+00:00,64060288,43829288,4194300,51956,113232,1787353,116636,0,0,0,0,0,0
2026-09-26T14:51:28.125989+00:00,64060288,43812548,4194300,51956,113232,1787353,116636,0,0,0,0,0,0
2026-09-26T14:51:29.126751+00:00,64060288,43827868,4194300,51956,113232,1787353,116636,0,0,0,0,0,0
2026-09-26T14:51:30.127491+00:00,64060288,43808800,4194300,51956,113232,1787353,116636,0,0,0,0,0,0
2026-09-26T14:51:31.128326+00:00,64060288,43824436,4194300,51956,113232,1787353,116636,0,0,0,0,0,0
2026-09-26T14:51:32.129113+00:00,64060288,43844360,4194300,51956,113232,1787353,116636,0,0,0,0,0,0
2026-09-26T14:51:33.129902+00:00,64060288,43851932,4194300,51956,113232,1787353,116636,0,0,0,0,0,0
2026-09-26T14:51:34.130633+00:00,64060288,43857188,4194300,51956,113232,1787353,116636,0,0,0,0,0,0
2026-09-26T14:51:35.131445+00:00,64060288,43839508,4194300,51956,113232,1787353,116636,0,0,0,0,0,0
2026-09-26T14:51:36.132233+00:00,64060288,43850188,4194300,51956,113232,1787353,116636,0,0,0,0,0,0
2026-09-26T14:51:37.133044+00:00,64060288,43834652,4194300,51956,113232,1787353,116636,0,0,0,0,0,0
2026-09-26T14:51:38.133867+00:00,64060288,43830232,4194300,51956,113232,1787353,116636,0,0,0,0,0,0
2026-09-26T14:51:39.134725+00:00,64060288,43845820,4194300,51956,113232,1787353,116636,0,0,0,0,0,0
2026-09-26T14:51:40.135484+00:00,64060288,43848176,4194300,51956,113232,1787353,116636,0,0,0,0,0,0
2026-09-26T14:51:41.136247+00:00,64060288,43847120,4194300,51956,113232,1787353,116637,0,0,0,0,0,0
2026-09-26T14:51:42.137054+00:00,64060288,43851584,4194300,51932,113232,1787353,116637,0,0,0,0,0,0
2026-09-26T14:51:43.137918+00:00,64060288,43854592,4194300,51932,113232,1787353,116637,0,0,0,0,0,0
2026-09-26T14:51:44.138695+00:00,64060288,43826324,4194300,51932,113232,1787353,116637,0,0,0,0,0,0
2026-09-26T14:51:45.139446+00:00,64060288,43849480,4194300,51932,113232,1787353,116637,0,0,0,0,0,0
2026-09-26T14:51:46.140323+00:00,64060288,43851432,4194300,51932,113232,1787353,116637,0,0,0,0,0,0
2026-09-26T14:51:47.141182+00:00,64060288,43834228,4194300,51932,113232,1787353,116638,0,0,0,0,0,0
2026-09-26T14:51:48.141969+00:00,64060288,43833372,4194300,51932,113232,1787353,116638,0,0,0,0,0,0
2026-09-26T14:51:49.142778+00:00,64060288,43834724,4194300,51932,113232,1787353,116638,0,0,0,0,0,0
2026-09-26T14:51:50.143622+00:00,64060288,43830620,4194300,51932,113232,1787353,116638,0,0,0,0,0,0
2026-09-26T14:51:51.144411+00:00,64060288,43824672,4194300,51932,113232,1787353,116638,0,0,0,0,0,0
2026-09-26T14:51:52.145180+00:00,64060288,43825320,4194300,51932,113232,1787353,116638,0,0,0,0,0,0
2026-09-26T14:51:53.145959+00:00,64060288,43814020,4194300,51932,113232,1787353,116638,0,0,0,0,0,0
2026-09-26T14:51:54.146815+00:00,64060288,43849996,4194300,51932,113232,1787353,116638,0,0,0,0,0,0
2026-09-26T14:51:55.147559+00:00,64060288,43835872,4194300,51932,113232,1787353,116638,0,0,0,0,0,0
2026-09-26T14:51:56.148296+00:00,64060288,43798688,4194300,51932,113232,1787353,116638,0,0,0,0,0,0
2026-09-26T14:51:57.149041+00:00,64060288,43798144,4194300,51932,113232,1787353,116638,0,0,0,0,0,0
2026-09-26T14:51:58.149887+00:00,64060288,43815472,4194300,51932,113232,1787353,116639,0,0,0,0,0,0
2026-09-26T14:51:59.150644+00:00,64060288,43834032,4194300,51932,113232,1787353,116640,0,0,0,0,0,0
2026-09-26T14:52:00.151387+00:00,64060288,43825872,4194300,51932,113232,1787353,116640,0,0,0,0,0,0
2026-09-26T14:52:01.152150+00:00,64060288,43801224,4194300,51932,113232,1787353,116640,0,0,0,0,0,0
2026-09-26T14:52:02.153014+00:00,64060288,43816876,4194300,51932,113232,1787353,116640,0,0,0,0,0,0
2026-09-26T14:52:03.153797+00:00,64060288,43814436,4194300,51932,113232,1787353,116640,0,0,0,0,0,0
2026-09-26T14:52:04.154526+00:00,64060288,43828064,4194300,51932,113232,1787353,116642,0,0,0,0,0,0
2026-09-26T14:52:05.155316+00:00,64060288,43842148,4194300,51932,113232,1787353,116642,0,0,0,0,0,0
2026-09-26T14:52:06.156175+00:00,64060288,43813548,4194300,51932,113232,1787353,116642,0,0,0,0,0,0
2026-09-26T14:52:07.156926+00:00,64060288,43812964,4194300,51932,113232,1787353,116642,0,0,0,0,0,0
2026-09-26T14:52:08.157651+00:00,64060288,43790396,4194300,51932,113232,1787353,116642,0,0,0,0,0,0
2026-09-26T14:52:09.158435+00:00,64060288,43775160,4194300,51932,113233,1787353,116646,0,0,0,0,0,0
2026-09-26T14:52:10.159279+00:00,64060288,43794252,4194300,51932,113233,1787353,116646,0,0,0,0,0,0
2026-09-26T14:52:11.160032+00:00,64060288,43786624,4194300,51932,113233,1787353,116646,0,0,0,0,0,0
2026-09-26T14:52:12.160860+00:00,64060288,43805068,4194300,51932,113233,1787353,116646,0,0,0,0,0,0
2026-09-26T14:52:13.161646+00:00,64060288,43816652,4194300,51932,113233,1787353,116646,0,0,0,0,0,0
2026-09-26T14:52:14.162484+00:00,64060288,43817976,4194300,51932,113233,1787353,116646,0,0,0,0,0,0
2026-09-26T14:52:15.163230+00:00,64060288,43802192,4194300,51932,113233,1787353,116646,0,0,0,0,0,0
2026-09-26T14:52:16.163996+00:00,64060288,43819556,4194300,51932,113233,1787353,116646,0,0,0,0,0,0
2026-09-26T14:52:17.164810+00:00,64060288,43824056,4194300,51932,113235,1787353,116649,0,0,0,0,0,0
2026-09-26T14:52:18.165652+00:00,64060288,43811232,4194300,51932,113235,1787353,116649,0,0,0,0,0,0
2026-09-26T14:52:19.166392+00:00,64060288,43819560,4194300,51932,113235,1787353,116651,0,0,0,0,0,0
2026-09-26T14:52:20.167148+00:00,64060288,43784696,4194300,51932,113235,1787353,116651,0,0,0,0,0,0
2026-09-26T14:52:21.167894+00:00,64060288,43796596,4194300,51932,113235,1787353,116651,0,0,0,0,0,0
2026-09-26T14:52:22.168756+00:00,64060288,43807172,4194300,51932,113235,1787353,116653,0,0,0,0,0,0
2026-09-26T14:52:23.169538+00:00,64060288,43797484,4194300,51932,113235,1787353,116653,0,0,0,0,0,0
2026-09-26T14:52:24.170295+00:00,64060288,43805560,4194300,51932,113235,1787353,116653,0,0,0,0,0,0
2026-09-26T14:52:25.171056+00:00,64060288,43783720,4194300,51932,113235,1787353,116653,0,0,0,0,0,0
2026-09-26T14:52:26.171935+00:00,64060288,43762852,4194300,51932,113235,1787353,116653,0,0,0,0,0,0
2026-09-26T14:52:27.172784+00:00,64060288,43786536,4194300,51932,113235,1787353,116654,0,0,0,0,0,0
2026-09-26T14:52:28.173609+00:00,64060288,43866428,4194300,51932,113235,1787353,116654,0,0,0,0,0,0
2026-09-26T14:52:29.174359+00:00,64060288,43848536,4194300,51932,113235,1787353,116654,0,0,0,0,0,0
2026-09-26T14:52:30.175219+00:00,64060288,43832600,4194300,51932,113235,1787353,116654,0,0,0,0,0,0
2026-09-26T14:52:31.176074+00:00,64060288,43813244,4194300,51932,113235,1787353,116654,0,0,0,0,0,0
2026-09-26T14:52:32.176862+00:00,64060288,43822100,4194300,51932,113235,1787353,116654,0,0,0,0,0,0
2026-09-26T14:52:33.177634+00:00,64060288,43821720,4194300,51932,113235,1787353,116654,0,0,0,0,0,0
2026-09-26T14:52:34.178480+00:00,64060288,43833516,4194300,51932,113235,1787353,116654,0,0,0,0,0,0
2026-09-26T14:52:35.179300+00:00,64060288,43837436,4194300,51932,113235,1787353,116654,0,0,0,0,0,0
2026-09-26T14:52:36.180096+00:00,64060288,43829316,4194300,51932,113235,1787353,116659,0,0,0,0,0,0
2026-09-26T14:52:37.180897+00:00,64060288,43786440,4194300,51932,113279,1787353,116921,0,0,0,0,0,0
2026-09-26T14:52:38.181704+00:00,64060288,43785860,4194300,51932,113296,1787353,116941,0,0,0,0,0,0
2026-09-26T14:52:39.182534+00:00,64060288,43772116,4194300,51932,113297,1787353,116965,0,0,0,0,0,0
2026-09-26T14:52:40.183251+00:00,64060288,43769080,4194300,51932,113299,1787353,116966,0,0,0,0,0,0
2026-09-26T14:52:41.183994+00:00,64060288,43788216,4194300,51932,113299,1787353,116966,0,0,0,0,0,0
2026-09-26T14:52:42.184763+00:00,64060288,43812512,4194300,51932,113299,1787353,116966,0,0,0,0,0,0
2026-09-26T14:52:43.185598+00:00,64060288,43812116,4194300,51932,113316,1787353,116982,0,0,0,0,0,0
2026-09-26T14:52:44.186365+00:00,64060288,43826460,4194300,51932,113316,1787353,116986,0,0,0,0,0,0
2026-09-26T14:52:45.187159+00:00,64060288,43802876,4194300,51932,113316,1787353,116994,0,0,0,0,0,0
2026-09-26T14:52:46.187917+00:00,64060288,43802752,4194300,51932,113316,1787353,116995,0,0,0,0,0,0
2026-09-26T14:52:47.188793+00:00,64060288,43803088,4194300,51932,113319,1787353,116997,0,0,0,0,0,0
2026-09-26T14:52:48.189558+00:00,64060288,43809736,4194300,51932,113319,1787353,116999,0,0,0,0,0,0
2026-09-26T14:52:49.190303+00:00,64060288,43823376,4194300,51932,113319,1787353,116999,0,0,0,0,0,0
2026-09-26T14:52:50.191103+00:00,64060288,43793108,4194300,51932,113321,1787353,117006,0,0,0,0,0,0
2026-09-26T14:52:51.191964+00:00,64060288,43768364,4194300,51932,113330,1787353,117023,0,0,0,0,0,0
2026-09-26T14:52:52.192802+00:00,64060288,43766480,4194300,51932,113330,1787353,117023,0,0,0,0,0,0
2026-09-26T14:52:53.193602+00:00,64060288,43765616,4194300,51932,113330,1787353,117023,0,0,0,0,0,0
2026-09-26T14:52:54.194355+00:00,64060288,43781316,4194300,51932,113330,1787353,117023,0,0,0,0,0,0
2026-09-26T14:52:55.195217+00:00,64060288,43776108,4194300,51932,113330,1787353,117023,0,0,0,0,0,0
2026-09-26T14:52:56.196075+00:00,64060288,43783252,4194300,51932,113332,1787353,117024,0,0,0,0,0,0
2026-09-26T14:52:57.196844+00:00,64060288,43774316,4194300,51932,113332,1787353,117024,0,0,0,0,0,0
2026-09-26T14:52:58.197627+00:00,64060288,43803992,4194300,51932,113332,1787353,117024,0,0,0,0,0,0
2026-09-26T14:52:59.198462+00:00,64060288,43803724,4194300,51932,113333,1787353,117025,0,0,0,0,0,0
2026-09-26T14:53:00.199326+00:00,64060288,43802484,4194300,51932,113333,1787353,117025,0,0,0,0,0,0
2026-09-26T14:53:01.200067+00:00,64060288,43807488,4194300,51932,113333,1787353,117025,0,0,0,0,0,0
2026-09-26T14:53:02.200835+00:00,64060288,43769212,4194300,51932,113333,1787353,117025,0,0,0,0,0,0
2026-09-26T14:53:03.201573+00:00,64060288,43761732,4194300,51932,113333,1787353,117025,0,0,0,0,0,0
2026-09-26T14:53:04.202398+00:00,64060288,43766108,4194300,51932,113333,1787353,117025,0,0,0,0,0,0
2026-09-26T14:53:05.203194+00:00,64060288,43786068,4194300,51932,113333,1787353,117025,0,0,0,0,0,0
2026-09-26T14:53:06.204001+00:00,64060288,43786852,4194300,51932,113333,1787353,117025,0,0,0,0,0,0
2026-09-26T14:53:07.204790+00:00,64060288,43781660,4194300,51932,113333,1787353,117025,0,0,0,0,0,0
2026-09-26T14:53:08.205635+00:00,64060288,43790616,4194300,51932,113333,1787353,117025,0,0,0,0,0,0
2026-09-26T14:53:09.206479+00:00,64060288,43738180,4194300,51932,113333,1787353,117074,0,0,0,0,0,0
2026-09-26T14:53:10.207232+00:00,64060288,43744104,4194300,51932,113333,1787353,117074,0,0,0,0,0,0
2026-09-26T14:53:11.208011+00:00,64060288,43729348,4194300,51932,113333,1787353,117074,0,0,0,0,0,0
2026-09-26T14:53:12.208870+00:00,64060288,43755584,4194300,51932,113333,1787353,117074,0,0,0,0,0,0
2026-09-26T14:53:13.209728+00:00,64060288,43763724,4194300,51932,113333,1787353,117074,0,0,0,0,0,0
2026-09-26T14:53:14.210463+00:00,64060288,43757228,4194300,51932,113333,1787353,117074,0,0,0,0,0,0
2026-09-26T14:53:15.211209+00:00,64060288,43768324,4194300,51932,113333,1787353,117074,0,0,0,0,0,0
2026-09-26T14:53:16.211992+00:00,64060288,43772028,4194300,51932,113333,1787353,117074,0,0,0,0,0,0
2026-09-26T14:53:17.212841+00:00,64060288,43759808,4194300,51780,113335,1787353,117077,0,0,0,0,0,0
2026-09-26T14:53:18.213598+00:00,64060288,43767232,4194300,51780,113335,1787353,117077,0,0,0,0,0,0
2026-09-26T14:53:19.214364+00:00,64060288,43774556,4194300,51780,113335,1787353,117077,0,0,0,0,0,0
2026-09-26T14:53:20.215144+00:00,64060288,43765036,4194300,51780,113335,1787353,117077,0,0,0,0,0,0
2026-09-26T14:53:21.216006+00:00,64060288,43766020,4194300,51780,113335,1787353,117077,0,0,0,0,0,0
2026-09-26T14:53:22.216829+00:00,64060288,43774504,4194300,51780,113335,1787353,117077,0,0,0,0,0,0
2026-09-26T14:53:23.217533+00:00,64060288,43751468,4194300,51780,113335,1787353,117077,0,0,0,0,0,0
2026-09-26T14:53:24.218328+00:00,64060288,43716788,4194300,51780,113335,1787353,117107,0,0,0,0,0,0
2026-09-26T14:53:25.219257+00:00,64060288,43729576,4194300,51780,113335,1787353,117107,0,0,0,0,0,0
2026-09-26T14:53:26.220110+00:00,64060288,43705264,4194300,51780,113335,1787353,117107,0,0,0,0,0,0
2026-09-26T14:53:27.220894+00:00,64060288,43699320,4194300,51780,113335,1787353,117107,0,0,0,0,0,0
2026-09-26T14:53:28.221712+00:00,64060288,43728564,4194300,51780,113335,1787353,117107,0,0,0,0,0,0
2026-09-26T14:53:29.222459+00:00,64060288,43726424,4194300,51780,113335,1787353,117107,0,0,0,0,0,0
2026-09-26T14:53:30.223308+00:00,64060288,43727812,4194300,51780,113335,1787353,117107,0,0,0,0,0,0
2026-09-26T14:53:31.224072+00:00,64060288,43749704,4194300,51780,113335,1787353,117107,0,0,0,0,0,0
2026-09-26T14:53:32.224837+00:00,64060288,43747164,4194300,51780,113337,1787353,117109,0,0,0,0,0,0
2026-09-26T14:53:33.225575+00:00,64060288,43729876,4194300,51780,113337,1787353,117109,0,0,0,0,0,0
2026-09-26T14:53:34.226429+00:00,64060288,43739892,4194300,51780,113337,1787353,117109,0,0,0,0,0,0
2026-09-26T14:53:35.227261+00:00,64060288,43750720,4194300,51780,113337,1787353,117109,0,0,0,0,0,0
2026-09-26T14:53:36.228008+00:00,64060288,43750144,4194300,51780,113337,1787353,117109,0,0,0,0,0,0
2026-09-26T14:53:37.228777+00:00,64060288,43755752,4194300,51640,113337,1787353,117112,0,0,0,0,0,0
2026-09-26T14:53:38.229568+00:00,64060288,43743744,4194300,51640,113337,1787353,117112,0,0,0,0,0,0
2026-09-26T14:53:39.230426+00:00,64060288,43756736,4194300,51640,113337,1787353,117112,0,0,0,0,0,0
2026-09-26T14:53:40.231223+00:00,64060288,43752120,4194300,51640,113337,1787353,117112,0,0,0,0,0,0
2026-09-26T14:53:41.232032+00:00,64060288,43755596,4194300,51640,113337,1787353,117112,0,0,0,0,0,0
2026-09-26T14:53:42.232821+00:00,64060288,43760916,4194300,51640,113337,1787353,117112,0,0,0,0,0,0
2026-09-26T14:53:43.233679+00:00,64060288,43768632,4194300,51640,113337,1787353,117112,0,0,0,0,0,0
2026-09-26T14:53:44.234497+00:00,64060288,43762916,4194300,51640,113337,1787353,117112,0,0,0,0,0,0
2026-09-26T14:53:45.235234+00:00,64060288,43757264,4194300,51640,113337,1787353,117112,0,0,0,0,0,0
2026-09-26T14:53:46.235979+00:00,64060288,43762080,4194300,51640,113337,1787353,117112,0,0,0,0,0,0
2026-09-26T14:53:47.236859+00:00,64060288,43740432,4194300,51640,113337,1787353,117112,0,0,0,0,0,0
2026-09-26T14:53:48.237739+00:00,64060288,43742152,4194300,51640,113337,1787353,117112,0,0,0,0,0,0
2026-09-26T14:53:49.238511+00:00,64060288,43751024,4194300,51640,113337,1787353,117112,0,0,0,0,0,0
2026-09-26T14:53:50.239294+00:00,64060288,43761364,4194300,51640,113337,1787353,117113,0,0,0,0,0,0
2026-09-26T14:53:51.240132+00:00,64060288,43757636,4194300,51640,113337,1787353,117113,0,0,0,0,0,0
2026-09-26T14:53:52.241028+00:00,64060288,43759120,4194300,51640,113338,1787353,117114,0,0,0,0,0,0
2026-09-26T14:53:53.241880+00:00,64060288,43736296,4194300,51640,113338,1787353,117114,0,0,0,0,0,0
2026-09-26T14:53:54.242668+00:00,64060288,43748516,4194300,51640,113338,1787353,117114,0,0,0,0,0,0
2026-09-26T14:53:55.243464+00:00,64060288,43739540,4194300,51640,113338,1787353,117114,0,0,0,0,0,0
2026-09-26T14:53:56.244310+00:00,64060288,43745396,4194300,51640,113338,1787353,117114,0,0,0,0,0,0
2026-09-26T14:53:57.245173+00:00,64060288,43760628,4194300,51640,113338,1787353,117116,0,0,0,0,0,0
2026-09-26T14:53:58.245974+00:00,64060288,43757916,4194300,51640,113338,1787353,117116,0,0,0,0,0,0
2026-09-26T14:53:59.246758+00:00,64060288,43748708,4194300,51640,113338,1787353,117116,0,0,0,0,0,0
2026-09-26T14:54:00.247545+00:00,64060288,43806168,4194300,51640,113338,1787353,117116,0,0,0,0,0,0
2026-09-26T14:54:01.248427+00:00,64060288,43786556,4194300,51640,113338,1787353,117116,0,0,0,0,0,0
2026-09-26T14:54:02.249280+00:00,64060288,43783752,4194300,51640,113338,1787353,117116,0,0,0,0,0,0
2026-09-26T14:54:03.250088+00:00,64060288,43789264,4194300,51640,113338,1787353,117116,0,0,0,0,0,0
2026-09-26T14:54:04.250889+00:00,64060288,43769708,4194300,51640,113338,1787353,117117,0,0,0,0,0,0
2026-09-26T14:54:05.251673+00:00,64060288,43744104,4194300,51640,113338,1787353,117117,0,0,0,0,0,0
2026-09-26T14:54:06.252526+00:00,64060288,43735892,4194300,51640,113338,1787353,117117,0,0,0,0,0,0
2026-09-26T14:54:07.253258+00:00,64060288,43752040,4194300,51640,113338,1787353,117117,0,0,0,0,0,0
2026-09-26T14:54:08.254018+00:00,64060288,43766076,4194300,51640,113338,1787353,117117,0,0,0,0,0,0
2026-09-26T14:54:09.254784+00:00,64060288,43785752,4194300,51640,113338,1787353,117117,0,0,0,0,0,0
2026-09-26T14:54:10.255644+00:00,64060288,43778020,4194300,51640,113338,1787353,117118,0,0,0,0,0,0
2026-09-26T14:54:11.256477+00:00,64060288,43780624,4194300,51640,113338,1787353,117118,0,0,0,0,0,0
2026-09-26T14:54:12.257120+00:00,64060288,43769632,4194300,51640,113338,1787353,117118,0,0,0,0,0,0
2026-09-26T14:54:13.257861+00:00,64060288,43757556,4194300,51640,113338,1787353,117118,0,0,0,0,0,0
2026-09-26T14:54:14.258622+00:00,64060288,43755012,4194300,51640,113338,1787353,117118,0,0,0,0,0,0
2026-09-26T14:54:15.259482+00:00,64060288,43758320,4194300,51640,113338,1787353,117118,0,0,0,0,0,0
2026-09-26T14:54:16.260339+00:00,64060288,43762792,4194300,51640,113338,1787353,117118,0,0,0,0,0,0
2026-09-26T14:54:17.261141+00:00,64060288,43776900,4194300,51640,113339,1787353,117120,0,0,0,0,0,0
2026-09-26T14:54:18.261916+00:00,64060288,43765724,4194300,51640,113339,1787353,117120,0,0,0,0,0,0
2026-09-26T14:54:19.262769+00:00,64060288,43772852,4194300,51640,113339,1787353,117120,0,0,0,0,0,0
2026-09-26T14:54:20.263621+00:00,64060288,43765100,4194300,51640,113339,1787353,117120,0,0,0,0,0,0
2026-09-26T14:54:21.264383+00:00,64060288,43765244,4194300,51640,113339,1787353,117120,0,0,0,0,0,0
2026-09-26T14:54:22.265145+00:00,64060288,43732972,4194300,51640,113339,1787353,117120,0,0,0,0,0,0
2026-09-26T14:54:23.265911+00:00,64060288,43724776,4194300,51640,113339,1787353,117120,0,0,0,0,0,0
2026-09-26T14:54:24.266775+00:00,64060288,43742396,4194300,51640,113339,1787353,117120,0,0,0,0,0,0
2026-09-26T14:54:25.267833+00:00,64060288,43763144,4194300,51640,113339,1787353,117120,0,0,0,0,0,0
2026-09-26T14:54:26.268654+00:00,64060288,43737196,4194300,51640,113339,1787353,117120,0,0,0,0,0,0
2026-09-26T14:54:27.269422+00:00,64060288,43704048,4194300,51640,113339,1787353,117120,0,0,0,0,0,0
2026-09-26T14:54:28.270293+00:00,64060288,43712724,4194300,51640,113339,1787353,117120,0,0,0,0,0,0
2026-09-26T14:54:29.271205+00:00,64060288,43703548,4194300,51640,113339,1787353,117120,0,0,0,0,0,0
2026-09-26T14:54:30.271959+00:00,64060288,43721880,4194300,51640,113339,1787353,117120,0,0,0,0,0,0
2026-09-26T14:54:31.272716+00:00,64060288,43733108,4194300,51640,113339,1787353,117120,0,0,0,0,0,0
2026-09-26T14:54:32.273484+00:00,64060288,43739620,4194300,51640,113339,1787353,117120,0,0,0,0,0,0
2026-09-26T14:54:33.274358+00:00,64060288,43738544,4194300,51640,113339,1787353,117120,0,0,0,0,0,0
2026-09-26T14:54:34.275217+00:00,64060288,43755348,4194300,51640,113339,1787353,117120,0,0,0,0,0,0
2026-09-26T14:54:35.275990+00:00,64060288,43727568,4194300,51640,113339,1787353,117120,0,0,0,0,0,0
2026-09-26T14:54:36.276773+00:00,64060288,43709292,4194300,51640,113339,1787353,117120,0,0,0,0,0,0
2026-09-26T14:54:37.277562+00:00,64060288,43712244,4194300,50580,113339,1787353,117120,0,0,0,0,0,0
2026-09-26T14:54:38.278438+00:00,64060288,43684452,4194300,50580,113339,1787353,117120,0,0,0,0,0,0
2026-09-26T14:54:39.279314+00:00,64060288,43701496,4194300,50580,113339,1787353,117120,0,0,0,0,0,0
2026-09-26T14:54:40.280104+00:00,64060288,43728676,4194300,50580,113339,1787353,117120,0,0,0,0,0,0
2026-09-26T14:54:41.280913+00:00,64060288,43742644,4194300,50580,113339,1787353,117120,0,0,0,0,0,0
2026-09-26T14:54:42.281801+00:00,64060288,43750676,4194300,50580,113339,1787353,117120,0,0,0,0,0,0
2026-09-26T14:54:43.282630+00:00,64060288,43758884,4194300,50580,113339,1787353,117120,0,0,0,0,0,0
2026-09-26T14:54:44.283339+00:00,64060288,43777672,4194300,50580,113339,1787353,117120,0,0,0,0,0,0
2026-09-26T14:54:45.284082+00:00,64060288,43793232,4194300,50580,113339,1787353,117120,0,0,0,0,0,0
2026-09-26T14:54:46.284894+00:00,64060288,43775120,4194300,50580,113339,1787353,117120,0,0,0,0,0,0
2026-09-26T14:54:47.285770+00:00,64060288,43753244,4194300,50580,113339,1787353,117120,0,0,0,0,0,0
2026-09-26T14:54:48.286605+00:00,64060288,43733384,4194300,50580,113339,1787353,117120,0,0,0,0,0,0
2026-09-26T14:54:49.287300+00:00,64060288,43712864,4194300,50580,113339,1787353,117120,0,0,0,0,0,0
2026-09-26T14:54:50.288084+00:00,64060288,43712224,4194300,50580,113339,1787353,117120,0,0,0,0,0,0
2026-09-26T14:54:51.288862+00:00,64060288,43743864,4194300,50580,113339,1787353,117120,0,0,0,0,0,0
2026-09-26T14:54:52.289723+00:00,64060288,43748120,4194300,50580,113339,1787353,117120,0,0,0,0,0,0
2026-09-26T14:54:53.290563+00:00,64060288,43761420,4194300,50580,113339,1787353,117120,0,0,0,0,0,0
2026-09-26T14:54:54.291360+00:00,64060288,43759020,4194300,50580,113339,1787353,117120,0,0,0,0,0,0
2026-09-26T14:54:55.292164+00:00,64060288,43770224,4194300,50580,113339,1787353,117120,0,0,0,0,0,0
2026-09-26T14:54:56.292964+00:00,64060288,43778216,4194300,50580,113339,1787353,117120,0,0,0,0,0,0
2026-09-26T14:54:57.293846+00:00,64060288,43777992,4194300,50580,113339,1787353,117120,0,0,0,0,0,0
2026-09-26T14:54:58.294675+00:00,64060288,43785760,4194300,50580,113339,1787353,117120,0,0,0,0,0,0
2026-09-26T14:54:59.295467+00:00,64060288,43768312,4194300,50580,113340,1787353,117121,0,0,0,0,0,0
2026-09-26T14:55:00.296253+00:00,64060288,43749976,4194300,50580,113340,1787353,117121,0,0,0,0,0,0
2026-09-26T14:55:01.297145+00:00,64060288,43741460,4194300,50580,113340,1787353,117121,0,0,0,0,0,0
2026-09-26T14:55:02.298005+00:00,64060288,43755228,4194300,50580,113340,1787353,117121,0,0,0,0,0,0
2026-09-26T14:55:03.298783+00:00,64060288,43755036,4194300,50580,113340,1787353,117121,0,0,0,0,0,0
2026-09-26T14:55:04.299553+00:00,64060288,43762852,4194300,50580,113340,1787353,117121,0,0,0,0,0,0
2026-09-26T14:55:05.300339+00:00,64060288,43759536,4194300,50580,113340,1787353,117121,0,0,0,0,0,0
2026-09-26T14:55:06.301232+00:00,64060288,43780156,4194300,50580,113340,1787353,117121,0,0,0,0,0,0
2026-09-26T14:55:07.302085+00:00,64060288,43772132,4194300,50580,113340,1787353,117121,0,0,0,0,0,0
2026-09-26T14:55:08.302857+00:00,64060288,43784604,4194300,50580,113340,1787353,117121,0,0,0,0,0,0
2026-09-26T14:55:09.303628+00:00,64060288,43789772,4194300,50580,113340,1787353,117121,0,0,0,0,0,0
2026-09-26T14:55:10.304362+00:00,64060288,43783660,4194300,50580,113340,1787353,117121,0,0,0,0,0,0
2026-09-26T14:55:11.305236+00:00,64060288,43781236,4194300,50580,113340,1787353,117121,0,0,0,0,0,0
2026-09-26T14:55:12.306119+00:00,64060288,43789972,4194300,50580,113340,1787353,117121,0,0,0,0,0,0
2026-09-26T14:55:13.306876+00:00,64060288,43772912,4194300,50580,113340,1787353,117121,0,0,0,0,0,0
2026-09-26T14:55:14.307640+00:00,64060288,43786160,4194300,50580,113340,1787353,117121,0,0,0,0,0,0
2026-09-26T14:55:15.308446+00:00,64060288,43906732,4194300,50580,113340,1787353,117121,0,0,0,0,0,0
2026-09-26T14:55:16.309321+00:00,64060288,43888868,4194300,50580,113342,1787353,117123,0,0,0,0,0,0
2026-09-26T14:55:17.310186+00:00,64060288,43872288,4194300,50580,113342,1787353,117123,0,0,0,0,0,0
2026-09-26T14:55:18.310974+00:00,64060288,43865516,4194300,50580,113342,1787353,117123,0,0,0,0,0,0
2026-09-26T14:55:19.311780+00:00,64060288,43860572,4194300,50580,113342,1787353,117123,0,0,0,0,0,0
2026-09-26T14:55:20.312654+00:00,64060288,43866120,4194300,50580,113342,1787353,117123,0,0,0,0,0,0
2026-09-26T14:55:21.313513+00:00,64060288,43886264,4194300,50580,113342,1787353,117123,0,0,0,0,0,0
2026-09-26T14:55:22.314361+00:00,64060288,43875576,4194300,50580,113342,1787353,117123,0,0,0,0,0,0
2026-09-26T14:55:23.315186+00:00,64060288,43877280,4194300,50580,113342,1787353,117123,0,0,0,0,0,0
2026-09-26T14:55:24.315962+00:00,64060288,43862964,4194300,50580,113342,1787353,117123,0,0,0,0,0,0
2026-09-26T14:55:25.316838+00:00,64060288,43850640,4194300,50580,113342,1787353,117123,0,0,0,0,0,0
2026-09-26T14:55:26.317735+00:00,64060288,43866432,4194300,50580,113342,1787353,117123,0,0,0,0,0,0
2026-09-26T14:55:27.318484+00:00,64060288,43869480,4194300,50580,113342,1787353,117123,0,0,0,0,0,0
2026-09-26T14:55:28.319239+00:00,64060288,43874252,4194300,50580,113342,1787353,117123,0,0,0,0,0,0
2026-09-26T14:55:29.320055+00:00,64060288,43873632,4194300,50580,113342,1787353,117123,0,0,0,0,0,0
2026-09-26T14:55:30.320934+00:00,64060288,43857960,4194300,50580,113342,1787353,117125,0,0,0,0,0,0
2026-09-26T14:55:31.321771+00:00,64060288,43857364,4194300,50580,113342,1787353,117125,0,0,0,0,0,0
2026-09-26T14:55:32.322514+00:00,64060288,43870416,4194300,50580,113343,1787353,117126,0,0,0,0,0,0
2026-09-26T14:55:33.323243+00:00,64060288,43865100,4194300,50580,113343,1787353,117126,0,0,0,0,0,0
2026-09-26T14:55:34.324050+00:00,64060288,43852680,4194300,50580,113343,1787353,117126,0,0,0,0,0,0
2026-09-26T14:55:35.324917+00:00,64060288,43867776,4194300,50580,113343,1787353,117126,0,0,0,0,0,0
2026-09-26T14:55:36.325780+00:00,64060288,43869736,4194300,50580,113343,1787353,117126,0,0,0,0,0,0
2026-09-26T14:55:37.326551+00:00,64060288,43872352,4194300,50580,113343,1787353,117131,0,0,0,0,0,0
2026-09-26T14:55:38.327303+00:00,64060288,43867936,4194300,50580,113343,1787353,117131,0,0,0,0,0,0
2026-09-26T14:55:39.328133+00:00,64060288,43867548,4194300,50580,113344,1787353,117132,0,0,0,0,0,0
2026-09-26T14:55:40.329038+00:00,64060288,43880408,4194300,50580,113344,1787353,117132,0,0,0,0,0,0
2026-09-26T14:55:41.329910+00:00,64060288,43868300,4194300,50580,113344,1787353,117132,0,0,0,0,0,0
2026-09-26T14:55:42.330704+00:00,64060288,43870848,4194300,50572,113344,1787353,117132,0,0,0,0,0,0
2026-09-26T14:55:43.331554+00:00,64060288,43863524,4194300,50572,113344,1787353,117132,0,0,0,0,0,0
2026-09-26T14:55:44.332325+00:00,64060288,43873764,4194300,50572,113344,1787353,117132,0,0,0,0,0,0
2026-09-26T14:55:45.333220+00:00,64060288,43853908,4194300,50572,113344,1787353,117132,0,0,0,0,0,0
2026-09-26T14:55:46.334076+00:00,64060288,43849140,4194300,50572,113344,1787353,117132,0,0,0,0,0,0
2026-09-26T14:55:47.334893+00:00,64060288,43816008,4194300,50572,113344,1787353,117132,0,0,0,0,0,0
2026-09-26T14:55:48.335637+00:00,64060288,43821932,4194300,50572,113344,1787353,117133,0,0,0,0,0,0
2026-09-26T14:55:49.336385+00:00,64060288,43805068,4194300,50572,113344,1787353,117133,0,0,0,0,0,0
2026-09-26T14:55:50.337260+00:00,64060288,43780740,4194300,50572,113344,1787353,117133,0,0,0,0,0,0
2026-09-26T14:55:51.338143+00:00,64060288,43784268,4194300,50572,113344,1787353,117133,0,0,0,0,0,0
2026-09-26T14:55:52.338907+00:00,64060288,43777336,4194300,50572,113344,1787353,117133,0,0,0,0,0,0
2026-09-26T14:55:53.339657+00:00,64060288,43789176,4194300,50572,113344,1787353,117133,0,0,0,0,0,0
2026-09-26T14:55:54.340452+00:00,64060288,43820892,4194300,50572,113344,1787353,117133,0,0,0,0,0,0
2026-09-26T14:55:55.341339+00:00,64060288,43820356,4194300,50572,113344,1787353,117133,0,0,0,0,0,0
2026-09-26T14:55:56.342225+00:00,64060288,43820752,4194300,50572,113344,1787353,117133,0,0,0,0,0,0
2026-09-26T14:55:57.342983+00:00,64060288,43826224,4194300,50572,113344,1787353,117133,0,0,0,0,0,0
2026-09-26T14:55:58.343787+00:00,64060288,43851420,4194300,50572,113344,1787353,117133,0,0,0,0,0,0
2026-09-26T14:55:59.344590+00:00,64060288,43828132,4194300,50572,113344,1787353,117133,0,0,0,0,0,0
2026-09-26T14:56:00.345450+00:00,64060288,43822852,4194300,50572,113344,1787353,117133,0,0,0,0,0,0
2026-09-26T14:56:01.346306+00:00,64060288,43826448,4194300,50572,113345,1787353,117134,0,0,0,0,0,0
2026-09-26T14:56:02.347059+00:00,64060288,43817996,4194300,50572,113345,1787353,117134,0,0,0,0,0,0
2026-09-26T14:56:03.347866+00:00,64060288,43830596,4194300,50572,113345,1787353,117134,0,0,0,0,0,0
2026-09-26T14:56:04.348745+00:00,64060288,43822300,4194300,50572,113346,1787353,117135,0,0,0,0,0,0
2026-09-26T14:56:05.349615+00:00,64060288,43803460,4194300,50572,113346,1787353,117135,0,0,0,0,0,0
2026-09-26T14:56:06.350486+00:00,64060288,43822832,4194300,50572,113346,1787353,117135,0,0,0,0,0,0
2026-09-26T14:56:07.351234+00:00,64060288,43826448,4194300,50572,113346,1787353,117135,0,0,0,0,0,0
2026-09-26T14:56:08.352058+00:00,64060288,43833360,4194300,50572,113346,1787353,117135,0,0,0,0,0,0
2026-09-26T14:56:09.352875+00:00,64060288,43835240,4194300,50572,113346,1787353,117135,0,0,0,0,0,0
2026-09-26T14:56:10.353749+00:00,64060288,43835648,4194300,50572,113346,1787353,117135,0,0,0,0,0,0
2026-09-26T14:56:11.354631+00:00,64060288,43842428,4194300,50572,113346,1787353,117135,0,0,0,0,0,0
2026-09-26T14:56:12.355399+00:00,64060288,43844932,4194300,50572,113346,1787353,117135,0,0,0,0,0,0
2026-09-26T14:56:13.356145+00:00,64060288,43825408,4194300,50572,113346,1787353,117135,0,0,0,0,0,0
2026-09-26T14:56:14.356941+00:00,64060288,43832972,4194300,50572,113346,1787353,117135,0,0,0,0,0,0
2026-09-26T14:56:15.357806+00:00,64060288,43837524,4194300,50572,113346,1787353,117135,0,0,0,0,0,0
2026-09-26T14:56:16.358673+00:00,64060288,43827372,4194300,50572,113346,1787353,117135,0,0,0,0,0,0
2026-09-26T14:56:17.359405+00:00,64060288,43826532,4194300,50572,113346,1787353,117135,0,0,0,0,0,0
2026-09-26T14:56:18.360165+00:00,64060288,43825492,4194300,50572,113346,1787353,117135,0,0,0,0,0,0
2026-09-26T14:56:19.360989+00:00,64060288,43829644,4194300,50572,113346,1787353,117135,0,0,0,0,0,0
2026-09-26T14:56:20.361876+00:00,64060288,43820964,4194300,50572,113346,1787353,117135,0,0,0,0,0,0
2026-09-26T14:56:21.362751+00:00,64060288,43817904,4194300,50572,113346,1787353,117135,0,0,0,0,0,0
2026-09-26T14:56:22.363534+00:00,64060288,43821968,4194300,50572,113346,1787353,117135,0,0,0,0,0,0
2026-09-26T14:56:23.364330+00:00,64060288,43820180,4194300,50572,113346,1787353,117135,0,0,0,0,0,0
2026-09-26T14:56:24.365294+00:00,64060288,43818380,4194300,50572,113346,1787353,117135,0,0,0,0,0,0
2026-09-26T14:56:25.366194+00:00,64060288,43825724,4194300,50572,113346,1787353,117135,0,0,0,0,0,0
2026-09-26T14:56:26.367063+00:00,64060288,43811356,4194300,50572,113346,1787353,117135,0,0,0,0,0,0
2026-09-26T14:56:27.367907+00:00,64060288,43825812,4194300,50572,113346,1787353,117135,0,0,0,0,0,0
2026-09-26T14:56:28.368655+00:00,64060288,43820948,4194300,50572,113346,1787353,117135,0,0,0,0,0,0
2026-09-26T14:56:29.369407+00:00,64060288,43822576,4194300,50572,113346,1787353,117135,0,0,0,0,0,0
2026-09-26T14:56:30.370276+00:00,64060288,43826900,4194300,50572,113346,1787353,117135,0,0,0,0,0,0
2026-09-26T14:56:31.371132+00:00,64060288,43828104,4194300,50572,113346,1787353,117135,0,0,0,0,0,0
2026-09-26T14:56:32.371865+00:00,64060288,43831132,4194300,50572,113347,1787353,117136,0,0,0,0,0,0
2026-09-26T14:56:33.372673+00:00,64060288,43830168,4194300,50572,113347,1787353,117136,0,0,0,0,0,0
2026-09-26T14:56:34.373430+00:00,64060288,43824012,4194300,50572,113347,1787353,117136,0,0,0,0,0,0
2026-09-26T14:56:35.374280+00:00,64060288,43827600,4194300,50572,113347,1787353,117136,0,0,0,0,0,0
2026-09-26T14:56:36.375138+00:00,64060288,43778788,4194300,50572,113347,1787353,117136,0,0,0,0,0,0
2026-09-26T14:56:37.375895+00:00,64060288,43787332,4194300,50572,113347,1787353,117136,0,0,0,0,0,0
2026-09-26T14:56:38.376692+00:00,64060288,43790632,4194300,50572,113347,1787353,117136,0,0,0,0,0,0
2026-09-26T14:56:39.377445+00:00,64060288,43799084,4194300,50572,113347,1787353,117136,0,0,0,0,0,0
2026-09-26T14:56:40.378319+00:00,64060288,43799608,4194300,50572,113348,1787353,117137,0,0,0,0,0,0
2026-09-26T14:56:41.379189+00:00,64060288,43815448,4194300,50572,113348,1787353,117137,0,0,0,0,0,0
2026-09-26T14:56:42.379953+00:00,64060288,43816584,4194300,50572,113348,1787353,117137,0,0,0,0,0,0
2026-09-26T14:56:43.380679+00:00,64060288,43816408,4194300,50572,113348,1787353,117137,0,0,0,0,0,0
2026-09-26T14:56:44.381481+00:00,64060288,43805428,4194300,50572,113348,1787353,117137,0,0,0,0,0,0
2026-09-26T14:56:45.382340+00:00,64060288,43824120,4194300,50572,113348,1787353,117137,0,0,0,0,0,0
2026-09-26T14:56:46.383238+00:00,64060288,43812192,4194300,50572,113349,1787353,117138,0,0,0,0,0,0
2026-09-26T14:56:47.384011+00:00,64060288,43789072,4194300,50572,113349,1787353,117138,0,0,0,0,0,0
2026-09-26T14:56:48.384761+00:00,64060288,43803136,4194300,50572,113349,1787353,117138,0,0,0,0,0,0
2026-09-26T14:56:49.385496+00:00,64060288,43784524,4194300,50572,113349,1787353,117140,0,0,0,0,0,0
2026-09-26T14:56:50.386369+00:00,64060288,43758752,4194300,50572,113349,1787353,117143,0,0,0,0,0,0
2026-09-26T14:56:51.387250+00:00,64060288,43757800,4194300,50572,113349,1787353,117143,0,0,0,0,0,0
2026-09-26T14:56:52.388062+00:00,64060288,43764512,4194300,50572,113349,1787353,117143,0,0,0,0,0,0
2026-09-26T14:56:53.388862+00:00,64060288,43755388,4194300,50572,113349,1787353,117143,0,0,0,0,0,0
2026-09-26T14:56:54.389629+00:00,64060288,43765288,4194300,50572,113349,1787353,117143,0,0,0,0,0,0
2026-09-26T14:56:55.390469+00:00,64060288,43775500,4194300,50572,113349,1787353,117144,0,0,0,0,0,0
2026-09-26T14:56:56.391332+00:00,64060288,43793160,4194300,50572,113349,1787353,117149,0,0,0,0,0,0
2026-09-26T14:56:57.392212+00:00,64060288,43814128,4194300,50572,113351,1787353,117150,0,0,0,0,0,0
2026-09-26T14:56:58.393006+00:00,64060288,43807008,4194300,50572,113351,1787353,117150,0,0,0,0,0,0
2026-09-26T14:56:59.393802+00:00,64060288,43800200,4194300,50572,113351,1787353,117156,0,0,0,0,0,0
2026-09-26T14:57:00.394623+00:00,64060288,43815904,4194300,50572,113351,1787353,117156,0,0,0,0,0,0
2026-09-26T14:57:01.395486+00:00,64060288,43811796,4194300,50572,113351,1787353,117156,0,0,0,0,0,0
2026-09-26T14:57:02.396351+00:00,64060288,43808436,4194300,50572,113351,1787353,117156,0,0,0,0,0,0
2026-09-26T14:57:03.397129+00:00,64060288,43814140,4194300,50572,113351,1787353,117156,0,0,0,0,0,0
2026-09-26T14:57:04.397903+00:00,64060288,43816964,4194300,50572,113351,1787353,117156,0,0,0,0,0,0
2026-09-26T14:57:05.398679+00:00,64060288,43806380,4194300,50572,113351,1787353,117156,0,0,0,0,0,0
2026-09-26T14:57:06.399553+00:00,64060288,43803892,4194300,50572,113351,1787353,117156,0,0,0,0,0,0
2026-09-26T14:57:07.400426+00:00,64060288,43808072,4194300,50572,113351,1787353,117156,0,0,0,0,0,0
2026-09-26T14:57:08.401196+00:00,64060288,43778152,4194300,50572,113351,1787353,117157,0,0,0,0,0,0
2026-09-26T14:57:09.401955+00:00,64060288,43774168,4194300,50572,113351,1787353,117157,0,0,0,0,0,0
2026-09-26T14:57:10.402762+00:00,64060288,43766088,4194300,50572,113351,1787353,117157,0,0,0,0,0,0
2026-09-26T14:57:11.403637+00:00,64060288,43804352,4194300,50572,113351,1787353,117157,0,0,0,0,0,0
2026-09-26T14:57:12.404476+00:00,64060288,43798216,4194300,50572,113351,1787353,117157,0,0,0,0,0,0
2026-09-26T14:57:13.405237+00:00,64060288,43792368,4194300,50572,113351,1787353,117157,0,0,0,0,0,0
2026-09-26T14:57:14.405994+00:00,64060288,43786056,4194300,50572,113351,1787353,117157,0,0,0,0,0,0
2026-09-26T14:57:15.406720+00:00,64060288,43793112,4194300,50572,113351,1787353,117157,0,0,0,0,0,0
2026-09-26T14:57:16.407595+00:00,64060288,43770740,4194300,50572,113351,1787353,117157,0,0,0,0,0,0
2026-09-26T14:57:17.408472+00:00,64060288,43786140,4194300,50572,113351,1787353,117157,0,0,0,0,0,0
2026-09-26T14:57:18.409333+00:00,64060288,43790536,4194300,50572,113351,1787353,117157,0,0,0,0,0,0
2026-09-26T14:57:19.410104+00:00,64060288,43778128,4194300,50572,113352,1787353,117158,0,0,0,0,0,0
2026-09-26T14:57:20.410859+00:00,64060288,43767684,4194300,50572,113352,1787353,117158,0,0,0,0,0,0
2026-09-26T14:57:21.411728+00:00,64060288,43777068,4194300,50572,113352,1787353,117158,0,0,0,0,0,0
2026-09-26T14:57:22.412596+00:00,64060288,43773216,4194300,50572,113352,1787353,117158,0,0,0,0,0,0
2026-09-26T14:57:23.413442+00:00,64060288,43773492,4194300,50572,113352,1787353,117158,0,0,0,0,0,0
2026-09-26T14:57:24.414191+00:00,64060288,43768380,4194300,50572,113352,1787353,117159,0,0,0,0,0,0
2026-09-26T14:57:25.414948+00:00,64060288,43774848,4194300,50572,113352,1787353,117159,0,0,0,0,0,0
2026-09-26T14:57:26.415729+00:00,64060288,43785292,4194300,50572,113352,1787353,117159,0,0,0,0,0,0
2026-09-26T14:57:27.416567+00:00,64060288,43782376,4194300,50572,113352,1787353,117159,0,0,0,0,0,0
2026-09-26T14:57:28.417428+00:00,64060288,43782476,4194300,50572,113352,1787353,117159,0,0,0,0,0,0
2026-09-26T14:57:29.418192+00:00,64060288,43781928,4194300,50572,113352,1787353,117159,0,0,0,0,0,0
2026-09-26T14:57:30.418989+00:00,64060288,43804968,4194300,50572,113352,1787353,117159,0,0,0,0,0,0
2026-09-26T14:57:31.419799+00:00,64060288,43793444,4194300,50572,113352,1787353,117159,0,0,0,0,0,0
2026-09-26T14:57:32.420651+00:00,64060288,43779984,4194300,50572,113352,1787353,117159,0,0,0,0,0,0
2026-09-26T14:57:33.421495+00:00,64060288,43777380,4194300,50572,113352,1787353,117159,0,0,0,0,0,0
2026-09-26T14:57:34.422362+00:00,64060288,43789404,4194300,50572,113352,1787353,117159,0,0,0,0,0,0
2026-09-26T14:57:35.423153+00:00,64060288,43764540,4194300,50572,113352,1787353,117159,0,0,0,0,0,0
2026-09-26T14:57:36.423972+00:00,64060288,43746996,4194300,50572,113352,1787353,117159,0,0,0,0,0,0
2026-09-26T14:57:37.424847+00:00,64060288,43754840,4194300,50572,113352,1787353,117159,0,0,0,0,0,0
2026-09-26T14:57:38.425708+00:00,64060288,43765220,4194300,50572,113352,1787353,117159,0,0,0,0,0,0
2026-09-26T14:57:39.426539+00:00,64060288,43768932,4194300,50572,113352,1787353,117159,0,0,0,0,0,0
2026-09-26T14:57:40.427266+00:00,64060288,43750568,4194300,50572,113353,1787353,117160,0,0,0,0,0,0
2026-09-26T14:57:41.427994+00:00,64060288,43782200,4194300,50572,113353,1787353,117160,0,0,0,0,0,0
2026-09-26T14:57:42.428799+00:00,64060288,43779632,4194300,50572,113353,1787353,117162,0,0,0,0,0,0
2026-09-26T14:57:43.429667+00:00,64060288,43777340,4194300,50572,113353,1787353,117162,0,0,0,0,0,0
2026-09-26T14:57:44.430496+00:00,64060288,43784632,4194300,50572,113353,1787353,117162,0,0,0,0,0,0
2026-09-26T14:57:45.431289+00:00,64060288,43789492,4194300,50572,113353,1787353,117162,0,0,0,0,0,0
2026-09-26T14:57:46.432090+00:00,64060288,43757780,4194300,50572,113353,1787353,117162,0,0,0,0,0,0
2026-09-26T14:57:47.432894+00:00,64060288,43758684,4194300,50572,113354,1787353,117163,0,0,0,0,0,0
2026-09-26T14:57:48.433764+00:00,64060288,43766856,4194300,50572,113354,1787353,117163,0,0,0,0,0,0
2026-09-26T14:57:49.434628+00:00,64060288,43761124,4194300,50572,113354,1787353,117163,0,0,0,0,0,0
2026-09-26T14:57:50.435445+00:00,64060288,43769204,4194300,50572,113354,1787353,117163,0,0,0,0,0,0
2026-09-26T14:57:51.436198+00:00,64060288,43763664,4194300,50572,113354,1787353,117163,0,0,0,0,0,0
2026-09-26T14:57:52.437019+00:00,64060288,43774724,4194300,50572,113354,1787353,117163,0,0,0,0,0,0
2026-09-26T14:57:53.437893+00:00,64060288,43773524,4194300,50572,113354,1787353,117163,0,0,0,0,0,0
2026-09-26T14:57:54.438766+00:00,64060288,43771664,4194300,50572,113354,1787353,117163,0,0,0,0,0,0
2026-09-26T14:57:55.439629+00:00,64060288,43780532,4194300,50572,113354,1787353,117163,0,0,0,0,0,0
2026-09-26T14:57:56.440370+00:00,64060288,43778032,4194300,50572,113354,1787353,117163,0,0,0,0,0,0
2026-09-26T14:57:57.441201+00:00,64060288,43762768,4194300,50572,113354,1787353,117163,0,0,0,0,0,0
2026-09-26T14:57:58.441988+00:00,64060288,43776016,4194300,50572,113354,1787353,117163,0,0,0,0,0,0
2026-09-26T14:57:59.442867+00:00,64060288,43777500,4194300,50572,113354,1787353,117163,0,0,0,0,0,0
2026-09-26T14:58:00.443733+00:00,64060288,43740832,4194300,50572,113355,1787353,117164,0,0,0,0,0,0
2026-09-26T14:58:01.444469+00:00,64060288,43713428,4194300,50572,113355,1787353,117168,0,0,0,0,0,0
2026-09-26T14:58:02.445230+00:00,64060288,43694108,4194300,50572,113355,1787353,117168,0,0,0,0,0,0
2026-09-26T14:58:03.445996+00:00,64060288,43709056,4194300,50572,113356,1787353,117169,0,0,0,0,0,0
2026-09-26T14:58:04.446897+00:00,64060288,43715804,4194300,50572,113356,1787353,117170,0,0,0,0,0,0
2026-09-26T14:58:05.447800+00:00,64060288,43698832,4194300,50572,113358,1787353,117172,0,0,0,0,0,0
2026-09-26T14:58:06.448645+00:00,64060288,43698400,4194300,50572,113361,1787353,117174,0,0,0,0,0,0
2026-09-26T14:58:07.449432+00:00,64060288,43724540,4194300,50572,113363,1787353,117176,0,0,0,0,0,0
2026-09-26T14:58:08.450261+00:00,64060288,43734616,4194300,50572,113363,1787353,117176,0,0,0,0,0,0
2026-09-26T14:58:09.451134+00:00,64060288,43728884,4194300,50572,113363,1787353,117176,0,0,0,0,0,0
2026-09-26T14:58:10.452022+00:00,64060288,43732416,4194300,50572,113363,1787353,117176,0,0,0,0,0,0
2026-09-26T14:58:11.452880+00:00,64060288,43731208,4194300,50572,113363,1787353,117176,0,0,0,0,0,0
2026-09-26T14:58:12.453632+00:00,64060288,43713472,4194300,50572,113363,1787353,117176,0,0,0,0,0,0
2026-09-26T14:58:13.454405+00:00,64060288,43724512,4194300,50572,113363,1787353,117176,0,0,0,0,0,0
2026-09-26T14:58:14.455213+00:00,64060288,43708616,4194300,50572,113363,1787353,117176,0,0,0,0,0,0
2026-09-26T14:58:15.456085+00:00,64060288,43733744,4194300,50572,113363,1787353,117176,0,0,0,0,0,0
2026-09-26T14:58:16.456959+00:00,64060288,43709648,4194300,50572,113363,1787353,117176,0,0,0,0,0,0
2026-09-26T14:58:17.457841+00:00,64060288,43703764,4194300,50572,113363,1787353,117176,0,0,0,0,0,0
2026-09-26T14:58:18.458628+00:00,64060288,43718052,4194300,50572,113363,1787353,117176,0,0,0,0,0,0
2026-09-26T14:58:19.459435+00:00,64060288,43718480,4194300,50572,113363,1787353,117176,0,0,0,0,0,0
2026-09-26T14:58:20.460342+00:00,64060288,43719076,4194300,50572,113363,1787353,117176,0,0,0,0,0,0
2026-09-26T14:58:21.461218+00:00,64060288,43714940,4194300,50572,113363,1787353,117176,0,0,0,0,0,0
2026-09-26T14:58:22.462077+00:00,64060288,43720480,4194300,50572,113363,1787353,117176,0,0,0,0,0,0
2026-09-26T14:58:23.462849+00:00,64060288,43713504,4194300,50572,113363,1787353,117176,0,0,0,0,0,0
2026-09-26T14:58:24.463621+00:00,64060288,43725632,4194300,50572,113363,1787353,117179,0,0,0,0,0,0
2026-09-26T14:58:25.464412+00:00,64060288,43720992,4194300,50572,113363,1787353,117179,0,0,0,0,0,0
2026-09-26T14:58:26.465263+00:00,64060288,43736064,4194300,50572,113363,1787353,117179,0,0,0,0,0,0
2026-09-26T14:58:27.466131+00:00,64060288,43741428,4194300,50572,113363,1787353,117179,0,0,0,0,0,0
2026-09-26T14:58:28.467032+00:00,64060288,43729484,4194300,50572,113363,1787353,117179,0,0,0,0,0,0
2026-09-26T14:58:29.467812+00:00,64060288,43725248,4194300,50572,113363,1787353,117179,0,0,0,0,0,0
2026-09-26T14:58:30.468626+00:00,64060288,43726044,4194300,50572,113363,1787353,117179,0,0,0,0,0,0
2026-09-26T14:58:31.469486+00:00,64060288,43724260,4194300,50572,113363,1787353,117179,0,0,0,0,0,0
2026-09-26T14:58:32.470345+00:00,64060288,43721132,4194300,50572,113363,1787353,117179,0,0,0,0,0,0
2026-09-26T14:58:33.471192+00:00,64060288,43713236,4194300,50572,113363,1787353,117179,0,0,0,0,0,0
2026-09-26T14:58:34.471944+00:00,64060288,43699652,4194300,50572,113363,1787353,117179,0,0,0,0,0,0
2026-09-26T14:58:35.472736+00:00,64060288,43650356,4194300,50572,113363,1787353,117179,0,0,0,0,0,0
2026-09-26T14:58:36.473544+00:00,64060288,43670644,4194300,50572,113363,1787353,117179,0,0,0,0,0,0
2026-09-26T14:58:37.474426+00:00,64060288,43706856,4194300,50572,113363,1787353,117179,0,0,0,0,0,0
2026-09-26T14:58:38.475300+00:00,64060288,43680108,4194300,50572,113363,1787353,117179,0,0,0,0,0,0
2026-09-26T14:58:39.476179+00:00,64060288,43695252,4194300,50572,113363,1787353,117179,0,0,0,0,0,0
2026-09-26T14:58:40.476949+00:00,64060288,43720484,4194300,50572,113363,1787353,117179,0,0,0,0,0,0
2026-09-26T14:58:41.477745+00:00,64060288,43696732,4194300,50572,113363,1787353,117179,0,0,0,0,0,0
2026-09-26T14:58:42.478621+00:00,64060288,43713540,4194300,50572,113363,1787353,117179,0,0,0,0,0,0
2026-09-26T14:58:43.479480+00:00,64060288,43897844,4194300,50572,113363,1787353,117179,0,0,0,0,0,0
2026-09-26T14:58:44.480361+00:00,64060288,43883688,4194300,50572,113363,1787353,117179,0,0,0,0,0,0
2026-09-26T14:58:45.483661+00:00,64060288,43861572,4194300,50572,113363,1787353,117179,0,0,0,0,0,0
2026-09-26T14:58:46.484335+00:00,64060288,43852952,4194300,50572,113363,1787353,117179,0,0,0,0,0,0
2026-09-26T14:58:47.485172+00:00,64060288,43847772,4194300,50572,113363,1787353,117180,0,0,0,0,0,0
2026-09-26T14:58:48.486062+00:00,64060288,43875712,4194300,50572,113363,1787353,117180,0,0,0,0,0,0
2026-09-26T14:58:49.486940+00:00,64060288,43857960,4194300,50572,113364,1787353,117181,0,0,0,0,0,0
2026-09-26T14:58:50.487820+00:00,64060288,43862892,4194300,50572,113364,1787353,117182,0,0,0,0,0,0
2026-09-26T14:58:51.488605+00:00,64060288,43861744,4194300,50572,113364,1787353,117182,0,0,0,0,0,0
2026-09-26T14:58:52.489272+00:00,64060288,43866604,4194300,50572,113364,1787353,117182,0,0,0,0,0,0
2026-09-26T14:58:53.490161+00:00,64060288,43876188,4194300,50572,113364,1787353,117182,0,0,0,0,0,0
2026-09-26T14:58:54.491015+00:00,64060288,43857040,4194300,50572,113364,1787353,117182,0,0,0,0,0,0
2026-09-26T14:58:55.491875+00:00,64060288,43855208,4194300,50572,113364,1787353,117182,0,0,0,0,0,0
2026-09-26T14:58:56.492623+00:00,64060288,43866392,4194300,50572,113364,1787353,117182,0,0,0,0,0,0
2026-09-26T14:58:57.493387+00:00,64060288,43838720,4194300,50572,113364,1787353,117182,0,0,0,0,0,0
2026-09-26T14:58:58.494159+00:00,64060288,43868216,4194300,50572,113364,1787353,117182,0,0,0,0,0,0
2026-09-26T14:58:59.495033+00:00,64060288,43850616,4194300,50572,113364,1787353,117182,0,0,0,0,0,0
2026-09-26T14:59:00.495915+00:00,64060288,43837248,4194300,50572,113364,1787353,117182,0,0,0,0,0,0
2026-09-26T14:59:01.496808+00:00,64060288,43833264,4194300,50572,113364,1787353,117182,0,0,0,0,0,0
2026-09-26T14:59:02.497622+00:00,64060288,43830516,4194300,50572,113364,1787353,117182,0,0,0,0,0,0
2026-09-26T14:59:03.498418+00:00,64060288,43829808,4194300,50572,113364,1787353,117182,0,0,0,0,0,0
2026-09-26T14:59:04.499289+00:00,64060288,43855756,4194300,50572,113365,1787353,117183,0,0,0,0,0,0
2026-09-26T14:59:05.500171+00:00,64060288,43839648,4194300,50572,113365,1787353,117183,0,0,0,0,0,0
2026-09-26T14:59:06.501033+00:00,64060288,43861368,4194300,50572,113365,1787353,117183,0,0,0,0,0,0
2026-09-26T14:59:07.501791+00:00,64060288,43855540,4194300,50572,113365,1787353,117183,0,0,0,0,0,0
2026-09-26T14:59:08.502525+00:00,64060288,43850948,4194300,50572,113365,1787353,117183,0,0,0,0,0,0
2026-09-26T14:59:09.503338+00:00,64060288,43861368,4194300,50572,113365,1787353,117183,0,0,0,0,0,0
2026-09-26T14:59:10.504219+00:00,64060288,43845168,4194300,50572,113365,1787353,117183,0,0,0,0,0,0
2026-09-26T14:59:11.505080+00:00,64060288,43848364,4194300,50572,113365,1787353,117183,0,0,0,0,0,0
2026-09-26T14:59:12.505949+00:00,64060288,43845088,4194300,50572,113366,1787353,117184,0,0,0,0,0,0
2026-09-26T14:59:13.506738+00:00,64060288,43833868,4194300,50572,113366,1787353,117184,0,0,0,0,0,0
2026-09-26T14:59:14.507474+00:00,64060288,43830484,4194300,50572,113366,1787353,117184,0,0,0,0,0,0
2026-09-26T14:59:15.508245+00:00,64060288,43808656,4194300,50572,113366,1787353,117184,0,0,0,0,0,0
2026-09-26T14:59:16.509110+00:00,64060288,43805928,4194300,50572,113372,1787353,117187,0,0,0,0,0,0
2026-09-26T14:59:17.509998+00:00,64060288,43830444,4194300,50572,113372,1787353,117187,0,0,0,0,0,0
2026-09-26T14:59:18.510861+00:00,64060288,43817892,4194300,50572,113372,1787353,117187,0,0,0,0,0,0
2026-09-26T14:59:19.511636+00:00,64060288,43836544,4194300,50572,113372,1787353,117187,0,0,0,0,0,0
2026-09-26T14:59:20.512445+00:00,64060288,43844760,4194300,50572,113372,1787353,117187,0,0,0,0,0,0
2026-09-26T14:59:21.513323+00:00,64060288,43810284,4194300,50572,113372,1787353,117187,0,0,0,0,0,0
2026-09-26T14:59:22.514283+00:00,64060288,43824644,4194300,50572,113372,1787353,117187,0,0,0,0,0,0
2026-09-26T14:59:23.515135+00:00,64060288,43825864,4194300,50572,113372,1787353,117187,0,0,0,0,0,0
2026-09-26T14:59:24.515918+00:00,64060288,43838864,4194300,50572,113372,1787353,117187,0,0,0,0,0,0
2026-09-26T14:59:25.516687+00:00,64060288,43839336,4194300,50572,113372,1787353,117187,0,0,0,0,0,0
2026-09-26T14:59:26.517420+00:00,64060288,43832588,4194300,50572,113372,1787353,117187,0,0,0,0,0,0
2026-09-26T14:59:27.518299+00:00,64060288,43834592,4194300,50572,113372,1787353,117187,0,0,0,0,0,0
2026-09-26T14:59:28.519154+00:00,64060288,43835572,4194300,50572,113372,1787353,117187,0,0,0,0,0,0
2026-09-26T14:59:29.520024+00:00,64060288,43802860,4194300,50572,113372,1787353,117187,0,0,0,0,0,0
2026-09-26T14:59:30.520818+00:00,64060288,43816104,4194300,50572,113372,1787353,117187,0,0,0,0,0,0
2026-09-26T14:59:31.521605+00:00,64060288,43817736,4194300,50572,113372,1787353,117187,0,0,0,0,0,0
2026-09-26T14:59:32.522365+00:00,64060288,43823924,4194300,50572,113372,1787353,117187,0,0,0,0,0,0
2026-09-26T14:59:33.523226+00:00,64060288,43824336,4194300,50572,113372,1787353,117187,0,0,0,0,0,0
2026-09-26T14:59:34.524097+00:00,64060288,43815508,4194300,50572,113372,1787353,117187,0,0,0,0,0,0
2026-09-26T14:59:35.524908+00:00,64060288,43829828,4194300,50572,113372,1787353,117187,0,0,0,0,0,0
2026-09-26T14:59:36.525719+00:00,64060288,43831328,4194300,50572,113372,1787353,117187,0,0,0,0,0,0
2026-09-26T14:59:37.526475+00:00,64060288,43825548,4194300,50572,113372,1787353,117187,0,0,0,0,0,0
2026-09-26T14:59:38.527337+00:00,64060288,43824244,4194300,50572,113372,1787353,117187,0,0,0,0,0,0
2026-09-26T14:59:39.528211+00:00,64060288,43807920,4194300,50572,113372,1787353,117187,0,0,0,0,0,0
2026-09-26T14:59:40.529082+00:00,64060288,43801712,4194300,50572,113372,1787353,117187,0,0,0,0,0,0
2026-09-26T14:59:41.529862+00:00,64060288,43811912,4194300,50572,113372,1787353,117187,0,0,0,0,0,0
2026-09-26T14:59:42.530644+00:00,64060288,43818360,4194300,50572,113372,1787353,117187,0,0,0,0,0,0
2026-09-26T14:59:43.531432+00:00,64060288,43818384,4194300,50572,113372,1787353,117187,0,0,0,0,0,0
2026-09-26T14:59:44.532307+00:00,64060288,43800564,4194300,50572,113372,1787353,117187,0,0,0,0,0,0
2026-09-26T14:59:45.533178+00:00,64060288,43791856,4194300,50572,113372,1787353,117187,0,0,0,0,0,0
2026-09-26T14:59:46.534028+00:00,64060288,43791684,4194300,50572,113372,1787353,117187,0,0,0,0,0,0
2026-09-26T14:59:47.534778+00:00,64060288,43754128,4194300,50572,113372,1787353,117187,0,0,0,0,0,0
2026-09-26T14:59:48.535514+00:00,64060288,43752832,4194300,50572,113372,1787353,117197,0,0,0,0,0,0
2026-09-26T14:59:49.536271+00:00,64060288,43767900,4194300,50572,113372,1787353,117197,0,0,0,0,0,0
2026-09-26T14:59:50.537146+00:00,64060288,43784052,4194300,50572,113372,1787353,117197,0,0,0,0,0,0
2026-09-26T14:59:51.538026+00:00,64060288,43795000,4194300,50572,113372,1787353,117197,0,0,0,0,0,0
2026-09-26T14:59:52.538899+00:00,64060288,43794384,4194300,50572,113372,1787353,117197,0,0,0,0,0,0
2026-09-26T14:59:53.539706+00:00,64060288,43797648,4194300,50572,113372,1787353,117197,0,0,0,0,0,0
2026-09-26T14:59:54.540499+00:00,64060288,43792764,4194300,50572,113372,1787353,117197,0,0,0,0,0,0
2026-09-26T14:59:55.541362+00:00,64060288,43798168,4194300,50572,113372,1787353,117197,0,0,0,0,0,0
2026-09-26T14:59:56.542221+00:00,64060288,43793688,4194300,50572,113372,1787353,117197,0,0,0,0,0,0
2026-09-26T14:59:57.543067+00:00,64060288,43815276,4194300,50572,113372,1787353,117197,0,0,0,0,0,0
2026-09-26T14:59:58.543832+00:00,64060288,43810780,4194300,50572,113372,1787353,117197,0,0,0,0,0,0
2026-09-26T14:59:59.544631+00:00,64060288,43820024,4194300,50572,113372,1787353,117197,0,0,0,0,0,0
2026-09-26T15:00:00.545430+00:00,64060288,43813368,4194300,50572,113372,1787353,117197,0,0,0,0,0,0
2026-09-26T15:00:01.546317+00:00,64060288,43819164,4194300,50572,113372,1787353,117197,0,0,0,0,0,0
2026-09-26T15:00:02.547200+00:00,64060288,43810520,4194300,50572,113372,1787353,117197,0,0,0,0,0,0
2026-09-26T15:00:03.548072+00:00,64060288,43811120,4194300,50572,113372,1787353,117203,0,0,0,0,0,0
2026-09-26T15:00:04.548814+00:00,64060288,43823216,4194300,50572,113372,1787353,117203,0,0,0,0,0,0
2026-09-26T15:00:05.549554+00:00,64060288,43797884,4194300,50572,113372,1787353,117203,0,0,0,0,0,0
2026-09-26T15:00:06.550360+00:00,64060288,43787720,4194300,50572,113372,1787353,117203,0,0,0,0,0,0
2026-09-26T15:00:07.551239+00:00,64060288,43788804,4194300,50572,113372,1787353,117203,0,0,0,0,0,0
2026-09-26T15:00:08.552080+00:00,64060288,43786912,4194300,50572,113372,1787353,117203,0,0,0,0,0,0
2026-09-26T15:00:09.552922+00:00,64060288,43782076,4194300,50572,113372,1787353,117204,0,0,0,0,0,0
2026-09-26T15:00:10.553658+00:00,64060288,43774376,4194300,50572,113372,1787353,117204,0,0,0,0,0,0
2026-09-26T15:00:11.554415+00:00,64060288,43790768,4194300,50572,113372,1787353,117204,0,0,0,0,0,0
2026-09-26T15:00:12.555184+00:00,64060288,43765872,4194300,50572,113372,1787353,117204,0,0,0,0,0,0
2026-09-26T15:00:13.556070+00:00,64060288,43753656,4194300,50572,113372,1787353,117204,0,0,0,0,0,0
2026-09-26T15:00:14.556944+00:00,64060288,43783484,4194300,50572,113372,1787353,117204,0,0,0,0,0,0
2026-09-26T15:00:15.557805+00:00,64060288,43803748,4194300,50572,113372,1787353,117204,0,0,0,0,0,0
2026-09-26T15:00:16.558567+00:00,64060288,43780064,4194300,50572,113373,1787353,117206,0,0,0,0,0,0
2026-09-26T15:00:17.559334+00:00,64060288,43794120,4194300,50572,113373,1787353,117206,0,0,0,0,0,0
2026-09-26T15:00:18.560210+00:00,64060288,43792908,4194300,50572,113373,1787353,117206,0,0,0,0,0,0
2026-09-26T15:00:19.561117+00:00,64060288,43790704,4194300,50572,113373,1787353,117207,0,0,0,0,0,0
2026-09-26T15:00:20.561982+00:00,64060288,43797224,4194300,50572,113373,1787353,117207,0,0,0,0,0,0
2026-09-26T15:00:21.562815+00:00,64060288,43795388,4194300,50572,113373,1787353,117207,0,0,0,0,0,0
2026-09-26T15:00:22.563595+00:00,64060288,43791004,4194300,50572,113373,1787353,117207,0,0,0,0,0,0
2026-09-26T15:00:23.564323+00:00,64060288,43797548,4194300,50572,113373,1787353,117207,0,0,0,0,0,0
2026-09-26T15:00:24.565205+00:00,64060288,43796168,4194300,50572,113373,1787353,117207,0,0,0,0,0,0
2026-09-26T15:00:25.566093+00:00,64060288,43760384,4194300,50572,113373,1787353,117207,0,0,0,0,0,0
2026-09-26T15:00:26.566955+00:00,64060288,43760000,4194300,50572,113373,1787353,117207,0,0,0,0,0,0
2026-09-26T15:00:27.567705+00:00,64060288,43768056,4194300,50572,113373,1787353,117207,0,0,0,0,0,0
2026-09-26T15:00:28.568482+00:00,64060288,43749284,4194300,50572,113373,1787353,117207,0,0,0,0,0,0
2026-09-26T15:00:29.569270+00:00,64060288,43765584,4194300,50572,113373,1787353,117207,0,0,0,0,0,0
2026-09-26T15:00:30.570150+00:00,64060288,43773472,4194300,50572,113373,1787353,117207,0,0,0,0,0,0
2026-09-26T15:00:31.571059+00:00,64060288,43789948,4194300,50572,113373,1787353,117207,0,0,0,0,0,0
2026-09-26T15:00:32.571911+00:00,64060288,43791228,4194300,50572,113373,1787353,117207,0,0,0,0,0,0
2026-09-26T15:00:33.572706+00:00,64060288,43771176,4194300,50572,113373,1787353,117207,0,0,0,0,0,0
2026-09-26T15:00:34.573468+00:00,64060288,43755128,4194300,50572,113373,1787353,117207,0,0,0,0,0,0
2026-09-26T15:00:35.574252+00:00,64060288,43775560,4194300,50572,113373,1787353,117207,0,0,0,0,0,0
2026-09-26T15:00:36.575119+00:00,64060288,43772976,4194300,50572,113373,1787353,117207,0,0,0,0,0,0
2026-09-26T15:00:37.575999+00:00,64060288,43782360,4194300,50572,113373,1787353,117207,0,0,0,0,0,0
2026-09-26T15:00:38.576861+00:00,64060288,43785072,4194300,50564,113373,1787353,117207,0,0,0,0,0,0
2026-09-26T15:00:39.577622+00:00,64060288,43778732,4194300,50564,113373,1787353,117207,0,0,0,0,0,0
2026-09-26T15:00:40.578384+00:00,64060288,43745796,4194300,50564,113373,1787353,117207,0,0,0,0,0,0
2026-09-26T15:00:41.579151+00:00,64060288,43743584,4194300,50564,113373,1787353,117207,0,0,0,0,0,0
2026-09-26T15:00:42.580016+00:00,64060288,43766064,4194300,50564,113373,1787353,117207,0,0,0,0,0,0
2026-09-26T15:00:43.580902+00:00,64060288,43778604,4194300,50564,113373,1787353,117207,0,0,0,0,0,0
2026-09-26T15:00:44.581748+00:00,64060288,43778932,4194300,50564,113373,1787353,117207,0,0,0,0,0,0
2026-09-26T15:00:45.582531+00:00,64060288,43778560,4194300,50564,113373,1787353,117207,0,0,0,0,0,0
2026-09-26T15:00:46.583305+00:00,64060288,43740516,4194300,50564,113373,1787353,117207,0,0,0,0,0,0
2026-09-26T15:00:47.584050+00:00,64060288,43757400,4194300,50564,113373,1787353,117207,0,0,0,0,0,0
2026-09-26T15:00:48.584929+00:00,64060288,43746152,4194300,50564,113373,1787353,117207,0,0,0,0,0,0
2026-09-26T15:00:49.585808+00:00,64060288,43745692,4194300,50564,113373,1787353,117207,0,0,0,0,0,0
2026-09-26T15:00:50.586667+00:00,64060288,43751116,4194300,50564,113373,1787353,117207,0,0,0,0,0,0
2026-09-26T15:00:51.587404+00:00,64060288,43746152,4194300,50564,113373,1787353,117207,0,0,0,0,0,0
2026-09-26T15:00:52.588150+00:00,64060288,43764172,4194300,50564,113373,1787353,117207,0,0,0,0,0,0
2026-09-26T15:00:53.588916+00:00,64060288,43762896,4194300,50564,113373,1787353,117207,0,0,0,0,0,0
2026-09-26T15:00:54.589780+00:00,64060288,43758940,4194300,50564,113373,1787353,117207,0,0,0,0,0,0
2026-09-26T15:00:55.590633+00:00,64060288,43747080,4194300,50564,113373,1787353,117207,0,0,0,0,0,0
2026-09-26T15:00:56.591464+00:00,64060288,43735676,4194300,50564,113373,1787353,117207,0,0,0,0,0,0
2026-09-26T15:00:57.592263+00:00,64060288,43760220,4194300,50564,113373,1787353,117207,0,0,0,0,0,0
2026-09-26T15:00:58.593052+00:00,64060288,43737832,4194300,50564,113373,1787353,117207,0,0,0,0,0,0
2026-09-26T15:00:59.593914+00:00,64060288,43752128,4194300,50564,113373,1787353,117207,0,0,0,0,0,0
2026-09-26T15:01:00.594799+00:00,64060288,43726148,4194300,50564,113373,1787353,117207,0,0,0,0,0,0
2026-09-26T15:01:01.595659+00:00,64060288,43743488,4194300,50564,113373,1787353,117207,0,0,0,0,0,0
2026-09-26T15:01:02.596482+00:00,64060288,43762500,4194300,50564,113373,1787353,117207,0,0,0,0,0,0
2026-09-26T15:01:03.597266+00:00,64060288,43759648,4194300,50564,113373,1787353,117207,0,0,0,0,0,0
2026-09-26T15:01:04.598070+00:00,64060288,43761628,4194300,50564,113375,1787353,117208,0,0,0,0,0,0
2026-09-26T15:01:05.598964+00:00,64060288,43750008,4194300,50564,113375,1787353,117208,0,0,0,0,0,0
2026-09-26T15:01:06.599849+00:00,64060288,43757192,4194300,50564,113375,1787353,117208,0,0,0,0,0,0
2026-09-26T15:01:07.600716+00:00,64060288,43736696,4194300,50564,113375,1787353,117208,0,0,0,0,0,0
2026-09-26T15:01:08.601560+00:00,64060288,43745228,4194300,50564,113375,1787353,117208,0,0,0,0,0,0
2026-09-26T15:01:09.602322+00:00,64060288,43735452,4194300,50564,113375,1787353,117208,0,0,0,0,0,0
2026-09-26T15:01:10.603123+00:00,64060288,43740868,4194300,50564,113375,1787353,117208,0,0,0,0,0,0
2026-09-26T15:01:11.604009+00:00,64060288,43744332,4194300,50564,113375,1787353,117208,0,0,0,0,0,0
2026-09-26T15:01:12.604881+00:00,64060288,43751460,4194300,50564,113375,1787353,117208,0,0,0,0,0,0
2026-09-26T15:01:13.611490+00:00,64060288,43746448,4194300,50564,113375,1787353,117208,0,0,0,0,0,0
2026-09-26T15:01:14.612337+00:00,64060288,43741952,4194300,50564,113375,1787353,117208,0,0,0,0,0,0
2026-09-26T15:01:15.613137+00:00,64060288,43749804,4194300,50564,113375,1787353,117208,0,0,0,0,0,0
2026-09-26T15:01:16.613944+00:00,64060288,43720276,4194300,50564,113375,1787353,117208,0,0,0,0,0,0
2026-09-26T15:01:17.614782+00:00,64060288,43742036,4194300,50564,113375,1787353,117209,0,0,0,0,0,0
2026-09-26T15:01:18.615628+00:00,64060288,43743920,4194300,50564,113375,1787353,117209,0,0,0,0,0,0
2026-09-26T15:01:19.616471+00:00,64060288,43759596,4194300,50564,113375,1787353,117209,0,0,0,0,0,0
2026-09-26T15:01:20.617337+00:00,64060288,43757580,4194300,50564,113375,1787353,117209,0,0,0,0,0,0
2026-09-26T15:01:21.618160+00:00,64060288,43720880,4194300,50564,113375,1787353,117209,0,0,0,0,0,0
2026-09-26T15:01:22.618932+00:00,64060288,43712108,4194300,50564,113375,1787353,117209,0,0,0,0,0,0
2026-09-26T15:01:23.619805+00:00,64060288,43720336,4194300,50564,113375,1787353,117209,0,0,0,0,0,0
2026-09-26T15:01:24.620654+00:00,64060288,43742072,4194300,50564,113375,1787353,117209,0,0,0,0,0,0
2026-09-26T15:01:25.621496+00:00,64060288,43750564,4194300,50564,113375,1787353,117209,0,0,0,0,0,0
2026-09-26T15:01:26.622296+00:00,64060288,43728132,4194300,50564,113375,1787353,117209,0,0,0,0,0,0
2026-09-26T15:01:27.623048+00:00,64060288,43746704,4194300,50564,113375,1787353,117209,0,0,0,0,0,0
2026-09-26T15:01:28.623804+00:00,64060288,43742596,4194300,50564,113375,1787353,117209,0,0,0,0,0,0
2026-09-26T15:01:29.624676+00:00,64060288,43755300,4194300,50564,113375,1787353,117209,0,0,0,0,0,0
2026-09-26T15:01:30.625522+00:00,64060288,43738828,4194300,50564,113375,1787353,117209,0,0,0,0,0,0
2026-09-26T15:01:31.626376+00:00,64060288,43744048,4194300,50564,113375,1787353,117209,0,0,0,0,0,0
2026-09-26T15:01:32.627134+00:00,64060288,43728924,4194300,50564,113375,1787353,117209,0,0,0,0,0,0
2026-09-26T15:01:33.627891+00:00,64060288,43731052,4194300,50564,113375,1787353,117209,0,0,0,0,0,0
2026-09-26T15:01:34.628648+00:00,64060288,43718448,4194300,50564,113375,1787353,117209,0,0,0,0,0,0
2026-09-26T15:01:35.629534+00:00,64060288,43732768,4194300,50564,113375,1787353,117209,0,0,0,0,0,0
2026-09-26T15:01:36.630397+00:00,64060288,43728560,4194300,50564,113375,1787353,117209,0,0,0,0,0,0
2026-09-26T15:01:37.631262+00:00,64060288,43722832,4194300,50564,113375,1787353,117209,0,0,0,0,0,0
2026-09-26T15:01:38.632123+00:00,64060288,43734052,4194300,50564,113375,1787353,117209,0,0,0,0,0,0
2026-09-26T15:01:39.632904+00:00,64060288,43717136,4194300,50564,113375,1787353,117210,0,0,0,0,0,0
2026-09-26T15:01:40.633642+00:00,64060288,43740020,4194300,50564,113375,1787353,117210,0,0,0,0,0,0
2026-09-26T15:01:41.634509+00:00,64060288,43739772,4194300,50564,113375,1787353,117210,0,0,0,0,0,0
2026-09-26T15:01:42.635360+00:00,64060288,43738632,4194300,50552,113375,1787353,117210,0,0,0,0,0,0
2026-09-26T15:01:43.636233+00:00,64060288,43738672,4194300,50552,113375,1787353,117210,0,0,0,0,0,0
2026-09-26T15:01:44.637068+00:00,64060288,43742044,4194300,50552,113375,1787353,117210,0,0,0,0,0,0
2026-09-26T15:01:45.637844+00:00,64060288,43745956,4194300,50552,113375,1787353,117210,0,0,0,0,0,0
2026-09-26T15:01:46.638627+00:00,64060288,43729032,4194300,50552,113376,1787353,117211,0,0,0,0,0,0
2026-09-26T15:01:47.639487+00:00,64060288,43735352,4194300,50552,113376,1787353,117211,0,0,0,0,0,0
2026-09-26T15:01:48.640340+00:00,64060288,43730400,4194300,50552,113376,1787353,117211,0,0,0,0,0,0
2026-09-26T15:01:49.641188+00:00,64060288,43715504,4194300,50552,113376,1787353,117211,0,0,0,0,0,0
2026-09-26T15:01:50.642030+00:00,64060288,43720616,4194300,50552,113376,1787353,117211,0,0,0,0,0,0
2026-09-26T15:01:51.642812+00:00,64060288,43727696,4194300,50552,113376,1787353,117211,0,0,0,0,0,0
2026-09-26T15:01:52.643615+00:00,64060288,43728044,4194300,50552,113376,1787353,117211,0,0,0,0,0,0
2026-09-26T15:01:53.644491+00:00,64060288,43734712,4194300,50552,113376,1787353,117211,0,0,0,0,0,0
2026-09-26T15:01:54.645356+00:00,64060288,43722216,4194300,50552,113376,1787353,117211,0,0,0,0,0,0
2026-09-26T15:01:55.646214+00:00,64060288,43702680,4194300,50552,113376,1787353,117211,0,0,0,0,0,0
2026-09-26T15:01:56.647080+00:00,64060288,43718972,4194300,50552,113376,1787353,117211,0,0,0,0,0,0
2026-09-26T15:01:57.647861+00:00,64060288,43709788,4194300,50552,113376,1787353,117211,0,0,0,0,0,0
2026-09-26T15:01:58.648665+00:00,64060288,43736376,4194300,50552,113376,1787353,117211,0,0,0,0,0,0
2026-09-26T15:01:59.649513+00:00,64060288,43723804,4194300,50552,113376,1787353,117211,0,0,0,0,0,0
2026-09-26T15:02:00.650379+00:00,64060288,43711104,4194300,50552,113376,1787353,117211,0,0,0,0,0,0
2026-09-26T15:02:01.651245+00:00,64060288,43706640,4194300,50552,113376,1787353,117211,0,0,0,0,0,0
2026-09-26T15:02:02.652129+00:00,64060288,43709820,4194300,50552,113376,1787353,117211,0,0,0,0,0,0
2026-09-26T15:02:03.652877+00:00,64060288,43704804,4194300,50552,113376,1787353,117211,0,0,0,0,0,0
2026-09-26T15:02:04.653644+00:00,64060288,43712640,4194300,50552,113376,1787353,117211,0,0,0,0,0,0
2026-09-26T15:02:05.654426+00:00,64060288,43712256,4194300,50552,113376,1787353,117211,0,0,0,0,0,0
2026-09-26T15:02:06.655301+00:00,64060288,43711500,4194300,50552,113376,1787353,117211,0,0,0,0,0,0
2026-09-26T15:02:07.656186+00:00,64060288,43717808,4194300,50552,113376,1787353,117211,0,0,0,0,0,0
2026-09-26T15:02:08.657056+00:00,64060288,43715356,4194300,50552,113376,1787353,117211,0,0,0,0,0,0
2026-09-26T15:02:09.657847+00:00,64060288,43702528,4194300,50552,113376,1787353,117211,0,0,0,0,0,0
2026-09-26T15:02:10.658650+00:00,64060288,43702168,4194300,50552,113376,1787353,117211,0,0,0,0,0,0
2026-09-26T15:02:11.659406+00:00,64060288,43713592,4194300,50552,113376,1787353,117211,0,0,0,0,0,0
2026-09-26T15:02:12.660275+00:00,64060288,43716996,4194300,50552,113376,1787353,117211,0,0,0,0,0,0
2026-09-26T15:02:13.661140+00:00,64060288,43717996,4194300,50552,113376,1787353,117211,0,0,0,0,0,0
2026-09-26T15:02:14.662014+00:00,64060288,43715312,4194300,50552,113376,1787353,117211,0,0,0,0,0,0
2026-09-26T15:02:15.662820+00:00,64060288,43740956,4194300,50552,113376,1787353,117211,0,0,0,0,0,0
2026-09-26T15:02:16.663567+00:00,64060288,43691648,4194300,50552,113376,1787353,117211,0,0,0,0,0,0
2026-09-26T15:02:17.664363+00:00,64060288,43695520,4194300,50552,113376,1787353,117211,0,0,0,0,0,0
2026-09-26T15:02:18.665230+00:00,64060288,43696208,4194300,50552,113376,1787353,117215,0,0,0,0,0,0
2026-09-26T15:02:19.666100+00:00,64060288,43690536,4194300,50552,113376,1787353,117215,0,0,0,0,0,0
2026-09-26T15:02:20.666966+00:00,64060288,43693984,4194300,50552,113376,1787353,117227,0,0,0,0,0,0
2026-09-26T15:02:21.667806+00:00,64060288,43706712,4194300,50552,113376,1787353,117227,0,0,0,0,0,0
2026-09-26T15:02:22.668618+00:00,64060288,43713196,4194300,50552,113376,1787353,117227,0,0,0,0,0,0
2026-09-26T15:02:23.669389+00:00,64060288,43707196,4194300,50552,113376,1787353,117227,0,0,0,0,0,0
2026-09-26T15:02:24.670251+00:00,64060288,43725064,4194300,50552,113376,1787353,117227,0,0,0,0,0,0
2026-09-26T15:02:25.671105+00:00,64060288,43733128,4194300,50552,113376,1787353,117227,0,0,0,0,0,0
2026-09-26T15:02:26.671964+00:00,64060288,43734340,4194300,50552,113376,1787353,117227,0,0,0,0,0,0
2026-09-26T15:02:27.672825+00:00,64060288,43725228,4194300,50552,113376,1787353,117268,0,0,0,0,0,0
2026-09-26T15:02:28.673623+00:00,64060288,43746708,4194300,50552,113376,1787353,117268,0,0,0,0,0,0
2026-09-26T15:02:29.674403+00:00,64060288,43718296,4194300,50552,113376,1787353,117268,0,0,0,0,0,0
2026-09-26T15:02:30.675258+00:00,64060288,43741884,4194300,50552,113376,1787353,117268,0,0,0,0,0,0
2026-09-26T15:02:31.676117+00:00,64060288,43736420,4194300,50552,113376,1787353,117268,0,0,0,0,0,0
2026-09-26T15:02:32.676984+00:00,64060288,43726812,4194300,50552,113376,1787353,117268,0,0,0,0,0,0
2026-09-26T15:02:33.677849+00:00,64060288,43701672,4194300,50552,113376,1787353,117268,0,0,0,0,0,0
2026-09-26T15:02:34.678625+00:00,64060288,43717520,4194300,50552,113377,1787353,117270,0,0,0,0,0,0
2026-09-26T15:02:35.679378+00:00,64060288,43704776,4194300,50552,113377,1787353,117270,0,0,0,0,0,0
2026-09-26T15:02:36.680162+00:00,64060288,43717972,4194300,50552,113377,1787353,117270,0,0,0,0,0,0
2026-09-26T15:02:37.681035+00:00,64060288,43723844,4194300,50552,113377,1787353,117270,0,0,0,0,0,0
2026-09-26T15:02:38.686926+00:00,64060288,43722292,4194300,50552,113377,1787353,117270,0,0,0,0,0,0
2026-09-26T15:02:39.687806+00:00,64060288,43725716,4194300,50552,113377,1787353,117270,0,0,0,0,0,0
2026-09-26T15:02:40.688575+00:00,64060288,43725824,4194300,50552,113377,1787353,117270,0,0,0,0,0,0
2026-09-26T15:02:41.689339+00:00,64060288,43723144,4194300,50552,113377,1787353,117270,0,0,0,0,0,0
2026-09-26T15:02:42.690077+00:00,64060288,43724264,4194300,50552,113377,1787353,117270,0,0,0,0,0,0
2026-09-26T15:02:43.690945+00:00,64060288,43726464,4194300,50552,113377,1787353,117271,0,0,0,0,0,0
2026-09-26T15:02:44.691834+00:00,64060288,43723924,4194300,50552,113377,1787353,117271,0,0,0,0,0,0
2026-09-26T15:02:45.692707+00:00,64060288,43721724,4194300,50552,113377,1787353,117271,0,0,0,0,0,0
2026-09-26T15:02:46.693456+00:00,64060288,43686092,4194300,50552,113377,1787353,117271,0,0,0,0,0,0
2026-09-26T15:02:47.694170+00:00,64060288,43683568,4194300,50552,113377,1787353,117271,0,0,0,0,0,0
2026-09-26T15:02:48.694900+00:00,64060288,43690052,4194300,50552,113377,1787353,117271,0,0,0,0,0,0
2026-09-26T15:02:49.695752+00:00,64060288,43689188,4194300,50552,113377,1787353,117271,0,0,0,0,0,0
2026-09-26T15:02:50.696598+00:00,64060288,43700032,4194300,50552,113377,1787353,117271,0,0,0,0,0,0
2026-09-26T15:02:51.697458+00:00,64060288,43708068,4194300,50552,113377,1787353,117271,0,0,0,0,0,0
2026-09-26T15:02:52.698281+00:00,64060288,43705792,4194300,50552,113377,1787353,117271,0,0,0,0,0,0
2026-09-26T15:02:53.699042+00:00,64060288,43705000,4194300,50552,113377,1787353,117271,0,0,0,0,0,0
2026-09-26T15:02:54.699805+00:00,64060288,43711636,4194300,50552,113377,1787353,117271,0,0,0,0,0,0
2026-09-26T15:02:55.700656+00:00,64060288,43711888,4194300,50552,113377,1787353,117271,0,0,0,0,0,0
2026-09-26T15:02:56.701513+00:00,64060288,43713512,4194300,50552,113377,1787353,117271,0,0,0,0,0,0
2026-09-26T15:02:57.702367+00:00,64060288,43712192,4194300,50552,113377,1787353,117271,0,0,0,0,0,0
2026-09-26T15:02:58.703217+00:00,64060288,43718888,4194300,50552,113377,1787353,117271,0,0,0,0,0,0
2026-09-26T15:02:59.704018+00:00,64060288,43703064,4194300,50552,113377,1787353,117271,0,0,0,0,0,0
2026-09-26T15:03:00.704813+00:00,64060288,43704072,4194300,50552,113377,1787353,117271,0,0,0,0,0,0
2026-09-26T15:03:01.705666+00:00,64060288,43689956,4194300,50552,113377,1787353,117271,0,0,0,0,0,0
2026-09-26T15:03:02.706507+00:00,64060288,43711524,4194300,50552,113377,1787353,117271,0,0,0,0,0,0
2026-09-26T15:03:03.707366+00:00,64060288,43693172,4194300,50552,113377,1787353,117271,0,0,0,0,0,0
2026-09-26T15:03:04.708217+00:00,64060288,43693252,4194300,50552,113378,1787353,117272,0,0,0,0,0,0
2026-09-26T15:03:05.708997+00:00,64060288,43699344,4194300,50552,113381,1787353,117275,0,0,0,0,0,0
2026-09-26T15:03:06.709769+00:00,64060288,43697680,4194300,50552,113381,1787353,117275,0,0,0,0,0,0
2026-09-26T15:03:07.710528+00:00,64060288,43664724,4194300,50552,113382,1787353,117276,0,0,0,0,0,0
2026-09-26T15:03:08.711396+00:00,64060288,43888388,4194300,50552,113383,1787353,117277,0,0,0,0,0,0
2026-09-26T15:03:09.712276+00:00,64060288,43860832,4194300,50552,113383,1787353,117277,0,0,0,0,0,0
2026-09-26T15:03:10.713145+00:00,64060288,43862612,4194300,50552,113384,1787353,117278,0,0,0,0,0,0
2026-09-26T15:03:11.713906+00:00,64060288,43873648,4194300,50552,113384,1787353,117278,0,0,0,0,0,0
2026-09-26T15:03:12.714645+00:00,64060288,43880152,4194300,50552,113384,1787353,117278,0,0,0,0,0,0
2026-09-26T15:03:13.715388+00:00,64060288,43874216,4194300,50552,113384,1787353,117278,0,0,0,0,0,0
2026-09-26T15:03:14.716237+00:00,64060288,43857692,4194300,50552,113384,1787353,117278,0,0,0,0,0,0
2026-09-26T15:03:15.717152+00:00,64060288,43830860,4194300,50552,113386,1787353,117288,0,0,0,0,0,0
2026-09-26T15:03:16.718057+00:00,64060288,43846568,4194300,50552,113388,1787353,117294,0,0,0,0,0,0
2026-09-26T15:03:17.718911+00:00,64060288,43829872,4194300,50552,113388,1787353,117294,0,0,0,0,0,0
2026-09-26T15:03:18.719662+00:00,64060288,43809580,4194300,50552,113388,1787353,117294,0,0,0,0,0,0
2026-09-26T15:03:19.720462+00:00,64060288,43808628,4194300,50552,113388,1787353,117294,0,0,0,0,0,0
2026-09-26T15:03:20.721327+00:00,64060288,43827348,4194300,50552,113388,1787353,117294,0,0,0,0,0,0
2026-09-26T15:03:21.722211+00:00,64060288,43839392,4194300,50552,113388,1787353,117297,0,0,0,0,0,0
2026-09-26T15:03:22.723076+00:00,64060288,43842120,4194300,50552,113388,1787353,117297,0,0,0,0,0,0
2026-09-26T15:03:23.723912+00:00,64060288,43859984,4194300,50552,113388,1787353,117297,0,0,0,0,0,0
2026-09-26T15:03:24.724657+00:00,64060288,43859256,4194300,50552,113388,1787353,117297,0,0,0,0,0,0
2026-09-26T15:03:25.725411+00:00,64060288,43827924,4194300,50552,113388,1787353,117297,0,0,0,0,0,0
2026-09-26T15:03:26.726197+00:00,64060288,43818460,4194300,50552,113388,1787353,117297,0,0,0,0,0,0
2026-09-26T15:03:27.727073+00:00,64060288,43813496,4194300,50552,113388,1787353,117297,0,0,0,0,0,0
2026-09-26T15:03:28.727934+00:00,64060288,43835740,4194300,50552,113388,1787353,117297,0,0,0,0,0,0
2026-09-26T15:03:29.728777+00:00,64060288,43830160,4194300,50552,113388,1787353,117297,0,0,0,0,0,0
2026-09-26T15:03:30.729535+00:00,64060288,43832884,4194300,50552,113388,1787353,117297,0,0,0,0,0,0
2026-09-26T15:03:31.730332+00:00,64060288,43839320,4194300,50552,113388,1787353,117297,0,0,0,0,0,0
2026-09-26T15:03:32.731131+00:00,64060288,43836512,4194300,50552,113388,1787353,117297,0,0,0,0,0,0
2026-09-26T15:03:33.732000+00:00,64060288,43836484,4194300,50552,113388,1787353,117297,0,0,0,0,0,0
2026-09-26T15:03:34.732869+00:00,64060288,43833368,4194300,50552,113388,1787353,117297,0,0,0,0,0,0
2026-09-26T15:03:35.733726+00:00,64060288,43826892,4194300,50552,113388,1787353,117297,0,0,0,0,0,0
2026-09-26T15:03:36.734641+00:00,64060288,43826596,4194300,50552,113388,1787353,117297,0,0,0,0,0,0
2026-09-26T15:03:37.735835+00:00,64060288,43823452,4194300,50552,113388,1787353,117297,0,0,0,0,0,0
2026-09-26T15:03:38.737049+00:00,64060288,43843488,4194300,50552,113388,1787353,117297,0,0,0,0,0,0
2026-09-26T15:03:39.738316+00:00,64060288,43843232,4194300,50552,113388,1787353,117297,0,0,0,0,0,0
2026-09-26T15:03:40.739572+00:00,64060288,43858540,4194300,50552,113388,1787353,117297,0,0,0,0,0,0
2026-09-26T15:03:41.740749+00:00,64060288,43845156,4194300,50552,113388,1787353,117297,0,0,0,0,0,0
2026-09-26T15:03:42.741587+00:00,64060288,43857212,4194300,50552,113388,1787353,117297,0,0,0,0,0,0
2026-09-26T15:03:43.742313+00:00,64060288,43819984,4194300,50552,113388,1787353,117297,0,0,0,0,0,0
2026-09-26T15:03:44.743108+00:00,64060288,43834340,4194300,50552,113388,1787353,117297,0,0,0,0,0,0
2026-09-26T15:03:45.743932+00:00,64060288,43833528,4194300,50552,113388,1787353,117297,0,0,0,0,0,0
2026-09-26T15:03:46.744803+00:00,64060288,43830028,4194300,50552,113392,1787353,117300,0,0,0,0,0,0
2026-09-26T15:03:47.745659+00:00,64060288,43795452,4194300,50552,113392,1787353,117300,0,0,0,0,0,0
2026-09-26T15:03:48.746512+00:00,64060288,43797008,4194300,50552,113392,1787353,117300,0,0,0,0,0,0
2026-09-26T15:03:49.747356+00:00,64060288,43792052,4194300,50552,113392,1787353,117300,0,0,0,0,0,0
2026-09-26T15:03:50.748158+00:00,64060288,43804376,4194300,50552,113392,1787353,117300,0,0,0,0,0,0
2026-09-26T15:03:51.748934+00:00,64060288,43815104,4194300,50552,113392,1787353,117300,0,0,0,0,0,0
2026-09-26T15:03:52.749797+00:00,64060288,43817916,4194300,50552,113392,1787353,117300,0,0,0,0,0,0
2026-09-26T15:03:53.750636+00:00,64060288,43821556,4194300,50552,113392,1787353,117300,0,0,0,0,0,0
2026-09-26T15:03:54.751473+00:00,64060288,43815212,4194300,50552,113392,1787353,117300,0,0,0,0,0,0
2026-09-26T15:03:55.752327+00:00,64060288,43815152,4194300,50552,113392,1787353,117300,0,0,0,0,0,0
2026-09-26T15:03:56.753100+00:00,64060288,43802300,4194300,50552,113392,1787353,117300,0,0,0,0,0,0
2026-09-26T15:03:57.753857+00:00,64060288,43819488,4194300,50552,113392,1787353,117308,0,0,0,0,0,0
2026-09-26T15:03:58.754611+00:00,64060288,43813280,4194300,50552,113392,1787353,117308,0,0,0,0,0,0
2026-09-26T15:03:59.755467+00:00,64060288,43813728,4194300,50552,113392,1787353,117308,0,0,0,0,0,0
2026-09-26T15:04:00.756325+00:00,64060288,43820376,4194300,50552,113392,1787353,117308,0,0,0,0,0,0
2026-09-26T15:04:01.757192+00:00,64060288,43828848,4194300,50552,113392,1787353,117308,0,0,0,0,0,0
2026-09-26T15:04:02.757928+00:00,64060288,43822704,4194300,50552,113392,1787353,117310,0,0,0,0,0,0
2026-09-26T15:04:03.758660+00:00,64060288,43811152,4194300,50552,113392,1787353,117310,0,0,0,0,0,0
2026-09-26T15:04:04.759409+00:00,64060288,43823472,4194300,50552,113392,1787353,117310,0,0,0,0,0,0
2026-09-26T15:04:05.760283+00:00,64060288,43813504,4194300,50552,113392,1787353,117310,0,0,0,0,0,0
2026-09-26T15:04:06.761160+00:00,64060288,43792124,4194300,50552,113392,1787353,117310,0,0,0,0,0,0
2026-09-26T15:04:07.762050+00:00,64060288,43815304,4194300,50552,113392,1787353,117310,0,0,0,0,0,0
2026-09-26T15:04:08.762904+00:00,64060288,43808020,4194300,50552,113392,1787353,117310,0,0,0,0,0,0
2026-09-26T15:04:09.763680+00:00,64060288,43810804,4194300,50552,113392,1787353,117310,0,0,0,0,0,0
2026-09-26T15:04:10.764465+00:00,64060288,43811320,4194300,50552,113392,1787353,117310,0,0,0,0,0,0
2026-09-26T15:04:11.765268+00:00,64060288,43799780,4194300,50552,113392,1787353,117310,0,0,0,0,0,0
2026-09-26T15:04:12.766131+00:00,64060288,43806852,4194300,50552,113392,1787353,117310,0,0,0,0,0,0
2026-09-26T15:04:13.767013+00:00,64060288,43819684,4194300,50552,113392,1787353,117310,0,0,0,0,0,0
2026-09-26T15:04:14.767876+00:00,64060288,43815448,4194300,50552,113392,1787353,117310,0,0,0,0,0,0
2026-09-26T15:04:15.768628+00:00,64060288,43814892,4194300,50552,113392,1787353,117310,0,0,0,0,0,0
2026-09-26T15:04:16.769401+00:00,64060288,43806596,4194300,50552,113392,1787353,117310,0,0,0,0,0,0
2026-09-26T15:04:17.770224+00:00,64060288,43771868,4194300,50552,113392,1787353,117310,0,0,0,0,0,0
2026-09-26T15:04:18.771079+00:00,64060288,43766836,4194300,50552,113392,1787353,117310,0,0,0,0,0,0
2026-09-26T15:04:19.771938+00:00,64060288,43796732,4194300,50552,113392,1787353,117310,0,0,0,0,0,0
2026-09-26T15:04:20.772796+00:00,64060288,43795692,4194300,50552,113392,1787353,117310,0,0,0,0,0,0
2026-09-26T15:04:21.773638+00:00,64060288,43806920,4194300,50552,113392,1787353,117312,0,0,0,0,0,0
2026-09-26T15:04:22.774379+00:00,64060288,43806048,4194300,50552,113392,1787353,117312,0,0,0,0,0,0
2026-09-26T15:04:23.775175+00:00,64060288,43793268,4194300,50552,113392,1787353,117312,0,0,0,0,0,0
2026-09-26T15:04:24.775991+00:00,64060288,43780280,4194300,50552,113392,1787353,117312,0,0,0,0,0,0
2026-09-26T15:04:25.776843+00:00,64060288,43793244,4194300,50552,113392,1787353,117312,0,0,0,0,0,0
2026-09-26T15:04:26.777710+00:00,64060288,43807072,4194300,50552,113392,1787353,117312,0,0,0,0,0,0
2026-09-26T15:04:27.778543+00:00,64060288,43802600,4194300,50552,113392,1787353,117312,0,0,0,0,0,0
2026-09-26T15:04:28.779335+00:00,64060288,43810764,4194300,50552,113392,1787353,117312,0,0,0,0,0,0
2026-09-26T15:04:29.780118+00:00,64060288,43815276,4194300,50552,113392,1787353,117312,0,0,0,0,0,0
2026-09-26T15:04:30.780900+00:00,64060288,43807356,4194300,50552,113392,1787353,117312,0,0,0,0,0,0
2026-09-26T15:04:31.781793+00:00,64060288,43790812,4194300,50552,113392,1787353,117312,0,0,0,0,0,0
2026-09-26T15:04:32.782640+00:00,64060288,43802548,4194300,50552,113392,1787353,117312,0,0,0,0,0,0
2026-09-26T15:04:33.783494+00:00,64060288,43793776,4194300,50552,113392,1787353,117312,0,0,0,0,0,0
2026-09-26T15:04:34.784357+00:00,64060288,43786488,4194300,50552,113400,1787353,117340,0,0,0,0,0,0
2026-09-26T15:04:35.785144+00:00,64060288,43791160,4194300,50520,113414,1787353,117357,0,0,0,0,0,0
2026-09-26T15:04:36.785957+00:00,64060288,43800220,4194300,50520,113414,1787353,117359,0,0,0,0,0,0
2026-09-26T15:04:37.786850+00:00,64060288,43792444,4194300,50520,113414,1787353,117359,0,0,0,0,0,0
2026-09-26T15:04:38.787717+00:00,64060288,43781856,4194300,50520,113414,1787353,117359,0,0,0,0,0,0
2026-09-26T15:04:39.788555+00:00,64060288,43769356,4194300,50520,113414,1787353,117359,0,0,0,0,0,0
2026-09-26T15:04:40.789401+00:00,64060288,43774588,4194300,50520,113414,1787353,117359,0,0,0,0,0,0
2026-09-26T15:04:41.790192+00:00,64060288,43759744,4194300,50520,113414,1787353,117359,0,0,0,0,0,0
2026-09-26T15:04:42.790969+00:00,64060288,43757784,4194300,50520,113414,1787353,117359,0,0,0,0,0,0
2026-09-26T15:04:43.791770+00:00,64060288,43759260,4194300,50520,113414,1787353,117359,0,0,0,0,0,0
2026-09-26T15:04:44.792648+00:00,64060288,43765400,4194300,50520,113414,1787353,117359,0,0,0,0,0,0
2026-09-26T15:04:45.793511+00:00,64060288,43773148,4194300,50520,113414,1787353,117359,0,0,0,0,0,0
2026-09-26T15:04:46.794367+00:00,64060288,43754040,4194300,50520,113417,1787353,117360,0,0,0,0,0,0
2026-09-26T15:04:47.795248+00:00,64060288,43783424,4194300,50520,113417,1787353,117360,0,0,0,0,0,0
2026-09-26T15:04:48.796013+00:00,64060288,43784748,4194300,50520,113417,1787353,117360,0,0,0,0,0,0
2026-09-26T15:04:49.796735+00:00,64060288,43784984,4194300,50520,113417,1787353,117360,0,0,0,0,0,0
2026-09-26T15:04:50.797546+00:00,64060288,43786676,4194300,50520,113417,1787353,117360,0,0,0,0,0,0
2026-09-26T15:04:51.798406+00:00,64060288,43781888,4194300,50520,113417,1787353,117360,0,0,0,0,0,0
2026-09-26T15:04:52.799254+00:00,64060288,43768592,4194300,50520,113417,1787353,117360,0,0,0,0,0,0
2026-09-26T15:04:53.800105+00:00,64060288,43766856,4194300,50520,113417,1787353,117360,0,0,0,0,0,0
2026-09-26T15:04:54.800917+00:00,64060288,43778184,4194300,50520,113417,1787353,117360,0,0,0,0,0,0
2026-09-26T15:04:55.801740+00:00,64060288,43785108,4194300,50520,113417,1787353,117360,0,0,0,0,0,0
2026-09-26T15:04:56.802493+00:00,64060288,43777800,4194300,50520,113417,1787353,117360,0,0,0,0,0,0
2026-09-26T15:04:57.803353+00:00,64060288,43773316,4194300,50520,113417,1787353,117360,0,0,0,0,0,0
2026-09-26T15:04:58.804225+00:00,64060288,43776660,4194300,50520,113417,1787353,117360,0,0,0,0,0,0
2026-09-26T15:04:59.805104+00:00,64060288,43776284,4194300,50520,113417,1787353,117360,0,0,0,0,0,0
2026-09-26T15:05:00.805944+00:00,64060288,43786304,4194300,50520,113417,1787353,117360,0,0,0,0,0,0
2026-09-26T15:05:01.806662+00:00,64060288,43777804,4194300,50520,113417,1787353,117382,0,0,0,0,0,0
2026-09-26T15:05:02.807451+00:00,64060288,43779348,4194300,50520,113418,1787353,117383,0,0,0,0,0,0
2026-09-26T15:05:03.808263+00:00,64060288,43777228,4194300,50520,113418,1787353,117383,0,0,0,0,0,0
2026-09-26T15:05:04.809125+00:00,64060288,43772444,4194300,50520,113418,1787353,117383,0,0,0,0,0,0
2026-09-26T15:05:05.810006+00:00,64060288,43775404,4194300,50520,113418,1787353,117383,0,0,0,0,0,0
2026-09-26T15:05:06.810870+00:00,64060288,43766672,4194300,50520,113418,1787353,117383,0,0,0,0,0,0
2026-09-26T15:05:07.811724+00:00,64060288,43766352,4194300,50520,113418,1787353,117383,0,0,0,0,0,0
2026-09-26T15:05:08.812471+00:00,64060288,43733640,4194300,50520,113418,1787353,117385,0,0,0,0,0,0
2026-09-26T15:05:09.813275+00:00,64060288,43738376,4194300,50520,113418,1787353,117385,0,0,0,0,0,0
2026-09-26T15:05:10.814145+00:00,64060288,43754404,4194300,50520,113418,1787353,117385,0,0,0,0,0,0
2026-09-26T15:05:11.814996+00:00,64060288,43757300,4194300,50520,113418,1787353,117385,0,0,0,0,0,0
2026-09-26T15:05:12.815860+00:00,64060288,43771068,4194300,50520,113418,1787353,117385,0,0,0,0,0,0
2026-09-26T15:05:13.816722+00:00,64060288,43770268,4194300,50520,113418,1787353,117385,0,0,0,0,0,0
2026-09-26T15:05:14.817468+00:00,64060288,43761104,4194300,50520,113418,1787353,117385,0,0,0,0,0,0
2026-09-26T15:05:15.818259+00:00,64060288,43775372,4194300,50520,113418,1787353,117385,0,0,0,0,0,0
2026-09-26T15:05:16.819079+00:00,64060288,43745860,4194300,50520,113418,1787353,117385,0,0,0,0,0,0
2026-09-26T15:05:17.819951+00:00,64060288,43761592,4194300,50520,113418,1787353,117385,0,0,0,0,0,0
2026-09-26T15:05:18.820825+00:00,64060288,43760264,4194300,50520,113418,1787353,117385,0,0,0,0,0,0
2026-09-26T15:05:19.821670+00:00,64060288,43760548,4194300,50520,113418,1787353,117385,0,0,0,0,0,0
2026-09-26T15:05:20.822506+00:00,64060288,43743364,4194300,50520,113418,1787353,117385,0,0,0,0,0,0
2026-09-26T15:05:21.823281+00:00,64060288,43729956,4194300,50520,113418,1787353,117386,0,0,0,0,0,0
2026-09-26T15:05:22.824104+00:00,64060288,43734064,4194300,50520,113418,1787353,117386,0,0,0,0,0,0
2026-09-26T15:05:23.824886+00:00,64060288,43768732,4194300,50520,113418,1787353,117386,0,0,0,0,0,0
2026-09-26T15:05:24.825751+00:00,64060288,43769904,4194300,50520,113418,1787353,117386,0,0,0,0,0,0
2026-09-26T15:05:25.826607+00:00,64060288,43754240,4194300,50520,113418,1787353,117386,0,0,0,0,0,0
2026-09-26T15:05:26.827459+00:00,64060288,43742732,4194300,50520,113418,1787353,117386,0,0,0,0,0,0
2026-09-26T15:05:27.828302+00:00,64060288,43744892,4194300,50520,113418,1787353,117386,0,0,0,0,0,0
2026-09-26T15:05:28.829086+00:00,64060288,43763004,4194300,50520,113418,1787353,117386,0,0,0,0,0,0
2026-09-26T15:05:29.829821+00:00,64060288,43764824,4194300,50520,113418,1787353,117386,0,0,0,0,0,0
2026-09-26T15:05:30.830718+00:00,64060288,43770272,4194300,50520,113418,1787353,117386,0,0,0,0,0,0
2026-09-26T15:05:31.831596+00:00,64060288,43758796,4194300,50520,113418,1787353,117386,0,0,0,0,0,0
2026-09-26T15:05:32.832443+00:00,64060288,43767784,4194300,50520,113418,1787353,117386,0,0,0,0,0,0
2026-09-26T15:05:33.833293+00:00,64060288,43769300,4194300,50520,113418,1787353,117386,0,0,0,0,0,0
2026-09-26T15:05:34.834057+00:00,64060288,43763452,4194300,50520,113418,1787353,117386,0,0,0,0,0,0
2026-09-26T15:05:35.834821+00:00,64060288,43772224,4194300,50520,113418,1787353,117386,0,0,0,0,0,0
2026-09-26T15:05:36.835611+00:00,64060288,43760412,4194300,50520,113418,1787353,117386,0,0,0,0,0,0
2026-09-26T15:05:37.836460+00:00,64060288,43761600,4194300,50520,113418,1787353,117386,0,0,0,0,0,0
2026-09-26T15:05:38.837332+00:00,64060288,43756640,4194300,50520,113418,1787353,117386,0,0,0,0,0,0
2026-09-26T15:05:39.838198+00:00,64060288,43761740,4194300,50520,113418,1787353,117386,0,0,0,0,0,0
2026-09-26T15:05:40.839062+00:00,64060288,43772608,4194300,50520,113418,1787353,117386,0,0,0,0,0,0
2026-09-26T15:05:41.839854+00:00,64060288,43769016,4194300,50520,113418,1787353,117386,0,0,0,0,0,0
2026-09-26T15:05:42.840649+00:00,64060288,43772552,4194300,50520,113418,1787353,117386,0,0,0,0,0,0
2026-09-26T15:05:43.841404+00:00,64060288,43768940,4194300,50520,113418,1787353,117392,0,0,0,0,0,0
2026-09-26T15:05:44.842285+00:00,64060288,43760156,4194300,50520,113418,1787353,117392,0,0,0,0,0,0
2026-09-26T15:05:45.843150+00:00,64060288,43769456,4194300,50520,113418,1787353,117392,0,0,0,0,0,0
2026-09-26T15:05:46.844010+00:00,64060288,43722356,4194300,50520,113418,1787353,117392,0,0,0,0,0,0
2026-09-26T15:05:47.844882+00:00,64060288,43693224,4194300,50520,113418,1787353,117392,0,0,0,0,0,0
2026-09-26T15:05:48.845666+00:00,64060288,43682904,4194300,50520,113418,1787353,117392,0,0,0,0,0,0
2026-09-26T15:05:49.846462+00:00,64060288,43691260,4194300,50520,113418,1787353,117392,0,0,0,0,0,0
2026-09-26T15:05:50.847352+00:00,64060288,43702068,4194300,50520,113418,1787353,117392,0,0,0,0,0,0
2026-09-26T15:05:51.848209+00:00,64060288,43743916,4194300,50520,113418,1787353,117392,0,0,0,0,0,0
2026-09-26T15:05:52.849100+00:00,64060288,43739416,4194300,50520,113418,1787353,117392,0,0,0,0,0,0
2026-09-26T15:05:53.849974+00:00,64060288,43736884,4194300,50520,113418,1787353,117392,0,0,0,0,0,0
2026-09-26T15:05:54.850780+00:00,64060288,43728384,4194300,50520,113418,1787353,117392,0,0,0,0,0,0
2026-09-26T15:05:55.851566+00:00,64060288,43730540,4194300,50520,113418,1787353,117392,0,0,0,0,0,0
2026-09-26T15:05:56.852341+00:00,64060288,43737356,4194300,50520,113418,1787353,117392,0,0,0,0,0,0
2026-09-26T15:05:57.853227+00:00,64060288,43734060,4194300,50520,113418,1787353,117392,0,0,0,0,0,0
2026-09-26T15:05:58.854097+00:00,64060288,43740616,4194300,50520,113418,1787353,117392,0,0,0,0,0,0
2026-09-26T15:05:59.855014+00:00,64060288,43743968,4194300,50520,113418,1787353,117392,0,0,0,0,0,0
2026-09-26T15:06:00.855922+00:00,64060288,43741348,4194300,50520,113418,1787353,117392,0,0,0,0,0,0
2026-09-26T15:06:01.856653+00:00,64060288,43710480,4194300,50520,113418,1787353,117392,0,0,0,0,0,0
2026-09-26T15:06:02.857398+00:00,64060288,43706176,4194300,50520,113418,1787353,117392,0,0,0,0,0,0
2026-09-26T15:06:03.858215+00:00,64060288,43715328,4194300,50520,113418,1787353,117392,0,0,0,0,0,0
2026-09-26T15:06:04.859103+00:00,64060288,43698164,4194300,50520,113418,1787353,117392,0,0,0,0,0,0
2026-09-26T15:06:05.859954+00:00,64060288,43714016,4194300,50520,113418,1787353,117392,0,0,0,0,0,0
2026-09-26T15:06:06.860819+00:00,64060288,43719500,4194300,50520,113418,1787353,117392,0,0,0,0,0,0
2026-09-26T15:06:07.861661+00:00,64060288,43687108,4194300,50520,113418,1787353,117393,0,0,0,0,0,0
2026-09-26T15:06:08.862442+00:00,64060288,43704580,4194300,50520,113418,1787353,117393,0,0,0,0,0,0
2026-09-26T15:06:09.863204+00:00,64060288,43728764,4194300,50520,113418,1787353,117393,0,0,0,0,0,0
2026-09-26T15:06:10.863974+00:00,64060288,43725088,4194300,50520,113418,1787353,117393,0,0,0,0,0,0
2026-09-26T15:06:11.864845+00:00,64060288,43722752,4194300,50520,113418,1787353,117393,0,0,0,0,0,0
2026-09-26T15:06:12.865631+00:00,64060288,43725332,4194300,50520,113418,1787353,117393,0,0,0,0,0,0
2026-09-26T15:06:13.866455+00:00,64060288,43706472,4194300,50520,113418,1787353,117393,0,0,0,0,0,0
2026-09-26T15:06:14.867313+00:00,64060288,43729684,4194300,50520,113418,1787353,117393,0,0,0,0,0,0
2026-09-26T15:06:15.868116+00:00,64060288,43710616,4194300,50520,113418,1787353,117393,0,0,0,0,0,0
2026-09-26T15:06:16.868944+00:00,64060288,43715500,4194300,50520,113418,1787353,117393,0,0,0,0,0,0
2026-09-26T15:06:17.869829+00:00,64060288,43708884,4194300,50520,113418,1787353,117393,0,0,0,0,0,0
2026-09-26T15:06:18.870673+00:00,64060288,43699172,4194300,50520,113418,1787353,117393,0,0,0,0,0,0
2026-09-26T15:06:19.871527+00:00,64060288,43703752,4194300,50520,113418,1787353,117393,0,0,0,0,0,0
2026-09-26T15:06:20.872381+00:00,64060288,43724512,4194300,50520,113418,1787353,117393,0,0,0,0,0,0
2026-09-26T15:06:21.873196+00:00,64060288,43716728,4194300,50520,113418,1787353,117393,0,0,0,0,0,0
2026-09-26T15:06:22.874006+00:00,64060288,43714936,4194300,50520,113418,1787353,117393,0,0,0,0,0,0
2026-09-26T15:06:23.874793+00:00,64060288,43729040,4194300,50520,113418,1787353,117393,0,0,0,0,0,0
2026-09-26T15:06:24.875637+00:00,64060288,43729588,4194300,50520,113418,1787353,117393,0,0,0,0,0,0
2026-09-26T15:06:25.876492+00:00,64060288,43711812,4194300,50520,113418,1787353,117393,0,0,0,0,0,0
2026-09-26T15:06:26.877382+00:00,64060288,43715292,4194300,50520,113418,1787353,117393,0,0,0,0,0,0
2026-09-26T15:06:27.878209+00:00,64060288,43719276,4194300,50520,113418,1787353,117393,0,0,0,0,0,0
2026-09-26T15:06:28.878951+00:00,64060288,43717632,4194300,50520,113418,1787353,117393,0,0,0,0,0,0
2026-09-26T15:06:29.879711+00:00,64060288,43693272,4194300,50520,113418,1787353,117393,0,0,0,0,0,0
2026-09-26T15:06:30.880474+00:00,64060288,43712824,4194300,50520,113418,1787353,117393,0,0,0,0,0,0
2026-09-26T15:06:31.881362+00:00,64060288,43702996,4194300,50520,113418,1787353,117393,0,0,0,0,0,0
2026-09-26T15:06:32.882234+00:00,64060288,43727852,4194300,50520,113418,1787353,117393,0,0,0,0,0,0
2026-09-26T15:06:33.883089+00:00,64060288,43721024,4194300,50520,113418,1787353,117393,0,0,0,0,0,0
2026-09-26T15:06:34.883954+00:00,64060288,43713648,4194300,50520,113418,1787353,117393,0,0,0,0,0,0
2026-09-26T15:06:35.884693+00:00,64060288,43716236,4194300,50520,113418,1787353,117393,0,0,0,0,0,0
2026-09-26T15:06:36.885470+00:00,64060288,43723916,4194300,50520,113418,1787353,117393,0,0,0,0,0,0
2026-09-26T15:06:37.886268+00:00,64060288,43721916,4194300,50520,113418,1787353,117393,0,0,0,0,0,0
2026-09-26T15:06:38.887131+00:00,64060288,43711652,4194300,50520,113418,1787353,117393,0,0,0,0,0,0
2026-09-26T15:06:39.887988+00:00,64060288,43717592,4194300,50520,113418,1787353,117393,0,0,0,0,0,0
2026-09-26T15:06:40.888839+00:00,64060288,43714972,4194300,50520,113418,1787353,117393,0,0,0,0,0,0
2026-09-26T15:06:41.889668+00:00,64060288,43717592,4194300,50520,113418,1787353,117394,0,0,0,0,0,0
2026-09-26T15:06:42.890457+00:00,64060288,43731404,4194300,50520,113418,1787353,117394,0,0,0,0,0,0
2026-09-26T15:06:43.891235+00:00,64060288,43728764,4194300,50520,113418,1787353,117394,0,0,0,0,0,0
2026-09-26T15:06:44.892032+00:00,64060288,43719344,4194300,50520,113418,1787353,117394,0,0,0,0,0,0
2026-09-26T15:06:45.892893+00:00,64060288,43735872,4194300,50520,113418,1787353,117394,0,0,0,0,0,0
2026-09-26T15:06:46.893745+00:00,64060288,43703200,4194300,50520,113418,1787353,117394,0,0,0,0,0,0
2026-09-26T15:06:47.894607+00:00,64060288,43731732,4194300,50520,113418,1787353,117394,0,0,0,0,0,0
2026-09-26T15:06:48.895444+00:00,64060288,43733444,4194300,50520,113418,1787353,117394,0,0,0,0,0,0
2026-09-26T15:06:49.896214+00:00,64060288,43732252,4194300,50520,113418,1787353,117398,0,0,0,0,0,0
2026-09-26T15:06:50.897546+00:00,64060288,43737544,4194300,50520,113418,1787353,117398,0,0,0,0,0,0
2026-09-26T15:06:51.898354+00:00,64060288,43747504,4194300,50520,113418,1787353,117398,0,0,0,0,0,0
2026-09-26T15:06:52.899238+00:00,64060288,43735644,4194300,50520,113418,1787353,117398,0,0,0,0,0,0
2026-09-26T15:06:53.900096+00:00,64060288,43733788,4194300,50520,113418,1787353,117398,0,0,0,0,0,0
2026-09-26T15:06:54.900976+00:00,64060288,43715144,4194300,50520,113418,1787353,117398,0,0,0,0,0,0
2026-09-26T15:06:55.901826+00:00,64060288,43742180,4194300,50520,113418,1787353,117398,0,0,0,0,0,0
2026-09-26T15:06:56.902566+00:00,64060288,43737040,4194300,50520,113418,1787353,117398,0,0,0,0,0,0
2026-09-26T15:06:57.903360+00:00,64060288,43686740,4194300,50520,113418,1787353,117399,0,0,0,0,0,0
2026-09-26T15:06:58.904171+00:00,64060288,43680928,4194300,50520,113418,1787353,117399,0,0,0,0,0,0
2026-09-26T15:06:59.905029+00:00,64060288,43678036,4194300,50520,113418,1787353,117399,0,0,0,0,0,0
2026-09-26T15:07:00.905916+00:00,64060288,43724488,4194300,50520,113418,1787353,117399,0,0,0,0,0,0
2026-09-26T15:07:01.906781+00:00,64060288,43706456,4194300,50520,113418,1787353,117399,0,0,0,0,0,0
2026-09-26T15:07:02.907650+00:00,64060288,43711980,4194300,50520,113418,1787353,117399,0,0,0,0,0,0
2026-09-26T15:07:03.908433+00:00,64060288,43685104,4194300,50520,113418,1787353,117399,0,0,0,0,0,0
2026-09-26T15:07:04.909233+00:00,64060288,43678932,4194300,50520,113418,1787353,117402,0,0,0,0,0,0
2026-09-26T15:07:05.910047+00:00,64060288,43692204,4194300,50520,113418,1787353,117402,0,0,0,0,0,0
2026-09-26T15:07:06.910908+00:00,64060288,43691288,4194300,50520,113418,1787353,117402,0,0,0,0,0,0
2026-09-26T15:07:07.911745+00:00,64060288,43699432,4194300,50520,113418,1787353,117402,0,0,0,0,0,0
2026-09-26T15:07:08.912603+00:00,64060288,43709552,4194300,50520,113420,1787353,117404,0,0,0,0,0,0
2026-09-26T15:07:09.913449+00:00,64060288,43707932,4194300,50520,113420,1787353,117404,0,0,0,0,0,0
2026-09-26T15:07:10.914229+00:00,64060288,43715132,4194300,50520,113420,1787353,117404,0,0,0,0,0,0
2026-09-26T15:07:11.915046+00:00,64060288,43695044,4194300,50520,113420,1787353,117404,0,0,0,0,0,0
2026-09-26T15:07:12.915954+00:00,64060288,43689760,4194300,50520,113420,1787353,117404,0,0,0,0,0,0
2026-09-26T15:07:13.916832+00:00,64060288,43689620,4194300,50520,113420,1787353,117405,0,0,0,0,0,0
2026-09-26T15:07:14.917712+00:00,64060288,43704916,4194300,50520,113420,1787353,117405,0,0,0,0,0,0
2026-09-26T15:07:15.918549+00:00,64060288,43728628,4194300,50520,113420,1787353,117405,0,0,0,0,0,0
2026-09-26T15:07:16.919395+00:00,64060288,43704592,4194300,50520,113425,1787353,117408,0,0,0,0,0,0
2026-09-26T15:07:17.920139+00:00,64060288,43716676,4194300,50520,113425,1787353,117408,0,0,0,0,0,0
2026-09-26T15:07:18.920958+00:00,64060288,43701864,4194300,50520,113425,1787353,117408,0,0,0,0,0,0
2026-09-26T15:07:19.921840+00:00,64060288,43718092,4194300,50520,113425,1787353,117408,0,0,0,0,0,0
2026-09-26T15:07:20.922807+00:00,64060288,43716844,4194300,50520,113425,1787353,117408,0,0,0,0,0,0
2026-09-26T15:07:21.924095+00:00,64060288,43705884,4194300,50520,113425,1787353,117408,0,0,0,0,0,0
2026-09-26T15:07:22.925410+00:00,64060288,43714800,4194300,50520,113425,1787353,117408,0,0,0,0,0,0
2026-09-26T15:07:23.926647+00:00,64060288,43715116,4194300,50520,113425,1787353,117408,0,0,0,0,0,0
2026-09-26T15:07:24.927840+00:00,64060288,43712372,4194300,50520,113425,1787353,117408,0,0,0,0,0,0
2026-09-26T15:07:25.929076+00:00,64060288,43714796,4194300,50520,113425,1787353,117408,0,0,0,0,0,0
2026-09-26T15:07:26.930373+00:00,64060288,43702584,4194300,50520,113425,1787353,117408,0,0,0,0,0,0
2026-09-26T15:07:27.932148+00:00,64060288,43719980,4194300,50520,113425,1787353,117408,0,0,0,0,0,0
2026-09-26T15:07:28.933397+00:00,64060288,43725244,4194300,50520,113425,1787353,117408,0,0,0,0,0,0
2026-09-26T15:07:29.934636+00:00,64060288,43715800,4194300,50520,113425,1787353,117408,0,0,0,0,0,0
2026-09-26T15:07:30.935891+00:00,64060288,43713156,4194300,50520,113425,1787353,117408,0,0,0,0,0,0
2026-09-26T15:07:31.937128+00:00,64060288,43716612,4194300,50520,113425,1787353,117408,0,0,0,0,0,0
2026-09-26T15:07:32.938324+00:00,64060288,43713004,4194300,50520,113425,1787353,117408,0,0,0,0,0,0
2026-09-26T15:07:33.939979+00:00,64060288,43717896,4194300,50520,113425,1787353,117408,0,0,0,0,0,0
2026-09-26T15:07:34.941268+00:00,64060288,43697452,4194300,50520,113425,1787353,117408,0,0,0,0,0,0
2026-09-26T15:07:35.942573+00:00,64060288,43694040,4194300,50520,113425,1787353,117408,0,0,0,0,0,0
2026-09-26T15:07:36.943831+00:00,64060288,43915932,4194300,50520,113425,1787353,117408,0,0,0,0,0,0
2026-09-26T15:07:37.945023+00:00,64060288,43878220,4194300,50520,113425,1787353,117408,0,0,0,0,0,0
2026-09-26T15:07:38.945992+00:00,64060288,43878772,4194300,50520,113425,1787353,117408,0,0,0,0,0,0
2026-09-26T15:07:39.947641+00:00,64060288,43875288,4194300,50520,113425,1787353,117408,0,0,0,0,0,0
2026-09-26T15:07:40.948915+00:00,64060288,43854480,4194300,50520,113425,1787353,117408,0,0,0,0,0,0
2026-09-26T15:07:41.950199+00:00,64060288,43857616,4194300,50520,113425,1787353,117408,0,0,0,0,0,0
2026-09-26T15:07:42.951527+00:00,64060288,43857868,4194300,50520,113425,1787353,117408,0,0,0,0,0,0
2026-09-26T15:07:43.952823+00:00,64060288,43875152,4194300,50520,113425,1787353,117408,0,0,0,0,0,0
2026-09-26T15:07:44.954017+00:00,64060288,43862244,4194300,50520,113425,1787353,117408,0,0,0,0,0,0
2026-09-26T15:07:45.955621+00:00,64060288,43867888,4194300,50520,113425,1787353,117410,0,0,0,0,0,0
2026-09-26T15:07:46.956826+00:00,64060288,43822204,4194300,50520,113425,1787353,117410,0,0,0,0,0,0
2026-09-26T15:07:47.958098+00:00,64060288,43813036,4194300,50520,113425,1787353,117410,0,0,0,0,0,0
2026-09-26T15:07:48.959376+00:00,64060288,43815584,4194300,50520,113425,1787353,117410,0,0,0,0,0,0
2026-09-26T15:07:49.960649+00:00,64060288,43838256,4194300,50520,113425,1787353,117410,0,0,0,0,0,0
2026-09-26T15:07:50.961869+00:00,64060288,43844792,4194300,50520,113425,1787353,117410,0,0,0,0,0,0
2026-09-26T15:07:51.962815+00:00,64060288,43864948,4194300,50520,113425,1787353,117410,0,0,0,0,0,0
2026-09-26T15:07:52.964009+00:00,64060288,43870696,4194300,50520,113425,1787353,117410,0,0,0,0,0,0
2026-09-26T15:07:53.965229+00:00,64060288,43836224,4194300,50520,113425,1787353,117410,0,0,0,0,0,0
2026-09-26T15:07:54.966517+00:00,64060288,43849908,4194300,50520,113425,1787353,117410,0,0,0,0,0,0
2026-09-26T15:07:55.967805+00:00,64060288,43858824,4194300,50520,113425,1787353,117410,0,0,0,0,0,0
2026-09-26T15:07:56.968987+00:00,64060288,43832380,4194300,50520,113425,1787353,117410,0,0,0,0,0,0
2026-09-26T15:07:57.969951+00:00,64060288,43850968,4194300,50520,113425,1787353,117410,0,0,0,0,0,0
2026-09-26T15:07:58.971136+00:00,64060288,43861092,4194300,50520,113425,1787353,117410,0,0,0,0,0,0
2026-09-26T15:07:59.972334+00:00,64060288,43856660,4194300,50520,113425,1787353,117410,0,0,0,0,0,0
2026-09-26T15:08:00.974162+00:00,64060288,43850288,4194300,50520,113425,1787353,117410,0,0,0,0,0,0
2026-09-26T15:08:01.975440+00:00,64060288,43836596,4194300,50520,113425,1787353,117410,0,0,0,0,0,0
2026-09-26T15:08:02.976701+00:00,64060288,43819804,4194300,50520,113425,1787353,117410,0,0,0,0,0,0
2026-09-26T15:08:03.978018+00:00,64060288,43811352,4194300,50520,113425,1787353,117410,0,0,0,0,0,0
2026-09-26T15:08:04.979238+00:00,64060288,43810592,4194300,50520,113425,1787353,117410,0,0,0,0,0,0
2026-09-26T15:08:05.980440+00:00,64060288,43801968,4194300,50520,113425,1787353,117410,0,0,0,0,0,0
2026-09-26T15:08:06.981655+00:00,64060288,43822704,4194300,50520,113425,1787353,117410,0,0,0,0,0,0
2026-09-26T15:08:07.982885+00:00,64060288,43831908,4194300,50520,113425,1787353,117410,0,0,0,0,0,0
2026-09-26T15:08:08.984151+00:00,64060288,43849544,4194300,50520,113425,1787353,117410,0,0,0,0,0,0
2026-09-26T15:08:09.985435+00:00,64060288,43841760,4194300,50520,113425,1787353,117410,0,0,0,0,0,0
2026-09-26T15:08:10.986731+00:00,64060288,43842232,4194300,50520,113425,1787353,117410,0,0,0,0,0,0
2026-09-26T15:08:11.988006+00:00,64060288,43847100,4194300,50520,113425,1787353,117410,0,0,0,0,0,0
2026-09-26T15:08:12.989258+00:00,64060288,43830260,4194300,50520,113425,1787353,117410,0,0,0,0,0,0
2026-09-26T15:08:13.990373+00:00,64060288,43802352,4194300,50520,113425,1787353,117420,0,0,0,0,0,0
2026-09-26T15:08:14.991252+00:00,64060288,43805192,4194300,50520,113425,1787353,117423,0,0,0,0,0,0
2026-09-26T15:08:15.992554+00:00,64060288,43817912,4194300,50520,113425,1787353,117423,0,0,0,0,0,0
2026-09-26T15:08:16.993795+00:00,64060288,43826940,4194300,50520,113425,1787353,117423,0,0,0,0,0,0
2026-09-26T15:08:17.995042+00:00,64060288,43824128,4194300,50520,113425,1787353,117423,0,0,0,0,0,0
2026-09-26T15:08:18.996331+00:00,64060288,43825836,4194300,50520,113425,1787353,117423,0,0,0,0,0,0
2026-09-26T15:08:19.997602+00:00,64060288,43825196,4194300,50520,113425,1787353,117423,0,0,0,0,0,0
2026-09-26T15:08:20.998718+00:00,64060288,43824824,4194300,50520,113425,1787353,117423,0,0,0,0,0,0
2026-09-26T15:08:21.999791+00:00,64060288,43833424,4194300,50520,113425,1787353,117423,0,0,0,0,0,0
2026-09-26T15:08:23.001060+00:00,64060288,43812584,4194300,50520,113425,1787353,117423,0,0,0,0,0,0
2026-09-26T15:08:24.002340+00:00,64060288,43821004,4194300,50520,113425,1787353,117423,0,0,0,0,0,0
2026-09-26T15:08:25.003630+00:00,64060288,43806600,4194300,50520,113425,1787353,117423,0,0,0,0,0,0
2026-09-26T15:08:26.004877+00:00,64060288,43831464,4194300,50520,113425,1787353,117423,0,0,0,0,0,0
2026-09-26T15:08:27.006170+00:00,64060288,43823700,4194300,50520,113425,1787353,117423,0,0,0,0,0,0
2026-09-26T15:08:28.007395+00:00,64060288,43825236,4194300,50520,113425,1787353,117423,0,0,0,0,0,0
2026-09-26T15:08:29.008639+00:00,64060288,43818416,4194300,50520,113425,1787353,117423,0,0,0,0,0,0
2026-09-26T15:08:30.009894+00:00,64060288,43819192,4194300,50520,113425,1787353,117423,0,0,0,0,0,0
2026-09-26T15:08:31.011184+00:00,64060288,43822560,4194300,50520,113425,1787353,117423,0,0,0,0,0,0
2026-09-26T15:08:32.012489+00:00,64060288,43842952,4194300,50520,113425,1787353,117423,0,0,0,0,0,0
2026-09-26T15:08:33.013750+00:00,64060288,43841336,4194300,50520,113425,1787353,117423,0,0,0,0,0,0
2026-09-26T15:08:34.014940+00:00,64060288,43824016,4194300,50520,113425,1787353,117423,0,0,0,0,0,0
2026-09-26T15:08:35.015652+00:00,64060288,43809456,4194300,50520,113425,1787353,117423,0,0,0,0,0,0
2026-09-26T15:08:36.016386+00:00,64060288,43787240,4194300,50520,113425,1787353,117423,0,0,0,0,0,0
2026-09-26T15:08:37.017146+00:00,64060288,43787348,4194300,50520,113425,1787353,117423,0,0,0,0,0,0
2026-09-26T15:08:38.018039+00:00,64060288,43786036,4194300,50520,113425,1787353,117423,0,0,0,0,0,0
2026-09-26T15:08:39.018910+00:00,64060288,43785424,4194300,50520,113425,1787353,117423,0,0,0,0,0,0
2026-09-26T15:08:40.019795+00:00,64060288,43792952,4194300,50520,113425,1787353,117423,0,0,0,0,0,0
2026-09-26T15:08:41.020659+00:00,64060288,43785800,4194300,50520,113425,1787353,117423,0,0,0,0,0,0
2026-09-26T15:08:42.021419+00:00,64060288,43790500,4194300,50520,113425,1787353,117423,0,0,0,0,0,0
2026-09-26T15:08:43.022177+00:00,64060288,43790604,4194300,50520,113425,1787353,117423,0,0,0,0,0,0
2026-09-26T15:08:44.022958+00:00,64060288,43801308,4194300,50520,113425,1787353,117423,0,0,0,0,0,0
2026-09-26T15:08:45.023811+00:00,64060288,43791716,4194300,50520,113425,1787353,117423,0,0,0,0,0,0
2026-09-26T15:08:46.024657+00:00,64060288,43774808,4194300,50520,113425,1787353,117423,0,0,0,0,0,0
2026-09-26T15:08:47.025489+00:00,64060288,43776752,4194300,50520,113427,1787353,117425,0,0,0,0,0,0
2026-09-26T15:08:48.026343+00:00,64060288,43786372,4194300,50520,113427,1787353,117425,0,0,0,0,0,0
2026-09-26T15:08:49.027087+00:00,64060288,43786124,4194300,50520,113427,1787353,117425,0,0,0,0,0,0
2026-09-26T15:08:50.027834+00:00,64060288,43793760,4194300,50520,113427,1787353,117425,0,0,0,0,0,0
2026-09-26T15:08:51.028626+00:00,64060288,43807920,4194300,50520,113427,1787353,117425,0,0,0,0,0,0
2026-09-26T15:08:52.029477+00:00,64060288,43805700,4194300,50520,113427,1787353,117425,0,0,0,0,0,0
2026-09-26T15:08:53.030349+00:00,64060288,43812616,4194300,50520,113427,1787353,117425,0,0,0,0,0,0
2026-09-26T15:08:54.031262+00:00,64060288,43806468,4194300,50520,113427,1787353,117425,0,0,0,0,0,0
2026-09-26T15:08:55.032139+00:00,64060288,43758268,4194300,50520,113430,1787353,117460,0,0,0,0,0,0
2026-09-26T15:08:56.033022+00:00,64060288,43779316,4194300,50520,113430,1787353,117460,0,0,0,0,0,0
2026-09-26T15:08:57.033832+00:00,64060288,43777932,4194300,50520,113430,1787353,117461,0,0,0,0,0,0
2026-09-26T15:08:58.034588+00:00,64060288,43778424,4194300,50520,113430,1787353,117462,0,0,0,0,0,0
2026-09-26T15:08:59.035443+00:00,64060288,43791544,4194300,50520,113430,1787353,117464,0,0,0,0,0,0
2026-09-26T15:09:00.036305+00:00,64060288,43791576,4194300,50520,113430,1787353,117464,0,0,0,0,0,0
2026-09-26T15:09:01.037182+00:00,64060288,43790744,4194300,50520,113430,1787353,117464,0,0,0,0,0,0
2026-09-26T15:09:02.038048+00:00,64060288,43791920,4194300,50520,113430,1787353,117464,0,0,0,0,0,0
2026-09-26T15:09:03.038910+00:00,64060288,43788920,4194300,50520,113430,1787353,117464,0,0,0,0,0,0
2026-09-26T15:09:04.039666+00:00,64060288,43783252,4194300,50520,113430,1787353,117464,0,0,0,0,0,0
2026-09-26T15:09:05.040349+00:00,64060288,43775908,4194300,50520,113430,1787353,117464,0,0,0,0,0,0
2026-09-26T15:09:06.041215+00:00,64060288,43776364,4194300,50520,113430,1787353,117464,0,0,0,0,0,0
2026-09-26T15:09:07.042069+00:00,64060288,43769776,4194300,50520,113430,1787353,117464,0,0,0,0,0,0
2026-09-26T15:09:08.042952+00:00,64060288,43789464,4194300,50520,113430,1787353,117464,0,0,0,0,0,0
2026-09-26T15:09:09.043794+00:00,64060288,43798496,4194300,50520,113430,1787353,117464,0,0,0,0,0,0
2026-09-26T15:09:10.044627+00:00,64060288,43790152,4194300,50520,113430,1787353,117464,0,0,0,0,0,0
2026-09-26T15:09:11.045350+00:00,64060288,43791276,4194300,50520,113430,1787353,117464,0,0,0,0,0,0
2026-09-26T15:09:12.046173+00:00,64060288,43802920,4194300,50520,113430,1787353,117464,0,0,0,0,0,0
2026-09-26T15:09:13.046994+00:00,64060288,43792116,4194300,50520,113430,1787353,117464,0,0,0,0,0,0
2026-09-26T15:09:14.047882+00:00,64060288,43791132,4194300,50520,113430,1787353,117464,0,0,0,0,0,0
2026-09-26T15:09:15.048735+00:00,64060288,43784764,4194300,50520,113430,1787353,117464,0,0,0,0,0,0
2026-09-26T15:09:16.049606+00:00,64060288,43780332,4194300,50520,113430,1787353,117464,0,0,0,0,0,0
2026-09-26T15:09:17.050456+00:00,64060288,43765396,4194300,50444,113432,1787353,117466,0,0,0,0,0,0
2026-09-26T15:09:18.051239+00:00,64060288,43766660,4194300,50444,113432,1787353,117466,0,0,0,0,0,0
2026-09-26T15:09:19.052052+00:00,64060288,43781972,4194300,50444,113432,1787353,117466,0,0,0,0,0,0
2026-09-26T15:09:20.052819+00:00,64060288,43788292,4194300,50444,113432,1787353,117466,0,0,0,0,0,0
2026-09-26T15:09:21.053677+00:00,64060288,43789544,4194300,50444,113432,1787353,117466,0,0,0,0,0,0
2026-09-26T15:09:22.054546+00:00,64060288,43765600,4194300,50444,113432,1787353,117466,0,0,0,0,0,0
2026-09-26T15:09:23.055450+00:00,64060288,43792504,4194300,50444,113432,1787353,117466,0,0,0,0,0,0
2026-09-26T15:09:24.056335+00:00,64060288,43791652,4194300,50444,113432,1787353,117466,0,0,0,0,0,0
2026-09-26T15:09:25.057076+00:00,64060288,43790980,4194300,50444,113432,1787353,117466,0,0,0,0,0,0
2026-09-26T15:09:26.057847+00:00,64060288,43774688,4194300,50444,113432,1787353,117466,0,0,0,0,0,0
2026-09-26T15:09:27.058588+00:00,64060288,43789944,4194300,50444,113432,1787353,117466,0,0,0,0,0,0
2026-09-26T15:09:28.059453+00:00,64060288,43768652,4194300,50444,113432,1787353,117466,0,0,0,0,0,0
2026-09-26T15:09:29.060363+00:00,64060288,43783100,4194300,50444,113432,1787353,117466,0,0,0,0,0,0
2026-09-26T15:09:30.061230+00:00,64060288,43782348,4194300,50444,113432,1787353,117466,0,0,0,0,0,0
2026-09-26T15:09:31.062128+00:00,64060288,43766132,4194300,50444,113432,1787353,117466,0,0,0,0,0,0
2026-09-26T15:09:32.062994+00:00,64060288,43771604,4194300,50444,113432,1787353,117466,0,0,0,0,0,0
2026-09-26T15:09:33.063775+00:00,64060288,43776584,4194300,50444,113432,1787353,117466,0,0,0,0,0,0
2026-09-26T15:09:34.064552+00:00,64060288,43757852,4194300,50444,113432,1787353,117466,0,0,0,0,0,0
2026-09-26T15:09:35.065423+00:00,64060288,43764056,4194300,50444,113432,1787353,117466,0,0,0,0,0,0
2026-09-26T15:09:36.066306+00:00,64060288,43770296,4194300,50444,113432,1787353,117466,0,0,0,0,0,0
2026-09-26T15:09:37.067168+00:00,64060288,43764036,4194300,50444,113432,1787353,117466,0,0,0,0,0,0
2026-09-26T15:09:38.068052+00:00,64060288,43778728,4194300,50444,113432,1787353,117466,0,0,0,0,0,0
2026-09-26T15:09:39.068939+00:00,64060288,43765180,4194300,50444,113433,1787353,117467,0,0,0,0,0,0
2026-09-26T15:09:40.069693+00:00,64060288,43756348,4194300,50444,113433,1787353,117485,0,0,0,0,0,0
2026-09-26T15:09:41.070422+00:00,64060288,43760068,4194300,50444,113433,1787353,117514,0,0,0,0,0,0
2026-09-26T15:09:42.071292+00:00,64060288,43758652,4194300,50444,113433,1787353,117525,0,0,0,0,0,0
2026-09-26T15:09:43.072173+00:00,64060288,43759040,4194300,50444,113433,1787353,117525,0,0,0,0,0,0
2026-09-26T15:09:44.073040+00:00,64060288,43765248,4194300,50444,113433,1787353,117525,0,0,0,0,0,0
2026-09-26T15:09:45.073923+00:00,64060288,43736836,4194300,50444,113433,1787353,117525,0,0,0,0,0,0
2026-09-26T15:09:46.074790+00:00,64060288,43731128,4194300,50444,113433,1787353,117525,0,0,0,0,0,0
2026-09-26T15:09:47.075535+00:00,64060288,43737008,4194300,50444,113434,1787353,117526,0,0,0,0,0,0
2026-09-26T15:09:48.076302+00:00,64060288,43768408,4194300,50444,113434,1787353,117526,0,0,0,0,0,0
2026-09-26T15:09:49.077111+00:00,64060288,43753784,4194300,50444,113434,1787353,117526,0,0,0,0,0,0
2026-09-26T15:09:50.077973+00:00,64060288,43761220,4194300,50444,113434,1787353,117526,0,0,0,0,0,0
2026-09-26T15:09:51.078866+00:00,64060288,43766952,4194300,50444,113434,1787353,117526,0,0,0,0,0,0
2026-09-26T15:09:52.079735+00:00,64060288,43749612,4194300,50444,113434,1787353,117526,0,0,0,0,0,0
2026-09-26T15:09:53.080625+00:00,64060288,43761196,4194300,50444,113434,1787353,117526,0,0,0,0,0,0
2026-09-26T15:09:54.081424+00:00,64060288,43762056,4194300,50444,113434,1787353,117526,0,0,0,0,0,0
2026-09-26T15:09:55.082228+00:00,64060288,43767100,4194300,50444,113434,1787353,117526,0,0,0,0,0,0
2026-09-26T15:09:56.083001+00:00,64060288,43775240,4194300,50444,113434,1787353,117526,0,0,0,0,0,0
2026-09-26T15:09:57.083871+00:00,64060288,43752360,4194300,50444,113434,1787353,117526,0,0,0,0,0,0
2026-09-26T15:09:58.084726+00:00,64060288,43741796,4194300,50444,113434,1787353,117526,0,0,0,0,0,0
2026-09-26T15:09:59.085570+00:00,64060288,43743556,4194300,50444,113434,1787353,117526,0,0,0,0,0,0
2026-09-26T15:10:00.086427+00:00,64060288,43760020,4194300,50444,113434,1787353,117526,0,0,0,0,0,0
2026-09-26T15:10:01.087296+00:00,64060288,43758436,4194300,50444,113434,1787353,117526,0,0,0,0,0,0
2026-09-26T15:10:02.088118+00:00,64060288,43742040,4194300,50444,113434,1787353,117526,0,0,0,0,0,0
2026-09-26T15:10:03.088890+00:00,64060288,43746712,4194300,50444,113434,1787353,117526,0,0,0,0,0,0
2026-09-26T15:10:04.089639+00:00,64060288,43754940,4194300,50444,113434,1787353,117526,0,0,0,0,0,0
2026-09-26T15:10:05.090516+00:00,64060288,43758092,4194300,50444,113434,1787353,117528,0,0,0,0,0,0
2026-09-26T15:10:06.091372+00:00,64060288,43745984,4194300,50444,113434,1787353,117528,0,0,0,0,0,0
2026-09-26T15:10:07.092249+00:00,64060288,43753964,4194300,50444,113434,1787353,117528,0,0,0,0,0,0
2026-09-26T15:10:08.093089+00:00,64060288,43759792,4194300,50444,113434,1787353,117528,0,0,0,0,0,0
2026-09-26T15:10:09.093846+00:00,64060288,43755452,4194300,50444,113434,1787353,117528,0,0,0,0,0,0
2026-09-26T15:10:10.094551+00:00,64060288,43761240,4194300,50444,113434,1787353,117528,0,0,0,0,0,0
2026-09-26T15:10:11.095294+00:00,64060288,43760696,4194300,50444,113434,1787353,117528,0,0,0,0,0,0
2026-09-26T15:10:12.096158+00:00,64060288,43734292,4194300,50444,113434,1787353,117528,0,0,0,0,0,0
2026-09-26T15:10:13.097031+00:00,64060288,43716076,4194300,50444,113434,1787353,117528,0,0,0,0,0,0
2026-09-26T15:10:14.097898+00:00,64060288,43725780,4194300,50444,113434,1787353,117528,0,0,0,0,0,0
2026-09-26T15:10:15.098748+00:00,64060288,43708216,4194300,50444,113434,1787353,117528,0,0,0,0,0,0
2026-09-26T15:10:16.099564+00:00,64060288,43708524,4194300,50444,113434,1787353,117528,0,0,0,0,0,0
2026-09-26T15:10:17.100304+00:00,64060288,43685528,4194300,50444,113434,1787353,117528,0,0,0,0,0,0
2026-09-26T15:10:18.101077+00:00,64060288,43717052,4194300,50444,113434,1787353,117528,0,0,0,0,0,0
2026-09-26T15:10:19.101975+00:00,64060288,43722912,4194300,50444,113434,1787353,117528,0,0,0,0,0,0
2026-09-26T15:10:20.102837+00:00,64060288,43725648,4194300,50444,113434,1787353,117528,0,0,0,0,0,0
2026-09-26T15:10:21.103669+00:00,64060288,43733024,4194300,50444,113434,1787353,117528,0,0,0,0,0,0
2026-09-26T15:10:22.104516+00:00,64060288,43731332,4194300,50444,113434,1787353,117528,0,0,0,0,0,0
2026-09-26T15:10:23.105368+00:00,64060288,43735132,4194300,50444,113434,1787353,117528,0,0,0,0,0,0
2026-09-26T15:10:24.106139+00:00,64060288,43736144,4194300,50444,113434,1787353,117528,0,0,0,0,0,0
2026-09-26T15:10:25.106879+00:00,64060288,43740504,4194300,50444,113434,1787353,117528,0,0,0,0,0,0
2026-09-26T15:10:26.107656+00:00,64060288,43738460,4194300,50444,113434,1787353,117528,0,0,0,0,0,0
2026-09-26T15:10:27.108505+00:00,64060288,43713016,4194300,50444,113434,1787353,117528,0,0,0,0,0,0
2026-09-26T15:10:28.109353+00:00,64060288,43734652,4194300,50444,113434,1787353,117528,0,0,0,0,0,0
2026-09-26T15:10:29.110231+00:00,64060288,43729020,4194300,50444,113434,1787353,117528,0,0,0,0,0,0
2026-09-26T15:10:30.113398+00:00,64060288,43727160,4194300,50444,113434,1787353,117528,0,0,0,0,0,0
2026-09-26T15:10:31.114087+00:00,64060288,43731544,4194300,50444,113435,1787353,117529,0,0,0,0,0,0
2026-09-26T15:10:32.114897+00:00,64060288,43731712,4194300,50444,113435,1787353,117529,0,0,0,0,0,0
2026-09-26T15:10:33.115698+00:00,64060288,43738052,4194300,50444,113435,1787353,117529,0,0,0,0,0,0
2026-09-26T15:10:34.116540+00:00,64060288,43735212,4194300,50444,113435,1787353,117529,0,0,0,0,0,0
2026-09-26T15:10:35.117394+00:00,64060288,43733060,4194300,50444,113435,1787353,117529,0,0,0,0,0,0
2026-09-26T15:10:36.118241+00:00,64060288,43736912,4194300,50444,113435,1787353,117529,0,0,0,0,0,0
2026-09-26T15:10:37.119103+00:00,64060288,43736160,4194300,50444,113435,1787353,117529,0,0,0,0,0,0
2026-09-26T15:10:38.119971+00:00,64060288,43719400,4194300,50444,113435,1787353,117529,0,0,0,0,0,0
2026-09-26T15:10:39.120783+00:00,64060288,43697856,4194300,50444,113435,1787353,117529,0,0,0,0,0,0
2026-09-26T15:10:40.121569+00:00,64060288,43702400,4194300,50444,113435,1787353,117536,0,0,0,0,0,0
2026-09-26T15:10:41.122453+00:00,64060288,43693740,4194300,50444,113435,1787353,117536,0,0,0,0,0,0
2026-09-26T15:10:42.123312+00:00,64060288,43705776,4194300,50444,113435,1787353,117536,0,0,0,0,0,0
2026-09-26T15:10:43.124178+00:00,64060288,43728452,4194300,50444,113435,1787353,117536,0,0,0,0,0,0
2026-09-26T15:10:44.125036+00:00,64060288,43729236,4194300,50444,113435,1787353,117536,0,0,0,0,0,0
2026-09-26T15:10:45.125879+00:00,64060288,43728872,4194300,50444,113435,1787353,117536,0,0,0,0,0,0
2026-09-26T15:10:46.126665+00:00,64060288,43721488,4194300,50444,113435,1787353,117536,0,0,0,0,0,0
2026-09-26T15:10:47.127430+00:00,64060288,43715980,4194300,50444,113435,1787353,117538,0,0,0,0,0,0
2026-09-26T15:10:48.128208+00:00,64060288,43730080,4194300,50444,113435,1787353,117538,0,0,0,0,0,0
2026-09-26T15:10:49.129079+00:00,64060288,43727116,4194300,50444,113435,1787353,117538,0,0,0,0,0,0
2026-09-26T15:10:50.129938+00:00,64060288,43721128,4194300,50444,113435,1787353,117538,0,0,0,0,0,0
2026-09-26T15:10:51.130812+00:00,64060288,43710416,4194300,50444,113435,1787353,117538,0,0,0,0,0,0
2026-09-26T15:10:52.131663+00:00,64060288,43734264,4194300,50444,113435,1787353,117538,0,0,0,0,0,0
2026-09-26T15:10:53.132467+00:00,64060288,43731688,4194300,50444,113435,1787353,117538,0,0,0,0,0,0
2026-09-26T15:10:54.133227+00:00,64060288,43724844,4194300,50444,113435,1787353,117538,0,0,0,0,0,0
2026-09-26T15:10:55.133996+00:00,64060288,43700204,4194300,50444,113435,1787353,117538,0,0,0,0,0,0
2026-09-26T15:10:56.134888+00:00,64060288,43706756,4194300,50444,113435,1787353,117538,0,0,0,0,0,0
2026-09-26T15:10:57.135759+00:00,64060288,43698240,4194300,50444,113435,1787353,117538,0,0,0,0,0,0
2026-09-26T15:10:58.136624+00:00,64060288,43709220,4194300,50444,113435,1787353,117538,0,0,0,0,0,0
2026-09-26T15:10:59.137502+00:00,64060288,43706352,4194300,50444,113435,1787353,117538,0,0,0,0,0,0
2026-09-26T15:11:00.138377+00:00,64060288,43703256,4194300,50444,113435,1787353,117538,0,0,0,0,0,0
2026-09-26T15:11:01.139172+00:00,64060288,43710732,4194300,50444,113435,1787353,117538,0,0,0,0,0,0
2026-09-26T15:11:02.139988+00:00,64060288,43710316,4194300,50444,113435,1787353,117538,0,0,0,0,0,0
2026-09-26T15:11:03.140802+00:00,64060288,43679356,4194300,50444,113435,1787353,117538,0,0,0,0,0,0
2026-09-26T15:11:04.141651+00:00,64060288,43706312,4194300,50444,113435,1787353,117538,0,0,0,0,0,0
2026-09-26T15:11:05.142501+00:00,64060288,43705700,4194300,50444,113435,1787353,117538,0,0,0,0,0,0
2026-09-26T15:11:06.143359+00:00,64060288,43696032,4194300,50444,113435,1787353,117538,0,0,0,0,0,0
2026-09-26T15:11:07.144191+00:00,64060288,43703872,4194300,50444,113435,1787353,117538,0,0,0,0,0,0
2026-09-26T15:11:08.145038+00:00,64060288,43701296,4194300,50444,113435,1787353,117538,0,0,0,0,0,0
2026-09-26T15:11:09.145840+00:00,64060288,43682584,4194300,50444,113435,1787353,117538,0,0,0,0,0,0
2026-09-26T15:11:10.146643+00:00,64060288,43706384,4194300,50444,113435,1787353,117538,0,0,0,0,0,0
2026-09-26T15:11:11.147494+00:00,64060288,43703580,4194300,50444,113435,1787353,117538,0,0,0,0,0,0
2026-09-26T15:11:12.148385+00:00,64060288,43692520,4194300,50444,113435,1787353,117538,0,0,0,0,0,0
2026-09-26T15:11:13.150318+00:00,64060288,43692756,4194300,50444,113435,1787353,117538,0,0,0,0,0,0
2026-09-26T15:11:14.151549+00:00,64060288,43679980,4194300,50444,113435,1787353,117538,0,0,0,0,0,0
2026-09-26T15:11:15.152821+00:00,64060288,43682008,4194300,50444,113435,1787353,117538,0,0,0,0,0,0
2026-09-26T15:11:16.154105+00:00,64060288,43689240,4194300,50444,113435,1787353,117538,0,0,0,0,0,0
2026-09-26T15:11:17.155263+00:00,64060288,43675640,4194300,50444,113435,1787353,117538,0,0,0,0,0,0
2026-09-26T15:11:18.156286+00:00,64060288,43703904,4194300,50444,113435,1787353,117538,0,0,0,0,0,0
2026-09-26T15:11:19.157546+00:00,64060288,43702204,4194300,50444,113435,1787353,117538,0,0,0,0,0,0
2026-09-26T15:11:20.158805+00:00,64060288,43703288,4194300,50444,113435,1787353,117538,0,0,0,0,0,0
2026-09-26T15:11:21.160080+00:00,64060288,43683092,4194300,50444,113435,1787353,117538,0,0,0,0,0,0
2026-09-26T15:11:22.161343+00:00,64060288,43690340,4194300,50444,113435,1787353,117538,0,0,0,0,0,0
2026-09-26T15:11:23.162526+00:00,64060288,43669896,4194300,50444,113435,1787353,117538,0,0,0,0,0,0
2026-09-26T15:11:24.163481+00:00,64060288,43688684,4194300,50444,113435,1787353,117538,0,0,0,0,0,0
2026-09-26T15:11:25.164663+00:00,64060288,43671860,4194300,50444,113435,1787353,117538,0,0,0,0,0,0
2026-09-26T15:11:26.165915+00:00,64060288,43659788,4194300,50444,113435,1787353,117538,0,0,0,0,0,0
2026-09-26T15:11:27.167194+00:00,64060288,43679176,4194300,50444,113435,1787353,117538,0,0,0,0,0,0
2026-09-26T15:11:28.168514+00:00,64060288,43664896,4194300,50444,113435,1787353,117538,0,0,0,0,0,0
2026-09-26T15:11:29.169776+00:00,64060288,43675068,4194300,50444,113435,1787353,117538,0,0,0,0,0,0
2026-09-26T15:11:30.171040+00:00,64060288,43689472,4194300,50444,113435,1787353,117539,0,0,0,0,0,0
2026-09-26T15:11:31.172229+00:00,64060288,43686668,4194300,50444,113435,1787353,117539,0,0,0,0,0,0
2026-09-26T15:11:32.173430+00:00,64060288,43691764,4194300,50444,113435,1787353,117563,0,0,0,0,0,0
2026-09-26T15:11:33.174624+00:00,64060288,43691268,4194300,50444,113435,1787353,117563,0,0,0,0,0,0
2026-09-26T15:11:34.175803+00:00,64060288,43682376,4194300,50444,113435,1787353,117563,0,0,0,0,0,0
2026-09-26T15:11:35.176934+00:00,64060288,43676628,4194300,50444,113435,1787353,117563,0,0,0,0,0,0
2026-09-26T15:11:36.178100+00:00,64060288,43672460,4194300,50444,113435,1787353,117563,0,0,0,0,0,0
2026-09-26T15:11:37.179260+00:00,64060288,43662648,4194300,50444,113435,1787353,117563,0,0,0,0,0,0
2026-09-26T15:11:38.180436+00:00,64060288,43695772,4194300,50444,113435,1787353,117563,0,0,0,0,0,0
2026-09-26T15:11:39.181623+00:00,64060288,43681696,4194300,50444,113435,1787353,117563,0,0,0,0,0,0
2026-09-26T15:11:40.182735+00:00,64060288,43673048,4194300,50444,113435,1787353,117563,0,0,0,0,0,0
2026-09-26T15:11:41.183988+00:00,64060288,43664808,4194300,50444,113435,1787353,117563,0,0,0,0,0,0
2026-09-26T15:11:42.185179+00:00,64060288,43663908,4194300,50444,113435,1787353,117563,0,0,0,0,0,0
2026-09-26T15:11:43.186370+00:00,64060288,43677932,4194300,50444,113435,1787353,117563,0,0,0,0,0,0
2026-09-26T15:11:44.187605+00:00,64060288,43692152,4194300,50444,113435,1787353,117563,0,0,0,0,0,0
2026-09-26T15:11:45.188782+00:00,64060288,43686424,4194300,50444,113435,1787353,117563,0,0,0,0,0,0
2026-09-26T15:11:46.189896+00:00,64060288,43687800,4194300,50444,113435,1787353,117563,0,0,0,0,0,0
2026-09-26T15:11:47.191020+00:00,64060288,43693484,4194300,50444,113435,1787353,117563,0,0,0,0,0,0
2026-09-26T15:11:48.192196+00:00,64060288,43686084,4194300,50444,113435,1787353,117563,0,0,0,0,0,0
2026-09-26T15:11:49.193359+00:00,64060288,43684972,4194300,50444,113435,1787353,117563,0,0,0,0,0,0
2026-09-26T15:11:50.194597+00:00,64060288,43681596,4194300,50444,113435,1787353,117563,0,0,0,0,0,0
2026-09-26T15:11:51.195773+00:00,64060288,43684028,4194300,50444,113435,1787353,117563,0,0,0,0,0,0
2026-09-26T15:11:52.196934+00:00,64060288,43684244,4194300,50444,113435,1787353,117563,0,0,0,0,0,0
2026-09-26T15:11:53.198062+00:00,64060288,43692680,4194300,50444,113435,1787353,117563,0,0,0,0,0,0
2026-09-26T15:11:54.199173+00:00,64060288,43689784,4194300,50444,113435,1787353,117563,0,0,0,0,0,0
2026-09-26T15:11:55.200325+00:00,64060288,43711972,4194300,50444,113435,1787353,117563,0,0,0,0,0,0
2026-09-26T15:11:56.201535+00:00,64060288,43713212,4194300,50444,113435,1787353,117563,0,0,0,0,0,0
2026-09-26T15:11:57.202713+00:00,64060288,43714076,4194300,50444,113435,1787353,117563,0,0,0,0,0,0
2026-09-26T15:11:58.203890+00:00,64060288,43720676,4194300,50444,113435,1787353,117563,0,0,0,0,0,0
2026-09-26T15:11:59.205109+00:00,64060288,43727068,4194300,50444,113435,1787353,117563,0,0,0,0,0,0
2026-09-26T15:12:00.206276+00:00,64060288,43733792,4194300,50444,113435,1787353,117563,0,0,0,0,0,0
2026-09-26T15:12:01.207734+00:00,64060288,43735756,4194300,50444,113435,1787353,117563,0,0,0,0,0,0
2026-09-26T15:12:02.208848+00:00,64060288,43715624,4194300,50444,113435,1787353,117570,0,0,0,0,0,0
2026-09-26T15:12:03.210047+00:00,64060288,43706288,4194300,50444,113435,1787353,117570,0,0,0,0,0,0
2026-09-26T15:12:04.211225+00:00,64060288,43709536,4194300,50444,113435,1787353,117570,0,0,0,0,0,0
2026-09-26T15:12:05.212437+00:00,64060288,43709608,4194300,50444,113435,1787353,117571,0,0,0,0,0,0
2026-09-26T15:12:06.213716+00:00,64060288,43709592,4194300,50444,113435,1787353,117571,0,0,0,0,0,0
2026-09-26T15:12:07.214879+00:00,64060288,43722348,4194300,50444,113435,1787353,117571,0,0,0,0,0,0
2026-09-26T15:12:08.216017+00:00,64060288,43713320,4194300,50444,113435,1787353,117571,0,0,0,0,0,0
2026-09-26T15:12:09.217137+00:00,64060288,43727448,4194300,50444,113435,1787353,117571,0,0,0,0,0,0
2026-09-26T15:12:10.218265+00:00,64060288,43718496,4194300,50444,113435,1787353,117571,0,0,0,0,0,0
2026-09-26T15:12:11.219441+00:00,64060288,43708500,4194300,50444,113435,1787353,117571,0,0,0,0,0,0
2026-09-26T15:12:12.220685+00:00,64060288,43708180,4194300,50444,113435,1787353,117571,0,0,0,0,0,0
2026-09-26T15:12:13.221953+00:00,64060288,43710068,4194300,50444,113435,1787353,117571,0,0,0,0,0,0
2026-09-26T15:12:14.223140+00:00,64060288,43713228,4194300,50444,113435,1787353,117571,0,0,0,0,0,0
2026-09-26T15:12:15.224306+00:00,64060288,43716644,4194300,50444,113435,1787353,117571,0,0,0,0,0,0
2026-09-26T15:12:16.225407+00:00,64060288,43714236,4194300,50444,113435,1787353,117571,0,0,0,0,0,0
2026-09-26T15:12:17.226569+00:00,64060288,43674548,4194300,50444,113435,1787353,117571,0,0,0,0,0,0
2026-09-26T15:12:18.227727+00:00,64060288,43657848,4194300,50444,113435,1787353,117571,0,0,0,0,0,0
2026-09-26T15:12:19.228912+00:00,64060288,43670104,4194300,50444,113435,1787353,117571,0,0,0,0,0,0
2026-09-26T15:12:20.230087+00:00,64060288,43672484,4194300,50444,113435,1787353,117571,0,0,0,0,0,0
2026-09-26T15:12:21.231276+00:00,64060288,43666872,4194300,50444,113435,1787353,117571,0,0,0,0,0,0
2026-09-26T15:12:22.232503+00:00,64060288,43658836,4194300,50444,113435,1787353,117571,0,0,0,0,0,0
2026-09-26T15:12:23.233681+00:00,64060288,43664632,4194300,50444,113435,1787353,117571,0,0,0,0,0,0
2026-09-26T15:12:24.234801+00:00,64060288,43641528,4194300,50444,113435,1787353,117571,0,0,0,0,0,0
2026-09-26T15:12:25.235872+00:00,64060288,43674732,4194300,50444,113435,1787353,117571,0,0,0,0,0,0
2026-09-26T15:12:26.237041+00:00,64060288,43696132,4194300,50444,113435,1787353,117571,0,0,0,0,0,0
2026-09-26T15:12:27.238295+00:00,64060288,43714752,4194300,50444,113435,1787353,117571,0,0,0,0,0,0
2026-09-26T15:12:28.239539+00:00,64060288,43713180,4194300,50444,113435,1787353,117571,0,0,0,0,0,0
2026-09-26T15:12:29.240738+00:00,64060288,43717968,4194300,50444,113435,1787353,117571,0,0,0,0,0,0
2026-09-26T15:12:30.241908+00:00,64060288,43700616,4194300,50444,113435,1787353,117571,0,0,0,0,0,0
2026-09-26T15:12:31.242982+00:00,64060288,43708816,4194300,50444,113436,1787353,117572,0,0,0,0,0,0
2026-09-26T15:12:32.244093+00:00,64060288,43724504,4194300,50444,113436,1787353,117572,0,0,0,0,0,0
2026-09-26T15:12:33.245213+00:00,64060288,43695780,4194300,50444,113436,1787353,117572,0,0,0,0,0,0
2026-09-26T15:12:34.246395+00:00,64060288,43694480,4194300,50444,113436,1787353,117572,0,0,0,0,0,0
2026-09-26T15:12:35.247898+00:00,64060288,43692864,4194300,50444,113436,1787353,117572,0,0,0,0,0,0
2026-09-26T15:12:36.249063+00:00,64060288,43671892,4194300,50444,113436,1787353,117572,0,0,0,0,0,0
2026-09-26T15:12:37.250231+00:00,64060288,43704948,4194300,50444,113436,1787353,117572,0,0,0,0,0,0
2026-09-26T15:12:38.251407+00:00,64060288,43694764,4194300,50444,113436,1787353,117572,0,0,0,0,0,0
2026-09-26T15:12:39.252559+00:00,64060288,43716972,4194300,50444,113436,1787353,117572,0,0,0,0,0,0
2026-09-26T15:12:40.253691+00:00,64060288,43710312,4194300,50444,113436,1787353,117572,0,0,0,0,0,0
2026-09-26T15:12:41.254821+00:00,64060288,43720320,4194300,50444,113436,1787353,117572,0,0,0,0,0,0
2026-09-26T15:12:42.256073+00:00,64060288,43718284,4194300,50444,113436,1787353,117572,0,0,0,0,0,0
2026-09-26T15:12:43.257560+00:00,64060288,43716592,4194300,50444,113436,1787353,117572,0,0,0,0,0,0
2026-09-26T15:12:44.258847+00:00,64060288,43685868,4194300,50444,113436,1787353,117572,0,0,0,0,0,0
2026-09-26T15:12:45.260135+00:00,64060288,43693060,4194300,50444,113436,1787353,117572,0,0,0,0,0,0
2026-09-26T15:12:46.261389+00:00,64060288,43705804,4194300,50444,113436,1787353,117572,0,0,0,0,0,0
2026-09-26T15:12:47.262599+00:00,64060288,43688948,4194300,50444,113436,1787353,117572,0,0,0,0,0,0
2026-09-26T15:12:48.263738+00:00,64060288,43681140,4194300,50444,113436,1787353,117572,0,0,0,0,0,0
2026-09-26T15:12:49.265035+00:00,64060288,43692376,4194300,50444,113436,1787353,117572,0,0,0,0,0,0
2026-09-26T15:12:50.266335+00:00,64060288,43680520,4194300,50444,113436,1787353,117572,0,0,0,0,0,0
2026-09-26T15:12:51.267609+00:00,64060288,43701232,4194300,50444,113436,1787353,117572,0,0,0,0,0,0
2026-09-26T15:12:52.268852+00:00,64060288,43709996,4194300,50444,113436,1787353,117572,0,0,0,0,0,0
2026-09-26T15:12:53.270117+00:00,64060288,43697632,4194300,50444,113436,1787353,117572,0,0,0,0,0,0
2026-09-26T15:12:54.271308+00:00,64060288,43678060,4194300,50444,113436,1787353,117572,0,0,0,0,0,0
2026-09-26T15:12:55.272455+00:00,64060288,43683500,4194300,50444,113436,1787353,117572,0,0,0,0,0,0
2026-09-26T15:12:56.273652+00:00,64060288,43684684,4194300,50444,113436,1787353,117572,0,0,0,0,0,0
2026-09-26T15:12:57.274921+00:00,64060288,43711080,4194300,50444,113436,1787353,117572,0,0,0,0,0,0
2026-09-26T15:12:58.276212+00:00,64060288,43701620,4194300,50444,113436,1787353,117572,0,0,0,0,0,0
2026-09-26T15:12:59.277400+00:00,64060288,43723384,4194300,50444,113436,1787353,117572,0,0,0,0,0,0
2026-09-26T15:13:00.278639+00:00,64060288,43714992,4194300,50444,113436,1787353,117572,0,0,0,0,0,0
2026-09-26T15:13:01.287323+00:00,64060288,43717004,4194300,50444,113436,1787353,117572,0,0,0,0,0,0
2026-09-26T15:13:02.288567+00:00,64060288,43718884,4194300,50444,113436,1787353,117572,0,0,0,0,0,0
2026-09-26T15:13:03.289761+00:00,64060288,43685732,4194300,50444,113436,1787353,117572,0,0,0,0,0,0
2026-09-26T15:13:04.290887+00:00,64060288,43710992,4194300,50444,113436,1787353,117572,0,0,0,0,0,0
2026-09-26T15:13:05.292476+00:00,64060288,43698800,4194300,50444,113436,1787353,117572,0,0,0,0,0,0
2026-09-26T15:13:06.293727+00:00,64060288,43701140,4194300,50444,113436,1787353,117572,0,0,0,0,0,0
2026-09-26T15:13:07.294983+00:00,64060288,43702568,4194300,50444,113436,1787353,117572,0,0,0,0,0,0
2026-09-26T15:13:08.296239+00:00,64060288,43692608,4194300,50444,113436,1787353,117572,0,0,0,0,0,0
2026-09-26T15:13:09.297490+00:00,64060288,43700000,4194300,50444,113436,1787353,117572,0,0,0,0,0,0
2026-09-26T15:13:10.298680+00:00,64060288,43685544,4194300,50444,113436,1787353,117572,0,0,0,0,0,0
2026-09-26T15:13:11.299907+00:00,64060288,43678452,4194300,50444,113436,1787353,117572,0,0,0,0,0,0
2026-09-26T15:13:12.301173+00:00,64060288,43690092,4194300,50444,113436,1787353,117572,0,0,0,0,0,0
2026-09-26T15:13:13.302410+00:00,64060288,43685912,4194300,50444,113436,1787353,117572,0,0,0,0,0,0
2026-09-26T15:13:14.303643+00:00,64060288,43690924,4194300,50444,113436,1787353,117572,0,0,0,0,0,0
2026-09-26T15:13:15.304813+00:00,64060288,43705212,4194300,50444,113436,1787353,117572,0,0,0,0,0,0
2026-09-26T15:13:16.306052+00:00,64060288,43692792,4194300,50444,113436,1787353,117572,0,0,0,0,0,0
2026-09-26T15:13:17.307195+00:00,64060288,43688360,4194300,50444,113436,1787353,117572,0,0,0,0,0,0
2026-09-26T15:13:18.308315+00:00,64060288,43703164,4194300,50444,113436,1787353,117572,0,0,0,0,0,0
2026-09-26T15:13:19.309435+00:00,64060288,43714496,4194300,50444,113437,1787353,117573,0,0,0,0,0,0
2026-09-26T15:13:20.310723+00:00,64060288,43688432,4194300,50444,113437,1787353,117573,0,0,0,0,0,0
2026-09-26T15:13:21.311919+00:00,64060288,43671052,4194300,50444,113437,1787353,117573,0,0,0,0,0,0
2026-09-26T15:13:22.313081+00:00,64060288,43672752,4194300,50444,113437,1787353,117573,0,0,0,0,0,0
2026-09-26T15:13:23.314268+00:00,64060288,43662532,4194300,50444,113437,1787353,117573,0,0,0,0,0,0
2026-09-26T15:13:24.315492+00:00,64060288,43653884,4194300,50444,113437,1787353,117573,0,0,0,0,0,0
2026-09-26T15:13:25.316637+00:00,64060288,43656072,4194300,50444,113437,1787353,117573,0,0,0,0,0,0
2026-09-26T15:13:26.317749+00:00,64060288,43668740,4194300,50444,113437,1787353,117573,0,0,0,0,0,0
2026-09-26T15:13:27.318878+00:00,64060288,43673232,4194300,50444,113437,1787353,117573,0,0,0,0,0,0
2026-09-26T15:13:28.320054+00:00,64060288,43674760,4194300,50444,113437,1787353,117573,0,0,0,0,0,0
2026-09-26T15:13:29.321241+00:00,64060288,43658020,4194300,50444,113437,1787353,117573,0,0,0,0,0,0
2026-09-26T15:13:30.322506+00:00,64060288,43655160,4194300,50444,113437,1787353,117573,0,0,0,0,0,0
2026-09-26T15:13:31.323713+00:00,64060288,43652156,4194300,50444,113437,1787353,117573,0,0,0,0,0,0
2026-09-26T15:13:32.324907+00:00,64060288,43641824,4194300,50444,113437,1787353,117574,0,0,0,0,0,0
2026-09-26T15:13:33.326038+00:00,64060288,43658084,4194300,50444,113437,1787353,117574,0,0,0,0,0,0
2026-09-26T15:13:34.327160+00:00,64060288,43652876,4194300,50444,113437,1787353,117574,0,0,0,0,0,0
2026-09-26T15:13:35.328287+00:00,64060288,43671736,4194300,50444,113437,1787353,117574,0,0,0,0,0,0
2026-09-26T15:13:36.329527+00:00,64060288,43691572,4194300,50444,113437,1787353,117574,0,0,0,0,0,0
2026-09-26T15:13:37.330702+00:00,64060288,43673312,4194300,50444,113438,1787353,117575,0,0,0,0,0,0
2026-09-26T15:13:38.331574+00:00,64060288,43691964,4194300,50444,113441,1787353,117578,0,0,0,0,0,0
2026-09-26T15:13:39.332438+00:00,64060288,43674460,4194300,50444,113441,1787353,117579,0,0,0,0,0,0
2026-09-26T15:13:40.333302+00:00,64060288,43685464,4194300,50444,113441,1787353,117582,0,0,0,0,0,0
2026-09-26T15:13:41.334089+00:00,64060288,43677688,4194300,50444,113441,1787353,117582,0,0,0,0,0,0
2026-09-26T15:13:42.334822+00:00,64060288,43883712,4194300,50444,113441,1787353,117582,0,0,0,0,0,0
2026-09-26T15:13:43.335714+00:00,64060288,43863504,4194300,50444,113441,1787353,117582,0,0,0,0,0,0
2026-09-26T15:13:44.336883+00:00,64060288,43886332,4194300,50444,113441,1787353,117582,0,0,0,0,0,0
2026-09-26T15:13:45.338071+00:00,64060288,43886800,4194300,50444,113441,1787353,117582,0,0,0,0,0,0
2026-09-26T15:13:46.339266+00:00,64060288,43866240,4194300,50444,113442,1787353,117583,0,0,0,0,0,0
2026-09-26T15:13:47.341061+00:00,64060288,43862448,4194300,50444,113442,1787353,117583,0,0,0,0,0,0
2026-09-26T15:13:48.342199+00:00,64060288,43857308,4194300,50444,113442,1787353,117583,0,0,0,0,0,0
2026-09-26T15:13:49.344774+00:00,64060288,43855136,4194300,50444,113442,1787353,117583,0,0,0,0,0,0
2026-09-26T15:13:50.345540+00:00,64060288,43880896,4194300,50444,113442,1787353,117583,0,0,0,0,0,0
2026-09-26T15:13:51.346407+00:00,64060288,43888624,4194300,50444,113442,1787353,117583,0,0,0,0,0,0
2026-09-26T15:13:52.347272+00:00,64060288,43877516,4194300,50444,113442,1787353,117583,0,0,0,0,0,0
2026-09-26T15:13:53.348163+00:00,64060288,43874084,4194300,50444,113442,1787353,117583,0,0,0,0,0,0
2026-09-26T15:13:54.349063+00:00,64060288,43883488,4194300,50444,113442,1787353,117583,0,0,0,0,0,0
2026-09-26T15:13:55.349935+00:00,64060288,43867472,4194300,50444,113442,1787353,117583,0,0,0,0,0,0
2026-09-26T15:13:56.350703+00:00,64060288,43878468,4194300,50444,113442,1787353,117583,0,0,0,0,0,0
2026-09-26T15:13:57.351439+00:00,64060288,43881952,4194300,50444,113442,1787353,117583,0,0,0,0,0,0
2026-09-26T15:13:58.352249+00:00,64060288,43853684,4194300,50444,113442,1787353,117583,0,0,0,0,0,0
2026-09-26T15:13:59.353121+00:00,64060288,43860288,4194300,50444,113442,1787353,117583,0,0,0,0,0,0
2026-09-26T15:14:00.354002+00:00,64060288,43862600,4194300,50444,113442,1787353,117583,0,0,0,0,0,0
2026-09-26T15:14:01.354867+00:00,64060288,43862860,4194300,50444,113442,1787353,117583,0,0,0,0,0,0
2026-09-26T15:14:02.355733+00:00,64060288,43868912,4194300,50444,113442,1787353,117583,0,0,0,0,0,0
2026-09-26T15:14:03.356554+00:00,64060288,43865704,4194300,50444,113442,1787353,117583,0,0,0,0,0,0
2026-09-26T15:14:04.357291+00:00,64060288,43866444,4194300,50444,113442,1787353,117583,0,0,0,0,0,0
2026-09-26T15:14:05.358080+00:00,64060288,43867228,4194300,50444,113442,1787353,117583,0,0,0,0,0,0
2026-09-26T15:14:06.358881+00:00,64060288,43863412,4194300,50444,113442,1787353,117583,0,0,0,0,0,0
2026-09-26T15:14:07.359738+00:00,64060288,43861016,4194300,50444,113442,1787353,117583,0,0,0,0,0,0
2026-09-26T15:14:08.360607+00:00,64060288,43872336,4194300,50444,113442,1787353,117583,0,0,0,0,0,0
2026-09-26T15:14:09.361469+00:00,64060288,43869380,4194300,50444,113442,1787353,117584,0,0,0,0,0,0
2026-09-26T15:14:10.362345+00:00,64060288,43869612,4194300,50444,113442,1787353,117584,0,0,0,0,0,0
2026-09-26T15:14:11.363216+00:00,64060288,43867544,4194300,50444,113442,1787353,117584,0,0,0,0,0,0
2026-09-26T15:14:12.363996+00:00,64060288,43873488,4194300,50444,113442,1787353,117584,0,0,0,0,0,0
2026-09-26T15:14:13.364769+00:00,64060288,43819948,4194300,50444,113442,1787353,117584,0,0,0,0,0,0
2026-09-26T15:14:14.365529+00:00,64060288,43838748,4194300,50444,113442,1787353,117584,0,0,0,0,0,0
2026-09-26T15:14:15.366412+00:00,64060288,43817232,4194300,50444,113442,1787353,117584,0,0,0,0,0,0
2026-09-26T15:14:16.367283+00:00,64060288,43820196,4194300,50444,113442,1787353,117584,0,0,0,0,0,0
2026-09-26T15:14:17.368134+00:00,64060288,43841240,4194300,50444,113442,1787353,117584,0,0,0,0,0,0
2026-09-26T15:14:18.369032+00:00,64060288,43829604,4194300,50444,113442,1787353,117584,0,0,0,0,0,0
2026-09-26T15:14:19.369916+00:00,64060288,43828532,4194300,50444,113442,1787353,117584,0,0,0,0,0,0
2026-09-26T15:14:20.370673+00:00,64060288,43837512,4194300,50444,113442,1787353,117584,0,0,0,0,0,0
2026-09-26T15:14:21.371419+00:00,64060288,43834072,4194300,50444,113442,1787353,117584,0,0,0,0,0,0
2026-09-26T15:14:22.372203+00:00,64060288,43838500,4194300,50444,113442,1787353,117584,0,0,0,0,0,0
2026-09-26T15:14:23.373089+00:00,64060288,43842788,4194300,50444,113442,1787353,117584,0,0,0,0,0,0
2026-09-26T15:14:24.373980+00:00,64060288,43834036,4194300,50444,113442,1787353,117584,0,0,0,0,0,0
2026-09-26T15:14:25.374860+00:00,64060288,43823100,4194300,50444,113442,1787353,117584,0,0,0,0,0,0
2026-09-26T15:14:26.375716+00:00,64060288,43849376,4194300,50444,113442,1787353,117584,0,0,0,0,0,0
2026-09-26T15:14:27.376571+00:00,64060288,43813544,4194300,50444,113442,1787353,117584,0,0,0,0,0,0
2026-09-26T15:14:28.377306+00:00,64060288,43794220,4194300,50444,113442,1787353,117584,0,0,0,0,0,0
2026-09-26T15:14:29.378115+00:00,64060288,43777384,4194300,50444,113442,1787353,117584,0,0,0,0,0,0
2026-09-26T15:14:30.378936+00:00,64060288,43792328,4194300,50444,113442,1787353,117584,0,0,0,0,0,0
2026-09-26T15:14:31.379817+00:00,64060288,43799192,4194300,50444,113442,1787353,117584,0,0,0,0,0,0
2026-09-26T15:14:32.380679+00:00,64060288,43821920,4194300,50444,113442,1787353,117584,0,0,0,0,0,0
2026-09-26T15:14:33.381520+00:00,64060288,43819796,4194300,50444,113442,1787353,117584,0,0,0,0,0,0
2026-09-26T15:14:34.382374+00:00,64060288,43820844,4194300,50444,113442,1787353,117584,0,0,0,0,0,0
2026-09-26T15:14:35.383248+00:00,64060288,43808332,4194300,50444,113442,1787353,117584,0,0,0,0,0,0
2026-09-26T15:14:36.384058+00:00,64060288,43833684,4194300,50444,113442,1787353,117584,0,0,0,0,0,0
2026-09-26T15:14:37.384884+00:00,64060288,43825092,4194300,50444,113442,1787353,117584,0,0,0,0,0,0
2026-09-26T15:14:38.385779+00:00,64060288,43821588,4194300,50444,113442,1787353,117584,0,0,0,0,0,0
2026-09-26T15:14:39.386983+00:00,64060288,43822896,4194300,50444,113442,1787353,117584,0,0,0,0,0,0
2026-09-26T15:14:40.387863+00:00,64060288,43814984,4194300,50444,113442,1787353,117584,0,0,0,0,0,0
2026-09-26T15:14:41.388744+00:00,64060288,43815032,4194300,50444,113442,1787353,117584,0,0,0,0,0,0
2026-09-26T15:14:42.389609+00:00,64060288,43813716,4194300,50444,113442,1787353,117584,0,0,0,0,0,0
2026-09-26T15:14:43.390438+00:00,64060288,43810036,4194300,50444,113442,1787353,117584,0,0,0,0,0,0
2026-09-26T15:14:44.391214+00:00,64060288,43810496,4194300,50444,113442,1787353,117590,0,0,0,0,0,0
2026-09-26T15:14:45.392026+00:00,64060288,43826944,4194300,50444,113442,1787353,117590,0,0,0,0,0,0
2026-09-26T15:14:46.392909+00:00,64060288,43808736,4194300,50444,113442,1787353,117590,0,0,0,0,0,0
2026-09-26T15:14:47.393788+00:00,64060288,43809208,4194300,50444,113442,1787353,117590,0,0,0,0,0,0
2026-09-26T15:14:48.394661+00:00,64060288,43825168,4194300,50444,113442,1787353,117590,0,0,0,0,0,0
2026-09-26T15:14:49.395510+00:00,64060288,43828988,4194300,50444,113442,1787353,117590,0,0,0,0,0,0
2026-09-26T15:14:50.396366+00:00,64060288,43833428,4194300,50444,113442,1787353,117590,0,0,0,0,0,0
2026-09-26T15:14:51.397203+00:00,64060288,43829360,4194300,50444,113442,1787353,117590,0,0,0,0,0,0
2026-09-26T15:14:52.398024+00:00,64060288,43823704,4194300,50444,113442,1787353,117590,0,0,0,0,0,0
2026-09-26T15:14:53.398833+00:00,64060288,43806136,4194300,50444,113442,1787353,117590,0,0,0,0,0,0
2026-09-26T15:14:54.399693+00:00,64060288,43817608,4194300,50444,113442,1787353,117590,0,0,0,0,0,0
2026-09-26T15:14:55.400549+00:00,64060288,43816944,4194300,50444,113442,1787353,117590,0,0,0,0,0,0
2026-09-26T15:14:56.401428+00:00,64060288,43799540,4194300,50444,113442,1787353,117590,0,0,0,0,0,0
2026-09-26T15:14:57.402307+00:00,64060288,43795092,4194300,50444,113442,1787353,117590,0,0,0,0,0,0
2026-09-26T15:14:58.403187+00:00,64060288,43778032,4194300,50444,113442,1787353,117590,0,0,0,0,0,0
2026-09-26T15:14:59.404073+00:00,64060288,43773892,4194300,50444,113442,1787353,117590,0,0,0,0,0,0
2026-09-26T15:15:00.404853+00:00,64060288,43780724,4194300,50444,113442,1787353,117590,0,0,0,0,0,0
2026-09-26T15:15:01.405655+00:00,64060288,43784948,4194300,50444,113442,1787353,117590,0,0,0,0,0,0
2026-09-26T15:15:02.406507+00:00,64060288,43791016,4194300,50444,113442,1787353,117590,0,0,0,0,0,0
2026-09-26T15:15:03.407351+00:00,64060288,43810384,4194300,50444,113442,1787353,117590,0,0,0,0,0,0
2026-09-26T15:15:04.408218+00:00,64060288,43811904,4194300,50444,113442,1787353,117590,0,0,0,0,0,0
2026-09-26T15:15:05.409078+00:00,64060288,43826136,4194300,50444,113442,1787353,117590,0,0,0,0,0,0
2026-09-26T15:15:06.409945+00:00,64060288,43834080,4194300,50444,113442,1787353,117590,0,0,0,0,0,0
2026-09-26T15:15:07.410762+00:00,64060288,43835452,4194300,50444,113442,1787353,117590,0,0,0,0,0,0
2026-09-26T15:15:08.411479+00:00,64060288,43827488,4194300,50444,113442,1787353,117590,0,0,0,0,0,0
2026-09-26T15:15:09.412233+00:00,64060288,43812024,4194300,50444,113442,1787353,117590,0,0,0,0,0,0
2026-09-26T15:15:10.413098+00:00,64060288,43786564,4194300,50444,113442,1787353,117590,0,0,0,0,0,0
2026-09-26T15:15:11.413968+00:00,64060288,43810036,4194300,50444,113442,1787353,117590,0,0,0,0,0,0
2026-09-26T15:15:12.414850+00:00,64060288,43812996,4194300,50444,113442,1787353,117590,0,0,0,0,0,0
2026-09-26T15:15:13.415712+00:00,64060288,43780284,4194300,50444,113442,1787353,117590,0,0,0,0,0,0
2026-09-26T15:15:14.416609+00:00,64060288,43781944,4194300,50444,113442,1787353,117590,0,0,0,0,0,0
2026-09-26T15:15:15.417460+00:00,64060288,43807444,4194300,50444,113442,1787353,117590,0,0,0,0,0,0
2026-09-26T15:15:16.418263+00:00,64060288,43776100,4194300,50420,113442,1787353,117590,0,0,0,0,0,0
2026-09-26T15:15:17.419061+00:00,64060288,43780528,4194300,50420,113442,1787353,117590,0,0,0,0,0,0
2026-09-26T15:15:18.419947+00:00,64060288,43783680,4194300,50420,113442,1787353,117590,0,0,0,0,0,0
2026-09-26T15:15:19.420810+00:00,64060288,43786024,4194300,50420,113442,1787353,117590,0,0,0,0,0,0
2026-09-26T15:15:20.421669+00:00,64060288,43771548,4194300,50420,113442,1787353,117590,0,0,0,0,0,0
2026-09-26T15:15:21.422646+00:00,64060288,43792712,4194300,50420,113442,1787353,117590,0,0,0,0,0,0
2026-09-26T15:15:22.423488+00:00,64060288,43798780,4194300,50420,113442,1787353,117590,0,0,0,0,0,0
2026-09-26T15:15:23.424345+00:00,64060288,43789204,4194300,50420,113442,1787353,117590,0,0,0,0,0,0
2026-09-26T15:15:24.425155+00:00,64060288,43795532,4194300,50420,113442,1787353,117590,0,0,0,0,0,0
2026-09-26T15:15:25.425969+00:00,64060288,43800688,4194300,50420,113442,1787353,117590,0,0,0,0,0,0
2026-09-26T15:15:26.426832+00:00,64060288,43806760,4194300,50420,113442,1787353,117590,0,0,0,0,0,0
2026-09-26T15:15:27.427684+00:00,64060288,43814740,4194300,50420,113442,1787353,117590,0,0,0,0,0,0
2026-09-26T15:15:28.428534+00:00,64060288,43821480,4194300,50420,113442,1787353,117591,0,0,0,0,0,0
2026-09-26T15:15:29.429392+00:00,64060288,43792280,4194300,50420,113442,1787353,117591,0,0,0,0,0,0
2026-09-26T15:15:30.430259+00:00,64060288,43806260,4194300,50420,113443,1787353,117592,0,0,0,0,0,0
2026-09-26T15:15:31.431140+00:00,64060288,43812472,4194300,50420,113443,1787353,117592,0,0,0,0,0,0
2026-09-26T15:15:32.431918+00:00,64060288,43817480,4194300,50420,113443,1787353,117592,0,0,0,0,0,0
2026-09-26T15:15:33.432673+00:00,64060288,43815684,4194300,50420,113443,1787353,117592,0,0,0,0,0,0
2026-09-26T15:15:34.433542+00:00,64060288,43822076,4194300,50420,113443,1787353,117592,0,0,0,0,0,0
2026-09-26T15:15:35.434412+00:00,64060288,43820560,4194300,50420,113443,1787353,117592,0,0,0,0,0,0
2026-09-26T15:15:36.435305+00:00,64060288,43832572,4194300,50420,113443,1787353,117592,0,0,0,0,0,0
2026-09-26T15:15:37.436162+00:00,64060288,43813032,4194300,50420,113443,1787353,117592,0,0,0,0,0,0
2026-09-26T15:15:38.437052+00:00,64060288,43819760,4194300,50420,113443,1787353,117592,0,0,0,0,0,0
2026-09-26T15:15:39.437909+00:00,64060288,43815136,4194300,50420,113443,1787353,117592,0,0,0,0,0,0
2026-09-26T15:15:40.438688+00:00,64060288,43818576,4194300,50420,113443,1787353,117592,0,0,0,0,0,0
2026-09-26T15:15:41.439466+00:00,64060288,43813356,4194300,50420,113443,1787353,117592,0,0,0,0,0,0
2026-09-26T15:15:42.440335+00:00,64060288,43812148,4194300,50420,113443,1787353,117592,0,0,0,0,0,0
2026-09-26T15:15:43.441231+00:00,64060288,43819420,4194300,50420,113443,1787353,117592,0,0,0,0,0,0
2026-09-26T15:15:44.442107+00:00,64060288,43814716,4194300,50420,113443,1787353,117592,0,0,0,0,0,0
2026-09-26T15:15:45.442993+00:00,64060288,43822104,4194300,50420,113443,1787353,117592,0,0,0,0,0,0
2026-09-26T15:15:46.443875+00:00,64060288,43802576,4194300,50420,113443,1787353,117592,0,0,0,0,0,0
2026-09-26T15:15:47.444746+00:00,64060288,43781432,4194300,50420,113443,1787353,117592,0,0,0,0,0,0
2026-09-26T15:15:48.445495+00:00,64060288,43779496,4194300,50420,113443,1787353,117592,0,0,0,0,0,0
2026-09-26T15:15:49.446274+00:00,64060288,43786772,4194300,50420,113443,1787353,117592,0,0,0,0,0,0
2026-09-26T15:15:50.447085+00:00,64060288,43775516,4194300,50420,113443,1787353,117592,0,0,0,0,0,0
2026-09-26T15:15:51.447957+00:00,64060288,43779280,4194300,50420,113443,1787353,117592,0,0,0,0,0,0
2026-09-26T15:15:52.448844+00:00,64060288,43759496,4194300,50420,113443,1787353,117592,0,0,0,0,0,0
2026-09-26T15:15:53.449721+00:00,64060288,43742660,4194300,50420,113443,1787353,117592,0,0,0,0,0,0
2026-09-26T15:15:54.450612+00:00,64060288,43744736,4194300,50420,113443,1787353,117592,0,0,0,0,0,0
2026-09-26T15:15:55.451472+00:00,64060288,43768940,4194300,50420,113443,1787353,117592,0,0,0,0,0,0
2026-09-26T15:15:56.452241+00:00,64060288,43776952,4194300,50420,113443,1787353,117592,0,0,0,0,0,0
2026-09-26T15:15:57.452992+00:00,64060288,43776972,4194300,50420,113443,1787353,117592,0,0,0,0,0,0
2026-09-26T15:15:58.453788+00:00,64060288,43787616,4194300,50420,113443,1787353,117592,0,0,0,0,0,0
2026-09-26T15:15:59.454643+00:00,64060288,43790144,4194300,50420,113443,1787353,117592,0,0,0,0,0,0
2026-09-26T15:16:00.455510+00:00,64060288,43801620,4194300,50420,113443,1787353,117592,0,0,0,0,0,0
2026-09-26T15:16:01.456383+00:00,64060288,43801072,4194300,50420,113443,1787353,117592,0,0,0,0,0,0
2026-09-26T15:16:02.457258+00:00,64060288,43795696,4194300,50420,113443,1787353,117592,0,0,0,0,0,0
2026-09-26T15:16:03.458142+00:00,64060288,43779352,4194300,50420,113443,1787353,117592,0,0,0,0,0,0
2026-09-26T15:16:04.458907+00:00,64060288,43784948,4194300,50420,113443,1787353,117592,0,0,0,0,0,0
2026-09-26T15:16:05.459665+00:00,64060288,43780708,4194300,50420,113443,1787353,117592,0,0,0,0,0,0
2026-09-26T15:16:06.460421+00:00,64060288,43781148,4194300,50420,113443,1787353,117592,0,0,0,0,0,0
2026-09-26T15:16:07.461286+00:00,64060288,43792044,4194300,50420,113443,1787353,117592,0,0,0,0,0,0
2026-09-26T15:16:08.462186+00:00,64060288,43789120,4194300,50420,113443,1787353,117592,0,0,0,0,0,0
2026-09-26T15:16:09.463081+00:00,64060288,43754464,4194300,50420,113443,1787353,117592,0,0,0,0,0,0
2026-09-26T15:16:10.463994+00:00,64060288,43768200,4194300,50420,113443,1787353,117592,0,0,0,0,0,0
2026-09-26T15:16:11.464852+00:00,64060288,43760184,4194300,50420,113443,1787353,117592,0,0,0,0,0,0
2026-09-26T15:16:12.465660+00:00,64060288,43774448,4194300,50420,113443,1787353,117592,0,0,0,0,0,0
2026-09-26T15:16:13.466415+00:00,64060288,43768968,4194300,50420,113443,1787353,117592,0,0,0,0,0,0
2026-09-26T15:16:14.467201+00:00,64060288,43769100,4194300,50420,113443,1787353,117592,0,0,0,0,0,0
2026-09-26T15:16:15.468075+00:00,64060288,43777916,4194300,50420,113443,1787353,117592,0,0,0,0,0,0
2026-09-26T15:16:16.468956+00:00,64060288,43780472,4194300,50420,113444,1787353,117593,0,0,0,0,0,0
2026-09-26T15:16:17.469850+00:00,64060288,43747740,4194300,50420,113444,1787353,117593,0,0,0,0,0,0
2026-09-26T15:16:18.470724+00:00,64060288,43749464,4194300,50420,113444,1787353,117593,0,0,0,0,0,0
2026-09-26T15:16:19.471599+00:00,64060288,43760236,4194300,50420,113444,1787353,117593,0,0,0,0,0,0
2026-09-26T15:16:20.472364+00:00,64060288,43768608,4194300,50420,113444,1787353,117593,0,0,0,0,0,0
2026-09-26T15:16:21.473133+00:00,64060288,43762668,4194300,50420,113444,1787353,117593,0,0,0,0,0,0
2026-09-26T15:16:22.473946+00:00,64060288,43756392,4194300,50420,113444,1787353,117593,0,0,0,0,0,0
2026-09-26T15:16:23.474844+00:00,64060288,43775568,4194300,50420,113444,1787353,117593,0,0,0,0,0,0
2026-09-26T15:16:24.475732+00:00,64060288,43778516,4194300,50420,113444,1787353,117593,0,0,0,0,0,0
2026-09-26T15:16:25.476605+00:00,64060288,43766704,4194300,50420,113444,1787353,117593,0,0,0,0,0,0
2026-09-26T15:16:26.477469+00:00,64060288,43783916,4194300,50420,113444,1787353,117593,0,0,0,0,0,0
2026-09-26T15:16:27.478350+00:00,64060288,43773452,4194300,50420,113444,1787353,117593,0,0,0,0,0,0
2026-09-26T15:16:28.479101+00:00,64060288,43770828,4194300,50420,113444,1787353,117598,0,0,0,0,0,0
2026-09-26T15:16:29.479850+00:00,64060288,43768344,4194300,50420,113444,1787353,117598,0,0,0,0,0,0
2026-09-26T15:16:30.480647+00:00,64060288,43751008,4194300,50420,113444,1787353,117598,0,0,0,0,0,0
2026-09-26T15:16:31.481495+00:00,64060288,43744264,4194300,50420,113444,1787353,117598,0,0,0,0,0,0
2026-09-26T15:16:32.482355+00:00,64060288,43728740,4194300,50420,113444,1787353,117598,0,0,0,0,0,0
2026-09-26T15:16:33.483258+00:00,64060288,43736692,4194300,50420,113444,1787353,117599,0,0,0,0,0,0
2026-09-26T15:16:34.484155+00:00,64060288,43740460,4194300,50420,113444,1787353,117599,0,0,0,0,0,0
2026-09-26T15:16:35.485034+00:00,64060288,43751904,4194300,50420,113444,1787353,117599,0,0,0,0,0,0
2026-09-26T15:16:36.485915+00:00,64060288,43748856,4194300,50420,113444,1787353,117599,0,0,0,0,0,0
2026-09-26T15:16:37.486734+00:00,64060288,43754484,4194300,50420,113444,1787353,117599,0,0,0,0,0,0
2026-09-26T15:16:38.487565+00:00,64060288,43758628,4194300,50420,113444,1787353,117599,0,0,0,0,0,0
2026-09-26T15:16:39.488421+00:00,64060288,43768148,4194300,50420,113444,1787353,117599,0,0,0,0,0,0
2026-09-26T15:16:40.489284+00:00,64060288,43763544,4194300,50420,113444,1787353,117599,0,0,0,0,0,0
2026-09-26T15:16:41.490137+00:00,64060288,43762232,4194300,50420,113444,1787353,117599,0,0,0,0,0,0
2026-09-26T15:16:42.490994+00:00,64060288,43761560,4194300,50420,113444,1787353,117599,0,0,0,0,0,0
2026-09-26T15:16:43.491863+00:00,64060288,43766192,4194300,50420,113444,1787353,117599,0,0,0,0,0,0
2026-09-26T15:16:44.492697+00:00,64060288,43761452,4194300,50420,113444,1787353,117599,0,0,0,0,0,0
2026-09-26T15:16:45.493483+00:00,64060288,43764356,4194300,50420,113444,1787353,117599,0,0,0,0,0,0
2026-09-26T15:16:46.494286+00:00,64060288,43743548,4194300,50420,113444,1787353,117599,0,0,0,0,0,0
2026-09-26T15:16:47.495188+00:00,64060288,43719952,4194300,50420,113444,1787353,117599,0,0,0,0,0,0
2026-09-26T15:16:48.496075+00:00,64060288,43726040,4194300,50420,113444,1787353,117599,0,0,0,0,0,0
2026-09-26T15:16:49.496950+00:00,64060288,43740644,4194300,50420,113444,1787353,117599,0,0,0,0,0,0
2026-09-26T15:16:50.497842+00:00,64060288,43750456,4194300,50420,113444,1787353,117599,0,0,0,0,0,0
2026-09-26T15:16:51.498719+00:00,64060288,43749888,4194300,50420,113444,1787353,117599,0,0,0,0,0,0
2026-09-26T15:16:52.499588+00:00,64060288,43757176,4194300,50420,113444,1787353,117599,0,0,0,0,0,0
2026-09-26T15:16:53.500336+00:00,64060288,43750928,4194300,50420,113444,1787353,117599,0,0,0,0,0,0
2026-09-26T15:16:54.501136+00:00,64060288,43735904,4194300,50420,113444,1787353,117599,0,0,0,0,0,0
2026-09-26T15:16:55.501952+00:00,64060288,43748500,4194300,50420,113444,1787353,117599,0,0,0,0,0,0
2026-09-26T15:16:56.502835+00:00,64060288,43754408,4194300,50420,113444,1787353,117599,0,0,0,0,0,0
2026-09-26T15:16:57.503689+00:00,64060288,43738296,4194300,50420,113444,1787353,117599,0,0,0,0,0,0
2026-09-26T15:16:58.504544+00:00,64060288,43746056,4194300,50420,113444,1787353,117599,0,0,0,0,0,0
2026-09-26T15:16:59.505436+00:00,64060288,43746084,4194300,50420,113444,1787353,117599,0,0,0,0,0,0
2026-09-26T15:17:00.506311+00:00,64060288,43748004,4194300,50420,113444,1787353,117599,0,0,0,0,0,0
2026-09-26T15:17:01.507139+00:00,64060288,43733984,4194300,50420,113444,1787353,117599,0,0,0,0,0,0
2026-09-26T15:17:02.507906+00:00,64060288,43747868,4194300,50420,113444,1787353,117601,0,0,0,0,0,0
2026-09-26T15:17:03.508738+00:00,64060288,43752552,4194300,50420,113444,1787353,117601,0,0,0,0,0,0
2026-09-26T15:17:04.509947+00:00,64060288,43749076,4194300,50420,113444,1787353,117602,0,0,0,0,0,0
2026-09-26T15:17:05.510815+00:00,64060288,43742072,4194300,50420,113444,1787353,117602,0,0,0,0,0,0
2026-09-26T15:17:06.511649+00:00,64060288,43731932,4194300,50420,113444,1787353,117602,0,0,0,0,0,0
2026-09-26T15:17:07.512470+00:00,64060288,43734584,4194300,50420,113444,1787353,117602,0,0,0,0,0,0
2026-09-26T15:17:08.513312+00:00,64060288,43738224,4194300,50420,113444,1787353,117602,0,0,0,0,0,0
2026-09-26T15:17:09.514097+00:00,64060288,43723056,4194300,50420,113444,1787353,117602,0,0,0,0,0,0
2026-09-26T15:17:10.514847+00:00,64060288,43751884,4194300,50420,113444,1787353,117602,0,0,0,0,0,0
2026-09-26T15:17:11.515622+00:00,64060288,43742860,4194300,50420,113444,1787353,117602,0,0,0,0,0,0
2026-09-26T15:17:12.516494+00:00,64060288,43754208,4194300,50420,113444,1787353,117602,0,0,0,0,0,0
2026-09-26T15:17:13.517356+00:00,64060288,43753600,4194300,50420,113444,1787353,117602,0,0,0,0,0,0
2026-09-26T15:17:14.518236+00:00,64060288,43726076,4194300,50420,113444,1787353,117602,0,0,0,0,0,0
2026-09-26T15:17:15.519108+00:00,64060288,43709632,4194300,50420,113444,1787353,117602,0,0,0,0,0,0
2026-09-26T15:17:16.519977+00:00,64060288,43697340,4194300,50420,113444,1787353,117602,0,0,0,0,0,0
2026-09-26T15:17:17.520866+00:00,64060288,43726500,4194300,50420,113444,1787353,117602,0,0,0,0,0,0
2026-09-26T15:17:18.521678+00:00,64060288,43724684,4194300,50420,113444,1787353,117602,0,0,0,0,0,0
2026-09-26T15:17:19.522441+00:00,64060288,43719744,4194300,50420,113444,1787353,117603,0,0,0,0,0,0
2026-09-26T15:17:20.523309+00:00,64060288,43711056,4194300,50420,113444,1787353,117603,0,0,0,0,0,0
2026-09-26T15:17:21.524171+00:00,64060288,43715160,4194300,50420,113444,1787353,117603,0,0,0,0,0,0
2026-09-26T15:17:22.525061+00:00,64060288,43723980,4194300,50420,113444,1787353,117603,0,0,0,0,0,0
2026-09-26T15:17:23.525942+00:00,64060288,43707688,4194300,50420,113444,1787353,117603,0,0,0,0,0,0
2026-09-26T15:17:24.526821+00:00,64060288,43711948,4194300,50420,113444,1787353,117603,0,0,0,0,0,0
2026-09-26T15:17:25.527675+00:00,64060288,43719448,4194300,50420,113444,1787353,117603,0,0,0,0,0,0
2026-09-26T15:17:26.528422+00:00,64060288,43717284,4194300,50420,113444,1787353,117603,0,0,0,0,0,0
2026-09-26T15:17:27.529200+00:00,64060288,43713096,4194300,50420,113444,1787353,117603,0,0,0,0,0,0
2026-09-26T15:17:28.529986+00:00,64060288,43739232,4194300,50420,113444,1787353,117603,0,0,0,0,0,0
2026-09-26T15:17:29.530839+00:00,64060288,43706116,4194300,50420,113444,1787353,117603,0,0,0,0,0,0
2026-09-26T15:17:30.531672+00:00,64060288,43717420,4194300,50420,113444,1787353,117603,0,0,0,0,0,0
2026-09-26T15:17:31.532517+00:00,64060288,43714612,4194300,50420,113444,1787353,117603,0,0,0,0,0,0
2026-09-26T15:17:32.533382+00:00,64060288,43722536,4194300,50420,113444,1787353,117603,0,0,0,0,0,0
2026-09-26T15:17:33.534235+00:00,64060288,43714208,4194300,50420,113444,1787353,117603,0,0,0,0,0,0
2026-09-26T15:17:34.535000+00:00,64060288,43726736,4194300,50420,113444,1787353,117603,0,0,0,0,0,0
2026-09-26T15:17:35.535747+00:00,64060288,43722948,4194300,50420,113444,1787353,117603,0,0,0,0,0,0
2026-09-26T15:17:36.536495+00:00,64060288,43707168,4194300,50420,113444,1787353,117603,0,0,0,0,0,0
2026-09-26T15:17:37.537358+00:00,64060288,43727244,4194300,50420,113444,1787353,117603,0,0,0,0,0,0
2026-09-26T15:17:38.538225+00:00,64060288,43732520,4194300,50420,113444,1787353,117603,0,0,0,0,0,0
2026-09-26T15:17:39.539097+00:00,64060288,43713244,4194300,50420,113444,1787353,117603,0,0,0,0,0,0
2026-09-26T15:17:40.539971+00:00,64060288,43736312,4194300,50420,113444,1787353,117603,0,0,0,0,0,0
2026-09-26T15:17:41.540816+00:00,64060288,43734572,4194300,50420,113444,1787353,117603,0,0,0,0,0,0
2026-09-26T15:17:42.541569+00:00,64060288,43730104,4194300,50420,113444,1787353,117603,0,0,0,0,0,0
2026-09-26T15:17:43.542317+00:00,64060288,43732724,4194300,50332,113449,1787353,117613,0,0,0,0,0,0
2026-09-26T15:17:44.543060+00:00,64060288,43695340,4194300,50332,113449,1787353,117613,0,0,0,0,0,0
2026-09-26T15:17:45.543952+00:00,64060288,43699124,4194300,50332,113449,1787353,117613,0,0,0,0,0,0
2026-09-26T15:17:46.544935+00:00,64060288,43687536,4194300,50332,113449,1787353,117613,0,0,0,0,0,0
2026-09-26T15:17:47.545804+00:00,64060288,43665572,4194300,50332,113449,1787353,117613,0,0,0,0,0,0
2026-09-26T15:17:48.546671+00:00,64060288,43682644,4194300,50332,113449,1787353,117613,0,0,0,0,0,0
2026-09-26T15:17:49.547523+00:00,64060288,43702176,4194300,50332,113449,1787353,117613,0,0,0,0,0,0
2026-09-26T15:17:50.548390+00:00,64060288,43722560,4194300,50332,113449,1787353,117613,0,0,0,0,0,0
2026-09-26T15:17:51.549132+00:00,64060288,43705356,4194300,50332,113449,1787353,117613,0,0,0,0,0,0
2026-09-26T15:17:52.549901+00:00,64060288,43693744,4194300,50332,113449,1787353,117613,0,0,0,0,0,0
2026-09-26T15:17:53.550716+00:00,64060288,43708684,4194300,50332,113449,1787353,117613,0,0,0,0,0,0
2026-09-26T15:17:54.551586+00:00,64060288,43711432,4194300,50332,113449,1787353,117613,0,0,0,0,0,0
2026-09-26T15:17:55.552446+00:00,64060288,43696392,4194300,50332,113449,1787353,117613,0,0,0,0,0,0
2026-09-26T15:17:56.553324+00:00,64060288,43703424,4194300,50332,113449,1787353,117613,0,0,0,0,0,0
2026-09-26T15:17:57.554193+00:00,64060288,43692312,4194300,50332,113449,1787353,117613,0,0,0,0,0,0
2026-09-26T15:17:58.555045+00:00,64060288,43704460,4194300,50332,113449,1787353,117613,0,0,0,0,0,0
2026-09-26T15:17:59.555851+00:00,64060288,43707348,4194300,50332,113449,1787353,117613,0,0,0,0,0,0
2026-09-26T15:18:00.556653+00:00,64060288,43707092,4194300,50332,113449,1787353,117613,0,0,0,0,0,0
2026-09-26T15:18:01.557443+00:00,64060288,43713172,4194300,50332,113449,1787353,117613,0,0,0,0,0,0
2026-09-26T15:18:02.558324+00:00,64060288,43718144,4194300,50332,113449,1787353,117613,0,0,0,0,0,0
2026-09-26T15:18:03.559206+00:00,64060288,43719836,4194300,50332,113449,1787353,117613,0,0,0,0,0,0
2026-09-26T15:18:04.560080+00:00,64060288,43721664,4194300,50332,113449,1787353,117613,0,0,0,0,0,0
2026-09-26T15:18:05.560964+00:00,64060288,43700568,4194300,50332,113449,1787353,117613,0,0,0,0,0,0
2026-09-26T15:18:06.561844+00:00,64060288,43702720,4194300,50332,113449,1787353,117613,0,0,0,0,0,0
2026-09-26T15:18:07.562715+00:00,64060288,43706904,4194300,50332,113449,1787353,117613,0,0,0,0,0,0
2026-09-26T15:18:08.563478+00:00,64060288,43719808,4194300,50332,113449,1787353,117613,0,0,0,0,0,0
2026-09-26T15:18:09.564268+00:00,64060288,43712840,4194300,50332,113449,1787353,117613,0,0,0,0,0,0
2026-09-26T15:18:10.565150+00:00,64060288,43678260,4194300,50332,113449,1787353,117613,0,0,0,0,0,0
2026-09-26T15:18:11.566021+00:00,64060288,43653620,4194300,50332,113449,1787353,117613,0,0,0,0,0,0
2026-09-26T15:18:12.566898+00:00,64060288,43651604,4194300,50332,113449,1787353,117613,0,0,0,0,0,0
2026-09-26T15:18:13.567751+00:00,64060288,43669280,4194300,50332,113449,1787353,117613,0,0,0,0,0,0
2026-09-26T15:18:14.568617+00:00,64060288,43699236,4194300,50332,113449,1787353,117613,0,0,0,0,0,0
2026-09-26T15:18:15.569429+00:00,64060288,43696748,4194300,50332,113449,1787353,117613,0,0,0,0,0,0
2026-09-26T15:18:16.570198+00:00,64060288,43667108,4194300,50332,113450,1787353,117614,0,0,0,0,0,0
2026-09-26T15:18:17.571002+00:00,64060288,43640048,4194300,50332,113450,1787353,117622,0,0,0,0,0,0
2026-09-26T15:18:18.571762+00:00,64060288,43631484,4194300,50332,113450,1787353,117622,0,0,0,0,0,0
2026-09-26T15:18:19.572608+00:00,64060288,43640440,4194300,50332,113450,1787353,117622,0,0,0,0,0,0
2026-09-26T15:18:20.573482+00:00,64060288,43639788,4194300,50332,113450,1787353,117622,0,0,0,0,0,0
2026-09-26T15:18:21.574346+00:00,64060288,43644716,4194300,50332,113450,1787353,117622,0,0,0,0,0,0
2026-09-26T15:18:22.575230+00:00,64060288,43643500,4194300,50332,113450,1787353,117622,0,0,0,0,0,0
2026-09-26T15:18:23.576094+00:00,64060288,43645684,4194300,50332,113450,1787353,117622,0,0,0,0,0,0
2026-09-26T15:18:24.576850+00:00,64060288,43653728,4194300,50332,113450,1787353,117622,0,0,0,0,0,0
2026-09-26T15:18:25.577619+00:00,64060288,43651220,4194300,50332,113450,1787353,117622,0,0,0,0,0,0
2026-09-26T15:18:26.578385+00:00,64060288,43671312,4194300,50332,113450,1787353,117622,0,0,0,0,0,0
2026-09-26T15:18:27.579246+00:00,64060288,43654484,4194300,50332,113450,1787353,117622,0,0,0,0,0,0
2026-09-26T15:18:28.580107+00:00,64060288,43664484,4194300,50332,113450,1787353,117622,0,0,0,0,0,0
2026-09-26T15:18:29.580996+00:00,64060288,43674180,4194300,50332,113450,1787353,117622,0,0,0,0,0,0
2026-09-26T15:18:30.581893+00:00,64060288,43672996,4194300,50332,113450,1787353,117622,0,0,0,0,0,0
2026-09-26T15:18:31.582781+00:00,64060288,43673428,4194300,50332,113450,1787353,117622,0,0,0,0,0,0
2026-09-26T15:18:32.583645+00:00,64060288,43678424,4194300,50332,113450,1787353,117622,0,0,0,0,0,0
2026-09-26T15:18:33.584400+00:00,64060288,43678052,4194300,50332,113450,1787353,117622,0,0,0,0,0,0
2026-09-26T15:18:34.585162+00:00,64060288,43677820,4194300,50332,113450,1787353,117622,0,0,0,0,0,0
2026-09-26T15:18:35.585923+00:00,64060288,43690304,4194300,50332,113450,1787353,117622,0,0,0,0,0,0
2026-09-26T15:18:36.586802+00:00,64060288,43688684,4194300,50332,113450,1787353,117622,0,0,0,0,0,0
2026-09-26T15:18:37.587654+00:00,64060288,43689824,4194300,50332,113450,1787353,117622,0,0,0,0,0,0
2026-09-26T15:18:38.588510+00:00,64060288,43698812,4194300,50332,113450,1787353,117622,0,0,0,0,0,0
2026-09-26T15:18:39.589359+00:00,64060288,43660184,4194300,50332,113450,1787353,117622,0,0,0,0,0,0
2026-09-26T15:18:40.590211+00:00,64060288,43667132,4194300,50332,113450,1787353,117622,0,0,0,0,0,0
2026-09-26T15:18:41.590935+00:00,64060288,43633724,4194300,50332,113450,1787353,117622,0,0,0,0,0,0
2026-09-26T15:18:42.591680+00:00,64060288,43661412,4194300,50332,113450,1787353,117622,0,0,0,0,0,0
2026-09-26T15:18:43.592483+00:00,64060288,43674648,4194300,50332,113450,1787353,117622,0,0,0,0,0,0
2026-09-26T15:18:44.593358+00:00,64060288,43670560,4194300,50332,113450,1787353,117622,0,0,0,0,0,0
2026-09-26T15:18:45.594243+00:00,64060288,43680368,4194300,50332,113450,1787353,117622,0,0,0,0,0,0
2026-09-26T15:18:46.595108+00:00,64060288,43673456,4194300,50332,113450,1787353,117622,0,0,0,0,0,0
2026-09-26T15:18:47.595996+00:00,64060288,43644696,4194300,50332,113450,1787353,117622,0,0,0,0,0,0
2026-09-26T15:18:48.596862+00:00,64060288,43660960,4194300,50332,113450,1787353,117622,0,0,0,0,0,0
2026-09-26T15:18:49.597698+00:00,64060288,43679876,4194300,50332,113450,1787353,117622,0,0,0,0,0,0
2026-09-26T15:18:50.598483+00:00,64060288,43667016,4194300,50332,113450,1787353,117622,0,0,0,0,0,0
2026-09-26T15:18:51.599288+00:00,64060288,43664432,4194300,50332,113450,1787353,117622,0,0,0,0,0,0
2026-09-26T15:18:52.600157+00:00,64060288,43670072,4194300,50332,113450,1787353,117622,0,0,0,0,0,0
2026-09-26T15:18:53.601046+00:00,64060288,43678988,4194300,50332,113450,1787353,117622,0,0,0,0,0,0
2026-09-26T15:18:54.601910+00:00,64060288,43660252,4194300,50332,113450,1787353,117622,0,0,0,0,0,0
2026-09-26T15:18:55.602787+00:00,64060288,43664976,4194300,50332,113450,1787353,117622,0,0,0,0,0,0
2026-09-26T15:18:56.603645+00:00,64060288,43654492,4194300,50332,113450,1787353,117622,0,0,0,0,0,0
2026-09-26T15:18:57.604481+00:00,64060288,43670396,4194300,50332,113450,1787353,117622,0,0,0,0,0,0
2026-09-26T15:18:58.605291+00:00,64060288,43673176,4194300,50332,113450,1787353,117622,0,0,0,0,0,0
2026-09-26T15:18:59.606047+00:00,64060288,43671252,4194300,50332,113450,1787353,117622,0,0,0,0,0,0
2026-09-26T15:19:00.606849+00:00,64060288,43919752,4194300,50332,113450,1787353,117622,0,0,0,0,0,0
2026-09-26T15:19:01.607704+00:00,64060288,43905768,4194300,50332,113450,1787353,117622,0,0,0,0,0,0
2026-09-26T15:19:02.608545+00:00,64060288,43901484,4194300,50332,113450,1787353,117622,0,0,0,0,0,0
2026-09-26T15:19:03.609416+00:00,64060288,43891060,4194300,50332,113450,1787353,117622,0,0,0,0,0,0
2026-09-26T15:19:04.610285+00:00,64060288,43880728,4194300,50332,113450,1787353,117622,0,0,0,0,0,0
2026-09-26T15:19:05.611160+00:00,64060288,43890800,4194300,50332,113450,1787353,117622,0,0,0,0,0,0
2026-09-26T15:19:06.612006+00:00,64060288,43878592,4194300,50332,113450,1787353,117622,0,0,0,0,0,0
2026-09-26T15:19:07.612800+00:00,64060288,43877948,4194300,50332,113450,1787353,117622,0,0,0,0,0,0
2026-09-26T15:19:08.613600+00:00,64060288,43887880,4194300,50332,113450,1787353,117622,0,0,0,0,0,0
2026-09-26T15:19:09.614477+00:00,64060288,43895028,4194300,50332,113450,1787353,117622,0,0,0,0,0,0
2026-09-26T15:19:10.615354+00:00,64060288,43869224,4194300,50332,113450,1787353,117622,0,0,0,0,0,0
2026-09-26T15:19:11.616231+00:00,64060288,43861948,4194300,50332,113450,1787353,117623,0,0,0,0,0,0
2026-09-26T15:19:12.617117+00:00,64060288,43861340,4194300,50332,113450,1787353,117623,0,0,0,0,0,0
2026-09-26T15:19:13.617993+00:00,64060288,43864240,4194300,50332,113450,1787353,117623,0,0,0,0,0,0
2026-09-26T15:19:14.618856+00:00,64060288,43860720,4194300,50332,113450,1787353,117623,0,0,0,0,0,0
2026-09-26T15:19:15.619649+00:00,64060288,43861080,4194300,50332,113450,1787353,117623,0,0,0,0,0,0
2026-09-26T15:19:16.620411+00:00,64060288,43851816,4194300,50332,113450,1787353,117623,0,0,0,0,0,0
2026-09-26T15:19:17.621197+00:00,64060288,43862424,4194300,50332,113450,1787353,117623,0,0,0,0,0,0
2026-09-26T15:19:18.622078+00:00,64060288,43850356,4194300,50332,113450,1787353,117623,0,0,0,0,0,0
2026-09-26T15:19:19.622944+00:00,64060288,43861376,4194300,50332,113450,1787353,117623,0,0,0,0,0,0
2026-09-26T15:19:20.623799+00:00,64060288,43858656,4194300,50332,113450,1787353,117623,0,0,0,0,0,0
2026-09-26T15:19:21.624653+00:00,64060288,43866248,4194300,50332,113450,1787353,117623,0,0,0,0,0,0
2026-09-26T15:19:22.625501+00:00,64060288,43831940,4194300,50332,113450,1787353,117623,0,0,0,0,0,0
2026-09-26T15:19:23.626374+00:00,64060288,43841416,4194300,50332,113450,1787353,117623,0,0,0,0,0,0
2026-09-26T15:19:24.627193+00:00,64060288,43860872,4194300,50332,113450,1787353,117623,0,0,0,0,0,0
2026-09-26T15:19:25.628007+00:00,64060288,43864916,4194300,50332,113450,1787353,117623,0,0,0,0,0,0
2026-09-26T15:19:26.628885+00:00,64060288,43858820,4194300,50332,113450,1787353,117623,0,0,0,0,0,0
2026-09-26T15:19:27.629742+00:00,64060288,43863424,4194300,50332,113450,1787353,117623,0,0,0,0,0,0
2026-09-26T15:19:28.630595+00:00,64060288,43838536,4194300,50332,113450,1787353,117623,0,0,0,0,0,0
2026-09-26T15:19:29.631426+00:00,64060288,43854372,4194300,50332,113450,1787353,117623,0,0,0,0,0,0
2026-09-26T15:19:30.632288+00:00,64060288,43864520,4194300,50332,113450,1787353,117623,0,0,0,0,0,0
2026-09-26T15:19:31.633176+00:00,64060288,43863320,4194300,50332,113450,1787353,117623,0,0,0,0,0,0
2026-09-26T15:19:32.634000+00:00,64060288,43843412,4194300,50332,113450,1787353,117623,0,0,0,0,0,0
2026-09-26T15:19:33.634748+00:00,64060288,43846340,4194300,50332,113450,1787353,117623,0,0,0,0,0,0
2026-09-26T15:19:34.635532+00:00,64060288,43845628,4194300,50332,113450,1787353,117623,0,0,0,0,0,0
2026-09-26T15:19:35.636414+00:00,64060288,43847644,4194300,50332,113450,1787353,117623,0,0,0,0,0,0
2026-09-26T15:19:36.637282+00:00,64060288,43834668,4194300,50332,113450,1787353,117623,0,0,0,0,0,0
2026-09-26T15:19:37.638145+00:00,64060288,43861128,4194300,50332,113450,1787353,117623,0,0,0,0,0,0
2026-09-26T15:19:38.639012+00:00,64060288,43866632,4194300,50332,113450,1787353,117623,0,0,0,0,0,0
2026-09-26T15:19:39.639888+00:00,64060288,43874256,4194300,50332,113450,1787353,117623,0,0,0,0,0,0
2026-09-26T15:19:40.640736+00:00,64060288,43860276,4194300,50332,113450,1787353,117623,0,0,0,0,0,0
2026-09-26T15:19:41.641476+00:00,64060288,43854528,4194300,50332,113450,1787353,117623,0,0,0,0,0,0
2026-09-26T15:19:42.642263+00:00,64060288,43862192,4194300,50332,113450,1787353,117623,0,0,0,0,0,0
2026-09-26T15:19:43.643055+00:00,64060288,43846548,4194300,50332,113450,1787353,117623,0,0,0,0,0,0
2026-09-26T15:19:44.643924+00:00,64060288,43849472,4194300,50332,113450,1787353,117623,0,0,0,0,0,0
2026-09-26T15:19:45.644812+00:00,64060288,43852164,4194300,50332,113450,1787353,117623,0,0,0,0,0,0
2026-09-26T15:19:46.645637+00:00,64060288,43819400,4194300,50332,113450,1787353,117623,0,0,0,0,0,0
2026-09-26T15:19:47.646496+00:00,64060288,43830588,4194300,50332,113451,1787353,117624,0,0,0,0,0,0
2026-09-26T15:19:48.647353+00:00,64060288,43853032,4194300,50332,113451,1787353,117624,0,0,0,0,0,0
2026-09-26T15:19:49.648102+00:00,64060288,43842296,4194300,50332,113451,1787353,117624,0,0,0,0,0,0
2026-09-26T15:19:50.648871+00:00,64060288,43834860,4194300,50332,113451,1787353,117624,0,0,0,0,0,0
2026-09-26T15:19:51.649627+00:00,64060288,43831016,4194300,50332,113451,1787353,117624,0,0,0,0,0,0
2026-09-26T15:19:52.650463+00:00,64060288,43819144,4194300,50332,113451,1787353,117624,0,0,0,0,0,0
2026-09-26T15:19:53.651322+00:00,64060288,43829388,4194300,50332,113451,1787353,117624,0,0,0,0,0,0
2026-09-26T15:19:54.652187+00:00,64060288,43811276,4194300,50332,113451,1787353,117624,0,0,0,0,0,0
2026-09-26T15:19:55.653054+00:00,64060288,43815820,4194300,50332,113452,1787353,117625,0,0,0,0,0,0
2026-09-26T15:19:56.653946+00:00,64060288,43814636,4194300,50332,113452,1787353,117625,0,0,0,0,0,0
2026-09-26T15:19:57.654801+00:00,64060288,43815828,4194300,50332,113452,1787353,117625,0,0,0,0,0,0
2026-09-26T15:19:58.655541+00:00,64060288,43831376,4194300,50332,113452,1787353,117625,0,0,0,0,0,0
2026-09-26T15:19:59.656302+00:00,64060288,43834488,4194300,50332,113452,1787353,117625,0,0,0,0,0,0
2026-09-26T15:20:00.657078+00:00,64060288,43840016,4194300,50332,113452,1787353,117625,0,0,0,0,0,0
2026-09-26T15:20:01.657959+00:00,64060288,43838576,4194300,50332,113452,1787353,117625,0,0,0,0,0,0
2026-09-26T15:20:02.658853+00:00,64060288,43849284,4194300,50332,113452,1787353,117625,0,0,0,0,0,0
2026-09-26T15:20:03.659738+00:00,64060288,43837100,4194300,50332,113452,1787353,117625,0,0,0,0,0,0
2026-09-26T15:20:04.660623+00:00,64060288,43839032,4194300,50332,113452,1787353,117625,0,0,0,0,0,0
2026-09-26T15:20:05.661477+00:00,64060288,43819700,4194300,50332,113452,1787353,117625,0,0,0,0,0,0
2026-09-26T15:20:06.662281+00:00,64060288,43839124,4194300,50332,113452,1787353,117625,0,0,0,0,0,0
2026-09-26T15:20:07.663089+00:00,64060288,43812332,4194300,50332,113452,1787353,117625,0,0,0,0,0,0
2026-09-26T15:20:08.663903+00:00,64060288,43823028,4194300,50332,113452,1787353,117625,0,0,0,0,0,0
2026-09-26T15:20:09.664762+00:00,64060288,43832480,4194300,50332,113452,1787353,117625,0,0,0,0,0,0
2026-09-26T15:20:10.665608+00:00,64060288,43835976,4194300,50332,113452,1787353,117625,0,0,0,0,0,0
2026-09-26T15:20:11.666449+00:00,64060288,43832748,4194300,50332,113452,1787353,117625,0,0,0,0,0,0
2026-09-26T15:20:12.667292+00:00,64060288,43833440,4194300,50332,113452,1787353,117625,0,0,0,0,0,0
2026-09-26T15:20:13.668147+00:00,64060288,43838224,4194300,50332,113452,1787353,117625,0,0,0,0,0,0
2026-09-26T15:20:14.669004+00:00,64060288,43842112,4194300,50332,113452,1787353,117625,0,0,0,0,0,0
2026-09-26T15:20:15.669756+00:00,64060288,43825456,4194300,50332,113452,1787353,117625,0,0,0,0,0,0
2026-09-26T15:20:16.670519+00:00,64060288,43810964,4194300,50332,113452,1787353,117625,0,0,0,0,0,0
2026-09-26T15:20:17.671296+00:00,64060288,43787904,4194300,50332,113452,1787353,117625,0,0,0,0,0,0
2026-09-26T15:20:18.672168+00:00,64060288,43754728,4194300,50332,113452,1787353,117625,0,0,0,0,0,0
2026-09-26T15:20:19.673053+00:00,64060288,43770724,4194300,50332,113452,1787353,117625,0,0,0,0,0,0
2026-09-26T15:20:20.673946+00:00,64060288,43773060,4194300,50332,113452,1787353,117625,0,0,0,0,0,0
2026-09-26T15:20:21.674822+00:00,64060288,43794552,4194300,50332,113452,1787353,117625,0,0,0,0,0,0
2026-09-26T15:20:22.675704+00:00,64060288,43809524,4194300,50332,113452,1787353,117625,0,0,0,0,0,0
2026-09-26T15:20:23.676554+00:00,64060288,43814448,4194300,50332,113452,1787353,117625,0,0,0,0,0,0
2026-09-26T15:20:24.677326+00:00,64060288,43817376,4194300,50332,113452,1787353,117625,0,0,0,0,0,0
2026-09-26T15:20:25.678063+00:00,64060288,43823940,4194300,50332,113452,1787353,117625,0,0,0,0,0,0
2026-09-26T15:20:26.678831+00:00,64060288,43812400,4194300,50332,113452,1787353,117625,0,0,0,0,0,0
2026-09-26T15:20:27.679652+00:00,64060288,43832116,4194300,50332,113452,1787353,117625,0,0,0,0,0,0
2026-09-26T15:20:28.680499+00:00,64060288,43827748,4194300,50332,113452,1787353,117625,0,0,0,0,0,0
2026-09-26T15:20:29.681371+00:00,64060288,43828456,4194300,50332,113452,1787353,117625,0,0,0,0,0,0
2026-09-26T15:20:30.682241+00:00,64060288,43821144,4194300,50332,113452,1787353,117625,0,0,0,0,0,0
2026-09-26T15:20:31.683105+00:00,64060288,43836924,4194300,50332,113452,1787353,117625,0,0,0,0,0,0
2026-09-26T15:20:32.683923+00:00,64060288,43807292,4194300,50332,113452,1787353,117625,0,0,0,0,0,0
2026-09-26T15:20:33.684733+00:00,64060288,43790132,4194300,50332,113452,1787353,117625,0,0,0,0,0,0
2026-09-26T15:20:34.685561+00:00,64060288,43741116,4194300,50332,113452,1787353,117625,0,0,0,0,0,0
2026-09-26T15:20:35.686438+00:00,64060288,43736976,4194300,50332,113452,1787353,117625,0,0,0,0,0,0
2026-09-26T15:20:36.687314+00:00,64060288,43763984,4194300,50332,113452,1787353,117625,0,0,0,0,0,0
2026-09-26T15:20:37.688201+00:00,64060288,43773800,4194300,50332,113452,1787353,117625,0,0,0,0,0,0
2026-09-26T15:20:38.689091+00:00,64060288,43752460,4194300,50324,113452,1787353,117625,0,0,0,0,0,0
2026-09-26T15:20:39.689971+00:00,64060288,43741340,4194300,50324,113452,1787353,117625,0,0,0,0,0,0
2026-09-26T15:20:40.690843+00:00,64060288,43735924,4194300,50324,113452,1787353,117625,0,0,0,0,0,0
2026-09-26T15:20:41.691606+00:00,64060288,43765488,4194300,50324,113452,1787353,117625,0,0,0,0,0,0
2026-09-26T15:20:42.692291+00:00,64060288,43785328,4194300,50324,113452,1787353,117625,0,0,0,0,0,0
2026-09-26T15:20:43.693108+00:00,64060288,43788428,4194300,50324,113452,1787353,117625,0,0,0,0,0,0
2026-09-26T15:20:44.693975+00:00,64060288,43790284,4194300,50324,113452,1787353,117625,0,0,0,0,0,0
2026-09-26T15:20:45.694817+00:00,64060288,43772432,4194300,50324,113452,1787353,117625,0,0,0,0,0,0
2026-09-26T15:20:46.695675+00:00,64060288,43780476,4194300,50324,113453,1787353,117626,0,0,0,0,0,0
2026-09-26T15:20:47.696522+00:00,64060288,43792036,4194300,50324,113453,1787353,117626,0,0,0,0,0,0
2026-09-26T15:20:48.697393+00:00,64060288,43794740,4194300,50324,113453,1787353,117626,0,0,0,0,0,0
2026-09-26T15:20:49.698241+00:00,64060288,43793192,4194300,50324,113453,1787353,117626,0,0,0,0,0,0
2026-09-26T15:20:50.699005+00:00,64060288,43795968,4194300,50324,113453,1787353,117626,0,0,0,0,0,0
2026-09-26T15:20:51.699764+00:00,64060288,43797440,4194300,50324,113453,1787353,117626,0,0,0,0,0,0
2026-09-26T15:20:52.700515+00:00,64060288,43808696,4194300,50324,113453,1787353,117626,0,0,0,0,0,0
2026-09-26T15:20:53.701360+00:00,64060288,43801868,4194300,50324,113453,1787353,117626,0,0,0,0,0,0
2026-09-26T15:20:54.702236+00:00,64060288,43802496,4194300,50324,113453,1787353,117626,0,0,0,0,0,0
2026-09-26T15:20:55.703092+00:00,64060288,43803860,4194300,50324,113453,1787353,117626,0,0,0,0,0,0
2026-09-26T15:20:56.703946+00:00,64060288,43794492,4194300,50324,113453,1787353,117626,0,0,0,0,0,0
2026-09-26T15:20:57.704786+00:00,64060288,43804440,4194300,50324,113453,1787353,117626,0,0,0,0,0,0
2026-09-26T15:20:58.705623+00:00,64060288,43803108,4194300,50324,113453,1787353,117626,0,0,0,0,0,0
2026-09-26T15:20:59.706406+00:00,64060288,43799884,4194300,50324,113453,1787353,117626,0,0,0,0,0,0
2026-09-26T15:21:00.707161+00:00,64060288,43767136,4194300,50324,113453,1787353,117626,0,0,0,0,0,0
2026-09-26T15:21:01.708066+00:00,64060288,43766108,4194300,50324,113453,1787353,117626,0,0,0,0,0,0
2026-09-26T15:21:02.708917+00:00,64060288,43768044,4194300,50324,113453,1787353,117626,0,0,0,0,0,0
2026-09-26T15:21:03.709781+00:00,64060288,43744328,4194300,50324,113453,1787353,117626,0,0,0,0,0,0
2026-09-26T15:21:04.710645+00:00,64060288,43745336,4194300,50324,113453,1787353,117626,0,0,0,0,0,0
2026-09-26T15:21:05.711506+00:00,64060288,43720760,4194300,50324,113454,1787353,117627,0,0,0,0,0,0
2026-09-26T15:21:06.712387+00:00,64060288,43732876,4194300,50324,113454,1787353,117627,0,0,0,0,0,0
2026-09-26T15:21:07.713152+00:00,64060288,43736024,4194300,50324,113454,1787353,117627,0,0,0,0,0,0
2026-09-26T15:21:08.713910+00:00,64060288,43772024,4194300,50324,113454,1787353,117627,0,0,0,0,0,0
2026-09-26T15:21:09.714643+00:00,64060288,43773076,4194300,50324,113454,1787353,117627,0,0,0,0,0,0
2026-09-26T15:21:10.715506+00:00,64060288,43797792,4194300,50324,113454,1787353,117627,0,0,0,0,0,0
2026-09-26T15:21:11.716358+00:00,64060288,43777792,4194300,50324,113454,1787353,117627,0,0,0,0,0,0
2026-09-26T15:21:12.717225+00:00,64060288,43804640,4194300,50324,113454,1787353,117627,0,0,0,0,0,0
2026-09-26T15:21:13.718109+00:00,64060288,43798872,4194300,50324,113454,1787353,117627,0,0,0,0,0,0
2026-09-26T15:21:14.718991+00:00,64060288,43758796,4194300,50324,113454,1787353,117627,0,0,0,0,0,0
2026-09-26T15:21:15.719852+00:00,64060288,43769368,4194300,50324,113454,1787353,117627,0,0,0,0,0,0
2026-09-26T15:21:16.720639+00:00,64060288,43736872,4194300,50324,113454,1787353,117627,0,0,0,0,0,0
2026-09-26T15:21:17.721407+00:00,64060288,43718052,4194300,50324,113454,1787353,117627,0,0,0,0,0,0
2026-09-26T15:21:18.722237+00:00,64060288,43714500,4194300,50324,113454,1787353,117627,0,0,0,0,0,0
2026-09-26T15:21:19.723110+00:00,64060288,43702360,4194300,50324,113454,1787353,117627,0,0,0,0,0,0
2026-09-26T15:21:20.723982+00:00,64060288,43751592,4194300,50324,113454,1787353,117627,0,0,0,0,0,0
2026-09-26T15:21:21.724853+00:00,64060288,43764240,4194300,50324,113454,1787353,117627,0,0,0,0,0,0
2026-09-26T15:21:22.725733+00:00,64060288,43769408,4194300,50324,113454,1787353,117627,0,0,0,0,0,0
2026-09-26T15:21:23.726610+00:00,64060288,43759300,4194300,50324,113454,1787353,117627,0,0,0,0,0,0
2026-09-26T15:21:24.727538+00:00,64060288,43774768,4194300,50324,113454,1787353,117628,0,0,0,0,0,0
2026-09-26T15:21:25.728327+00:00,64060288,43783608,4194300,50324,113454,1787353,117632,0,0,0,0,0,0
2026-09-26T15:21:26.729093+00:00,64060288,43788364,4194300,50324,113454,1787353,117632,0,0,0,0,0,0
2026-09-26T15:21:27.729919+00:00,64060288,43792464,4194300,50324,113454,1787353,117632,0,0,0,0,0,0
2026-09-26T15:21:28.730790+00:00,64060288,43767596,4194300,50324,113454,1787353,117632,0,0,0,0,0,0
2026-09-26T15:21:29.731632+00:00,64060288,43768580,4194300,50324,113454,1787353,117632,0,0,0,0,0,0
2026-09-26T15:21:30.732494+00:00,64060288,43744244,4194300,50324,113454,1787353,117632,0,0,0,0,0,0
2026-09-26T15:21:31.733349+00:00,64060288,43756888,4194300,50324,113454,1787353,117632,0,0,0,0,0,0
2026-09-26T15:21:32.734215+00:00,64060288,43782800,4194300,50324,113454,1787353,117632,0,0,0,0,0,0
2026-09-26T15:21:33.735080+00:00,64060288,43784232,4194300,50324,113454,1787353,117632,0,0,0,0,0,0
2026-09-26T15:21:34.735869+00:00,64060288,43773532,4194300,50324,113454,1787353,117632,0,0,0,0,0,0
2026-09-26T15:21:35.736671+00:00,64060288,43768496,4194300,50324,113454,1787353,117632,0,0,0,0,0,0
2026-09-26T15:21:36.737540+00:00,64060288,43771440,4194300,50324,113454,1787353,117632,0,0,0,0,0,0
2026-09-26T15:21:37.738398+00:00,64060288,43765304,4194300,50324,113454,1787353,117632,0,0,0,0,0,0
2026-09-26T15:21:38.739286+00:00,64060288,43774184,4194300,50324,113454,1787353,117632,0,0,0,0,0,0
2026-09-26T15:21:39.740166+00:00,64060288,43771560,4194300,50324,113454,1787353,117632,0,0,0,0,0,0
2026-09-26T15:21:40.741067+00:00,64060288,43770852,4194300,50324,113454,1787353,117632,0,0,0,0,0,0
2026-09-26T15:21:41.741921+00:00,64060288,43766680,4194300,50324,113454,1787353,117632,0,0,0,0,0,0
2026-09-26T15:21:42.742710+00:00,64060288,43760036,4194300,50324,113454,1787353,117632,0,0,0,0,0,0
2026-09-26T15:21:43.743517+00:00,64060288,43759956,4194300,50324,113454,1787353,117632,0,0,0,0,0,0
2026-09-26T15:21:44.744297+00:00,64060288,43748124,4194300,50324,113454,1787353,117632,0,0,0,0,0,0
2026-09-26T15:21:45.745189+00:00,64060288,43759924,4194300,50324,113454,1787353,117632,0,0,0,0,0,0
2026-09-26T15:21:46.746070+00:00,64060288,43764984,4194300,50324,113454,1787353,117632,0,0,0,0,0,0
2026-09-26T15:21:47.746925+00:00,64060288,43759128,4194300,50324,113454,1787353,117632,0,0,0,0,0,0
2026-09-26T15:21:48.747786+00:00,64060288,43760572,4194300,50324,113454,1787353,117632,0,0,0,0,0,0
2026-09-26T15:21:49.748649+00:00,64060288,43770940,4194300,50324,113454,1787353,117632,0,0,0,0,0,0
2026-09-26T15:21:50.749474+00:00,64060288,43763384,4194300,50324,113454,1787353,117632,0,0,0,0,0,0
2026-09-26T15:21:51.750261+00:00,64060288,43773368,4194300,50324,113454,1787353,117632,0,0,0,0,0,0
2026-09-26T15:21:52.751031+00:00,64060288,43770764,4194300,50324,113454,1787353,117632,0,0,0,0,0,0
2026-09-26T15:21:53.751847+00:00,64060288,43773728,4194300,50324,113454,1787353,117632,0,0,0,0,0,0
2026-09-26T15:21:54.752722+00:00,64060288,43766632,4194300,50324,113454,1787353,117632,0,0,0,0,0,0
2026-09-26T15:21:55.753592+00:00,64060288,43746016,4194300,50324,113454,1787353,117632,0,0,0,0,0,0
2026-09-26T15:21:56.754436+00:00,64060288,43728940,4194300,50324,113454,1787353,117632,0,0,0,0,0,0
2026-09-26T15:21:57.755294+00:00,64060288,43709636,4194300,50324,113454,1787353,117632,0,0,0,0,0,0
2026-09-26T15:21:58.756161+00:00,64060288,43723312,4194300,50324,113454,1787353,117632,0,0,0,0,0,0
2026-09-26T15:21:59.757005+00:00,64060288,43743596,4194300,50324,113454,1787353,117632,0,0,0,0,0,0
2026-09-26T15:22:00.757775+00:00,64060288,43742976,4194300,50324,113454,1787353,117632,0,0,0,0,0,0
2026-09-26T15:22:01.758534+00:00,64060288,43747548,4194300,50324,113454,1787353,117632,0,0,0,0,0,0
2026-09-26T15:22:02.759304+00:00,64060288,43748980,4194300,50324,113454,1787353,117632,0,0,0,0,0,0
2026-09-26T15:22:03.760202+00:00,64060288,43745024,4194300,50324,113454,1787353,117632,0,0,0,0,0,0
2026-09-26T15:22:04.761081+00:00,64060288,43741564,4194300,50324,113455,1787353,117633,0,0,0,0,0,0
2026-09-26T15:22:05.761960+00:00,64060288,43736508,4194300,50324,113455,1787353,117633,0,0,0,0,0,0
2026-09-26T15:22:06.762830+00:00,64060288,43743504,4194300,50324,113455,1787353,117633,0,0,0,0,0,0
2026-09-26T15:22:07.763727+00:00,64060288,43732444,4194300,50324,113455,1787353,117633,0,0,0,0,0,0
2026-09-26T15:22:08.764594+00:00,64060288,43733856,4194300,50324,113455,1787353,117633,0,0,0,0,0,0
2026-09-26T15:22:09.765336+00:00,64060288,43735400,4194300,50324,113455,1787353,117633,0,0,0,0,0,0
2026-09-26T15:22:10.766159+00:00,64060288,43751040,4194300,50324,113455,1787353,117633,0,0,0,0,0,0
2026-09-26T15:22:11.766933+00:00,64060288,43733472,4194300,50324,113455,1787353,117633,0,0,0,0,0,0
2026-09-26T15:22:12.767817+00:00,64060288,43730716,4194300,50324,113455,1787353,117633,0,0,0,0,0,0
2026-09-26T15:22:13.768685+00:00,64060288,43748892,4194300,50324,113456,1787353,117634,0,0,0,0,0,0
2026-09-26T15:22:14.769556+00:00,64060288,43755756,4194300,50324,113456,1787353,117634,0,0,0,0,0,0
2026-09-26T15:22:15.770427+00:00,64060288,43750964,4194300,50324,113456,1787353,117634,0,0,0,0,0,0
2026-09-26T15:22:16.771296+00:00,64060288,43731604,4194300,50324,113458,1787353,117636,0,0,0,0,0,0
2026-09-26T15:22:17.772177+00:00,64060288,43739300,4194300,50324,113458,1787353,117636,0,0,0,0,0,0
2026-09-26T15:22:18.772982+00:00,64060288,43741644,4194300,50324,113458,1787353,117636,0,0,0,0,0,0
2026-09-26T15:22:19.773807+00:00,64060288,43743784,4194300,50324,113458,1787353,117636,0,0,0,0,0,0
2026-09-26T15:22:20.774676+00:00,64060288,43744524,4194300,50324,113458,1787353,117636,0,0,0,0,0,0
2026-09-26T15:22:21.775527+00:00,64060288,43752368,4194300,50324,113458,1787353,117636,0,0,0,0,0,0
2026-09-26T15:22:22.776399+00:00,64060288,43744748,4194300,50324,113458,1787353,117636,0,0,0,0,0,0
2026-09-26T15:22:23.777287+00:00,64060288,43746872,4194300,50324,113458,1787353,117636,0,0,0,0,0,0
2026-09-26T15:22:24.778169+00:00,64060288,43752372,4194300,50324,113458,1787353,117636,0,0,0,0,0,0
2026-09-26T15:22:25.779063+00:00,64060288,43732812,4194300,50324,113458,1787353,117636,0,0,0,0,0,0
2026-09-26T15:22:26.779923+00:00,64060288,43732480,4194300,50324,113458,1787353,117636,0,0,0,0,0,0
2026-09-26T15:22:27.780717+00:00,64060288,43730264,4194300,50324,113458,1787353,117636,0,0,0,0,0,0
2026-09-26T15:22:28.781521+00:00,64060288,43733076,4194300,50324,113458,1787353,117636,0,0,0,0,0,0
2026-09-26T15:22:29.782401+00:00,64060288,43730792,4194300,50324,113458,1787353,117636,0,0,0,0,0,0
2026-09-26T15:22:30.783271+00:00,64060288,43730964,4194300,50324,113458,1787353,117636,0,0,0,0,0,0
2026-09-26T15:22:31.784139+00:00,64060288,43729744,4194300,50324,113458,1787353,117636,0,0,0,0,0,0
2026-09-26T15:22:32.785034+00:00,64060288,43735700,4194300,50324,113458,1787353,117636,0,0,0,0,0,0
2026-09-26T15:22:33.785907+00:00,64060288,43737028,4194300,50324,113458,1787353,117636,0,0,0,0,0,0
2026-09-26T15:22:34.786752+00:00,64060288,43720768,4194300,50324,113458,1787353,117636,0,0,0,0,0,0
2026-09-26T15:22:35.787545+00:00,64060288,43738800,4194300,50324,113458,1787353,117636,0,0,0,0,0,0
2026-09-26T15:22:36.788297+00:00,64060288,43737504,4194300,50324,113458,1787353,117636,0,0,0,0,0,0
2026-09-26T15:22:37.789053+00:00,64060288,43740352,4194300,50324,113458,1787353,117636,0,0,0,0,0,0
2026-09-26T15:22:38.789917+00:00,64060288,43731456,4194300,50324,113458,1787353,117636,0,0,0,0,0,0
2026-09-26T15:22:39.790775+00:00,64060288,43700672,4194300,50324,113458,1787353,117636,0,0,0,0,0,0
2026-09-26T15:22:40.791650+00:00,64060288,43703172,4194300,50324,113458,1787353,117636,0,0,0,0,0,0
2026-09-26T15:22:41.792528+00:00,64060288,43707316,4194300,50324,113458,1787353,117636,0,0,0,0,0,0
2026-09-26T15:22:42.793405+00:00,64060288,43706912,4194300,50324,113458,1787353,117636,0,0,0,0,0,0
2026-09-26T15:22:43.794284+00:00,64060288,43695076,4194300,50324,113458,1787353,117636,0,0,0,0,0,0
2026-09-26T15:22:44.795041+00:00,64060288,43715052,4194300,50324,113458,1787353,117636,0,0,0,0,0,0
2026-09-26T15:22:45.795844+00:00,64060288,43722832,4194300,50324,113458,1787353,117636,0,0,0,0,0,0
2026-09-26T15:22:46.796648+00:00,64060288,43680032,4194300,50324,113458,1787353,117636,0,0,0,0,0,0
2026-09-26T15:22:47.797515+00:00,64060288,43716172,4194300,50324,113458,1787353,117636,0,0,0,0,0,0
2026-09-26T15:22:48.798388+00:00,64060288,43731588,4194300,50324,113458,1787353,117636,0,0,0,0,0,0
2026-09-26T15:22:49.799269+00:00,64060288,43731140,4194300,50324,113458,1787353,117636,0,0,0,0,0,0
2026-09-26T15:22:50.800133+00:00,64060288,43739488,4194300,50324,113458,1787353,117636,0,0,0,0,0,0
2026-09-26T15:22:51.801005+00:00,64060288,43727404,4194300,50324,113458,1787353,117636,0,0,0,0,0,0
2026-09-26T15:22:52.801857+00:00,64060288,43730900,4194300,50324,113458,1787353,117636,0,0,0,0,0,0
2026-09-26T15:22:53.802620+00:00,64060288,43709988,4194300,50324,113458,1787353,117636,0,0,0,0,0,0
2026-09-26T15:22:54.803356+00:00,64060288,43709744,4194300,50324,113458,1787353,117636,0,0,0,0,0,0
2026-09-26T15:22:55.804155+00:00,64060288,43707532,4194300,50324,113458,1787353,117636,0,0,0,0,0,0
2026-09-26T15:22:56.805032+00:00,64060288,43730728,4194300,50324,113458,1787353,117636,0,0,0,0,0,0
2026-09-26T15:22:57.805910+00:00,64060288,43750400,4194300,50324,113458,1787353,117636,0,0,0,0,0,0
2026-09-26T15:22:58.806800+00:00,64060288,43729556,4194300,50324,113458,1787353,117636,0,0,0,0,0,0
2026-09-26T15:22:59.807636+00:00,64060288,43718844,4194300,50324,113458,1787353,117636,0,0,0,0,0,0
2026-09-26T15:23:00.808477+00:00,64060288,43699884,4194300,50324,113458,1787353,117636,0,0,0,0,0,0
2026-09-26T15:23:01.809356+00:00,64060288,43725644,4194300,50324,113458,1787353,117636,0,0,0,0,0,0
2026-09-26T15:23:02.810135+00:00,64060288,43734840,4194300,50324,113458,1787353,117636,0,0,0,0,0,0
2026-09-26T15:23:03.810879+00:00,64060288,43733416,4194300,50324,113458,1787353,117636,0,0,0,0,0,0
2026-09-26T15:23:04.811675+00:00,64060288,43737416,4194300,50324,113458,1787353,117636,0,0,0,0,0,0
2026-09-26T15:23:05.812537+00:00,64060288,43726992,4194300,50324,113458,1787353,117636,0,0,0,0,0,0
2026-09-26T15:23:06.813437+00:00,64060288,43716440,4194300,50324,113458,1787353,117636,0,0,0,0,0,0
2026-09-26T15:23:07.814291+00:00,64060288,43714816,4194300,50324,113458,1787353,117636,0,0,0,0,0,0
2026-09-26T15:23:08.815158+00:00,64060288,43662728,4194300,50324,113458,1787353,117636,0,0,0,0,0,0
2026-09-26T15:23:09.816023+00:00,64060288,43681720,4194300,50324,113459,1787353,117638,0,0,0,0,0,0
2026-09-26T15:23:10.816892+00:00,64060288,43664648,4194300,50324,113459,1787353,117638,0,0,0,0,0,0
2026-09-26T15:23:11.817647+00:00,64060288,43672004,4194300,50324,113459,1787353,117638,0,0,0,0,0,0
2026-09-26T15:23:12.818410+00:00,64060288,43678648,4194300,50324,113459,1787353,117638,0,0,0,0,0,0
2026-09-26T15:23:13.819227+00:00,64060288,43662000,4194300,50324,113459,1787353,117638,0,0,0,0,0,0
2026-09-26T15:23:14.820112+00:00,64060288,43688020,4194300,50324,113459,1787353,117638,0,0,0,0,0,0
2026-09-26T15:23:15.820982+00:00,64060288,43693740,4194300,50324,113459,1787353,117638,0,0,0,0,0,0
2026-09-26T15:23:16.821848+00:00,64060288,43691176,4194300,50324,113459,1787353,117638,0,0,0,0,0,0
2026-09-26T15:23:17.822908+00:00,64060288,43698376,4194300,50324,113459,1787353,117638,0,0,0,0,0,0
2026-09-26T15:23:18.824232+00:00,64060288,43712036,4194300,50324,113459,1787353,117638,0,0,0,0,0,0
2026-09-26T15:23:19.825112+00:00,64060288,43726084,4194300,50324,113459,1787353,117638,0,0,0,0,0,0
2026-09-26T15:23:20.825935+00:00,64060288,43735512,4194300,50324,113459,1787353,117644,0,0,0,0,0,0
2026-09-26T15:23:21.826740+00:00,64060288,43748720,4194300,50324,113459,1787353,117644,0,0,0,0,0,0
2026-09-26T15:23:22.827525+00:00,64060288,43740180,4194300,50324,113459,1787353,117644,0,0,0,0,0,0
2026-09-26T15:23:23.828379+00:00,64060288,43723424,4194300,50324,113459,1787353,117708,0,0,0,0,0,0
2026-09-26T15:23:24.829211+00:00,64060288,43702208,4194300,50324,113459,1787353,117709,0,0,0,0,0,0
2026-09-26T15:23:25.830051+00:00,64060288,43707120,4194300,50324,113459,1787353,117709,0,0,0,0,0,0
2026-09-26T15:23:26.830922+00:00,64060288,43717824,4194300,50324,113459,1787353,117709,0,0,0,0,0,0
2026-09-26T15:23:27.831799+00:00,64060288,43743300,4194300,50324,113459,1787353,117709,0,0,0,0,0,0
2026-09-26T15:23:28.832654+00:00,64060288,43749244,4194300,50324,113459,1787353,117709,0,0,0,0,0,0
2026-09-26T15:23:29.833433+00:00,64060288,43751364,4194300,50324,113459,1787353,117709,0,0,0,0,0,0
2026-09-26T15:23:30.834198+00:00,64060288,43749900,4194300,50324,113459,1787353,117709,0,0,0,0,0,0
2026-09-26T15:23:31.834988+00:00,64060288,43762420,4194300,50324,113459,1787353,117709,0,0,0,0,0,0
2026-09-26T15:23:32.835887+00:00,64060288,43761148,4194300,50324,113459,1787353,117709,0,0,0,0,0,0
2026-09-26T15:23:33.836758+00:00,64060288,43757492,4194300,50324,113459,1787353,117709,0,0,0,0,0,0
2026-09-26T15:23:34.837628+00:00,64060288,43746472,4194300,50324,113459,1787353,117710,0,0,0,0,0,0
2026-09-26T15:23:35.838483+00:00,64060288,43719996,4194300,50324,113459,1787353,117710,0,0,0,0,0,0
2026-09-26T15:23:36.839367+00:00,64060288,43719916,4194300,50324,113459,1787353,117710,0,0,0,0,0,0
2026-09-26T15:23:37.840209+00:00,64060288,43713988,4194300,50324,113459,1787353,117710,0,0,0,0,0,0
2026-09-26T15:23:38.840969+00:00,64060288,43723620,4194300,50324,113459,1787353,117710,0,0,0,0,0,0
2026-09-26T15:23:39.841793+00:00,64060288,43753032,4194300,50324,113459,1787353,117710,0,0,0,0,0,0
2026-09-26T15:23:40.842611+00:00,64060288,43738324,4194300,50324,113459,1787353,117710,0,0,0,0,0,0
2026-09-26T15:23:41.843463+00:00,64060288,43735160,4194300,50324,113459,1787353,117710,0,0,0,0,0,0
2026-09-26T15:23:42.844336+00:00,64060288,43730552,4194300,50324,113459,1787353,117710,0,0,0,0,0,0
2026-09-26T15:23:43.845214+00:00,64060288,43730140,4194300,50324,113459,1787353,117710,0,0,0,0,0,0
2026-09-26T15:23:44.846120+00:00,64060288,43747160,4194300,50324,113459,1787353,117710,0,0,0,0,0,0
2026-09-26T15:23:45.847018+00:00,64060288,43746468,4194300,50324,113459,1787353,117710,0,0,0,0,0,0
2026-09-26T15:23:46.847896+00:00,64060288,43732496,4194300,50324,113459,1787353,117711,0,0,0,0,0,0
2026-09-26T15:23:47.848686+00:00,64060288,43700272,4194300,50324,113459,1787353,117711,0,0,0,0,0,0
2026-09-26T15:23:48.849441+00:00,64060288,43702392,4194300,50324,113459,1787353,117712,0,0,0,0,0,0
2026-09-26T15:23:49.850206+00:00,64060288,43686148,4194300,50324,113459,1787353,117712,0,0,0,0,0,0
2026-09-26T15:23:50.851088+00:00,64060288,43717552,4194300,50324,113459,1787353,117712,0,0,0,0,0,0
2026-09-26T15:23:51.851979+00:00,64060288,43726304,4194300,50324,113459,1787353,117712,0,0,0,0,0,0
2026-09-26T15:23:52.852855+00:00,64060288,43702720,4194300,50324,113460,1787353,117713,0,0,0,0,0,0
2026-09-26T15:23:53.853768+00:00,64060288,43723232,4194300,50324,113462,1787353,117715,0,0,0,0,0,0
2026-09-26T15:23:54.854631+00:00,64060288,43728460,4194300,50324,113462,1787353,117716,0,0,0,0,0,0
2026-09-26T15:23:55.855473+00:00,64060288,43734564,4194300,50324,113462,1787353,117716,0,0,0,0,0,0
2026-09-26T15:23:56.856274+00:00,64060288,43736940,4194300,50324,113462,1787353,117716,0,0,0,0,0,0
2026-09-26T15:23:57.857074+00:00,64060288,43743664,4194300,50324,113462,1787353,117716,0,0,0,0,0,0
2026-09-26T15:23:58.857865+00:00,64060288,43728368,4194300,50324,113462,1787353,117716,0,0,0,0,0,0
2026-09-26T15:23:59.858741+00:00,64060288,43738376,4194300,50324,113462,1787353,117716,0,0,0,0,0,0
2026-09-26T15:24:00.859602+00:00,64060288,43747652,4194300,50324,113462,1787353,117716,0,0,0,0,0,0
2026-09-26T15:24:01.860435+00:00,64060288,43743232,4194300,50324,113462,1787353,117716,0,0,0,0,0,0
2026-09-26T15:24:02.861305+00:00,64060288,43741532,4194300,50324,113462,1787353,117716,0,0,0,0,0,0
2026-09-26T15:24:03.862182+00:00,64060288,43744676,4194300,50324,113462,1787353,117716,0,0,0,0,0,0
2026-09-26T15:24:04.863091+00:00,64060288,43722948,4194300,50324,113462,1787353,117716,0,0,0,0,0,0
2026-09-26T15:24:05.864110+00:00,64060288,43729216,4194300,50324,113462,1787353,117716,0,0,0,0,0,0
2026-09-26T15:24:06.864926+00:00,64060288,43737004,4194300,50324,113462,1787353,117716,0,0,0,0,0,0
2026-09-26T15:24:07.865712+00:00,64060288,43733840,4194300,50324,113462,1787353,117716,0,0,0,0,0,0
2026-09-26T15:24:08.866561+00:00,64060288,43740280,4194300,50324,113462,1787353,117716,0,0,0,0,0,0
2026-09-26T15:24:09.867399+00:00,64060288,43734036,4194300,50324,113462,1787353,117716,0,0,0,0,0,0
2026-09-26T15:24:10.868258+00:00,64060288,43726256,4194300,50324,113463,1787353,117717,0,0,0,0,0,0
2026-09-26T15:24:11.869121+00:00,64060288,43721300,4194300,50324,113463,1787353,117717,0,0,0,0,0,0
2026-09-26T15:24:12.869974+00:00,64060288,43730092,4194300,50324,113463,1787353,117717,0,0,0,0,0,0
2026-09-26T15:24:13.870829+00:00,64060288,43734096,4194300,50324,113463,1787353,117717,0,0,0,0,0,0
2026-09-26T15:24:14.871631+00:00,64060288,43741492,4194300,50324,113463,1787353,117717,0,0,0,0,0,0
2026-09-26T15:24:15.872402+00:00,64060288,43726952,4194300,50324,113463,1787353,117717,0,0,0,0,0,0
2026-09-26T15:24:16.873216+00:00,64060288,43684184,4194300,50324,113464,1787353,117718,0,0,0,0,0,0
2026-09-26T15:24:17.874104+00:00,64060288,43688124,4194300,50324,113464,1787353,117718,0,0,0,0,0,0
2026-09-26T15:24:18.875017+00:00,64060288,43705540,4194300,50324,113464,1787353,117718,0,0,0,0,0,0
2026-09-26T15:24:19.875885+00:00,64060288,43704676,4194300,50324,113464,1787353,117718,0,0,0,0,0,0
2026-09-26T15:24:20.876745+00:00,64060288,43686924,4194300,50324,113464,1787353,117718,0,0,0,0,0,0
2026-09-26T15:24:21.877569+00:00,64060288,43685724,4194300,50324,113464,1787353,117718,0,0,0,0,0,0
2026-09-26T15:24:22.878409+00:00,64060288,43660320,4194300,50324,113464,1787353,117718,0,0,0,0,0,0
2026-09-26T15:24:23.879177+00:00,64060288,43670500,4194300,50324,113464,1787353,117718,0,0,0,0,0,0
2026-09-26T15:24:24.879930+00:00,64060288,43684920,4194300,50324,113464,1787353,117718,0,0,0,0,0,0
2026-09-26T15:24:25.880707+00:00,64060288,43693632,4194300,50324,113464,1787353,117718,0,0,0,0,0,0
2026-09-26T15:24:26.881573+00:00,64060288,43717780,4194300,50324,113464,1787353,117718,0,0,0,0,0,0
2026-09-26T15:24:27.882440+00:00,64060288,43721628,4194300,50324,113464,1787353,117718,0,0,0,0,0,0
2026-09-26T15:24:28.883345+00:00,64060288,43719124,4194300,50324,113464,1787353,117718,0,0,0,0,0,0
2026-09-26T15:24:29.884236+00:00,64060288,43713688,4194300,50324,113464,1787353,117718,0,0,0,0,0,0
2026-09-26T15:24:30.885112+00:00,64060288,43711364,4194300,50324,113464,1787353,117718,0,0,0,0,0,0
2026-09-26T15:24:31.886016+00:00,64060288,43697316,4194300,50324,113464,1787353,117718,0,0,0,0,0,0
2026-09-26T15:24:32.886896+00:00,64060288,43712340,4194300,50324,113464,1787353,117718,0,0,0,0,0,0
2026-09-26T15:24:33.887732+00:00,64060288,43729932,4194300,50324,113464,1787353,117728,0,0,0,0,0,0
2026-09-26T15:24:34.889139+00:00,64060288,43701076,4194300,50324,113464,1787353,117736,0,0,0,0,0,0
2026-09-26T15:24:35.890015+00:00,64060288,43700744,4194300,50324,113464,1787353,117736,0,0,0,0,0,0
2026-09-26T15:24:36.890894+00:00,64060288,43680704,4194300,50324,113464,1787353,117736,0,0,0,0,0,0
2026-09-26T15:24:37.891756+00:00,64060288,43682100,4194300,50324,113464,1787353,117736,0,0,0,0,0,0
2026-09-26T15:24:38.892627+00:00,64060288,43684228,4194300,50324,113464,1787353,117736,0,0,0,0,0,0
2026-09-26T15:24:39.893462+00:00,64060288,43716512,4194300,50324,113464,1787353,117736,0,0,0,0,0,0
2026-09-26T15:24:40.894339+00:00,64060288,43712724,4194300,50324,113464,1787353,117736,0,0,0,0,0,0
2026-09-26T15:24:41.895160+00:00,64060288,43703552,4194300,50324,113464,1787353,117736,0,0,0,0,0,0
2026-09-26T15:24:42.895983+00:00,64060288,43720132,4194300,50324,113464,1787353,117736,0,0,0,0,0,0
2026-09-26T15:24:43.896803+00:00,64060288,43704664,4194300,50324,113464,1787353,117736,0,0,0,0,0,0
2026-09-26T15:24:44.897648+00:00,64060288,43726012,4194300,50324,113464,1787353,117736,0,0,0,0,0,0
2026-09-26T15:24:45.898480+00:00,64060288,43722900,4194300,50324,113464,1787353,117736,0,0,0,0,0,0
2026-09-26T15:24:46.899368+00:00,64060288,43692644,4194300,50324,113464,1787353,117736,0,0,0,0,0,0
2026-09-26T15:24:47.900241+00:00,64060288,43669316,4194300,50324,113464,1787353,117736,0,0,0,0,0,0
2026-09-26T15:24:48.901127+00:00,64060288,43693696,4194300,50324,113464,1787353,117736,0,0,0,0,0,0
2026-09-26T15:24:49.902024+00:00,64060288,43667692,4194300,50324,113464,1787353,117736,0,0,0,0,0,0
2026-09-26T15:24:50.902919+00:00,64060288,43693480,4194300,50324,113464,1787353,117736,0,0,0,0,0,0
2026-09-26T15:24:51.903711+00:00,64060288,43723972,4194300,50324,113464,1787353,117736,0,0,0,0,0,0
2026-09-26T15:24:52.904502+00:00,64060288,43720420,4194300,50324,113464,1787353,117736,0,0,0,0,0,0
2026-09-26T15:24:53.905391+00:00,64060288,43719412,4194300,50324,113464,1787353,117736,0,0,0,0,0,0
2026-09-26T15:24:54.906251+00:00,64060288,43726668,4194300,50324,113464,1787353,117736,0,0,0,0,0,0
2026-09-26T15:24:55.907135+00:00,64060288,43724532,4194300,50324,113464,1787353,117736,0,0,0,0,0,0
2026-09-26T15:24:56.908008+00:00,64060288,43724688,4194300,50324,113465,1787353,117737,0,0,0,0,0,0
2026-09-26T15:24:57.908866+00:00,64060288,43731500,4194300,50324,113465,1787353,117737,0,0,0,0,0,0
2026-09-26T15:24:58.909716+00:00,64060288,43753164,4194300,50324,113465,1787353,117737,0,0,0,0,0,0
2026-09-26T15:24:59.910564+00:00,64060288,43721824,4194300,50324,113465,1787353,117737,0,0,0,0,0,0
2026-09-26T15:25:00.911321+00:00,64060288,43717900,4194300,50324,113465,1787353,117737,0,0,0,0,0,0
2026-09-26T15:25:01.912113+00:00,64060288,43906032,4194300,50324,113465,1787353,117737,0,0,0,0,0,0
2026-09-26T15:25:02.912907+00:00,64060288,43894068,4194300,50324,113465,1787353,117737,0,0,0,0,0,0
2026-09-26T15:25:03.913777+00:00,64060288,43887584,4194300,50324,113465,1787353,117773,0,0,0,0,0,0
2026-09-26T15:25:04.914624+00:00,64060288,43856564,4194300,50324,113465,1787353,117774,0,0,0,0,0,0
2026-09-26T15:25:05.915489+00:00,64060288,43867536,4194300,50324,113465,1787353,117774,0,0,0,0,0,0
2026-09-26T15:25:06.916387+00:00,64060288,43877468,4194300,50324,113465,1787353,117774,0,0,0,0,0,0
2026-09-26T15:25:07.917294+00:00,64060288,43876656,4194300,50324,113465,1787353,117774,0,0,0,0,0,0
2026-09-26T15:25:08.918150+00:00,64060288,43873452,4194300,50324,113465,1787353,117774,0,0,0,0,0,0
2026-09-26T15:25:09.918953+00:00,64060288,43876608,4194300,50324,113465,1787353,117774,0,0,0,0,0,0
2026-09-26T15:25:10.919757+00:00,64060288,43889424,4194300,50324,113465,1787353,117774,0,0,0,0,0,0
2026-09-26T15:25:11.920520+00:00,64060288,43883216,4194300,50324,113465,1787353,117774,0,0,0,0,0,0
2026-09-26T15:25:12.921363+00:00,64060288,43889796,4194300,50324,113465,1787353,117774,0,0,0,0,0,0
2026-09-26T15:25:13.922213+00:00,64060288,43884388,4194300,50324,113465,1787353,117774,0,0,0,0,0,0
2026-09-26T15:25:14.923088+00:00,64060288,43869216,4194300,50324,113465,1787353,117774,0,0,0,0,0,0
2026-09-26T15:25:15.923972+00:00,64060288,43844112,4194300,50324,113465,1787353,117774,0,0,0,0,0,0
2026-09-26T15:25:16.924846+00:00,64060288,43827808,4194300,50324,113466,1787353,117775,0,0,0,0,0,0
2026-09-26T15:25:17.925647+00:00,64060288,43828736,4194300,50324,113466,1787353,117775,0,0,0,0,0,0
2026-09-26T15:25:18.926413+00:00,64060288,43846852,4194300,50324,113466,1787353,117775,0,0,0,0,0,0
2026-09-26T15:25:19.927199+00:00,64060288,43853432,4194300,50324,113466,1787353,117776,0,0,0,0,0,0
2026-09-26T15:25:20.927971+00:00,64060288,43853668,4194300,50324,113466,1787353,117776,0,0,0,0,0,0
2026-09-26T15:25:21.928837+00:00,64060288,43862140,4194300,50324,113466,1787353,117776,0,0,0,0,0,0
2026-09-26T15:25:22.929690+00:00,64060288,43866820,4194300,50324,113466,1787353,117776,0,0,0,0,0,0
2026-09-26T15:25:23.930523+00:00,64060288,43873588,4194300,50324,113466,1787353,117776,0,0,0,0,0,0
2026-09-26T15:25:24.931388+00:00,64060288,43858432,4194300,50324,113466,1787353,117776,0,0,0,0,0,0
2026-09-26T15:25:25.932239+00:00,64060288,43866908,4194300,50324,113466,1787353,117776,0,0,0,0,0,0
2026-09-26T15:25:26.933098+00:00,64060288,43853320,4194300,50324,113466,1787353,117776,0,0,0,0,0,0
2026-09-26T15:25:27.933876+00:00,64060288,43862732,4194300,50324,113466,1787353,117776,0,0,0,0,0,0
2026-09-26T15:25:28.934623+00:00,64060288,43861288,4194300,50324,113466,1787353,117776,0,0,0,0,0,0
2026-09-26T15:25:29.935434+00:00,64060288,43857304,4194300,50324,113466,1787353,117776,0,0,0,0,0,0
2026-09-26T15:25:30.936323+00:00,64060288,43865356,4194300,50324,113466,1787353,117776,0,0,0,0,0,0
2026-09-26T15:25:31.937203+00:00,64060288,43864612,4194300,50324,113466,1787353,117776,0,0,0,0,0,0
2026-09-26T15:25:32.938098+00:00,64060288,43865608,4194300,50324,113466,1787353,117776,0,0,0,0,0,0
2026-09-26T15:25:33.938975+00:00,64060288,43872560,4194300,50324,113466,1787353,117776,0,0,0,0,0,0
2026-09-26T15:25:34.939861+00:00,64060288,43855820,4194300,50324,113466,1787353,117776,0,0,0,0,0,0
2026-09-26T15:25:35.940715+00:00,64060288,43846988,4194300,50324,113466,1787353,117776,0,0,0,0,0,0
2026-09-26T15:25:36.941548+00:00,64060288,43847936,4194300,50324,113466,1787353,117776,0,0,0,0,0,0
2026-09-26T15:25:37.942360+00:00,64060288,43843556,4194300,50324,113466,1787353,117776,0,0,0,0,0,0
2026-09-26T15:25:38.943142+00:00,64060288,43863900,4194300,50324,113466,1787353,117776,0,0,0,0,0,0
2026-09-26T15:25:39.944036+00:00,64060288,43872160,4194300,50324,113467,1787353,117777,0,0,0,0,0,0
2026-09-26T15:25:40.944941+00:00,64060288,43862892,4194300,50324,113467,1787353,117777,0,0,0,0,0,0
2026-09-26T15:25:41.945841+00:00,64060288,43838532,4194300,50324,113467,1787353,117777,0,0,0,0,0,0
2026-09-26T15:25:42.946733+00:00,64060288,43834608,4194300,50324,113467,1787353,117777,0,0,0,0,0,0
2026-09-26T15:25:43.947610+00:00,64060288,43825612,4194300,50324,113467,1787353,117777,0,0,0,0,0,0
2026-09-26T15:25:44.948474+00:00,64060288,43823344,4194300,50324,113467,1787353,117777,0,0,0,0,0,0
2026-09-26T15:25:45.949312+00:00,64060288,43832204,4194300,50324,113467,1787353,117777,0,0,0,0,0,0
2026-09-26T15:25:46.950060+00:00,64060288,43848316,4194300,50324,113467,1787353,117777,0,0,0,0,0,0
2026-09-26T15:25:47.950899+00:00,64060288,43857164,4194300,50324,113467,1787353,117777,0,0,0,0,0,0
2026-09-26T15:25:48.951777+00:00,64060288,43853980,4194300,50324,113467,1787353,117777,0,0,0,0,0,0
2026-09-26T15:25:49.952646+00:00,64060288,43844448,4194300,50324,113467,1787353,117777,0,0,0,0,0,0
2026-09-26T15:25:50.953516+00:00,64060288,43850292,4194300,50324,113467,1787353,117777,0,0,0,0,0,0
2026-09-26T15:25:51.954394+00:00,64060288,43823880,4194300,50324,113467,1787353,117777,0,0,0,0,0,0
2026-09-26T15:25:52.955251+00:00,64060288,43809044,4194300,50324,113467,1787353,117777,0,0,0,0,0,0
2026-09-26T15:25:53.956112+00:00,64060288,43837252,4194300,50324,113467,1787353,117777,0,0,0,0,0,0
2026-09-26T15:25:54.956978+00:00,64060288,43844432,4194300,50324,113467,1787353,117777,0,0,0,0,0,0
2026-09-26T15:25:55.957773+00:00,64060288,43849912,4194300,50324,113467,1787353,117777,0,0,0,0,0,0
2026-09-26T15:25:56.958587+00:00,64060288,43824372,4194300,50324,113467,1787353,117777,0,0,0,0,0,0
2026-09-26T15:25:57.959353+00:00,64060288,43823164,4194300,50324,113467,1787353,117777,0,0,0,0,0,0
2026-09-26T15:25:58.960222+00:00,64060288,43791212,4194300,50324,113467,1787353,117777,0,0,0,0,0,0
2026-09-26T15:25:59.961074+00:00,64060288,43790732,4194300,50324,113467,1787353,117777,0,0,0,0,0,0
2026-09-26T15:26:00.961930+00:00,64060288,43812868,4194300,50324,113467,1787353,117777,0,0,0,0,0,0
2026-09-26T15:26:01.962794+00:00,64060288,43826100,4194300,50324,113467,1787353,117777,0,0,0,0,0,0
2026-09-26T15:26:02.963638+00:00,64060288,43820352,4194300,50324,113467,1787353,117777,0,0,0,0,0,0
2026-09-26T15:26:03.964524+00:00,64060288,43834616,4194300,50324,113467,1787353,117777,0,0,0,0,0,0
2026-09-26T15:26:04.965280+00:00,64060288,43842900,4194300,50324,113467,1787353,117778,0,0,0,0,0,0
2026-09-26T15:26:05.966067+00:00,64060288,43841128,4194300,50324,113467,1787353,117778,0,0,0,0,0,0
2026-09-26T15:26:06.966872+00:00,64060288,43841984,4194300,50324,113467,1787353,117778,0,0,0,0,0,0
2026-09-26T15:26:07.967732+00:00,64060288,43848484,4194300,50324,113469,1787353,117780,0,0,0,0,0,0
2026-09-26T15:26:08.968594+00:00,64060288,43844976,4194300,50324,113469,1787353,117780,0,0,0,0,0,0
2026-09-26T15:26:09.969445+00:00,64060288,43839100,4194300,50324,113469,1787353,117780,0,0,0,0,0,0
2026-09-26T15:26:10.970338+00:00,64060288,43851648,4194300,50324,113469,1787353,117780,0,0,0,0,0,0
2026-09-26T15:26:11.971228+00:00,64060288,43849520,4194300,50324,113469,1787353,117780,0,0,0,0,0,0
2026-09-26T15:26:12.972099+00:00,64060288,43818188,4194300,50324,113469,1787353,117780,0,0,0,0,0,0
2026-09-26T15:26:13.972959+00:00,64060288,43825800,4194300,50324,113469,1787353,117780,0,0,0,0,0,0
2026-09-26T15:26:14.973737+00:00,64060288,43822488,4194300,50324,113469,1787353,117780,0,0,0,0,0,0
2026-09-26T15:26:15.974498+00:00,64060288,43826528,4194300,50324,113469,1787353,117780,0,0,0,0,0,0
2026-09-26T15:26:16.975369+00:00,64060288,43819268,4194300,50324,113469,1787353,117780,0,0,0,0,0,0
2026-09-26T15:26:17.976239+00:00,64060288,43827016,4194300,50324,113469,1787353,117780,0,0,0,0,0,0
2026-09-26T15:26:18.977113+00:00,64060288,43837532,4194300,50324,113469,1787353,117780,0,0,0,0,0,0
2026-09-26T15:26:19.978006+00:00,64060288,43834556,4194300,50324,113469,1787353,117780,0,0,0,0,0,0
2026-09-26T15:26:20.978878+00:00,64060288,43832128,4194300,50324,113469,1787353,117780,0,0,0,0,0,0
2026-09-26T15:26:21.979763+00:00,64060288,43838892,4194300,50324,113469,1787353,117780,0,0,0,0,0,0
2026-09-26T15:26:22.980623+00:00,64060288,43839776,4194300,50324,113469,1787353,117780,0,0,0,0,0,0
2026-09-26T15:26:23.981352+00:00,64060288,43831248,4194300,50324,113469,1787353,117780,0,0,0,0,0,0
2026-09-26T15:26:24.982162+00:00,64060288,43814664,4194300,50324,113469,1787353,117780,0,0,0,0,0,0
2026-09-26T15:26:25.982974+00:00,64060288,43826704,4194300,50324,113469,1787353,117780,0,0,0,0,0,0
2026-09-26T15:26:26.983843+00:00,64060288,43819824,4194300,50324,113469,1787353,117780,0,0,0,0,0,0
2026-09-26T15:26:27.984713+00:00,64060288,43829540,4194300,50324,113469,1787353,117780,0,0,0,0,0,0
2026-09-26T15:26:28.985585+00:00,64060288,43810120,4194300,50324,113469,1787353,117780,0,0,0,0,0,0
2026-09-26T15:26:29.986437+00:00,64060288,43832660,4194300,50324,113469,1787353,117780,0,0,0,0,0,0
2026-09-26T15:26:30.987291+00:00,64060288,43835140,4194300,50324,113469,1787353,117780,0,0,0,0,0,0
2026-09-26T15:26:31.988141+00:00,64060288,43831268,4194300,50324,113469,1787353,117780,0,0,0,0,0,0
2026-09-26T15:26:32.988942+00:00,64060288,43829704,4194300,50324,113469,1787353,117780,0,0,0,0,0,0
2026-09-26T15:26:33.989724+00:00,64060288,43823884,4194300,50324,113469,1787353,117780,0,0,0,0,0,0
2026-09-26T15:26:34.990504+00:00,64060288,43809412,4194300,50324,113469,1787353,117780,0,0,0,0,0,0
2026-09-26T15:26:35.991390+00:00,64060288,43803984,4194300,50324,113469,1787353,117780,0,0,0,0,0,0
2026-09-26T15:26:36.992265+00:00,64060288,43805100,4194300,50324,113469,1787353,117780,0,0,0,0,0,0
2026-09-26T15:26:37.993147+00:00,64060288,43811328,4194300,50324,113469,1787353,117780,0,0,0,0,0,0
2026-09-26T15:26:38.994020+00:00,64060288,43806508,4194300,50324,113469,1787353,117780,0,0,0,0,0,0
2026-09-26T15:26:39.994887+00:00,64060288,43804140,4194300,50324,113469,1787353,117781,0,0,0,0,0,0
2026-09-26T15:26:40.995755+00:00,64060288,43815632,4194300,50324,113469,1787353,117781,0,0,0,0,0,0
2026-09-26T15:26:41.996614+00:00,64060288,43798572,4194300,50324,113469,1787353,117781,0,0,0,0,0,0
2026-09-26T15:26:42.997387+00:00,64060288,43786112,4194300,50324,113469,1787353,117781,0,0,0,0,0,0
2026-09-26T15:26:43.998189+00:00,64060288,43789020,4194300,50324,113469,1787353,117781,0,0,0,0,0,0
2026-09-26T15:26:44.999062+00:00,64060288,43779852,4194300,50324,113469,1787353,117781,0,0,0,0,0,0
2026-09-26T15:26:45.999944+00:00,64060288,43796160,4194300,50324,113469,1787353,117781,0,0,0,0,0,0
2026-09-26T15:26:47.000812+00:00,64060288,43798940,4194300,50324,113470,1787353,117782,0,0,0,0,0,0
2026-09-26T15:26:48.001672+00:00,64060288,43802384,4194300,50324,113470,1787353,117782,0,0,0,0,0,0
2026-09-26T15:26:49.002515+00:00,64060288,43799624,4194300,50324,113470,1787353,117782,0,0,0,0,0,0
2026-09-26T15:26:50.003381+00:00,64060288,43798084,4194300,50324,113470,1787353,117782,0,0,0,0,0,0
2026-09-26T15:26:51.004244+00:00,64060288,43781540,4194300,50324,113470,1787353,117782,0,0,0,0,0,0
2026-09-26T15:26:52.005033+00:00,64060288,43803268,4194300,50324,113470,1787353,117782,0,0,0,0,0,0
2026-09-26T15:26:53.005806+00:00,64060288,43776820,4194300,50324,113471,1787353,117783,0,0,0,0,0,0
2026-09-26T15:26:54.006555+00:00,64060288,43791912,4194300,50324,113471,1787353,117783,0,0,0,0,0,0
2026-09-26T15:26:55.007430+00:00,64060288,43802032,4194300,50324,113471,1787353,117783,0,0,0,0,0,0
2026-09-26T15:26:56.008313+00:00,64060288,43804368,4194300,50324,113471,1787353,117783,0,0,0,0,0,0
2026-09-26T15:26:57.009171+00:00,64060288,43790016,4194300,50324,113471,1787353,117783,0,0,0,0,0,0
2026-09-26T15:26:58.010052+00:00,64060288,43823268,4194300,50324,113471,1787353,117783,0,0,0,0,0,0
2026-09-26T15:26:59.010927+00:00,64060288,43814844,4194300,50324,113471,1787353,117783,0,0,0,0,0,0
2026-09-26T15:27:00.011784+00:00,64060288,43812348,4194300,50324,113471,1787353,117783,0,0,0,0,0,0
2026-09-26T15:27:01.012518+00:00,64060288,43820408,4194300,50324,113471,1787353,117783,0,0,0,0,0,0
2026-09-26T15:27:02.013312+00:00,64060288,43814244,4194300,50324,113471,1787353,117783,0,0,0,0,0,0
2026-09-26T15:27:03.014105+00:00,64060288,43802576,4194300,50324,113471,1787353,117783,0,0,0,0,0,0
2026-09-26T15:27:04.015002+00:00,64060288,43816852,4194300,50324,113471,1787353,117783,0,0,0,0,0,0
2026-09-26T15:27:05.015884+00:00,64060288,43787652,4194300,50324,113471,1787353,117783,0,0,0,0,0,0
2026-09-26T15:27:06.016771+00:00,64060288,43786636,4194300,50324,113471,1787353,117783,0,0,0,0,0,0
2026-09-26T15:27:07.017633+00:00,64060288,43775252,4194300,50324,113471,1787353,117783,0,0,0,0,0,0
2026-09-26T15:27:08.018483+00:00,64060288,43780736,4194300,50324,113471,1787353,117783,0,0,0,0,0,0
2026-09-26T15:27:09.019329+00:00,64060288,43768228,4194300,50324,113471,1787353,117783,0,0,0,0,0,0
2026-09-26T15:27:10.020197+00:00,64060288,43777348,4194300,50324,113471,1787353,117783,0,0,0,0,0,0
2026-09-26T15:27:11.020926+00:00,64060288,43769572,4194300,50324,113471,1787353,117783,0,0,0,0,0,0
2026-09-26T15:27:12.021687+00:00,64060288,43782900,4194300,50324,113471,1787353,117783,0,0,0,0,0,0
2026-09-26T15:27:13.022558+00:00,64060288,43800260,4194300,50324,113471,1787353,117783,0,0,0,0,0,0
2026-09-26T15:27:14.023420+00:00,64060288,43806508,4194300,50324,113471,1787353,117783,0,0,0,0,0,0
2026-09-26T15:27:15.024313+00:00,64060288,43815472,4194300,50324,113471,1787353,117783,0,0,0,0,0,0
2026-09-26T15:27:16.025194+00:00,64060288,43814168,4194300,50324,113471,1787353,117783,0,0,0,0,0,0
2026-09-26T15:27:17.026062+00:00,64060288,43770604,4194300,50324,113471,1787353,117783,0,0,0,0,0,0
2026-09-26T15:27:18.026963+00:00,64060288,43754056,4194300,50324,113471,1787353,117783,0,0,0,0,0,0
2026-09-26T15:27:19.027833+00:00,64060288,43751360,4194300,50324,113471,1787353,117783,0,0,0,0,0,0
2026-09-26T15:27:20.028630+00:00,64060288,43749328,4194300,50324,113471,1787353,117783,0,0,0,0,0,0
2026-09-26T15:27:21.029377+00:00,64060288,43746136,4194300,50324,113471,1787353,117783,0,0,0,0,0,0
2026-09-26T15:27:22.030157+00:00,64060288,43769484,4194300,50324,113471,1787353,117783,0,0,0,0,0,0
2026-09-26T15:27:23.031026+00:00,64060288,43783176,4194300,50324,113471,1787353,117783,0,0,0,0,0,0
2026-09-26T15:27:24.031880+00:00,64060288,43782460,4194300,50324,113471,1787353,117783,0,0,0,0,0,0
2026-09-26T15:27:25.032735+00:00,64060288,43786992,4194300,50324,113471,1787353,117783,0,0,0,0,0,0
2026-09-26T15:27:26.033573+00:00,64060288,43773472,4194300,50324,113471,1787353,117783,0,0,0,0,0,0
2026-09-26T15:27:27.034437+00:00,64060288,43770736,4194300,50324,113471,1787353,117783,0,0,0,0,0,0
2026-09-26T15:27:28.035340+00:00,64060288,43790108,4194300,50324,113471,1787353,117783,0,0,0,0,0,0
2026-09-26T15:27:29.036109+00:00,64060288,43781636,4194300,50324,113471,1787353,117783,0,0,0,0,0,0
2026-09-26T15:27:30.036873+00:00,64060288,43785760,4194300,50324,113471,1787353,117783,0,0,0,0,0,0
2026-09-26T15:27:31.037642+00:00,64060288,43782512,4194300,50324,113471,1787353,117783,0,0,0,0,0,0
2026-09-26T15:27:32.038496+00:00,64060288,43776676,4194300,50324,113471,1787353,117783,0,0,0,0,0,0
2026-09-26T15:27:33.039362+00:00,64060288,43793332,4194300,50324,113471,1787353,117783,0,0,0,0,0,0
2026-09-26T15:27:34.040241+00:00,64060288,43799256,4194300,50324,113471,1787353,117783,0,0,0,0,0,0
2026-09-26T15:27:35.041107+00:00,64060288,43785460,4194300,50324,113471,1787353,117783,0,0,0,0,0,0
2026-09-26T15:27:36.042010+00:00,64060288,43783484,4194300,50324,113471,1787353,117783,0,0,0,0,0,0
2026-09-26T15:27:37.042898+00:00,64060288,43777968,4194300,50324,113471,1787353,117783,0,0,0,0,0,0
2026-09-26T15:27:38.043765+00:00,64060288,43757704,4194300,50324,113471,1787353,117785,0,0,0,0,0,0
2026-09-26T15:27:39.044514+00:00,64060288,43731024,4194300,50324,113471,1787353,117785,0,0,0,0,0,0
2026-09-26T15:27:40.045267+00:00,64060288,43745536,4194300,50324,113471,1787353,117785,0,0,0,0,0,0
2026-09-26T15:27:41.046050+00:00,64060288,43765368,4194300,50324,113471,1787353,117785,0,0,0,0,0,0
2026-09-26T15:27:42.046957+00:00,64060288,43773552,4194300,50324,113471,1787353,117785,0,0,0,0,0,0
2026-09-26T15:27:43.047834+00:00,64060288,43768684,4194300,50324,113471,1787353,117785,0,0,0,0,0,0
2026-09-26T15:27:44.048686+00:00,64060288,43764180,4194300,50324,113471,1787353,117785,0,0,0,0,0,0
2026-09-26T15:27:45.049560+00:00,64060288,43764324,4194300,50324,113471,1787353,117785,0,0,0,0,0,0
2026-09-26T15:27:46.050440+00:00,64060288,43758764,4194300,50324,113471,1787353,117785,0,0,0,0,0,0
2026-09-26T15:27:47.051315+00:00,64060288,43788852,4194300,50324,113471,1787353,117785,0,0,0,0,0,0
2026-09-26T15:27:48.052087+00:00,64060288,43783736,4194300,50324,113471,1787353,117785,0,0,0,0,0,0
2026-09-26T15:27:49.052850+00:00,64060288,43795452,4194300,50324,113471,1787353,117785,0,0,0,0,0,0
2026-09-26T15:27:50.053651+00:00,64060288,43778128,4194300,50324,113471,1787353,117785,0,0,0,0,0,0
2026-09-26T15:27:51.054527+00:00,64060288,43784064,4194300,50324,113471,1787353,117785,0,0,0,0,0,0
2026-09-26T15:27:52.055371+00:00,64060288,43782044,4194300,50324,113471,1787353,117785,0,0,0,0,0,0
2026-09-26T15:27:53.056216+00:00,64060288,43787716,4194300,50324,113471,1787353,117785,0,0,0,0,0,0
2026-09-26T15:27:54.057068+00:00,64060288,43783648,4194300,50324,113471,1787353,117785,0,0,0,0,0,0
2026-09-26T15:27:55.057925+00:00,64060288,43795620,4194300,50324,113471,1787353,117785,0,0,0,0,0,0
2026-09-26T15:27:56.058789+00:00,64060288,43792856,4194300,50324,113471,1787353,117785,0,0,0,0,0,0
2026-09-26T15:27:57.059632+00:00,64060288,43785936,4194300,50324,113471,1787353,117785,0,0,0,0,0,0
2026-09-26T15:27:58.060420+00:00,64060288,43785824,4194300,50324,113471,1787353,117785,0,0,0,0,0,0
2026-09-26T15:27:59.061225+00:00,64060288,43770320,4194300,50324,113471,1787353,117785,0,0,0,0,0,0
2026-09-26T15:28:00.062104+00:00,64060288,43771532,4194300,50324,113471,1787353,117785,0,0,0,0,0,0
2026-09-26T15:28:01.062968+00:00,64060288,43779336,4194300,50324,113471,1787353,117785,0,0,0,0,0,0
2026-09-26T15:28:02.063820+00:00,64060288,43772196,4194300,50324,113471,1787353,117785,0,0,0,0,0,0
2026-09-26T15:28:03.064669+00:00,64060288,43772648,4194300,50324,113471,1787353,117785,0,0,0,0,0,0
2026-09-26T15:28:04.065520+00:00,64060288,43771772,4194300,50324,113471,1787353,117785,0,0,0,0,0,0
2026-09-26T15:28:05.066468+00:00,64060288,43770984,4194300,50324,113471,1787353,117785,0,0,0,0,0,0
2026-09-26T15:28:06.067332+00:00,64060288,43769228,4194300,50324,113471,1787353,117785,0,0,0,0,0,0
2026-09-26T15:28:07.068157+00:00,64060288,43778448,4194300,50324,113471,1787353,117785,0,0,0,0,0,0
2026-09-26T15:28:08.068945+00:00,64060288,43771256,4194300,50324,113471,1787353,117785,0,0,0,0,0,0
2026-09-26T15:28:09.069747+00:00,64060288,43777724,4194300,50324,113471,1787353,117785,0,0,0,0,0,0
2026-09-26T15:28:10.070591+00:00,64060288,43739568,4194300,50324,113471,1787353,117785,0,0,0,0,0,0
2026-09-26T15:28:11.071438+00:00,64060288,43728512,4194300,50324,113471,1787353,117785,0,0,0,0,0,0
2026-09-26T15:28:12.072289+00:00,64060288,43749780,4194300,50324,113471,1787353,117785,0,0,0,0,0,0
2026-09-26T15:28:13.073160+00:00,64060288,43755896,4194300,50324,113471,1787353,117785,0,0,0,0,0,0
2026-09-26T15:28:14.074018+00:00,64060288,43756008,4194300,50324,113471,1787353,117785,0,0,0,0,0,0
2026-09-26T15:28:15.074899+00:00,64060288,43739196,4194300,50324,113471,1787353,117785,0,0,0,0,0,0
2026-09-26T15:28:16.075748+00:00,64060288,43750400,4194300,50324,113471,1787353,117785,0,0,0,0,0,0
2026-09-26T15:28:17.076483+00:00,64060288,43747508,4194300,50324,113471,1787353,117785,0,0,0,0,0,0
2026-09-26T15:28:18.077301+00:00,64060288,43728600,4194300,50324,113471,1787353,117785,0,0,0,0,0,0
2026-09-26T15:28:19.078186+00:00,64060288,43731112,4194300,50324,113471,1787353,117786,0,0,0,0,0,0
2026-09-26T15:28:20.079055+00:00,64060288,43715016,4194300,50324,113471,1787353,117786,0,0,0,0,0,0
2026-09-26T15:28:21.079927+00:00,64060288,43698028,4194300,50324,113471,1787353,117786,0,0,0,0,0,0
2026-09-26T15:28:22.080842+00:00,64060288,43693292,4194300,50324,113471,1787353,117786,0,0,0,0,0,0
2026-09-26T15:28:23.081734+00:00,64060288,43711196,4194300,50324,113471,1787353,117786,0,0,0,0,0,0
2026-09-26T15:28:24.082606+00:00,64060288,43720452,4194300,50324,113471,1787353,117786,0,0,0,0,0,0
2026-09-26T15:28:25.083465+00:00,64060288,43745248,4194300,50324,113471,1787353,117786,0,0,0,0,0,0
2026-09-26T15:28:26.084320+00:00,64060288,43742188,4194300,50324,113471,1787353,117786,0,0,0,0,0,0
2026-09-26T15:28:27.085137+00:00,64060288,43748652,4194300,50324,113471,1787353,117786,0,0,0,0,0,0
2026-09-26T15:28:28.085949+00:00,64060288,43731248,4194300,50324,113471,1787353,117786,0,0,0,0,0,0
2026-09-26T15:28:29.086832+00:00,64060288,43758944,4194300,50324,113471,1787353,117786,0,0,0,0,0,0
2026-09-26T15:28:30.087720+00:00,64060288,43746808,4194300,50324,113471,1787353,117786,0,0,0,0,0,0
2026-09-26T15:28:31.088611+00:00,64060288,43729920,4194300,50324,113471,1787353,117786,0,0,0,0,0,0
2026-09-26T15:28:32.089459+00:00,64060288,43738416,4194300,50324,113471,1787353,117786,0,0,0,0,0,0
2026-09-26T15:28:33.090319+00:00,64060288,43730332,4194300,50324,113471,1787353,117786,0,0,0,0,0,0
2026-09-26T15:28:34.091183+00:00,64060288,43692648,4194300,50324,113471,1787353,117786,0,0,0,0,0,0
2026-09-26T15:28:35.092022+00:00,64060288,43715972,4194300,50324,113471,1787353,117786,0,0,0,0,0,0
2026-09-26T15:28:36.092822+00:00,64060288,43709512,4194300,50324,113471,1787353,117786,0,0,0,0,0,0
2026-09-26T15:28:37.093594+00:00,64060288,43731588,4194300,50324,113471,1787353,117786,0,0,0,0,0,0
2026-09-26T15:28:38.094479+00:00,64060288,43730020,4194300,50324,113471,1787353,117786,0,0,0,0,0,0
2026-09-26T15:28:39.095379+00:00,64060288,43727600,4194300,50324,113471,1787353,117786,0,0,0,0,0,0
2026-09-26T15:28:40.096243+00:00,64060288,43715280,4194300,50324,113471,1787353,117786,0,0,0,0,0,0
2026-09-26T15:28:41.097122+00:00,64060288,43743320,4194300,50324,113471,1787353,117786,0,0,0,0,0,0
2026-09-26T15:28:42.098018+00:00,64060288,43737380,4194300,50324,113471,1787353,117786,0,0,0,0,0,0
2026-09-26T15:28:43.098904+00:00,64060288,43749836,4194300,50324,113471,1787353,117786,0,0,0,0,0,0
2026-09-26T15:28:44.099803+00:00,64060288,43745952,4194300,50324,113471,1787353,117786,0,0,0,0,0,0
2026-09-26T15:28:45.100550+00:00,64060288,43745524,4194300,50324,113471,1787353,117786,0,0,0,0,0,0
2026-09-26T15:28:46.101337+00:00,64060288,43712348,4194300,50324,113471,1787353,117786,0,0,0,0,0,0
2026-09-26T15:28:47.102141+00:00,64060288,43721880,4194300,50324,113478,1787353,117793,0,0,0,0,0,0
2026-09-26T15:28:48.103025+00:00,64060288,43712652,4194300,50324,113479,1787353,117795,0,0,0,0,0,0
2026-09-26T15:28:49.103849+00:00,64060288,43727148,4194300,50324,113480,1787353,117796,0,0,0,0,0,0
2026-09-26T15:28:50.104710+00:00,64060288,43730876,4194300,50324,113480,1787353,117796,0,0,0,0,0,0
2026-09-26T15:28:51.105534+00:00,64060288,43738324,4194300,50324,113480,1787353,117796,0,0,0,0,0,0
2026-09-26T15:28:52.106407+00:00,64060288,43720012,4194300,50324,113480,1787353,117796,0,0,0,0,0,0
2026-09-26T15:28:53.107367+00:00,64060288,43738916,4194300,50324,113480,1787353,117796,0,0,0,0,0,0
2026-09-26T15:28:54.108226+00:00,64060288,43738628,4194300,50324,113480,1787353,117796,0,0,0,0,0,0
2026-09-26T15:28:55.108987+00:00,64060288,43743236,4194300,50324,113480,1787353,117796,0,0,0,0,0,0
2026-09-26T15:28:56.109742+00:00,64060288,43747696,4194300,50324,113480,1787353,117796,0,0,0,0,0,0
2026-09-26T15:28:57.110506+00:00,64060288,43733904,4194300,50324,113480,1787353,117796,0,0,0,0,0,0
2026-09-26T15:28:58.111347+00:00,64060288,43734336,4194300,50324,113480,1787353,117796,0,0,0,0,0,0
2026-09-26T15:28:59.112224+00:00,64060288,43746516,4194300,50324,113480,1787353,117796,0,0,0,0,0,0
2026-09-26T15:29:00.113079+00:00,64060288,43727768,4194300,50324,113480,1787353,117796,0,0,0,0,0,0
2026-09-26T15:29:01.113969+00:00,64060288,43733428,4194300,50324,113480,1787353,117796,0,0,0,0,0,0
2026-09-26T15:29:02.114842+00:00,64060288,43726552,4194300,50324,113480,1787353,117796,0,0,0,0,0,0
2026-09-26T15:29:03.115713+00:00,64060288,43730256,4194300,50324,113480,1787353,117796,0,0,0,0,0,0
2026-09-26T15:29:04.116541+00:00,64060288,43733332,4194300,50324,113480,1787353,117796,0,0,0,0,0,0
2026-09-26T15:29:05.117460+00:00,64060288,43688652,4194300,50324,113480,1787353,117833,0,0,0,0,0,0
2026-09-26T15:29:06.118263+00:00,64060288,43709580,4194300,50324,113482,1787353,117835,0,0,0,0,0,0
2026-09-26T15:29:07.119165+00:00,64060288,43699416,4194300,50324,113483,1787353,117836,0,0,0,0,0,0
2026-09-26T15:29:08.120056+00:00,64060288,43701748,4194300,50324,113483,1787353,117836,0,0,0,0,0,0
2026-09-26T15:29:09.120935+00:00,64060288,43685708,4194300,50324,113484,1787353,117838,0,0,0,0,0,0
2026-09-26T15:29:10.121818+00:00,64060288,43704560,4194300,50324,113484,1787353,117838,0,0,0,0,0,0
2026-09-26T15:29:11.122688+00:00,64060288,43706788,4194300,50324,113484,1787353,117838,0,0,0,0,0,0
2026-09-26T15:29:12.123551+00:00,64060288,43713952,4194300,50324,113484,1787353,117838,0,0,0,0,0,0
2026-09-26T15:29:13.124385+00:00,64060288,43711956,4194300,50324,113484,1787353,117838,0,0,0,0,0,0
2026-09-26T15:29:14.125187+00:00,64060288,43704552,4194300,50324,113484,1787353,117842,0,0,0,0,0,0
2026-09-26T15:29:15.125973+00:00,64060288,43696020,4194300,50324,113484,1787353,117842,0,0,0,0,0,0
2026-09-26T15:29:16.126740+00:00,64060288,43706436,4194300,50324,113484,1787353,117842,0,0,0,0,0,0
2026-09-26T15:29:17.127572+00:00,64060288,43711684,4194300,50324,113484,1787353,117842,0,0,0,0,0,0
2026-09-26T15:29:18.128463+00:00,64060288,43697052,4194300,50324,113484,1787353,117842,0,0,0,0,0,0
2026-09-26T15:29:19.129925+00:00,64060288,43701188,4194300,50324,113484,1787353,117842,0,0,0,0,0,0
2026-09-26T15:29:20.130937+00:00,64060288,43717752,4194300,50324,113484,1787353,117842,0,0,0,0,0,0
2026-09-26T15:29:21.131804+00:00,64060288,43703104,4194300,50324,113484,1787353,117842,0,0,0,0,0,0
2026-09-26T15:29:22.132635+00:00,64060288,43698484,4194300,50324,113484,1787353,117842,0,0,0,0,0,0
2026-09-26T15:29:23.133462+00:00,64060288,43717436,4194300,50324,113484,1787353,117842,0,0,0,0,0,0
2026-09-26T15:29:24.134136+00:00,64060288,43701580,4194300,50324,113484,1787353,117842,0,0,0,0,0,0
2026-09-26T15:29:25.134961+00:00,64060288,43696608,4194300,50324,113484,1787353,117842,0,0,0,0,0,0
2026-09-26T15:29:26.135862+00:00,64060288,43702852,4194300,50324,113484,1787353,117842,0,0,0,0,0,0
2026-09-26T15:29:27.136733+00:00,64060288,43692924,4194300,50324,113484,1787353,117842,0,0,0,0,0,0
2026-09-26T15:29:28.137611+00:00,64060288,43685708,4194300,50324,113484,1787353,117842,0,0,0,0,0,0
2026-09-26T15:29:29.138478+00:00,64060288,43673400,4194300,50324,113484,1787353,117842,0,0,0,0,0,0
2026-09-26T15:29:30.139340+00:00,64060288,43652072,4194300,50324,113484,1787353,117842,0,0,0,0,0,0
2026-09-26T15:29:31.140216+00:00,64060288,43635380,4194300,50324,113484,1787353,117842,0,0,0,0,0,0
2026-09-26T15:29:32.141074+00:00,64060288,43634420,4194300,50324,113484,1787353,117842,0,0,0,0,0,0
2026-09-26T15:29:33.141855+00:00,64060288,43651532,4194300,50324,113484,1787353,117842,0,0,0,0,0,0
2026-09-26T15:29:34.142643+00:00,64060288,43658324,4194300,50324,113484,1787353,117842,0,0,0,0,0,0
2026-09-26T15:29:35.143393+00:00,64060288,43688540,4194300,50324,113484,1787353,117842,0,0,0,0,0,0
2026-09-26T15:29:36.144277+00:00,64060288,43678576,4194300,50324,113484,1787353,117842,0,0,0,0,0,0
2026-09-26T15:29:37.145142+00:00,64060288,43680628,4194300,50324,113484,1787353,117842,0,0,0,0,0,0
2026-09-26T15:29:38.146000+00:00,64060288,43690648,4194300,50324,113484,1787353,117842,0,0,0,0,0,0
2026-09-26T15:29:39.146842+00:00,64060288,43686348,4194300,50324,113484,1787353,117842,0,0,0,0,0,0
2026-09-26T15:29:40.147661+00:00,64060288,43688832,4194300,50324,113484,1787353,117842,0,0,0,0,0,0
2026-09-26T15:29:41.148498+00:00,64060288,43699004,4194300,50324,113484,1787353,117842,0,0,0,0,0,0
2026-09-26T15:29:42.149340+00:00,64060288,43709024,4194300,50324,113484,1787353,117842,0,0,0,0,0,0
2026-09-26T15:29:43.150126+00:00,64060288,43708216,4194300,50324,113484,1787353,117842,0,0,0,0,0,0
2026-09-26T15:29:44.150923+00:00,64060288,43703612,4194300,50324,113484,1787353,117842,0,0,0,0,0,0
2026-09-26T15:29:45.151734+00:00,64060288,43681160,4194300,50324,113484,1787353,117842,0,0,0,0,0,0
2026-09-26T15:29:46.152597+00:00,64060288,43676348,4194300,50324,113484,1787353,117842,0,0,0,0,0,0
2026-09-26T15:29:47.153428+00:00,64060288,43663916,4194300,50324,113484,1787353,117842,0,0,0,0,0,0
2026-09-26T15:29:48.154299+00:00,64060288,43683980,4194300,50324,113484,1787353,117842,0,0,0,0,0,0
2026-09-26T15:29:49.155154+00:00,64060288,43684196,4194300,50324,113484,1787353,117842,0,0,0,0,0,0
2026-09-26T15:29:50.155973+00:00,64060288,43687900,4194300,50324,113484,1787353,117842,0,0,0,0,0,0
2026-09-26T15:29:51.156812+00:00,64060288,43688704,4194300,50324,113484,1787353,117842,0,0,0,0,0,0
2026-09-26T15:29:52.157713+00:00,64060288,43696744,4194300,50324,113484,1787353,117842,0,0,0,0,0,0
2026-09-26T15:29:53.158460+00:00,64060288,43693296,4194300,50324,113484,1787353,117842,0,0,0,0,0,0
2026-09-26T15:29:54.159245+00:00,64060288,43687652,4194300,50324,113484,1787353,117842,0,0,0,0,0,0
2026-09-26T15:29:55.160137+00:00,64060288,43685156,4194300,50324,113484,1787353,117842,0,0,0,0,0,0
2026-09-26T15:29:56.160986+00:00,64060288,43678068,4194300,50324,113484,1787353,117842,0,0,0,0,0,0
2026-09-26T15:29:57.161843+00:00,64060288,43670240,4194300,50324,113484,1787353,117842,0,0,0,0,0,0
2026-09-26T15:29:58.162709+00:00,64060288,43664328,4194300,50324,113484,1787353,117842,0,0,0,0,0,0
2026-09-26T15:29:59.163570+00:00,64060288,43671512,4194300,50324,113484,1787353,117842,0,0,0,0,0,0
2026-09-26T15:30:00.164410+00:00,64060288,43675060,4194300,50324,113484,1787353,117842,0,0,0,0,0,0
2026-09-26T15:30:01.165262+00:00,64060288,43672988,4194300,50324,113484,1787353,117842,0,0,0,0,0,0
2026-09-26T15:30:02.166038+00:00,64060288,43677464,4194300,50324,113484,1787353,117842,0,0,0,0,0,0
2026-09-26T15:30:03.166821+00:00,64060288,43686124,4194300,50324,113484,1787353,117842,0,0,0,0,0,0
2026-09-26T15:30:04.167607+00:00,64060288,43683912,4194300,50324,113484,1787353,117842,0,0,0,0,0,0
2026-09-26T15:30:05.168504+00:00,64060288,43661300,4194300,50324,113484,1787353,117842,0,0,0,0,0,0
2026-09-26T15:30:06.169378+00:00,64060288,43670184,4194300,50324,113484,1787353,117842,0,0,0,0,0,0
2026-09-26T15:30:07.170237+00:00,64060288,43675468,4194300,50324,113484,1787353,117842,0,0,0,0,0,0
2026-09-26T15:30:08.171106+00:00,64060288,43668644,4194300,50324,113484,1787353,117842,0,0,0,0,0,0
2026-09-26T15:30:09.171975+00:00,64060288,43679844,4194300,50324,113484,1787353,117842,0,0,0,0,0,0
2026-09-26T15:30:10.172846+00:00,64060288,43662160,4194300,50324,113484,1787353,117842,0,0,0,0,0,0
2026-09-26T15:30:11.173670+00:00,64060288,43682340,4194300,50324,113484,1787353,117842,0,0,0,0,0,0
2026-09-26T15:30:12.174413+00:00,64060288,43681844,4194300,50324,113484,1787353,117847,0,0,0,0,0,0
2026-09-26T15:30:13.175207+00:00,64060288,43695840,4194300,50324,113484,1787353,117847,0,0,0,0,0,0
2026-09-26T15:30:14.176020+00:00,64060288,43697720,4194300,50324,113484,1787353,117847,0,0,0,0,0,0
2026-09-26T15:30:15.176905+00:00,64060288,43695540,4194300,50324,113484,1787353,117847,0,0,0,0,0,0
2026-09-26T15:30:16.177776+00:00,64060288,43697224,4194300,50324,113484,1787353,117847,0,0,0,0,0,0
2026-09-26T15:30:17.178618+00:00,64060288,43676564,4194300,50324,113485,1787353,117848,0,0,0,0,0,0
2026-09-26T15:30:18.179609+00:00,64060288,43679800,4194300,50324,113485,1787353,117848,0,0,0,0,0,0
2026-09-26T15:30:19.180457+00:00,64060288,43676136,4194300,50324,113485,1787353,117848,0,0,0,0,0,0
2026-09-26T15:30:20.181305+00:00,64060288,43678384,4194300,50324,113485,1787353,117848,0,0,0,0,0,0
2026-09-26T15:30:21.182139+00:00,64060288,43679764,4194300,50324,113485,1787353,117848,0,0,0,0,0,0
2026-09-26T15:30:22.182847+00:00,64060288,43677224,4194300,50324,113485,1787353,117848,0,0,0,0,0,0
2026-09-26T15:30:23.183618+00:00,64060288,43918808,4194300,50324,113485,1787353,117848,0,0,0,0,0,0
2026-09-26T15:30:24.184490+00:00,64060288,43909096,4194300,50324,113485,1787353,117857,0,0,0,0,0,0
2026-09-26T15:30:25.185374+00:00,64060288,43859544,4194300,50324,113485,1787353,117857,0,0,0,0,0,0
2026-09-26T15:30:26.186226+00:00,64060288,43836944,4194300,50324,113485,1787353,117857,0,0,0,0,0,0
2026-09-26T15:30:27.187079+00:00,64060288,43856592,4194300,50324,113485,1787353,117857,0,0,0,0,0,0
2026-09-26T15:30:28.187940+00:00,64060288,43877704,4194300,50324,113485,1787353,117857,0,0,0,0,0,0
2026-09-26T15:30:29.188795+00:00,64060288,43879664,4194300,50324,113485,1787353,117857,0,0,0,0,0,0
2026-09-26T15:30:30.189633+00:00,64060288,43873584,4194300,50324,113485,1787353,117857,0,0,0,0,0,0
2026-09-26T15:30:31.190376+00:00,64060288,43867300,4194300,50324,113485,1787353,117857,0,0,0,0,0,0
2026-09-26T15:30:32.191124+00:00,64060288,43862776,4194300,50324,113485,1787353,117857,0,0,0,0,0,0
2026-09-26T15:30:33.191889+00:00,64060288,43870100,4194300,50324,113485,1787353,117857,0,0,0,0,0,0
2026-09-26T15:30:34.192754+00:00,64060288,43875744,4194300,50324,113485,1787353,117857,0,0,0,0,0,0
2026-09-26T15:30:35.195788+00:00,64060288,43878340,4194300,50324,113485,1787353,117857,0,0,0,0,0,0
2026-09-26T15:30:36.196676+00:00,64060288,43876548,4194300,50324,113485,1787353,117857,0,0,0,0,0,0
2026-09-26T15:30:37.197542+00:00,64060288,43883980,4194300,50324,113485,1787353,117857,0,0,0,0,0,0
2026-09-26T15:30:38.198389+00:00,64060288,43874140,4194300,50324,113485,1787353,117857,0,0,0,0,0,0
2026-09-26T15:30:39.199250+00:00,64060288,43864760,4194300,50324,113485,1787353,117858,0,0,0,0,0,0
2026-09-26T15:30:40.200092+00:00,64060288,43854820,4194300,50324,113485,1787353,117858,0,0,0,0,0,0
2026-09-26T15:30:41.200883+00:00,64060288,43857564,4194300,50324,113485,1787353,117858,0,0,0,0,0,0
2026-09-26T15:30:42.201604+00:00,64060288,43863128,4194300,50324,113485,1787353,117858,0,0,0,0,0,0
2026-09-26T15:30:43.202329+00:00,64060288,43866416,4194300,50324,113485,1787353,117858,0,0,0,0,0,0
2026-09-26T15:30:44.203216+00:00,64060288,43875168,4194300,50324,113485,1787353,117858,0,0,0,0,0,0
2026-09-26T15:30:45.204095+00:00,64060288,43863444,4194300,50324,113485,1787353,117858,0,0,0,0,0,0
2026-09-26T15:30:46.204973+00:00,64060288,43859684,4194300,50324,113485,1787353,117858,0,0,0,0,0,0
2026-09-26T15:30:47.205855+00:00,64060288,43853464,4194300,50324,113485,1787353,117858,0,0,0,0,0,0
2026-09-26T15:30:48.206764+00:00,64060288,43870616,4194300,50324,113485,1787353,117858,0,0,0,0,0,0
2026-09-26T15:30:49.207627+00:00,64060288,43868744,4194300,50324,113485,1787353,117858,0,0,0,0,0,0
2026-09-26T15:30:50.208477+00:00,64060288,43872208,4194300,50324,113485,1787353,117858,0,0,0,0,0,0
2026-09-26T15:30:51.209265+00:00,64060288,43861260,4194300,50324,113485,1787353,117858,0,0,0,0,0,0
2026-09-26T15:30:52.210030+00:00,64060288,43838776,4194300,50324,113485,1787353,117858,0,0,0,0,0,0
2026-09-26T15:30:53.210810+00:00,64060288,43789804,4194300,50324,113485,1787353,117858,0,0,0,0,0,0
2026-09-26T15:30:54.211677+00:00,64060288,43788220,4194300,50324,113485,1787353,117858,0,0,0,0,0,0
2026-09-26T15:30:55.212540+00:00,64060288,43811484,4194300,50324,113485,1787353,117858,0,0,0,0,0,0
2026-09-26T15:30:56.213415+00:00,64060288,43817532,4194300,50324,113485,1787353,117858,0,0,0,0,0,0
2026-09-26T15:30:57.214287+00:00,64060288,43840736,4194300,50324,113485,1787353,117858,0,0,0,0,0,0
2026-09-26T15:30:58.215162+00:00,64060288,43848632,4194300,50324,113485,1787353,117858,0,0,0,0,0,0
2026-09-26T15:30:59.216047+00:00,64060288,43860344,4194300,50324,113485,1787353,117858,0,0,0,0,0,0
2026-09-26T15:31:00.216913+00:00,64060288,43865836,4194300,50324,113485,1787353,117858,0,0,0,0,0,0
2026-09-26T15:31:01.217712+00:00,64060288,43864976,4194300,50324,113485,1787353,117858,0,0,0,0,0,0
2026-09-26T15:31:02.218489+00:00,64060288,43867416,4194300,50324,113485,1787353,117858,0,0,0,0,0,0
2026-09-26T15:31:03.219293+00:00,64060288,43863856,4194300,50324,113485,1787353,117858,0,0,0,0,0,0
2026-09-26T15:31:04.220169+00:00,64060288,43857084,4194300,50324,113485,1787353,117858,0,0,0,0,0,0
2026-09-26T15:31:05.221024+00:00,64060288,43845512,4194300,50324,113485,1787353,117858,0,0,0,0,0,0
2026-09-26T15:31:06.221892+00:00,64060288,43867132,4194300,50324,113485,1787353,117858,0,0,0,0,0,0
2026-09-26T15:31:07.222740+00:00,64060288,43834104,4194300,50324,113485,1787353,117858,0,0,0,0,0,0
2026-09-26T15:31:08.223592+00:00,64060288,43852744,4194300,50324,113485,1787353,117858,0,0,0,0,0,0
2026-09-26T15:31:09.224434+00:00,64060288,43845632,4194300,50324,113485,1787353,117858,0,0,0,0,0,0
2026-09-26T15:31:10.225294+00:00,64060288,43859384,4194300,50324,113485,1787353,117858,0,0,0,0,0,0
2026-09-26T15:31:11.226083+00:00,64060288,43848096,4194300,50324,113485,1787353,117858,0,0,0,0,0,0
2026-09-26T15:31:12.226851+00:00,64060288,43865528,4194300,50324,113485,1787353,117858,0,0,0,0,0,0
2026-09-26T15:31:13.227735+00:00,64060288,43861472,4194300,50324,113485,1787353,117858,0,0,0,0,0,0
2026-09-26T15:31:14.228570+00:00,64060288,43856968,4194300,50324,113485,1787353,117858,0,0,0,0,0,0
2026-09-26T15:31:15.229441+00:00,64060288,43856984,4194300,50324,113485,1787353,117858,0,0,0,0,0,0
2026-09-26T15:31:16.230332+00:00,64060288,43852636,4194300,50324,113485,1787353,117858,0,0,0,0,0,0
2026-09-26T15:31:17.231197+00:00,64060288,43818520,4194300,50324,113485,1787353,117858,0,0,0,0,0,0
2026-09-26T15:31:18.232050+00:00,64060288,43854160,4194300,50324,113485,1787353,117858,0,0,0,0,0,0
2026-09-26T15:31:19.232902+00:00,64060288,43846852,4194300,50324,113485,1787353,117858,0,0,0,0,0,0
2026-09-26T15:31:20.233657+00:00,64060288,43839584,4194300,50324,113485,1787353,117858,0,0,0,0,0,0
2026-09-26T15:31:21.234401+00:00,64060288,43839452,4194300,50324,113485,1787353,117858,0,0,0,0,0,0
2026-09-26T15:31:22.235152+00:00,64060288,43804628,4194300,50324,113485,1787353,117858,0,0,0,0,0,0
2026-09-26T15:31:23.236014+00:00,64060288,43779736,4194300,50324,113485,1787353,117858,0,0,0,0,0,0
2026-09-26T15:31:24.236873+00:00,64060288,43793684,4194300,50324,113485,1787353,117858,0,0,0,0,0,0
2026-09-26T15:31:25.237714+00:00,64060288,43818112,4194300,50324,113485,1787353,117858,0,0,0,0,0,0
2026-09-26T15:31:26.238562+00:00,64060288,43820080,4194300,50324,113485,1787353,117858,0,0,0,0,0,0
2026-09-26T15:31:27.239422+00:00,64060288,43819976,4194300,50324,113485,1787353,117858,0,0,0,0,0,0
2026-09-26T15:31:28.240280+00:00,64060288,43831592,4194300,50324,113485,1787353,117858,0,0,0,0,0,0
2026-09-26T15:31:29.241113+00:00,64060288,43819020,4194300,50324,113485,1787353,117858,0,0,0,0,0,0
2026-09-26T15:31:30.241846+00:00,64060288,43834892,4194300,50324,113485,1787353,117858,0,0,0,0,0,0
2026-09-26T15:31:31.242600+00:00,64060288,43848488,4194300,50324,113485,1787353,117858,0,0,0,0,0,0
2026-09-26T15:31:32.243356+00:00,64060288,43841668,4194300,50324,113485,1787353,117858,0,0,0,0,0,0
2026-09-26T15:31:33.244238+00:00,64060288,43837492,4194300,50324,113485,1787353,117858,0,0,0,0,0,0
2026-09-26T15:31:34.245122+00:00,64060288,43822552,4194300,50324,113485,1787353,117858,0,0,0,0,0,0
2026-09-26T15:31:35.245994+00:00,64060288,43816220,4194300,50324,113485,1787353,117858,0,0,0,0,0,0
2026-09-26T15:31:36.246862+00:00,64060288,43821876,4194300,50324,113485,1787353,117858,0,0,0,0,0,0
2026-09-26T15:31:37.247726+00:00,64060288,43836464,4194300,50324,113485,1787353,117858,0,0,0,0,0,0
2026-09-26T15:31:38.248585+00:00,64060288,43835872,4194300,50324,113485,1787353,117858,0,0,0,0,0,0
2026-09-26T15:31:39.249445+00:00,64060288,43821824,4194300,50324,113485,1787353,117858,0,0,0,0,0,0
2026-09-26T15:31:40.250244+00:00,64060288,43831120,4194300,50324,113485,1787353,117858,0,0,0,0,0,0
2026-09-26T15:31:41.251038+00:00,64060288,43830696,4194300,50324,113485,1787353,117858,0,0,0,0,0,0
2026-09-26T15:31:42.251805+00:00,64060288,43849424,4194300,50324,113485,1787353,117858,0,0,0,0,0,0
2026-09-26T15:31:43.252656+00:00,64060288,43841968,4194300,50324,113485,1787353,117858,0,0,0,0,0,0
2026-09-26T15:31:44.253503+00:00,64060288,43851900,4194300,50324,113485,1787353,117858,0,0,0,0,0,0
2026-09-26T15:31:45.254376+00:00,64060288,43842944,4194300,50324,113485,1787353,117858,0,0,0,0,0,0
2026-09-26T15:31:46.255239+00:00,64060288,43848892,4194300,50324,113485,1787353,117858,0,0,0,0,0,0
2026-09-26T15:31:47.256106+00:00,64060288,43827008,4194300,50324,113485,1787353,117858,0,0,0,0,0,0
2026-09-26T15:31:48.257003+00:00,64060288,43838788,4194300,50324,113485,1787353,117858,0,0,0,0,0,0
2026-09-26T15:31:49.257867+00:00,64060288,43826664,4194300,50324,113485,1787353,117858,0,0,0,0,0,0
2026-09-26T15:31:50.258635+00:00,64060288,43808636,4194300,50324,113485,1787353,117858,0,0,0,0,0,0
2026-09-26T15:31:51.259407+00:00,64060288,43811804,4194300,50324,113485,1787353,117858,0,0,0,0,0,0
2026-09-26T15:31:52.260256+00:00,64060288,43831736,4194300,50324,113485,1787353,117858,0,0,0,0,0,0
2026-09-26T15:31:53.261106+00:00,64060288,43819572,4194300,50324,113485,1787353,117858,0,0,0,0,0,0
2026-09-26T15:31:54.261993+00:00,64060288,43831032,4194300,50324,113485,1787353,117858,0,0,0,0,0,0
2026-09-26T15:31:55.262877+00:00,64060288,43815796,4194300,50324,113485,1787353,117858,0,0,0,0,0,0
2026-09-26T15:31:56.263758+00:00,64060288,43811300,4194300,50324,113485,1787353,117858,0,0,0,0,0,0
2026-09-26T15:31:57.264647+00:00,64060288,43832068,4194300,50324,113485,1787353,117858,0,0,0,0,0,0
2026-09-26T15:31:58.265526+00:00,64060288,43834936,4194300,50324,113485,1787353,117858,0,0,0,0,0,0
2026-09-26T15:31:59.266391+00:00,64060288,43824408,4194300,50324,113485,1787353,117858,0,0,0,0,0,0
2026-09-26T15:32:00.267155+00:00,64060288,43818428,4194300,50324,113485,1787353,117858,0,0,0,0,0,0
2026-09-26T15:32:01.267928+00:00,64060288,43820504,4194300,50324,113485,1787353,117858,0,0,0,0,0,0
2026-09-26T15:32:02.268670+00:00,64060288,43784636,4194300,50324,113485,1787353,117858,0,0,0,0,0,0
2026-09-26T15:32:03.269543+00:00,64060288,43818228,4194300,50324,113485,1787353,117858,0,0,0,0,0,0
2026-09-26T15:32:04.270402+00:00,64060288,43814244,4194300,50324,113485,1787353,117858,0,0,0,0,0,0
2026-09-26T15:32:05.271262+00:00,64060288,43797244,4194300,50324,113485,1787353,117858,0,0,0,0,0,0
2026-09-26T15:32:06.272137+00:00,64060288,43804944,4194300,50324,113485,1787353,117858,0,0,0,0,0,0
2026-09-26T15:32:07.273003+00:00,64060288,43785636,4194300,50324,113485,1787353,117858,0,0,0,0,0,0
2026-09-26T15:32:08.273879+00:00,64060288,43802060,4194300,50324,113485,1787353,117858,0,0,0,0,0,0
2026-09-26T15:32:09.274717+00:00,64060288,43801200,4194300,50324,113485,1787353,117858,0,0,0,0,0,0
2026-09-26T15:32:10.275464+00:00,64060288,43812196,4194300,50324,113485,1787353,117858,0,0,0,0,0,0
2026-09-26T15:32:11.276218+00:00,64060288,43805728,4194300,50324,113485,1787353,117858,0,0,0,0,0,0
2026-09-26T15:32:12.277003+00:00,64060288,43809408,4194300,50324,113485,1787353,117858,0,0,0,0,0,0
2026-09-26T15:32:13.277890+00:00,64060288,43801220,4194300,50324,113485,1787353,117858,0,0,0,0,0,0
2026-09-26T15:32:14.278755+00:00,64060288,43789996,4194300,50324,113485,1787353,117858,0,0,0,0,0,0
2026-09-26T15:32:15.279627+00:00,64060288,43788928,4194300,50324,113485,1787353,117858,0,0,0,0,0,0
2026-09-26T15:32:16.280483+00:00,64060288,43797740,4194300,50324,113485,1787353,117858,0,0,0,0,0,0
2026-09-26T15:32:17.281365+00:00,64060288,43790076,4194300,50324,113485,1787353,117858,0,0,0,0,0,0
2026-09-26T15:32:18.282242+00:00,64060288,43781856,4194300,50324,113485,1787353,117858,0,0,0,0,0,0
2026-09-26T15:32:19.283107+00:00,64060288,43786692,4194300,50324,113485,1787353,117858,0,0,0,0,0,0
2026-09-26T15:32:20.283873+00:00,64060288,43787900,4194300,50324,113485,1787353,117858,0,0,0,0,0,0
2026-09-26T15:32:21.284625+00:00,64060288,43796772,4194300,50324,113485,1787353,117858,0,0,0,0,0,0
2026-09-26T15:32:22.285376+00:00,64060288,43793896,4194300,50324,113485,1787353,117858,0,0,0,0,0,0
2026-09-26T15:32:23.286246+00:00,64060288,43788080,4194300,50324,113485,1787353,117858,0,0,0,0,0,0
2026-09-26T15:32:24.287109+00:00,64060288,43798136,4194300,50324,113485,1787353,117858,0,0,0,0,0,0
2026-09-26T15:32:25.287967+00:00,64060288,43809008,4194300,50324,113485,1787353,117858,0,0,0,0,0,0
2026-09-26T15:32:26.288842+00:00,64060288,43798780,4194300,50324,113485,1787353,117858,0,0,0,0,0,0
2026-09-26T15:32:27.289721+00:00,64060288,43802680,4194300,50324,113485,1787353,117858,0,0,0,0,0,0
2026-09-26T15:32:28.290573+00:00,64060288,43799704,4194300,50324,113485,1787353,117858,0,0,0,0,0,0
2026-09-26T15:32:29.291425+00:00,64060288,43797612,4194300,50324,113485,1787353,117858,0,0,0,0,0,0
2026-09-26T15:32:30.292205+00:00,64060288,43808912,4194300,50324,113485,1787353,117858,0,0,0,0,0,0
2026-09-26T15:32:31.292977+00:00,64060288,43790856,4194300,50324,113485,1787353,117858,0,0,0,0,0,0
2026-09-26T15:32:32.293735+00:00,64060288,43777152,4194300,50324,113485,1787353,117858,0,0,0,0,0,0
2026-09-26T15:32:33.294628+00:00,64060288,43800940,4194300,50324,113485,1787353,117858,0,0,0,0,0,0
2026-09-26T15:32:34.295469+00:00,64060288,43798948,4194300,50324,113485,1787353,117858,0,0,0,0,0,0
2026-09-26T15:32:35.296665+00:00,64060288,43774300,4194300,50324,113485,1787353,117858,0,0,0,0,0,0
2026-09-26T15:32:36.297859+00:00,64060288,43779568,4194300,50324,113485,1787353,117858,0,0,0,0,0,0
2026-09-26T15:32:37.299049+00:00,64060288,43772576,4194300,50324,113485,1787353,117858,0,0,0,0,0,0
2026-09-26T15:32:38.300253+00:00,64060288,43772364,4194300,50324,113485,1787353,117858,0,0,0,0,0,0
2026-09-26T15:32:39.301493+00:00,64060288,43781252,4194300,50324,113485,1787353,117858,0,0,0,0,0,0
2026-09-26T15:32:40.302696+00:00,64060288,43781768,4194300,50324,113485,1787353,117858,0,0,0,0,0,0
2026-09-26T15:32:41.303801+00:00,64060288,43787072,4194300,50324,113485,1787353,117858,0,0,0,0,0,0
2026-09-26T15:32:42.304897+00:00,64060288,43788604,4194300,50324,113485,1787353,117858,0,0,0,0,0,0
2026-09-26T15:32:43.306080+00:00,64060288,43786656,4194300,50324,113485,1787353,117858,0,0,0,0,0,0
2026-09-26T15:32:44.307251+00:00,64060288,43777480,4194300,50324,113485,1787353,117858,0,0,0,0,0,0
2026-09-26T15:32:45.308432+00:00,64060288,43794404,4194300,50324,113485,1787353,117858,0,0,0,0,0,0
2026-09-26T15:32:46.309672+00:00,64060288,43773408,4194300,50324,113485,1787353,117858,0,0,0,0,0,0
2026-09-26T15:32:47.311220+00:00,64060288,43766076,4194300,50324,113485,1787353,117858,0,0,0,0,0,0
2026-09-26T15:32:48.312793+00:00,64060288,43770548,4194300,50324,113485,1787353,117858,0,0,0,0,0,0
2026-09-26T15:32:49.313951+00:00,64060288,43773692,4194300,50324,113485,1787353,117858,0,0,0,0,0,0
2026-09-26T15:32:50.315049+00:00,64060288,43768844,4194300,50324,113485,1787353,117858,0,0,0,0,0,0
2026-09-26T15:32:51.316108+00:00,64060288,43776448,4194300,50324,113485,1787353,117858,0,0,0,0,0,0
2026-09-26T15:32:52.317372+00:00,64060288,43773632,4194300,50324,113485,1787353,117858,0,0,0,0,0,0
2026-09-26T15:32:53.318629+00:00,64060288,43779864,4194300,50324,113485,1787353,117858,0,0,0,0,0,0
2026-09-26T15:32:54.319791+00:00,64060288,43776072,4194300,50324,113485,1787353,117858,0,0,0,0,0,0
2026-09-26T15:32:55.320976+00:00,64060288,43786964,4194300,50324,113485,1787353,117858,0,0,0,0,0,0
2026-09-26T15:32:56.322164+00:00,64060288,43778844,4194300,50324,113485,1787353,117858,0,0,0,0,0,0
2026-09-26T15:32:57.323326+00:00,64060288,43782640,4194300,50324,113485,1787353,117858,0,0,0,0,0,0
2026-09-26T15:32:58.324485+00:00,64060288,43763172,4194300,50324,113485,1787353,117858,0,0,0,0,0,0
2026-09-26T15:32:59.325687+00:00,64060288,43776424,4194300,50324,113485,1787353,117858,0,0,0,0,0,0
2026-09-26T15:33:00.326815+00:00,64060288,43774576,4194300,50324,113485,1787353,117858,0,0,0,0,0,0
2026-09-26T15:33:01.327936+00:00,64060288,43768608,4194300,50324,113485,1787353,117858,0,0,0,0,0,0
2026-09-26T15:33:02.329125+00:00,64060288,43766340,4194300,50324,113485,1787353,117858,0,0,0,0,0,0
2026-09-26T15:33:03.330310+00:00,64060288,43785268,4194300,50324,113485,1787353,117858,0,0,0,0,0,0
2026-09-26T15:33:04.331521+00:00,64060288,43774344,4194300,50324,113485,1787353,117858,0,0,0,0,0,0
2026-09-26T15:33:05.332722+00:00,64060288,43776608,4194300,50324,113485,1787353,117858,0,0,0,0,0,0
2026-09-26T15:33:06.333909+00:00,64060288,43776340,4194300,50324,113485,1787353,117858,0,0,0,0,0,0
2026-09-26T15:33:07.335107+00:00,64060288,43769576,4194300,50324,113485,1787353,117858,0,0,0,0,0,0
2026-09-26T15:33:08.336312+00:00,64060288,43766244,4194300,50324,113485,1787353,117858,0,0,0,0,0,0
2026-09-26T15:33:09.337543+00:00,64060288,43775880,4194300,50324,113485,1787353,117858,0,0,0,0,0,0
2026-09-26T15:33:10.338686+00:00,64060288,43774992,4194300,50324,113485,1787353,117858,0,0,0,0,0,0
2026-09-26T15:33:11.339810+00:00,64060288,43754316,4194300,50324,113485,1787353,117858,0,0,0,0,0,0
2026-09-26T15:33:12.341056+00:00,64060288,43754252,4194300,50324,113485,1787353,117858,0,0,0,0,0,0
2026-09-26T15:33:13.342819+00:00,64060288,43755180,4194300,50324,113485,1787353,117858,0,0,0,0,0,0
2026-09-26T15:33:14.344006+00:00,64060288,43748460,4194300,50324,113485,1787353,117858,0,0,0,0,0,0
2026-09-26T15:33:15.345186+00:00,64060288,43741724,4194300,50324,113485,1787353,117858,0,0,0,0,0,0
2026-09-26T15:33:16.346405+00:00,64060288,43749800,4194300,50324,113485,1787353,117858,0,0,0,0,0,0
2026-09-26T15:33:17.347944+00:00,64060288,43715968,4194300,50324,113485,1787353,117858,0,0,0,0,0,0
2026-09-26T15:33:18.349099+00:00,64060288,43725744,4194300,50324,113485,1787353,117858,0,0,0,0,0,0
2026-09-26T15:33:19.350264+00:00,64060288,43747420,4194300,50324,113485,1787353,117858,0,0,0,0,0,0
2026-09-26T15:33:20.351449+00:00,64060288,43750076,4194300,50324,113485,1787353,117858,0,0,0,0,0,0
2026-09-26T15:33:21.352626+00:00,64060288,43748784,4194300,50324,113485,1787353,117858,0,0,0,0,0,0
2026-09-26T15:33:22.353760+00:00,64060288,43741820,4194300,50324,113485,1787353,117858,0,0,0,0,0,0
2026-09-26T15:33:23.354915+00:00,64060288,43759592,4194300,50324,113485,1787353,117858,0,0,0,0,0,0
2026-09-26T15:33:24.356087+00:00,64060288,43753484,4194300,50324,113485,1787353,117858,0,0,0,0,0,0
2026-09-26T15:33:25.357270+00:00,64060288,43760292,4194300,50324,113485,1787353,117858,0,0,0,0,0,0
2026-09-26T15:33:26.358446+00:00,64060288,43728148,4194300,50324,113485,1787353,117858,0,0,0,0,0,0
2026-09-26T15:33:27.359687+00:00,64060288,43695436,4194300,50324,113485,1787353,117858,0,0,0,0,0,0
2026-09-26T15:33:28.360862+00:00,64060288,43691316,4194300,50324,113485,1787353,117858,0,0,0,0,0,0
2026-09-26T15:33:29.362031+00:00,64060288,43722700,4194300,50324,113485,1787353,117858,0,0,0,0,0,0
2026-09-26T15:33:30.363168+00:00,64060288,43730652,4194300,50324,113485,1787353,117858,0,0,0,0,0,0
2026-09-26T15:33:31.364396+00:00,64060288,43740936,4194300,50324,113485,1787353,117858,0,0,0,0,0,0
2026-09-26T15:33:32.365593+00:00,64060288,43740144,4194300,50324,113485,1787353,117858,0,0,0,0,0,0
2026-09-26T15:33:33.366785+00:00,64060288,43743836,4194300,50324,113485,1787353,117858,0,0,0,0,0,0
2026-09-26T15:33:34.367961+00:00,64060288,43740508,4194300,50324,113485,1787353,117858,0,0,0,0,0,0
2026-09-26T15:33:35.368854+00:00,64060288,43751284,4194300,50324,113485,1787353,117858,0,0,0,0,0,0
2026-09-26T15:33:36.369776+00:00,64060288,43736320,4194300,50324,113485,1787353,117858,0,0,0,0,0,0
2026-09-26T15:33:37.370641+00:00,64060288,43747252,4194300,50324,113485,1787353,117858,0,0,0,0,0,0
2026-09-26T15:33:38.371513+00:00,64060288,43734148,4194300,50324,113485,1787353,117858,0,0,0,0,0,0
2026-09-26T15:33:39.372381+00:00,64060288,43740056,4194300,50324,113485,1787353,117858,0,0,0,0,0,0
2026-09-26T15:33:40.373150+00:00,64060288,43739992,4194300,50324,113485,1787353,117858,0,0,0,0,0,0
2026-09-26T15:33:41.373910+00:00,64060288,43741704,4194300,50324,113485,1787353,117858,0,0,0,0,0,0
2026-09-26T15:33:42.374660+00:00,64060288,43705428,4194300,50324,113485,1787353,117858,0,0,0,0,0,0
2026-09-26T15:33:43.375495+00:00,64060288,43717124,4194300,50324,113485,1787353,117858,0,0,0,0,0,0
2026-09-26T15:33:44.376327+00:00,64060288,43711788,4194300,50324,113485,1787353,117858,0,0,0,0,0,0
2026-09-26T15:33:45.377187+00:00,64060288,43717528,4194300,50324,113485,1787353,117858,0,0,0,0,0,0
2026-09-26T15:33:46.378048+00:00,64060288,43718604,4194300,50324,113486,1787353,117859,0,0,0,0,0,0
2026-09-26T15:33:47.378921+00:00,64060288,43735980,4194300,50324,113486,1787353,117859,0,0,0,0,0,0
2026-09-26T15:33:48.379789+00:00,64060288,43720792,4194300,50324,113486,1787353,117859,0,0,0,0,0,0
2026-09-26T15:33:49.380709+00:00,64060288,43726732,4194300,50324,113486,1787353,117859,0,0,0,0,0,0
2026-09-26T15:33:50.381501+00:00,64060288,43739560,4194300,50324,113488,1787353,117861,0,0,0,0,0,0
2026-09-26T15:33:51.382257+00:00,64060288,43704164,4194300,50324,113488,1787353,117861,0,0,0,0,0,0
2026-09-26T15:33:52.383056+00:00,64060288,43687136,4194300,50324,113488,1787353,117984,0,0,0,0,0,0
2026-09-26T15:33:53.383938+00:00,64060288,43702136,4194300,50324,113488,1787353,117984,0,0,0,0,0,0
2026-09-26T15:33:54.384828+00:00,64060288,43703256,4194300,50324,113488,1787353,117984,0,0,0,0,0,0
2026-09-26T15:33:55.385692+00:00,64060288,43714660,4194300,50324,113488,1787353,117984,0,0,0,0,0,0
2026-09-26T15:33:56.386550+00:00,64060288,43689788,4194300,50324,113488,1787353,117984,0,0,0,0,0,0
2026-09-26T15:33:57.387441+00:00,64060288,43715532,4194300,50324,113488,1787353,117984,0,0,0,0,0,0
2026-09-26T15:33:58.388308+00:00,64060288,43712648,4194300,50324,113488,1787353,117984,0,0,0,0,0,0
2026-09-26T15:33:59.389152+00:00,64060288,43720732,4194300,50324,113488,1787353,117984,0,0,0,0,0,0
2026-09-26T15:34:00.389958+00:00,64060288,43716252,4194300,50324,113488,1787353,117984,0,0,0,0,0,0
2026-09-26T15:34:01.390727+00:00,64060288,43717308,4194300,50324,113488,1787353,117984,0,0,0,0,0,0
2026-09-26T15:34:02.391536+00:00,64060288,43723612,4194300,50324,113488,1787353,117984,0,0,0,0,0,0
2026-09-26T15:34:03.392430+00:00,64060288,43724120,4194300,50324,113488,1787353,117984,0,0,0,0,0,0
2026-09-26T15:34:04.393279+00:00,64060288,43721716,4194300,50324,113488,1787353,117984,0,0,0,0,0,0
2026-09-26T15:34:05.394185+00:00,64060288,43676984,4194300,50324,113488,1787353,117991,0,0,0,0,0,0
2026-09-26T15:34:06.395509+00:00,64060288,43693828,4194300,50324,113488,1787353,117992,0,0,0,0,0,0
2026-09-26T15:34:07.396721+00:00,64060288,43711460,4194300,50324,113488,1787353,117992,0,0,0,0,0,0
2026-09-26T15:34:08.397887+00:00,64060288,43698808,4194300,50324,113488,1787353,117992,0,0,0,0,0,0
2026-09-26T15:34:09.399041+00:00,64060288,43694984,4194300,50324,113490,1787353,117996,0,0,0,0,0,0
2026-09-26T15:34:10.400137+00:00,64060288,43665124,4194300,50324,113490,1787353,117996,0,0,0,0,0,0
2026-09-26T15:34:11.401228+00:00,64060288,43655624,4194300,50324,113491,1787353,117999,0,0,0,0,0,0
2026-09-26T15:34:12.402310+00:00,64060288,43654024,4194300,50324,113491,1787353,117999,0,0,0,0,0,0
2026-09-26T15:34:13.403469+00:00,64060288,43652000,4194300,50324,113491,1787353,117999,0,0,0,0,0,0
2026-09-26T15:34:14.404709+00:00,64060288,43661808,4194300,50324,113491,1787353,117999,0,0,0,0,0,0
2026-09-26T15:34:15.405894+00:00,64060288,43666868,4194300,50324,113491,1787353,117999,0,0,0,0,0,0
2026-09-26T15:34:16.407070+00:00,64060288,43681216,4194300,50324,113491,1787353,117999,0,0,0,0,0,0
2026-09-26T15:34:17.407968+00:00,64060288,43673420,4194300,50324,113491,1787353,117999,0,0,0,0,0,0
2026-09-26T15:34:18.408825+00:00,64060288,43692864,4194300,50324,113491,1787353,117999,0,0,0,0,0,0
2026-09-26T15:34:19.409665+00:00,64060288,43700600,4194300,50324,113491,1787353,117999,0,0,0,0,0,0
2026-09-26T15:34:20.410450+00:00,64060288,43704268,4194300,50324,113491,1787353,117999,0,0,0,0,0,0
2026-09-26T15:34:21.411251+00:00,64060288,43702296,4194300,50324,113491,1787353,117999,0,0,0,0,0,0
2026-09-26T15:34:22.412056+00:00,64060288,43706184,4194300,50324,113491,1787353,117999,0,0,0,0,0,0
2026-09-26T15:34:23.412939+00:00,64060288,43723176,4194300,50324,113491,1787353,117999,0,0,0,0,0,0
2026-09-26T15:34:24.413811+00:00,64060288,43712080,4194300,50324,113491,1787353,117999,0,0,0,0,0,0
2026-09-26T15:34:25.414688+00:00,64060288,43716856,4194300,50324,113491,1787353,117999,0,0,0,0,0,0
2026-09-26T15:34:26.415549+00:00,64060288,43717500,4194300,50324,113491,1787353,117999,0,0,0,0,0,0
2026-09-26T15:34:27.416425+00:00,64060288,43721904,4194300,50324,113491,1787353,117999,0,0,0,0,0,0
2026-09-26T15:34:28.417296+00:00,64060288,43718992,4194300,50324,113491,1787353,117999,0,0,0,0,0,0
2026-09-26T15:34:29.418173+00:00,64060288,43707928,4194300,50324,113491,1787353,117999,0,0,0,0,0,0
2026-09-26T15:34:30.418965+00:00,64060288,43711332,4194300,50324,113491,1787353,117999,0,0,0,0,0,0
2026-09-26T15:34:31.419741+00:00,64060288,43707028,4194300,50324,113491,1787353,117999,0,0,0,0,0,0
2026-09-26T15:34:32.420538+00:00,64060288,43708952,4194300,50324,113491,1787353,117999,0,0,0,0,0,0
2026-09-26T15:34:33.421414+00:00,64060288,43706320,4194300,50324,113491,1787353,117999,0,0,0,0,0,0
2026-09-26T15:34:34.422285+00:00,64060288,43701404,4194300,50324,113491,1787353,117999,0,0,0,0,0,0
2026-09-26T15:34:35.423138+00:00,64060288,43706816,4194300,50324,113491,1787353,117999,0,0,0,0,0,0
2026-09-26T15:34:36.424006+00:00,64060288,43703360,4194300,50324,113491,1787353,117999,0,0,0,0,0,0
2026-09-26T15:34:37.424880+00:00,64060288,43708112,4194300,50324,113491,1787353,117999,0,0,0,0,0,0
2026-09-26T15:34:38.425751+00:00,64060288,43693392,4194300,50324,113491,1787353,117999,0,0,0,0,0,0
2026-09-26T15:34:39.426591+00:00,64060288,43691812,4194300,50324,113491,1787353,117999,0,0,0,0,0,0
2026-09-26T15:34:40.427424+00:00,64060288,43676884,4194300,50324,113491,1787353,117999,0,0,0,0,0,0
2026-09-26T15:34:41.428211+00:00,64060288,43693116,4194300,50324,113491,1787353,117999,0,0,0,0,0,0
2026-09-26T15:34:42.429074+00:00,64060288,43692528,4194300,50324,113491,1787353,117999,0,0,0,0,0,0
2026-09-26T15:34:43.429972+00:00,64060288,43693584,4194300,50324,113491,1787353,117999,0,0,0,0,0,0
2026-09-26T15:34:44.430863+00:00,64060288,43712260,4194300,50324,113491,1787353,117999,0,0,0,0,0,0
2026-09-26T15:34:45.431735+00:00,64060288,43714792,4194300,50324,113491,1787353,117999,0,0,0,0,0,0
2026-09-26T15:34:46.432607+00:00,64060288,43694656,4194300,50324,113492,1787353,118000,0,0,0,0,0,0
2026-09-26T15:34:47.433470+00:00,64060288,43678576,4194300,50324,113492,1787353,118000,0,0,0,0,0,0
2026-09-26T15:34:48.434347+00:00,64060288,43682960,4194300,50324,113492,1787353,118000,0,0,0,0,0,0
2026-09-26T15:34:49.435234+00:00,64060288,43691624,4194300,50324,113492,1787353,118000,0,0,0,0,0,0
2026-09-26T15:34:50.436100+00:00,64060288,43701640,4194300,50324,113492,1787353,118000,0,0,0,0,0,0
2026-09-26T15:34:51.436911+00:00,64060288,43694140,4194300,50324,113492,1787353,118000,0,0,0,0,0,0
2026-09-26T15:34:52.437714+00:00,64060288,43664200,4194300,50324,113492,1787353,118000,0,0,0,0,0,0
2026-09-26T15:34:53.438574+00:00,64060288,43670236,4194300,50324,113492,1787353,118000,0,0,0,0,0,0
2026-09-26T15:34:54.439432+00:00,64060288,43680732,4194300,50324,113492,1787353,118000,0,0,0,0,0,0
2026-09-26T15:34:55.440312+00:00,64060288,43675892,4194300,50324,113492,1787353,118000,0,0,0,0,0,0
2026-09-26T15:34:56.441203+00:00,64060288,43677156,4194300,50324,113492,1787353,118000,0,0,0,0,0,0
2026-09-26T15:34:57.442070+00:00,64060288,43671812,4194300,50324,113492,1787353,118000,0,0,0,0,0,0
2026-09-26T15:34:58.442960+00:00,64060288,43686564,4194300,50324,113492,1787353,118000,0,0,0,0,0,0
2026-09-26T15:34:59.443857+00:00,64060288,43686532,4194300,50324,113493,1787353,118001,0,0,0,0,0,0
2026-09-26T15:35:00.444723+00:00,64060288,43687012,4194300,50324,113493,1787353,118001,0,0,0,0,0,0
2026-09-26T15:35:01.445479+00:00,64060288,43683608,4194300,50324,113493,1787353,118001,0,0,0,0,0,0
2026-09-26T15:35:02.446249+00:00,64060288,43690160,4194300,50324,113493,1787353,118001,0,0,0,0,0,0
2026-09-26T15:35:03.447025+00:00,64060288,43694228,4194300,50324,113493,1787353,118001,0,0,0,0,0,0
2026-09-26T15:35:04.447916+00:00,64060288,43692672,4194300,50324,113493,1787353,118001,0,0,0,0,0,0
2026-09-26T15:35:05.448801+00:00,64060288,43658448,4194300,50324,113493,1787353,118001,0,0,0,0,0,0
2026-09-26T15:35:06.449657+00:00,64060288,43632036,4194300,50324,113493,1787353,118001,0,0,0,0,0,0
2026-09-26T15:35:07.450521+00:00,64060288,43646748,4194300,50324,113493,1787353,118001,0,0,0,0,0,0
2026-09-26T15:35:08.451486+00:00,64060288,43664844,4194300,50324,113493,1787353,118001,0,0,0,0,0,0
2026-09-26T15:35:09.452322+00:00,64060288,43681328,4194300,50324,113493,1787353,118001,0,0,0,0,0,0
2026-09-26T15:35:10.453171+00:00,64060288,43683536,4194300,50324,113493,1787353,118001,0,0,0,0,0,0
2026-09-26T15:35:11.453959+00:00,64060288,43693540,4194300,50324,113493,1787353,118001,0,0,0,0,0,0
2026-09-26T15:35:12.454687+00:00,64060288,43690724,4194300,50324,113493,1787353,118001,0,0,0,0,0,0
2026-09-26T15:35:13.455456+00:00,64060288,43665680,4194300,50324,113493,1787353,118001,0,0,0,0,0,0
2026-09-26T15:35:14.456331+00:00,64060288,43677628,4194300,50324,113493,1787353,118001,0,0,0,0,0,0
2026-09-26T15:35:15.457208+00:00,64060288,43686544,4194300,50324,113493,1787353,118001,0,0,0,0,0,0
2026-09-26T15:35:16.458072+00:00,64060288,43662140,4194300,50324,113493,1787353,118001,0,0,0,0,0,0
2026-09-26T15:35:17.458968+00:00,64060288,43672572,4194300,50324,113493,1787353,118001,0,0,0,0,0,0
2026-09-26T15:35:18.459854+00:00,64060288,43639992,4194300,50324,113493,1787353,118001,0,0,0,0,0,0
2026-09-26T15:35:19.460731+00:00,64060288,43673712,4194300,50324,113493,1787353,118001,0,0,0,0,0,0
2026-09-26T15:35:20.461608+00:00,64060288,43662716,4194300,50324,113493,1787353,118001,0,0,0,0,0,0
2026-09-26T15:35:21.462380+00:00,64060288,43652504,4194300,50324,113493,1787353,118001,0,0,0,0,0,0
2026-09-26T15:35:22.463156+00:00,64060288,43652040,4194300,50324,113493,1787353,118001,0,0,0,0,0,0
2026-09-26T15:35:23.463973+00:00,64060288,43661212,4194300,50324,113493,1787353,118001,0,0,0,0,0,0
2026-09-26T15:35:24.464855+00:00,64060288,43665228,4194300,50324,113493,1787353,118001,0,0,0,0,0,0
2026-09-26T15:35:25.465720+00:00,64060288,43668872,4194300,50324,113493,1787353,118001,0,0,0,0,0,0
2026-09-26T15:35:26.466603+00:00,64060288,43686576,4194300,50324,113493,1787353,118001,0,0,0,0,0,0
2026-09-26T15:35:27.467451+00:00,64060288,43685984,4194300,50324,113493,1787353,118001,0,0,0,0,0,0
2026-09-26T15:35:28.468332+00:00,64060288,43691192,4194300,50324,113493,1787353,118001,0,0,0,0,0,0
2026-09-26T15:35:29.469218+00:00,64060288,43691976,4194300,50324,113493,1787353,118001,0,0,0,0,0,0
2026-09-26T15:35:30.470061+00:00,64060288,43690636,4194300,50324,113493,1787353,118001,0,0,0,0,0,0
2026-09-26T15:35:31.470900+00:00,64060288,43669136,4194300,50324,113493,1787353,118001,0,0,0,0,0,0
2026-09-26T15:35:32.471649+00:00,64060288,43676412,4194300,50324,113493,1787353,118001,0,0,0,0,0,0
2026-09-26T15:35:33.472452+00:00,64060288,43672936,4194300,50324,113493,1787353,118001,0,0,0,0,0,0
2026-09-26T15:35:34.473326+00:00,64060288,43642120,4194300,50324,113493,1787353,118001,0,0,0,0,0,0
2026-09-26T15:35:35.474207+00:00,64060288,43661580,4194300,50324,113493,1787353,118001,0,0,0,0,0,0
2026-09-26T15:35:36.475062+00:00,64060288,43672272,4194300,50324,113493,1787353,118001,0,0,0,0,0,0
2026-09-26T15:35:37.475915+00:00,64060288,43651984,4194300,50324,113493,1787353,118001,0,0,0,0,0,0
2026-09-26T15:35:38.476774+00:00,64060288,43674472,4194300,50324,113493,1787353,118001,0,0,0,0,0,0
2026-09-26T15:35:39.477624+00:00,64060288,43692304,4194300,50324,113493,1787353,118001,0,0,0,0,0,0
2026-09-26T15:35:40.479010+00:00,64060288,43688332,4194300,50324,113493,1787353,118001,0,0,0,0,0,0
2026-09-26T15:35:41.480085+00:00,64060288,43691860,4194300,50324,113493,1787353,118001,0,0,0,0,0,0
2026-09-26T15:35:42.480859+00:00,64060288,43687596,4194300,50324,113493,1787353,118001,0,0,0,0,0,0
2026-09-26T15:35:43.481622+00:00,64060288,43675596,4194300,50324,113493,1787353,118004,0,0,0,0,0,0
2026-09-26T15:35:44.482334+00:00,64060288,43685608,4194300,50324,113493,1787353,118004,0,0,0,0,0,0
2026-09-26T15:35:45.483211+00:00,64060288,43681072,4194300,50384,113493,1787368,118004,0,0,0,0,0,0
2026-09-26T15:35:46.484065+00:00,64060288,43673180,4194300,50388,113493,1787369,118004,0,0,0,0,0,0
2026-09-26T15:35:47.484964+00:00,64060288,43681576,4194300,50388,113493,1787369,118004,0,0,0,0,0,0
2026-09-26T15:35:48.485852+00:00,64060288,43678480,4194300,50388,113493,1787369,118004,0,0,0,0,0,0
2026-09-26T15:35:49.486742+00:00,64060288,43669796,4194300,50388,113494,1787369,118006,0,0,0,0,0,0
2026-09-26T15:35:50.487611+00:00,64060288,43673016,4194300,50388,113494,1787369,118006,0,0,0,0,0,0
2026-09-26T15:35:51.488441+00:00,64060288,43676544,4194300,50388,113494,1787369,118006,0,0,0,0,0,0
2026-09-26T15:35:52.489223+00:00,64060288,43680008,4194300,50392,113494,1787370,118006,0,0,0,0,0,0
2026-09-26T15:35:53.490021+00:00,64060288,43672880,4194300,50392,113494,1787370,118006,0,0,0,0,0,0
2026-09-26T15:35:54.490841+00:00,64060288,43677296,4194300,50392,113494,1787370,118006,0,0,0,0,0,0
2026-09-26T15:35:55.491716+00:00,64060288,43670048,4194300,50392,113494,1787370,118006,0,0,0,0,0,0
2026-09-26T15:35:56.492589+00:00,64060288,43684140,4194300,50392,113494,1787370,118006,0,0,0,0,0,0
2026-09-26T15:35:57.493432+00:00,64060288,43680668,4194300,50392,113494,1787370,118006,0,0,0,0,0,0
2026-09-26T15:35:58.494298+00:00,64060288,43685116,4194300,50396,113494,1787371,118006,0,0,0,0,0,0
2026-09-26T15:35:59.495155+00:00,64060288,43891020,4194300,50396,113494,1787371,118044,0,0,0,0,0,0
2026-09-26T15:36:00.495972+00:00,64060288,43882320,4194300,50392,113494,1787371,118044,0,0,0,0,0,0
2026-09-26T15:36:01.496833+00:00,64060288,43864384,4194300,50392,113494,1787371,118044,0,0,0,0,0,0
2026-09-26T15:36:02.497735+00:00,64060288,43883088,4194300,50392,113494,1787371,118044,0,0,0,0,0,0
2026-09-26T15:36:03.498523+00:00,64060288,43842944,4194300,50392,113494,1787371,118044,0,0,0,0,0,0
2026-09-26T15:36:04.499289+00:00,64060288,43838344,4194300,50392,113494,1787371,118044,0,0,0,0,0,0
2026-09-26T15:36:05.500190+00:00,64060288,43856748,4194300,50392,113494,1787371,118044,0,0,0,0,0,0
2026-09-26T15:36:06.501055+00:00,64060288,43863108,4194300,50392,113494,1787371,118044,0,0,0,0,0,0
2026-09-26T15:36:07.501943+00:00,64060288,43856252,4194300,50392,113494,1787371,118044,0,0,0,0,0,0
2026-09-26T15:36:08.502923+00:00,64060288,43892196,4194300,50392,113494,1787371,118044,0,0,0,0,0,0
2026-09-26T15:36:09.503818+00:00,64060288,43893344,4194300,50392,113494,1787371,118044,0,0,0,0,0,0
2026-09-26T15:36:10.504680+00:00,64060288,43887908,4194300,50392,113494,1787371,118044,0,0,0,0,0,0
2026-09-26T15:36:11.505533+00:00,64060288,43888512,4194300,50392,113494,1787371,118044,0,0,0,0,0,0
2026-09-26T15:36:12.506391+00:00,64060288,43893584,4194300,50392,113494,1787371,118044,0,0,0,0,0,0
2026-09-26T15:36:13.507171+00:00,64060288,43881400,4194300,50392,113494,1787371,118044,0,0,0,0,0,0
2026-09-26T15:36:14.507975+00:00,64060288,43879320,4194300,50392,113494,1787371,118044,0,0,0,0,0,0
2026-09-26T15:36:15.508850+00:00,64060288,43880460,4194300,50392,113494,1787371,118044,0,0,0,0,0,0
2026-09-26T15:36:16.509726+00:00,64060288,43828640,4194300,50392,113495,1787371,118045,0,0,0,0,0,0
2026-09-26T15:36:17.510599+00:00,64060288,43858632,4194300,50392,113495,1787371,118045,0,0,0,0,0,0
2026-09-26T15:36:18.511450+00:00,64060288,43857468,4194300,50392,113495,1787371,118045,0,0,0,0,0,0
2026-09-26T15:36:19.512302+00:00,64060288,43875540,4194300,50392,113495,1787371,118045,0,0,0,0,0,0
2026-09-26T15:36:20.513176+00:00,64060288,43872620,4194300,50392,113495,1787371,118045,0,0,0,0,0,0
2026-09-26T15:36:21.514051+00:00,64060288,43874180,4194300,50392,113495,1787371,118045,0,0,0,0,0,0
2026-09-26T15:36:22.514913+00:00,64060288,43862216,4194300,50392,113495,1787371,118045,0,0,0,0,0,0
2026-09-26T15:36:23.515690+00:00,64060288,43866684,4194300,50392,113495,1787371,118045,0,0,0,0,0,0
2026-09-26T15:36:24.516471+00:00,64060288,43847436,4194300,50392,113495,1787371,118045,0,0,0,0,0,0
2026-09-26T15:36:25.517273+00:00,64060288,43863988,4194300,50392,113495,1787371,118045,0,0,0,0,0,0
2026-09-26T15:36:26.518153+00:00,64060288,43857992,4194300,50392,113495,1787371,118045,0,0,0,0,0,0
2026-09-26T15:36:27.519038+00:00,64060288,43872460,4194300,50392,113495,1787371,118045,0,0,0,0,0,0
2026-09-26T15:36:28.519923+00:00,64060288,43854272,4194300,50392,113495,1787371,118045,0,0,0,0,0,0
2026-09-26T15:36:29.520806+00:00,64060288,43857916,4194300,50392,113495,1787371,118045,0,0,0,0,0,0
2026-09-26T15:36:30.521658+00:00,64060288,43856984,4194300,50392,113495,1787371,118045,0,0,0,0,0,0
2026-09-26T15:36:31.522520+00:00,64060288,43823560,4194300,50392,113495,1787371,118045,0,0,0,0,0,0
2026-09-26T15:36:32.523427+00:00,64060288,43823052,4194300,50392,113495,1787371,118045,0,0,0,0,0,0
2026-09-26T15:36:33.524254+00:00,64060288,43789916,4194300,50392,113495,1787371,118045,0,0,0,0,0,0
2026-09-26T15:36:34.525080+00:00,64060288,43776708,4194300,50392,113495,1787371,118045,0,0,0,0,0,0
2026-09-26T15:36:35.525876+00:00,64060288,43790688,4194300,50392,113495,1787371,118049,0,0,0,0,0,0
2026-09-26T15:36:36.526746+00:00,64060288,43803012,4194300,50392,113495,1787371,118049,0,0,0,0,0,0
2026-09-26T15:36:37.527626+00:00,64060288,43828952,4194300,50392,113495,1787371,118049,0,0,0,0,0,0
2026-09-26T15:36:38.528484+00:00,64060288,43833812,4194300,50392,113495,1787371,118049,0,0,0,0,0,0
2026-09-26T15:36:39.529350+00:00,64060288,43849548,4194300,50392,113495,1787371,118049,0,0,0,0,0,0
2026-09-26T15:36:40.530225+00:00,64060288,43856944,4194300,50392,113495,1787371,118049,0,0,0,0,0,0
2026-09-26T15:36:41.531120+00:00,64060288,43861660,4194300,50392,113495,1787371,118049,0,0,0,0,0,0
2026-09-26T15:36:42.532005+00:00,64060288,43839176,4194300,50392,113495,1787371,118049,0,0,0,0,0,0
2026-09-26T15:36:43.532861+00:00,64060288,43844356,4194300,50392,113495,1787371,118049,0,0,0,0,0,0
2026-09-26T15:36:44.533624+00:00,64060288,43876380,4194300,50392,113495,1787371,118049,0,0,0,0,0,0
2026-09-26T15:36:45.534362+00:00,64060288,43847720,4194300,50392,113495,1787371,118049,0,0,0,0,0,0
2026-09-26T15:36:46.535201+00:00,64060288,43845564,4194300,50392,113495,1787371,118049,0,0,0,0,0,0
2026-09-26T15:36:47.536075+00:00,64060288,43825012,4194300,50392,113495,1787371,118050,0,0,0,0,0,0
2026-09-26T15:36:48.536966+00:00,64060288,43843472,4194300,50392,113495,1787371,118050,0,0,0,0,0,0
2026-09-26T15:36:49.537849+00:00,64060288,43846792,4194300,50392,113495,1787371,118050,0,0,0,0,0,0
2026-09-26T15:36:50.538741+00:00,64060288,43852688,4194300,50392,113495,1787371,118050,0,0,0,0,0,0
2026-09-26T15:36:51.539620+00:00,64060288,43863032,4194300,50392,113495,1787371,118050,0,0,0,0,0,0
2026-09-26T15:36:52.540492+00:00,64060288,43854900,4194300,50392,113495,1787371,118050,0,0,0,0,0,0
2026-09-26T15:36:53.541374+00:00,64060288,43850876,4194300,50392,113495,1787371,118050,0,0,0,0,0,0
2026-09-26T15:36:54.542175+00:00,64060288,43863000,4194300,50392,113495,1787371,118050,0,0,0,0,0,0
2026-09-26T15:36:55.542972+00:00,64060288,43856480,4194300,50392,113495,1787371,118050,0,0,0,0,0,0
2026-09-26T15:36:56.543736+00:00,64060288,43859668,4194300,50392,113495,1787371,118050,0,0,0,0,0,0
2026-09-26T15:36:57.544620+00:00,64060288,43823176,4194300,50392,113495,1787371,118050,0,0,0,0,0,0
2026-09-26T15:36:58.545489+00:00,64060288,43829788,4194300,50392,113495,1787371,118050,0,0,0,0,0,0
2026-09-26T15:36:59.546366+00:00,64060288,43823340,4194300,50392,113495,1787371,118050,0,0,0,0,0,0
2026-09-26T15:37:00.547228+00:00,64060288,43832688,4194300,50392,113495,1787371,118050,0,0,0,0,0,0
2026-09-26T15:37:01.548105+00:00,64060288,43849660,4194300,50392,113495,1787371,118050,0,0,0,0,0,0
2026-09-26T15:37:02.548983+00:00,64060288,43851536,4194300,50392,113495,1787371,118050,0,0,0,0,0,0
2026-09-26T15:37:03.549867+00:00,64060288,43851660,4194300,50392,113495,1787371,118050,0,0,0,0,0,0
2026-09-26T15:37:04.550718+00:00,64060288,43840064,4194300,50392,113495,1787371,118050,0,0,0,0,0,0
2026-09-26T15:37:05.551418+00:00,64060288,43853940,4194300,50392,113495,1787371,118050,0,0,0,0,0,0
2026-09-26T15:37:06.552200+00:00,64060288,43852472,4194300,50392,113495,1787371,118050,0,0,0,0,0,0
2026-09-26T15:37:07.553064+00:00,64060288,43845984,4194300,50392,113495,1787371,118050,0,0,0,0,0,0
2026-09-26T15:37:08.553937+00:00,64060288,43845524,4194300,50392,113495,1787371,118050,0,0,0,0,0,0
2026-09-26T15:37:09.554833+00:00,64060288,43828112,4194300,50392,113495,1787371,118050,0,0,0,0,0,0
2026-09-26T15:37:10.555688+00:00,64060288,43818072,4194300,50392,113495,1787371,118050,0,0,0,0,0,0
2026-09-26T15:37:11.556546+00:00,64060288,43819696,4194300,50392,113495,1787371,118050,0,0,0,0,0,0
2026-09-26T15:37:12.557394+00:00,64060288,43807360,4194300,50392,113495,1787371,118050,0,0,0,0,0,0
2026-09-26T15:37:13.558251+00:00,64060288,43831256,4194300,50392,113495,1787371,118050,0,0,0,0,0,0
2026-09-26T15:37:14.559110+00:00,64060288,43829740,4194300,50392,113495,1787371,118050,0,0,0,0,0,0
2026-09-26T15:37:15.559911+00:00,64060288,43838540,4194300,50392,113495,1787371,118050,0,0,0,0,0,0
2026-09-26T15:37:16.560706+00:00,64060288,43829500,4194300,50392,113495,1787371,118050,0,0,0,0,0,0
2026-09-26T15:37:17.561471+00:00,64060288,43815860,4194300,50392,113495,1787371,118050,0,0,0,0,0,0
2026-09-26T15:37:18.562332+00:00,64060288,43816724,4194300,50392,113495,1787371,118050,0,0,0,0,0,0
2026-09-26T15:37:19.563214+00:00,64060288,43799160,4194300,50392,113495,1787371,118050,0,0,0,0,0,0
2026-09-26T15:37:20.564080+00:00,64060288,43794248,4194300,50392,113495,1787371,118050,0,0,0,0,0,0
2026-09-26T15:37:21.564949+00:00,64060288,43804988,4194300,50392,113495,1787371,118050,0,0,0,0,0,0
2026-09-26T15:37:22.565816+00:00,64060288,43814020,4194300,50392,113495,1787371,118050,0,0,0,0,0,0
2026-09-26T15:37:23.566646+00:00,64060288,43813480,4194300,50392,113495,1787371,118050,0,0,0,0,0,0
2026-09-26T15:37:24.567491+00:00,64060288,43812676,4194300,50392,113495,1787371,118050,0,0,0,0,0,0
2026-09-26T15:37:25.568334+00:00,64060288,43808980,4194300,50392,113495,1787371,118050,0,0,0,0,0,0
2026-09-26T15:37:26.569117+00:00,64060288,43810088,4194300,50392,113495,1787371,118050,0,0,0,0,0,0
2026-09-26T15:37:27.569877+00:00,64060288,43811660,4194300,50392,113495,1787371,118050,0,0,0,0,0,0
2026-09-26T15:37:28.570782+00:00,64060288,43817044,4194300,50392,113495,1787371,118050,0,0,0,0,0,0
2026-09-26T15:37:29.571631+00:00,64060288,43823004,4194300,50392,113495,1787371,118050,0,0,0,0,0,0
2026-09-26T15:37:30.572486+00:00,64060288,43815468,4194300,50392,113495,1787371,118050,0,0,0,0,0,0
2026-09-26T15:37:31.573369+00:00,64060288,43821196,4194300,50392,113495,1787371,118050,0,0,0,0,0,0
2026-09-26T15:37:32.574240+00:00,64060288,43816772,4194300,50392,113495,1787371,118050,0,0,0,0,0,0
2026-09-26T15:37:33.575128+00:00,64060288,43807056,4194300,50392,113495,1787371,118050,0,0,0,0,0,0
2026-09-26T15:37:34.576005+00:00,64060288,43806480,4194300,50392,113495,1787371,118050,0,0,0,0,0,0
2026-09-26T15:37:35.576887+00:00,64060288,43818500,4194300,50392,113495,1787371,118050,0,0,0,0,0,0
2026-09-26T15:37:36.577646+00:00,64060288,43818020,4194300,50392,113495,1787371,118050,0,0,0,0,0,0
2026-09-26T15:37:37.578392+00:00,64060288,43791148,4194300,50392,113495,1787371,118050,0,0,0,0,0,0
2026-09-26T15:37:38.579152+00:00,64060288,43790020,4194300,50392,113495,1787371,118050,0,0,0,0,0,0
2026-09-26T15:37:39.580018+00:00,64060288,43788184,4194300,50392,113495,1787371,118050,0,0,0,0,0,0
2026-09-26T15:37:40.580896+00:00,64060288,43779232,4194300,50392,113495,1787371,118050,0,0,0,0,0,0
2026-09-26T15:37:41.581774+00:00,64060288,43796868,4194300,50392,113495,1787371,118050,0,0,0,0,0,0
2026-09-26T15:37:42.582639+00:00,64060288,43795408,4194300,50392,113495,1787371,118050,0,0,0,0,0,0
2026-09-26T15:37:43.583498+00:00,64060288,43806924,4194300,50392,113495,1787371,118050,0,0,0,0,0,0
2026-09-26T15:37:44.584341+00:00,64060288,43808084,4194300,50392,113495,1787371,118050,0,0,0,0,0,0
2026-09-26T15:37:45.585227+00:00,64060288,43809724,4194300,50392,113495,1787371,118050,0,0,0,0,0,0
2026-09-26T15:37:46.585989+00:00,64060288,43795180,4194300,50392,113495,1787371,118050,0,0,0,0,0,0
2026-09-26T15:37:47.586730+00:00,64060288,43781448,4194300,50392,113495,1787371,118050,0,0,0,0,0,0
2026-09-26T15:37:48.587499+00:00,64060288,43796348,4194300,50392,113495,1787371,118050,0,0,0,0,0,0
2026-09-26T15:37:49.588365+00:00,64060288,43795008,4194300,50392,113495,1787371,118050,0,0,0,0,0,0
2026-09-26T15:37:50.589247+00:00,64060288,43790484,4194300,50392,113495,1787371,118050,0,0,0,0,0,0
2026-09-26T15:37:51.590137+00:00,64060288,43791356,4194300,50392,113495,1787371,118050,0,0,0,0,0,0
2026-09-26T15:37:52.591036+00:00,64060288,43799520,4194300,50392,113495,1787371,118050,0,0,0,0,0,0
2026-09-26T15:37:53.591919+00:00,64060288,43786404,4194300,50392,113495,1787371,118050,0,0,0,0,0,0
2026-09-26T15:37:54.592793+00:00,64060288,43770912,4194300,50392,113495,1787371,118050,0,0,0,0,0,0
2026-09-26T15:37:55.593668+00:00,64060288,43742812,4194300,50392,113495,1787371,118050,0,0,0,0,0,0
2026-09-26T15:37:56.594533+00:00,64060288,43742828,4194300,50392,113495,1787371,118050,0,0,0,0,0,0
2026-09-26T15:37:57.595477+00:00,64060288,43768040,4194300,50392,113495,1787371,118050,0,0,0,0,0,0
2026-09-26T15:37:58.596283+00:00,64060288,43783824,4194300,50392,113495,1787371,118050,0,0,0,0,0,0
2026-09-26T15:37:59.597093+00:00,64060288,43795160,4194300,50392,113495,1787371,118050,0,0,0,0,0,0
2026-09-26T15:38:00.597979+00:00,64060288,43793452,4194300,50392,113495,1787371,118050,0,0,0,0,0,0
2026-09-26T15:38:01.598853+00:00,64060288,43795928,4194300,50392,113495,1787371,118050,0,0,0,0,0,0
2026-09-26T15:38:02.599711+00:00,64060288,43791572,4194300,50392,113495,1787371,118050,0,0,0,0,0,0
2026-09-26T15:38:03.600598+00:00,64060288,43799356,4194300,50392,113495,1787371,118050,0,0,0,0,0,0
2026-09-26T15:38:04.601468+00:00,64060288,43800828,4194300,50392,113495,1787371,118050,0,0,0,0,0,0
2026-09-26T15:38:05.602359+00:00,64060288,43805384,4194300,50392,113495,1787371,118050,0,0,0,0,0,0
2026-09-26T15:38:06.603249+00:00,64060288,43797736,4194300,50392,113495,1787371,118050,0,0,0,0,0,0
2026-09-26T15:38:07.604030+00:00,64060288,43788864,4194300,50392,113495,1787371,118050,0,0,0,0,0,0
2026-09-26T15:38:08.604804+00:00,64060288,43785020,4194300,50392,113495,1787371,118050,0,0,0,0,0,0
2026-09-26T15:38:09.611127+00:00,64060288,43776160,4194300,50392,113495,1787371,118050,0,0,0,0,0,0
2026-09-26T15:38:10.612014+00:00,64060288,43778132,4194300,50392,113495,1787371,118050,0,0,0,0,0,0
2026-09-26T15:38:11.612864+00:00,64060288,43776356,4194300,50392,113495,1787371,118050,0,0,0,0,0,0
2026-09-26T15:38:12.613715+00:00,64060288,43776580,4194300,50392,113495,1787371,118050,0,0,0,0,0,0
2026-09-26T15:38:13.614559+00:00,64060288,43792988,4194300,50392,113495,1787371,118050,0,0,0,0,0,0
2026-09-26T15:38:14.615440+00:00,64060288,43773188,4194300,50392,113495,1787371,118050,0,0,0,0,0,0
2026-09-26T15:38:15.616325+00:00,64060288,43792976,4194300,50392,113495,1787371,118050,0,0,0,0,0,0
2026-09-26T15:38:16.617221+00:00,64060288,43784572,4194300,50392,113495,1787371,118050,0,0,0,0,0,0
2026-09-26T15:38:17.618121+00:00,64060288,43782624,4194300,50392,113495,1787371,118050,0,0,0,0,0,0
2026-09-26T15:38:18.618896+00:00,64060288,43780200,4194300,50392,113495,1787371,118050,0,0,0,0,0,0
2026-09-26T15:38:19.619679+00:00,64060288,43760712,4194300,50392,113495,1787371,118050,0,0,0,0,0,0
2026-09-26T15:38:20.620445+00:00,64060288,43762608,4194300,50392,113495,1787371,118050,0,0,0,0,0,0
2026-09-26T15:38:21.621328+00:00,64060288,43775284,4194300,50392,113495,1787371,118050,0,0,0,0,0,0
2026-09-26T15:38:22.622225+00:00,64060288,43785316,4194300,50392,113495,1787371,118050,0,0,0,0,0,0
2026-09-26T15:38:23.623115+00:00,64060288,43784112,4194300,50392,113495,1787371,118081,0,0,0,0,0,0
2026-09-26T15:38:24.624000+00:00,64060288,43741424,4194300,50392,113495,1787371,118104,0,0,0,0,0,0
2026-09-26T15:38:25.624862+00:00,64060288,43753484,4194300,50392,113495,1787371,118105,0,0,0,0,0,0
2026-09-26T15:38:26.625738+00:00,64060288,43736920,4194300,50392,113495,1787371,118105,0,0,0,0,0,0
2026-09-26T15:38:27.626614+00:00,64060288,43765224,4194300,50392,113495,1787371,118105,0,0,0,0,0,0
2026-09-26T15:38:28.627355+00:00,64060288,43759804,4194300,50392,113495,1787371,118105,0,0,0,0,0,0
2026-09-26T15:38:29.628094+00:00,64060288,43756272,4194300,50392,113495,1787371,118105,0,0,0,0,0,0
2026-09-26T15:38:30.628890+00:00,64060288,43750260,4194300,50392,113495,1787371,118105,0,0,0,0,0,0
2026-09-26T15:38:31.629781+00:00,64060288,43760948,4194300,50392,113495,1787371,118105,0,0,0,0,0,0
2026-09-26T15:38:32.630647+00:00,64060288,43747556,4194300,50392,113495,1787371,118105,0,0,0,0,0,0
2026-09-26T15:38:33.631604+00:00,64060288,43763424,4194300,50392,113495,1787371,118105,0,0,0,0,0,0
2026-09-26T15:38:34.632462+00:00,64060288,43748556,4194300,50392,113495,1787371,118121,0,0,0,0,0,0
2026-09-26T15:38:35.633352+00:00,64060288,43750552,4194300,50392,113495,1787371,118122,0,0,0,0,0,0
2026-09-26T15:38:36.634257+00:00,64060288,43728148,4194300,50392,113495,1787371,118122,0,0,0,0,0,0
2026-09-26T15:38:37.635090+00:00,64060288,43697444,4194300,50392,113495,1787371,118122,0,0,0,0,0,0
2026-09-26T15:38:38.635948+00:00,64060288,43702568,4194300,50392,113495,1787371,118122,0,0,0,0,0,0
2026-09-26T15:38:39.636711+00:00,64060288,43734472,4194300,50392,113495,1787371,118122,0,0,0,0,0,0
2026-09-26T15:38:40.637447+00:00,64060288,43727404,4194300,50392,113495,1787371,118122,0,0,0,0,0,0
2026-09-26T15:38:41.638268+00:00,64060288,43737168,4194300,50392,113495,1787371,118123,0,0,0,0,0,0
2026-09-26T15:38:42.639162+00:00,64060288,43739632,4194300,50392,113495,1787371,118123,0,0,0,0,0,0
2026-09-26T15:38:43.640043+00:00,64060288,43748380,4194300,50392,113495,1787371,118123,0,0,0,0,0,0
2026-09-26T15:38:44.640918+00:00,64060288,43729336,4194300,50392,113495,1787371,118123,0,0,0,0,0,0
2026-09-26T15:38:45.641801+00:00,64060288,43743652,4194300,50392,113495,1787371,118123,0,0,0,0,0,0
2026-09-26T15:38:46.642668+00:00,64060288,43735536,4194300,50392,113496,1787371,118124,0,0,0,0,0,0
2026-09-26T15:38:47.643610+00:00,64060288,43734240,4194300,50392,113496,1787371,118124,0,0,0,0,0,0
2026-09-26T15:38:48.644474+00:00,64060288,43709368,4194300,50392,113496,1787371,118124,0,0,0,0,0,0
2026-09-26T15:38:49.645254+00:00,64060288,43712332,4194300,50392,113496,1787371,118124,0,0,0,0,0,0
2026-09-26T15:38:50.645996+00:00,64060288,43708100,4194300,50392,113496,1787371,118124,0,0,0,0,0,0
2026-09-26T15:38:51.646777+00:00,64060288,43703952,4194300,50392,113496,1787371,118124,0,0,0,0,0,0
2026-09-26T15:38:52.647648+00:00,64060288,43713896,4194300,50392,113496,1787371,118124,0,0,0,0,0,0
2026-09-26T15:38:53.648527+00:00,64060288,43716264,4194300,50392,113496,1787371,118124,0,0,0,0,0,0
2026-09-26T15:38:54.649404+00:00,64060288,43712664,4194300,50392,113496,1787371,118124,0,0,0,0,0,0
2026-09-26T15:38:55.650282+00:00,64060288,43732016,4194300,50392,113496,1787371,118124,0,0,0,0,0,0
2026-09-26T15:38:56.651174+00:00,64060288,43723648,4194300,50392,113496,1787371,118124,0,0,0,0,0,0
2026-09-26T15:38:57.652029+00:00,64060288,43731324,4194300,50392,113496,1787371,118124,0,0,0,0,0,0
2026-09-26T15:38:58.652902+00:00,64060288,43727600,4194300,50392,113496,1787371,118124,0,0,0,0,0,0
2026-09-26T15:38:59.653802+00:00,64060288,43735660,4194300,50392,113496,1787371,118124,0,0,0,0,0,0
2026-09-26T15:39:00.654572+00:00,64060288,43734156,4194300,50392,113496,1787371,118124,0,0,0,0,0,0
2026-09-26T15:39:01.655332+00:00,64060288,43725004,4194300,50392,113496,1787371,118124,0,0,0,0,0,0
2026-09-26T15:39:02.656124+00:00,64060288,43700116,4194300,50392,113496,1787371,118124,0,0,0,0,0,0
2026-09-26T15:39:03.657000+00:00,64060288,43703044,4194300,50392,113496,1787371,118124,0,0,0,0,0,0
2026-09-26T15:39:04.657881+00:00,64060288,43702104,4194300,50392,113496,1787371,118124,0,0,0,0,0,0
2026-09-26T15:39:05.658742+00:00,64060288,43701616,4194300,50392,113496,1787371,118124,0,0,0,0,0,0
2026-09-26T15:39:06.659599+00:00,64060288,43705732,4194300,50392,113496,1787371,118124,0,0,0,0,0,0
2026-09-26T15:39:07.660442+00:00,64060288,43715764,4194300,50392,113496,1787371,118124,0,0,0,0,0,0
2026-09-26T15:39:08.661304+00:00,64060288,43700068,4194300,50392,113496,1787371,118124,0,0,0,0,0,0
2026-09-26T15:39:09.662167+00:00,64060288,43720888,4194300,50392,113496,1787371,118124,0,0,0,0,0,0
2026-09-26T15:39:10.662993+00:00,64060288,43726996,4194300,50392,113496,1787371,118124,0,0,0,0,0,0
2026-09-26T15:39:11.663816+00:00,64060288,43725960,4194300,50392,113496,1787371,118124,0,0,0,0,0,0
2026-09-26T15:39:12.664597+00:00,64060288,43709420,4194300,50392,113496,1787371,118124,0,0,0,0,0,0
2026-09-26T15:39:13.665532+00:00,64060288,43730464,4194300,50392,113496,1787371,118124,0,0,0,0,0,0
2026-09-26T15:39:14.666405+00:00,64060288,43709268,4194300,50392,113496,1787371,118124,0,0,0,0,0,0
2026-09-26T15:39:15.667297+00:00,64060288,43731004,4194300,50392,113496,1787371,118124,0,0,0,0,0,0
2026-09-26T15:39:16.668194+00:00,64060288,43705416,4194300,50392,113496,1787371,118124,0,0,0,0,0,0
2026-09-26T15:39:17.669089+00:00,64060288,43696908,4194300,50392,113496,1787371,118124,0,0,0,0,0,0
2026-09-26T15:39:18.669951+00:00,64060288,43680324,4194300,50392,113496,1787371,118124,0,0,0,0,0,0
2026-09-26T15:39:19.670819+00:00,64060288,43692476,4194300,50392,113496,1787371,118124,0,0,0,0,0,0
2026-09-26T15:39:20.671648+00:00,64060288,43711428,4194300,50392,113496,1787371,118124,0,0,0,0,0,0
2026-09-26T15:39:21.672622+00:00,64060288,43705232,4194300,50392,113496,1787371,118124,0,0,0,0,0,0
2026-09-26T15:39:22.673414+00:00,64060288,43737144,4194300,50392,113496,1787371,118124,0,0,0,0,0,0
2026-09-26T15:39:23.674230+00:00,64060288,43726044,4194300,50392,113496,1787371,118124,0,0,0,0,0,0
2026-09-26T15:39:24.675111+00:00,64060288,43732308,4194300,50392,113496,1787371,118124,0,0,0,0,0,0
2026-09-26T15:39:25.676003+00:00,64060288,43721188,4194300,50392,113496,1787371,118124,0,0,0,0,0,0
2026-09-26T15:39:26.676887+00:00,64060288,43716388,4194300,50392,113496,1787371,118124,0,0,0,0,0,0
2026-09-26T15:39:27.677752+00:00,64060288,43715592,4194300,50392,113496,1787371,118124,0,0,0,0,0,0
2026-09-26T15:39:28.678639+00:00,64060288,43712076,4194300,50392,113496,1787371,118124,0,0,0,0,0,0
2026-09-26T15:39:29.679484+00:00,64060288,43723152,4194300,50392,113496,1787371,118124,0,0,0,0,0,0
2026-09-26T15:39:30.680374+00:00,64060288,43710380,4194300,50392,113496,1787371,118124,0,0,0,0,0,0
2026-09-26T15:39:31.681211+00:00,64060288,43697428,4194300,50392,113496,1787371,118124,0,0,0,0,0,0
2026-09-26T15:39:32.681997+00:00,64060288,43676668,4194300,50392,113496,1787371,118124,0,0,0,0,0,0
2026-09-26T15:39:33.682773+00:00,64060288,43688876,4194300,50392,113496,1787371,118124,0,0,0,0,0,0
2026-09-26T15:39:34.683643+00:00,64060288,43694496,4194300,50392,113496,1787371,118125,0,0,0,0,0,0
2026-09-26T15:39:35.684475+00:00,64060288,43691256,4194300,50392,113496,1787371,118125,0,0,0,0,0,0
2026-09-26T15:39:36.685345+00:00,64060288,43678944,4194300,50392,113496,1787371,118125,0,0,0,0,0,0
2026-09-26T15:39:37.686207+00:00,64060288,43663052,4194300,50392,113496,1787371,118125,0,0,0,0,0,0
2026-09-26T15:39:38.687066+00:00,64060288,43673776,4194300,50392,113496,1787371,118125,0,0,0,0,0,0
2026-09-26T15:39:39.687931+00:00,64060288,43695004,4194300,50392,113496,1787371,118125,0,0,0,0,0,0
2026-09-26T15:39:40.688791+00:00,64060288,43714920,4194300,50392,113496,1787371,118125,0,0,0,0,0,0
2026-09-26T15:39:41.689633+00:00,64060288,43729460,4194300,50392,113496,1787371,118125,0,0,0,0,0,0
2026-09-26T15:39:42.690382+00:00,64060288,43738852,4194300,50392,113496,1787371,118125,0,0,0,0,0,0
2026-09-26T15:39:43.691142+00:00,64060288,43725436,4194300,50392,113496,1787371,118125,0,0,0,0,0,0
2026-09-26T15:39:44.691950+00:00,64060288,43715764,4194300,50392,113496,1787371,118125,0,0,0,0,0,0
2026-09-26T15:39:45.692814+00:00,64060288,43705028,4194300,50392,113496,1787371,118125,0,0,0,0,0,0
2026-09-26T15:39:46.693645+00:00,64060288,43689300,4194300,50392,113496,1787371,118125,0,0,0,0,0,0
2026-09-26T15:39:47.694511+00:00,64060288,43675076,4194300,50392,113496,1787371,118125,0,0,0,0,0,0
2026-09-26T15:39:48.695387+00:00,64060288,43677432,4194300,50392,113496,1787371,118125,0,0,0,0,0,0
2026-09-26T15:39:49.696280+00:00,64060288,43684312,4194300,50392,113496,1787371,118125,0,0,0,0,0,0
2026-09-26T15:39:50.697151+00:00,64060288,43687448,4194300,50392,113496,1787371,118125,0,0,0,0,0,0
2026-09-26T15:39:51.698026+00:00,64060288,43674028,4194300,50392,113496,1787371,118125,0,0,0,0,0,0
2026-09-26T15:39:52.698905+00:00,64060288,43674040,4194300,50392,113496,1787371,118125,0,0,0,0,0,0
2026-09-26T15:39:53.699721+00:00,64060288,43681708,4194300,50392,113496,1787371,118125,0,0,0,0,0,0
2026-09-26T15:39:54.700483+00:00,64060288,43678472,4194300,50392,113496,1787371,118125,0,0,0,0,0,0
2026-09-26T15:39:55.701270+00:00,64060288,43669376,4194300,50392,113496,1787371,118125,0,0,0,0,0,0
2026-09-26T15:39:56.702158+00:00,64060288,43692764,4194300,50392,113496,1787371,118125,0,0,0,0,0,0
2026-09-26T15:39:57.703041+00:00,64060288,43706656,4194300,50392,113496,1787371,118125,0,0,0,0,0,0
2026-09-26T15:39:58.703932+00:00,64060288,43715224,4194300,50392,113496,1787371,118125,0,0,0,0,0,0
2026-09-26T15:39:59.704823+00:00,64060288,43695520,4194300,50392,113496,1787371,118125,0,0,0,0,0,0
2026-09-26T15:40:00.705682+00:00,64060288,43707132,4194300,50392,113496,1787371,118125,0,0,0,0,0,0
2026-09-26T15:40:01.706527+00:00,64060288,43700996,4194300,50392,113496,1787371,118125,0,0,0,0,0,0
2026-09-26T15:40:02.707419+00:00,64060288,43720832,4194300,50392,113496,1787371,118125,0,0,0,0,0,0
2026-09-26T15:40:03.708270+00:00,64060288,43723884,4194300,50392,113496,1787371,118125,0,0,0,0,0,0
2026-09-26T15:40:04.709035+00:00,64060288,43711152,4194300,50392,113496,1787371,118128,0,0,0,0,0,0
2026-09-26T15:40:05.709845+00:00,64060288,43726484,4194300,50392,113496,1787371,118128,0,0,0,0,0,0
2026-09-26T15:40:06.710635+00:00,64060288,43725820,4194300,50392,113496,1787371,118128,0,0,0,0,0,0
2026-09-26T15:40:07.711492+00:00,64060288,43730200,4194300,50392,113496,1787371,118128,0,0,0,0,0,0
2026-09-26T15:40:08.712327+00:00,64060288,43723644,4194300,50392,113496,1787371,118128,0,0,0,0,0,0
2026-09-26T15:40:09.713198+00:00,64060288,43723112,4194300,50392,113496,1787371,118128,0,0,0,0,0,0
2026-09-26T15:40:10.714048+00:00,64060288,43719528,4194300,50392,113496,1787371,118128,0,0,0,0,0,0
2026-09-26T15:40:11.714903+00:00,64060288,43707888,4194300,50392,113497,1787371,118129,0,0,0,0,0,0
2026-09-26T15:40:12.715762+00:00,64060288,43709928,4194300,50392,113497,1787371,118129,0,0,0,0,0,0
2026-09-26T15:40:13.716623+00:00,64060288,43714576,4194300,50392,113497,1787371,118129,0,0,0,0,0,0
2026-09-26T15:40:14.717451+00:00,64060288,43725384,4194300,50392,113497,1787371,118129,0,0,0,0,0,0
2026-09-26T15:40:15.718228+00:00,64060288,43728812,4194300,50392,113497,1787371,118129,0,0,0,0,0,0
2026-09-26T15:40:16.718939+00:00,64060288,43698464,4194300,50392,113497,1787371,118129,0,0,0,0,0,0
2026-09-26T15:40:17.719825+00:00,64060288,43717240,4194300,50392,113497,1787371,118129,0,0,0,0,0,0
2026-09-26T15:40:18.720711+00:00,64060288,43714280,4194300,50392,113497,1787371,118129,0,0,0,0,0,0
2026-09-26T15:40:19.721571+00:00,64060288,43706500,4194300,50392,113497,1787371,118129,0,0,0,0,0,0
2026-09-26T15:40:20.722447+00:00,64060288,43713864,4194300,50392,113497,1787371,118129,0,0,0,0,0,0
2026-09-26T15:40:21.723316+00:00,64060288,43708244,4194300,50392,113497,1787371,118129,0,0,0,0,0,0
2026-09-26T15:40:22.724407+00:00,64060288,43726856,4194300,50392,113497,1787371,118129,0,0,0,0,0,0
2026-09-26T15:40:23.725296+00:00,64060288,43724540,4194300,50392,113497,1787371,118129,0,0,0,0,0,0
2026-09-26T15:40:24.726174+00:00,64060288,43710812,4194300,50392,113497,1787371,118129,0,0,0,0,0,0
2026-09-26T15:40:25.726993+00:00,64060288,43715532,4194300,50392,113497,1787371,118129,0,0,0,0,0,0
2026-09-26T15:40:26.727794+00:00,64060288,43714724,4194300,50392,113497,1787371,118129,0,0,0,0,0,0
2026-09-26T15:40:27.728562+00:00,64060288,43682492,4194300,50392,113497,1787371,118129,0,0,0,0,0,0
2026-09-26T15:40:28.729419+00:00,64060288,43696668,4194300,50392,113497,1787371,118129,0,0,0,0,0,0
2026-09-26T15:40:29.730309+00:00,64060288,43671556,4194300,50392,113497,1787371,118129,0,0,0,0,0,0
2026-09-26T15:40:30.731200+00:00,64060288,43680048,4194300,50392,113497,1787371,118129,0,0,0,0,0,0
2026-09-26T15:40:31.732076+00:00,64060288,43680684,4194300,50392,113497,1787371,118129,0,0,0,0,0,0
2026-09-26T15:40:32.732980+00:00,64060288,43677640,4194300,50392,113497,1787371,118129,0,0,0,0,0,0
2026-09-26T15:40:33.733833+00:00,64060288,43692156,4194300,50392,113497,1787371,118129,0,0,0,0,0,0
2026-09-26T15:40:34.734715+00:00,64060288,43680196,4194300,50392,113497,1787371,118129,0,0,0,0,0,0
2026-09-26T15:40:35.735568+00:00,64060288,43678348,4194300,50392,113497,1787371,118129,0,0,0,0,0,0
2026-09-26T15:40:36.736335+00:00,64060288,43701856,4194300,50392,113497,1787371,118129,0,0,0,0,0,0
2026-09-26T15:40:37.737089+00:00,64060288,43708924,4194300,50392,113497,1787371,118129,0,0,0,0,0,0
2026-09-26T15:40:38.737930+00:00,64060288,43674952,4194300,50392,113497,1787371,118129,0,0,0,0,0,0
2026-09-26T15:40:39.738798+00:00,64060288,43673468,4194300,50392,113497,1787371,118129,0,0,0,0,0,0
2026-09-26T15:40:40.739672+00:00,64060288,43698712,4194300,50392,113497,1787371,118129,0,0,0,0,0,0
2026-09-26T15:40:41.740525+00:00,64060288,43674064,4194300,50392,113497,1787371,118129,0,0,0,0,0,0
2026-09-26T15:40:42.741419+00:00,64060288,43693612,4194300,50392,113497,1787371,118129,0,0,0,0,0,0
2026-09-26T15:40:43.742334+00:00,64060288,43696332,4194300,50392,113497,1787371,118129,0,0,0,0,0,0
2026-09-26T15:40:44.743228+00:00,64060288,43717428,4194300,50392,113497,1787371,118129,0,0,0,0,0,0
2026-09-26T15:40:45.744111+00:00,64060288,43723476,4194300,50392,113497,1787371,118129,0,0,0,0,0,0
2026-09-26T15:40:46.744997+00:00,64060288,43714036,4194300,50392,113497,1787371,118129,0,0,0,0,0,0
2026-09-26T15:40:47.745808+00:00,64060288,43714352,4194300,50392,113497,1787371,118129,0,0,0,0,0,0
2026-09-26T15:40:48.746487+00:00,64060288,43718716,4194300,50392,113497,1787371,118129,0,0,0,0,0,0
2026-09-26T15:40:49.747381+00:00,64060288,43723348,4194300,50392,113497,1787371,118129,0,0,0,0,0,0
2026-09-26T15:40:50.748252+00:00,64060288,43720088,4194300,50392,113497,1787371,118129,0,0,0,0,0,0
2026-09-26T15:40:51.749134+00:00,64060288,43710612,4194300,50392,113497,1787371,118129,0,0,0,0,0,0
2026-09-26T15:40:52.750029+00:00,64060288,43725532,4194300,50392,113497,1787371,118129,0,0,0,0,0,0
2026-09-26T15:40:53.750907+00:00,64060288,43713132,4194300,50392,113497,1787371,118129,0,0,0,0,0,0
2026-09-26T15:40:54.751794+00:00,64060288,43723524,4194300,50392,113497,1787371,118129,0,0,0,0,0,0
2026-09-26T15:40:55.752669+00:00,64060288,43689480,4194300,50392,113497,1787371,118129,0,0,0,0,0,0
2026-09-26T15:40:56.753523+00:00,64060288,43681056,4194300,50392,113497,1787371,118129,0,0,0,0,0,0
2026-09-26T15:40:57.754339+00:00,64060288,43660292,4194300,50392,113497,1787371,118129,0,0,0,0,0,0
2026-09-26T15:40:58.755101+00:00,64060288,43683368,4194300,50392,113497,1787371,118129,0,0,0,0,0,0
2026-09-26T15:40:59.755865+00:00,64060288,43681616,4194300,50392,113497,1787371,118129,0,0,0,0,0,0
2026-09-26T15:41:00.756742+00:00,64060288,43706676,4194300,50392,113497,1787371,118129,0,0,0,0,0,0
2026-09-26T15:41:01.757611+00:00,64060288,43703376,4194300,50392,113497,1787371,118129,0,0,0,0,0,0
2026-09-26T15:41:02.758475+00:00,64060288,43704452,4194300,50392,113497,1787371,118129,0,0,0,0,0,0
2026-09-26T15:41:03.759355+00:00,64060288,43700024,4194300,50392,113497,1787371,118129,0,0,0,0,0,0
2026-09-26T15:41:04.760245+00:00,64060288,43687876,4194300,50392,113497,1787371,118129,0,0,0,0,0,0
2026-09-26T15:41:05.761133+00:00,64060288,43663136,4194300,50392,113497,1787371,118129,0,0,0,0,0,0
2026-09-26T15:41:06.762023+00:00,64060288,43669464,4194300,50392,113497,1787371,118129,0,0,0,0,0,0
2026-09-26T15:41:07.762899+00:00,64060288,43669032,4194300,50392,113497,1787371,118129,0,0,0,0,0,0
2026-09-26T15:41:08.763649+00:00,64060288,43676788,4194300,50392,113497,1787371,118129,0,0,0,0,0,0
2026-09-26T15:41:09.764445+00:00,64060288,43668676,4194300,50392,113497,1787371,118129,0,0,0,0,0,0
2026-09-26T15:41:10.765218+00:00,64060288,43682988,4194300,50392,113497,1787371,118129,0,0,0,0,0,0
2026-09-26T15:41:11.766099+00:00,64060288,43674224,4194300,50392,113497,1787371,118129,0,0,0,0,0,0
2026-09-26T15:41:12.766988+00:00,64060288,43663628,4194300,50392,113497,1787371,118129,0,0,0,0,0,0
2026-09-26T15:41:13.767873+00:00,64060288,43679328,4194300,50392,113497,1787371,118129,0,0,0,0,0,0
2026-09-26T15:41:14.768756+00:00,64060288,43684700,4194300,50392,113497,1787371,118129,0,0,0,0,0,0
2026-09-26T15:41:15.769626+00:00,64060288,43665412,4194300,50392,113497,1787371,118129,0,0,0,0,0,0
2026-09-26T15:41:16.770511+00:00,64060288,43679596,4194300,50392,113497,1787371,118129,0,0,0,0,0,0
2026-09-26T15:41:17.771401+00:00,64060288,43684736,4194300,50392,113497,1787371,118129,0,0,0,0,0,0
2026-09-26T15:41:18.772254+00:00,64060288,43688364,4194300,50392,113497,1787371,118129,0,0,0,0,0,0
2026-09-26T15:41:19.773016+00:00,64060288,43690744,4194300,50392,113497,1787371,118129,0,0,0,0,0,0
2026-09-26T15:41:20.773753+00:00,64060288,43690848,4194300,50392,113497,1787371,118129,0,0,0,0,0,0
2026-09-26T15:41:21.774497+00:00,64060288,43671652,4194300,50392,113497,1787371,118129,0,0,0,0,0,0
2026-09-26T15:41:22.775490+00:00,64060288,43689280,4194300,50392,113497,1787371,118129,0,0,0,0,0,0
2026-09-26T15:41:23.776355+00:00,64060288,43697460,4194300,50392,113497,1787371,118129,0,0,0,0,0,0
2026-09-26T15:41:24.777245+00:00,64060288,43707044,4194300,50392,113497,1787371,118129,0,0,0,0,0,0
2026-09-26T15:41:25.778099+00:00,64060288,43696344,4194300,50392,113497,1787371,118129,0,0,0,0,0,0
2026-09-26T15:41:26.778959+00:00,64060288,43675780,4194300,50392,113497,1787371,118129,0,0,0,0,0,0
2026-09-26T15:41:27.779869+00:00,64060288,43668968,4194300,50392,113497,1787371,118129,0,0,0,0,0,0
2026-09-26T15:41:28.781151+00:00,64060288,43683376,4194300,50392,113497,1787371,118129,0,0,0,0,0,0
2026-09-26T15:41:29.782327+00:00,64060288,43667176,4194300,50392,113497,1787371,118129,0,0,0,0,0,0
2026-09-26T15:41:30.783529+00:00,64060288,43673600,4194300,50392,113497,1787371,118129,0,0,0,0,0,0
2026-09-26T15:41:31.784710+00:00,64060288,43676772,4194300,50392,113497,1787371,118129,0,0,0,0,0,0
2026-09-26T15:41:32.785830+00:00,64060288,43683020,4194300,50392,113497,1787371,118129,0,0,0,0,0,0
2026-09-26T15:41:33.786991+00:00,64060288,43681876,4194300,50392,113497,1787371,118129,0,0,0,0,0,0
2026-09-26T15:41:34.788176+00:00,64060288,43686112,4194300,50392,113497,1787371,118129,0,0,0,0,0,0
2026-09-26T15:41:35.789344+00:00,64060288,43682216,4194300,50392,113497,1787372,118129,0,0,0,0,0,0
2026-09-26T15:41:36.790599+00:00,64060288,43900956,4194300,50392,113497,1787372,118129,0,0,0,0,0,0
2026-09-26T15:41:37.791751+00:00,64060288,43883260,4194300,50392,113497,1787372,118129,0,0,0,0,0,0
2026-09-26T15:41:38.792936+00:00,64060288,43891208,4194300,50392,113497,1787372,118129,0,0,0,0,0,0
2026-09-26T15:41:39.794103+00:00,64060288,43885140,4194300,50392,113498,1787372,118130,0,0,0,0,0,0
2026-09-26T15:41:40.795280+00:00,64060288,43888700,4194300,50392,113498,1787372,118130,0,0,0,0,0,0
2026-09-26T15:41:41.796373+00:00,64060288,43877788,4194300,50392,113498,1787372,118130,0,0,0,0,0,0
2026-09-26T15:41:42.797563+00:00,64060288,43890420,4194300,50392,113498,1787372,118130,0,0,0,0,0,0
2026-09-26T15:41:43.798757+00:00,64060288,43859668,4194300,50392,113498,1787372,118130,0,0,0,0,0,0
2026-09-26T15:41:44.799948+00:00,64060288,43879352,4194300,50392,113498,1787372,118130,0,0,0,0,0,0
2026-09-26T15:41:45.801133+00:00,64060288,43871492,4194300,50392,113498,1787372,118130,0,0,0,0,0,0
2026-09-26T15:41:46.802311+00:00,64060288,43860888,4194300,50392,113498,1787372,118130,0,0,0,0,0,0
2026-09-26T15:41:47.803545+00:00,64060288,43863500,4194300,50392,113498,1787372,118130,0,0,0,0,0,0
2026-09-26T15:41:48.804746+00:00,64060288,43878316,4194300,50392,113498,1787372,118130,0,0,0,0,0,0
2026-09-26T15:41:49.805926+00:00,64060288,43883164,4194300,50392,113498,1787372,118130,0,0,0,0,0,0
2026-09-26T15:41:50.807101+00:00,64060288,43877260,4194300,50392,113498,1787372,118130,0,0,0,0,0,0
2026-09-26T15:41:51.808273+00:00,64060288,43876428,4194300,50392,113498,1787372,118159,0,0,0,0,0,0
2026-09-26T15:41:52.809373+00:00,64060288,43868844,4194300,50392,113498,1787372,118159,0,0,0,0,0,0
2026-09-26T15:41:53.810554+00:00,64060288,43897316,4194300,50392,113498,1787372,118159,0,0,0,0,0,0
2026-09-26T15:41:54.811730+00:00,64060288,43891896,4194300,50392,113498,1787372,118159,0,0,0,0,0,0
2026-09-26T15:41:55.812922+00:00,64060288,43890356,4194300,50392,113498,1787372,118159,0,0,0,0,0,0
2026-09-26T15:41:56.814107+00:00,64060288,43878704,4194300,50392,113498,1787372,118159,0,0,0,0,0,0
2026-09-26T15:41:57.815302+00:00,64060288,43883040,4194300,50392,113498,1787372,118159,0,0,0,0,0,0
2026-09-26T15:41:58.816552+00:00,64060288,43887272,4194300,50392,113498,1787372,118159,0,0,0,0,0,0
2026-09-26T15:41:59.817731+00:00,64060288,43881744,4194300,50392,113498,1787372,118159,0,0,0,0,0,0
2026-09-26T15:42:00.818913+00:00,64060288,43876276,4194300,50392,113498,1787372,118159,0,0,0,0,0,0
2026-09-26T15:42:01.820096+00:00,64060288,43876316,4194300,50392,113498,1787372,118159,0,0,0,0,0,0
2026-09-26T15:42:02.821261+00:00,64060288,43863136,4194300,50392,113498,1787372,118159,0,0,0,0,0,0
2026-09-26T15:42:03.822387+00:00,64060288,43883196,4194300,50392,113498,1787372,118159,0,0,0,0,0,0
2026-09-26T15:42:04.823467+00:00,64060288,43861204,4194300,50392,113498,1787372,118159,0,0,0,0,0,0
2026-09-26T15:42:05.824363+00:00,64060288,43831120,4194300,50392,113498,1787372,118159,0,0,0,0,0,0
2026-09-26T15:42:06.825249+00:00,64060288,43839752,4194300,50392,113498,1787372,118159,0,0,0,0,0,0
2026-09-26T15:42:07.826156+00:00,64060288,43842176,4194300,50392,113498,1787372,118161,0,0,0,0,0,0
2026-09-26T15:42:08.827059+00:00,64060288,43845960,4194300,50392,113498,1787372,118161,0,0,0,0,0,0
2026-09-26T15:42:09.827930+00:00,64060288,43859376,4194300,50392,113498,1787372,118161,0,0,0,0,0,0
2026-09-26T15:42:10.828832+00:00,64060288,43855212,4194300,50392,113498,1787372,118161,0,0,0,0,0,0
2026-09-26T15:42:11.829725+00:00,64060288,43860672,4194300,50392,113498,1787372,118161,0,0,0,0,0,0
2026-09-26T15:42:12.830605+00:00,64060288,43860608,4194300,50392,113498,1787372,118161,0,0,0,0,0,0
2026-09-26T15:42:13.831358+00:00,64060288,43874512,4194300,50392,113498,1787372,118161,0,0,0,0,0,0
2026-09-26T15:42:14.832116+00:00,64060288,43865896,4194300,50392,113498,1787372,118161,0,0,0,0,0,0
2026-09-26T15:42:15.832885+00:00,64060288,43872928,4194300,50392,113498,1787372,118161,0,0,0,0,0,0
2026-09-26T15:42:16.833753+00:00,64060288,43822164,4194300,50392,113498,1787372,118161,0,0,0,0,0,0
2026-09-26T15:42:17.834632+00:00,64060288,43849400,4194300,50392,113498,1787372,118161,0,0,0,0,0,0
2026-09-26T15:42:18.835510+00:00,64060288,43844648,4194300,50392,113498,1787372,118161,0,0,0,0,0,0
2026-09-26T15:42:19.836373+00:00,64060288,43811248,4194300,50392,113498,1787372,118161,0,0,0,0,0,0
2026-09-26T15:42:20.837258+00:00,64060288,43799604,4194300,50392,113498,1787372,118161,0,0,0,0,0,0
2026-09-26T15:42:21.838143+00:00,64060288,43820196,4194300,50392,113498,1787372,118161,0,0,0,0,0,0
2026-09-26T15:42:22.839042+00:00,64060288,43835952,4194300,50392,113498,1787372,118161,0,0,0,0,0,0
2026-09-26T15:42:23.839908+00:00,64060288,43821232,4194300,50392,113498,1787372,118162,0,0,0,0,0,0
2026-09-26T15:42:24.840636+00:00,64060288,43850044,4194300,50392,113498,1787372,118162,0,0,0,0,0,0
2026-09-26T15:42:25.841420+00:00,64060288,43857684,4194300,50392,113498,1787372,118162,0,0,0,0,0,0
2026-09-26T15:42:26.842228+00:00,64060288,43847408,4194300,50392,113498,1787372,118162,0,0,0,0,0,0
2026-09-26T15:42:27.843132+00:00,64060288,43851428,4194300,50392,113498,1787372,118162,0,0,0,0,0,0
2026-09-26T15:42:28.844012+00:00,64060288,43847160,4194300,50392,113498,1787372,118162,0,0,0,0,0,0
2026-09-26T15:42:29.844887+00:00,64060288,43841196,4194300,50392,113498,1787372,118162,0,0,0,0,0,0
2026-09-26T15:42:30.845758+00:00,64060288,43850268,4194300,50392,113498,1787372,118162,0,0,0,0,0,0
2026-09-26T15:42:31.846626+00:00,64060288,43849712,4194300,50392,113498,1787372,118162,0,0,0,0,0,0
2026-09-26T15:42:32.847515+00:00,64060288,43850868,4194300,50392,113498,1787372,118162,0,0,0,0,0,0
2026-09-26T15:42:33.848377+00:00,64060288,43844180,4194300,50392,113498,1787372,118162,0,0,0,0,0,0
2026-09-26T15:42:34.849263+00:00,64060288,43823532,4194300,50392,113498,1787372,118162,0,0,0,0,0,0
2026-09-26T15:42:35.850075+00:00,64060288,43854676,4194300,50392,113498,1787372,118162,0,0,0,0,0,0
2026-09-26T15:42:36.850894+00:00,64060288,43842468,4194300,50392,113498,1787372,118162,0,0,0,0,0,0
2026-09-26T15:42:37.851693+00:00,64060288,43825516,4194300,50392,113498,1787372,118162,0,0,0,0,0,0
2026-09-26T15:42:38.852558+00:00,64060288,43836756,4194300,50392,113498,1787372,118162,0,0,0,0,0,0
2026-09-26T15:42:39.853432+00:00,64060288,43827476,4194300,50392,113498,1787372,118162,0,0,0,0,0,0
2026-09-26T15:42:40.854301+00:00,64060288,43827852,4194300,50392,113498,1787372,118162,0,0,0,0,0,0
2026-09-26T15:42:41.855185+00:00,64060288,43834636,4194300,50392,113498,1787372,118162,0,0,0,0,0,0
2026-09-26T15:42:42.856089+00:00,64060288,43846772,4194300,50392,113498,1787372,118162,0,0,0,0,0,0
2026-09-26T15:42:43.856992+00:00,64060288,43840980,4194300,50392,113498,1787372,118162,0,0,0,0,0,0
2026-09-26T15:42:44.857865+00:00,64060288,43818656,4194300,50392,113498,1787372,118162,0,0,0,0,0,0
2026-09-26T15:42:45.858733+00:00,64060288,43838096,4194300,50392,113498,1787372,118162,0,0,0,0,0,0
2026-09-26T15:42:46.859485+00:00,64060288,43821356,4194300,50392,113498,1787372,118162,0,0,0,0,0,0
2026-09-26T15:42:47.860278+00:00,64060288,43827188,4194300,50392,113498,1787372,118162,0,0,0,0,0,0
2026-09-26T15:42:48.861072+00:00,64060288,43794476,4194300,50392,113498,1787372,118162,0,0,0,0,0,0
2026-09-26T15:42:49.861953+00:00,64060288,43811276,4194300,50392,113498,1787372,118162,0,0,0,0,0,0
2026-09-26T15:42:50.862840+00:00,64060288,43808028,4194300,50392,113498,1787372,118162,0,0,0,0,0,0
2026-09-26T15:42:51.863766+00:00,64060288,43816180,4194300,50392,113498,1787372,118162,0,0,0,0,0,0
2026-09-26T15:42:52.864658+00:00,64060288,43818628,4194300,50392,113498,1787372,118162,0,0,0,0,0,0
2026-09-26T15:42:53.865544+00:00,64060288,43821496,4194300,50392,113498,1787372,118162,0,0,0,0,0,0
2026-09-26T15:42:54.866414+00:00,64060288,43819824,4194300,50392,113498,1787372,118162,0,0,0,0,0,0
2026-09-26T15:42:55.867300+00:00,64060288,43826380,4194300,50392,113498,1787372,118162,0,0,0,0,0,0
2026-09-26T15:42:56.868177+00:00,64060288,43825708,4194300,50392,113498,1787372,118162,0,0,0,0,0,0
2026-09-26T15:42:57.868979+00:00,64060288,43829444,4194300,50392,113498,1787372,118162,0,0,0,0,0,0
2026-09-26T15:42:58.869731+00:00,64060288,43824172,4194300,50392,113498,1787372,118162,0,0,0,0,0,0
2026-09-26T15:42:59.870523+00:00,64060288,43828100,4194300,50392,113498,1787372,118162,0,0,0,0,0,0
2026-09-26T15:43:00.871398+00:00,64060288,43827460,4194300,50392,113498,1787372,118162,0,0,0,0,0,0
2026-09-26T15:43:01.872279+00:00,64060288,43786836,4194300,50392,113498,1787372,118162,0,0,0,0,0,0
2026-09-26T15:43:02.873156+00:00,64060288,43811184,4194300,50392,113498,1787372,118162,0,0,0,0,0,0
2026-09-26T15:43:03.874053+00:00,64060288,43814192,4194300,50392,113498,1787372,118162,0,0,0,0,0,0
2026-09-26T15:43:04.874940+00:00,64060288,43810608,4194300,50392,113498,1787372,118162,0,0,0,0,0,0
2026-09-26T15:43:05.875809+00:00,64060288,43811212,4194300,50392,113498,1787372,118162,0,0,0,0,0,0
2026-09-26T15:43:06.883552+00:00,64060288,43810996,4194300,50392,113498,1787372,118162,0,0,0,0,0,0
2026-09-26T15:43:07.884401+00:00,64060288,43799748,4194300,50392,113498,1787372,118162,0,0,0,0,0,0
2026-09-26T15:43:08.885193+00:00,64060288,43804908,4194300,50392,113499,1787372,118163,0,0,0,0,0,0
2026-09-26T15:43:09.886005+00:00,64060288,43816120,4194300,50392,113499,1787372,118163,0,0,0,0,0,0
2026-09-26T15:43:10.886785+00:00,64060288,43808808,4194300,50392,113499,1787372,118163,0,0,0,0,0,0
2026-09-26T15:43:11.887660+00:00,64060288,43827944,4194300,50392,113499,1787372,118163,0,0,0,0,0,0
2026-09-26T15:43:12.888526+00:00,64060288,43806264,4194300,50392,113499,1787372,118163,0,0,0,0,0,0
2026-09-26T15:43:13.889418+00:00,64060288,43792932,4194300,50392,113499,1787372,118163,0,0,0,0,0,0
2026-09-26T15:43:14.890270+00:00,64060288,43799308,4194300,50392,113499,1787372,118163,0,0,0,0,0,0
2026-09-26T15:43:15.891168+00:00,64060288,43800336,4194300,50392,113499,1787372,118163,0,0,0,0,0,0
2026-09-26T15:43:16.892022+00:00,64060288,43784892,4194300,50392,113500,1787372,118164,0,0,0,0,0,0
2026-09-26T15:43:17.892854+00:00,64060288,43795684,4194300,50392,113500,1787372,118164,0,0,0,0,0,0
2026-09-26T15:43:18.893694+00:00,64060288,43809404,4194300,50392,113500,1787372,118164,0,0,0,0,0,0
2026-09-26T15:43:19.894363+00:00,64060288,43802732,4194300,50392,113500,1787372,118164,0,0,0,0,0,0
2026-09-26T15:43:20.895122+00:00,64060288,43800916,4194300,50392,113500,1787372,118177,0,0,0,0,0,0
2026-09-26T15:43:21.895917+00:00,64060288,43807180,4194300,50392,113500,1787372,118177,0,0,0,0,0,0
2026-09-26T15:43:22.896797+00:00,64060288,43802440,4194300,50392,113500,1787372,118177,0,0,0,0,0,0
2026-09-26T15:43:23.897675+00:00,64060288,43806704,4194300,50392,113500,1787372,118177,0,0,0,0,0,0
2026-09-26T15:43:24.898524+00:00,64060288,43808860,4194300,50392,113500,1787372,118177,0,0,0,0,0,0
2026-09-26T15:43:25.899379+00:00,64060288,43803384,4194300,50392,113500,1787372,118177,0,0,0,0,0,0
2026-09-26T15:43:26.900261+00:00,64060288,43781872,4194300,50392,113500,1787372,118177,0,0,0,0,0,0
2026-09-26T15:43:27.901145+00:00,64060288,43769012,4194300,50392,113500,1787372,118177,0,0,0,0,0,0
2026-09-26T15:43:28.902041+00:00,64060288,43774016,4194300,50392,113500,1787372,118177,0,0,0,0,0,0
2026-09-26T15:43:29.902931+00:00,64060288,43772956,4194300,50392,113500,1787372,118177,0,0,0,0,0,0
2026-09-26T15:43:30.903686+00:00,64060288,43782440,4194300,50392,113500,1787372,118177,0,0,0,0,0,0
2026-09-26T15:43:31.904462+00:00,64060288,43795564,4194300,50392,113500,1787372,118177,0,0,0,0,0,0
2026-09-26T15:43:32.905241+00:00,64060288,43792532,4194300,50392,113500,1787372,118177,0,0,0,0,0,0
2026-09-26T15:43:33.906193+00:00,64060288,43790920,4194300,50392,113500,1787372,118177,0,0,0,0,0,0
2026-09-26T15:43:34.907046+00:00,64060288,43778484,4194300,50392,113500,1787372,118177,0,0,0,0,0,0
2026-09-26T15:43:35.907859+00:00,64060288,43791460,4194300,50392,113500,1787372,118177,0,0,0,0,0,0
2026-09-26T15:43:36.908742+00:00,64060288,43784260,4194300,50392,113500,1787372,118177,0,0,0,0,0,0
2026-09-26T15:43:37.909615+00:00,64060288,43800920,4194300,50392,113500,1787372,118177,0,0,0,0,0,0
2026-09-26T15:43:38.910496+00:00,64060288,43800984,4194300,50392,113500,1787372,118177,0,0,0,0,0,0
2026-09-26T15:43:39.911373+00:00,64060288,43796560,4194300,50392,113500,1787372,118177,0,0,0,0,0,0
2026-09-26T15:43:40.912215+00:00,64060288,43785148,4194300,50392,113500,1787372,118177,0,0,0,0,0,0
2026-09-26T15:43:41.913005+00:00,64060288,43793248,4194300,50392,113500,1787372,118177,0,0,0,0,0,0
2026-09-26T15:43:42.913856+00:00,64060288,43794328,4194300,50392,113500,1787372,118177,0,0,0,0,0,0
2026-09-26T15:43:43.914627+00:00,64060288,43764284,4194300,50392,113500,1787372,118177,0,0,0,0,0,0
2026-09-26T15:43:44.915491+00:00,64060288,43776832,4194300,50392,113500,1787372,118177,0,0,0,0,0,0
2026-09-26T15:43:45.916361+00:00,64060288,43768116,4194300,50392,113500,1787372,118177,0,0,0,0,0,0
2026-09-26T15:43:46.917246+00:00,64060288,43737248,4194300,50392,113500,1787372,118177,0,0,0,0,0,0
2026-09-26T15:43:47.918134+00:00,64060288,43746288,4194300,50392,113500,1787372,118177,0,0,0,0,0,0
2026-09-26T15:43:48.919043+00:00,64060288,43731248,4194300,50392,113500,1787372,118177,0,0,0,0,0,0
2026-09-26T15:43:49.919914+00:00,64060288,43738292,4194300,50392,113500,1787372,118177,0,0,0,0,0,0
2026-09-26T15:43:50.920796+00:00,64060288,43753836,4194300,50392,113500,1787372,118177,0,0,0,0,0,0
2026-09-26T15:43:51.921643+00:00,64060288,43767252,4194300,50392,113500,1787372,118177,0,0,0,0,0,0
2026-09-26T15:43:52.922388+00:00,64060288,43749152,4194300,50392,113500,1787372,118177,0,0,0,0,0,0
2026-09-26T15:43:53.923173+00:00,64060288,43771560,4194300,50392,113500,1787372,118177,0,0,0,0,0,0
2026-09-26T15:43:54.923967+00:00,64060288,43772120,4194300,50392,113500,1787372,118177,0,0,0,0,0,0
2026-09-26T15:43:55.924867+00:00,64060288,43770968,4194300,50392,113500,1787372,118177,0,0,0,0,0,0
2026-09-26T15:43:56.925747+00:00,64060288,43769816,4194300,50392,113500,1787372,118177,0,0,0,0,0,0
2026-09-26T15:43:57.926624+00:00,64060288,43762972,4194300,50392,113500,1787372,118177,0,0,0,0,0,0
2026-09-26T15:43:58.927496+00:00,64060288,43754560,4194300,50392,113500,1787372,118177,0,0,0,0,0,0
2026-09-26T15:43:59.928393+00:00,64060288,43766724,4194300,50392,113500,1787372,118177,0,0,0,0,0,0
2026-09-26T15:44:00.929304+00:00,64060288,43767744,4194300,50392,113500,1787372,118177,0,0,0,0,0,0
2026-09-26T15:44:01.930162+00:00,64060288,43760936,4194300,50392,113500,1787372,118177,0,0,0,0,0,0
2026-09-26T15:44:02.931007+00:00,64060288,43748192,4194300,50392,113500,1787372,118177,0,0,0,0,0,0
2026-09-26T15:44:03.931810+00:00,64060288,43766304,4194300,50392,113500,1787372,118177,0,0,0,0,0,0
2026-09-26T15:44:04.932584+00:00,64060288,43758904,4194300,50392,113500,1787372,118179,0,0,0,0,0,0
2026-09-26T15:44:05.933415+00:00,64060288,43776576,4194300,50392,113500,1787372,118179,0,0,0,0,0,0
2026-09-26T15:44:06.934301+00:00,64060288,43757480,4194300,50392,113500,1787372,118179,0,0,0,0,0,0
2026-09-26T15:44:07.935200+00:00,64060288,43763760,4194300,50392,113500,1787372,118179,0,0,0,0,0,0
2026-09-26T15:44:08.936099+00:00,64060288,43747880,4194300,50392,113500,1787372,118179,0,0,0,0,0,0
2026-09-26T15:44:09.937040+00:00,64060288,43731064,4194300,50392,113500,1787372,118179,0,0,0,0,0,0
2026-09-26T15:44:10.937903+00:00,64060288,43735844,4194300,50392,113500,1787372,118179,0,0,0,0,0,0
2026-09-26T15:44:11.938784+00:00,64060288,43750480,4194300,50392,113500,1787372,118179,0,0,0,0,0,0
2026-09-26T15:44:12.939657+00:00,64060288,43750728,4194300,50392,113500,1787372,118179,0,0,0,0,0,0
2026-09-26T15:44:13.940494+00:00,64060288,43719028,4194300,50392,113500,1787372,118179,0,0,0,0,0,0
2026-09-26T15:44:14.941307+00:00,64060288,43733396,4194300,50392,113500,1787372,118179,0,0,0,0,0,0
2026-09-26T15:44:15.942110+00:00,64060288,43759112,4194300,50392,113500,1787372,118179,0,0,0,0,0,0
2026-09-26T15:44:16.942900+00:00,64060288,43730304,4194300,50392,113500,1787372,118179,0,0,0,0,0,0
2026-09-26T15:44:17.943785+00:00,64060288,43750964,4194300,50392,113500,1787372,118179,0,0,0,0,0,0
2026-09-26T15:44:18.944632+00:00,64060288,43750924,4194300,50392,113500,1787372,118179,0,0,0,0,0,0
2026-09-26T15:44:19.945487+00:00,64060288,43755904,4194300,50392,113500,1787372,118179,0,0,0,0,0,0
2026-09-26T15:44:20.946351+00:00,64060288,43755904,4194300,50392,113500,1787372,118179,0,0,0,0,0,0
2026-09-26T15:44:21.947242+00:00,64060288,43759084,4194300,50392,113500,1787372,118179,0,0,0,0,0,0
2026-09-26T15:44:22.948111+00:00,64060288,43743400,4194300,50392,113500,1787372,118179,0,0,0,0,0,0
2026-09-26T15:44:23.948969+00:00,64060288,43760816,4194300,50392,113500,1787372,118179,0,0,0,0,0,0
2026-09-26T15:44:24.949876+00:00,64060288,43762220,4194300,50392,113500,1787372,118179,0,0,0,0,0,0
2026-09-26T15:44:25.950633+00:00,64060288,43733456,4194300,50392,113500,1787372,118179,0,0,0,0,0,0
2026-09-26T15:44:26.951505+00:00,64060288,43743292,4194300,50392,113500,1787372,118179,0,0,0,0,0,0
2026-09-26T15:44:27.952326+00:00,64060288,43748384,4194300,50392,113500,1787372,118179,0,0,0,0,0,0
2026-09-26T15:44:28.953204+00:00,64060288,43722552,4194300,50392,113500,1787372,118179,0,0,0,0,0,0
2026-09-26T15:44:29.954076+00:00,64060288,43699588,4194300,50392,113500,1787372,118208,0,0,0,0,0,0
2026-09-26T15:44:30.954951+00:00,64060288,43730060,4194300,50392,113500,1787372,118217,0,0,0,0,0,0
2026-09-26T15:44:31.955837+00:00,64060288,43725296,4194300,50392,113500,1787372,118221,0,0,0,0,0,0
2026-09-26T15:44:32.956741+00:00,64060288,43736616,4194300,50392,113500,1787372,118221,0,0,0,0,0,0
2026-09-26T15:44:33.957633+00:00,64060288,43744456,4194300,50392,113500,1787372,118221,0,0,0,0,0,0
2026-09-26T15:44:34.958502+00:00,64060288,43723272,4194300,50392,113500,1787372,118221,0,0,0,0,0,0
2026-09-26T15:44:35.959359+00:00,64060288,43735092,4194300,50392,113500,1787372,118221,0,0,0,0,0,0
2026-09-26T15:44:36.960143+00:00,64060288,43709948,4194300,50392,113500,1787372,118224,0,0,0,0,0,0
2026-09-26T15:44:37.960947+00:00,64060288,43722472,4194300,50392,113500,1787372,118224,0,0,0,0,0,0
2026-09-26T15:44:38.961724+00:00,64060288,43721112,4194300,50392,113501,1787372,118228,0,0,0,0,0,0
2026-09-26T15:44:39.962576+00:00,64060288,43707824,4194300,50392,113501,1787372,118228,0,0,0,0,0,0
2026-09-26T15:44:40.963440+00:00,64060288,43722056,4194300,50392,113501,1787372,118228,0,0,0,0,0,0
2026-09-26T15:44:41.964348+00:00,64060288,43717068,4194300,50392,113501,1787372,118228,0,0,0,0,0,0
2026-09-26T15:44:42.965228+00:00,64060288,43729640,4194300,50392,113501,1787372,118228,0,0,0,0,0,0
2026-09-26T15:44:43.966102+00:00,64060288,43741640,4194300,50392,113501,1787372,118228,0,0,0,0,0,0
2026-09-26T15:44:44.966968+00:00,64060288,43741000,4194300,50392,113501,1787372,118228,0,0,0,0,0,0
2026-09-26T15:44:45.967838+00:00,64060288,43740252,4194300,50392,113501,1787372,118228,0,0,0,0,0,0
2026-09-26T15:44:46.968711+00:00,64060288,43735488,4194300,50392,113501,1787372,118228,0,0,0,0,0,0
2026-09-26T15:44:47.969670+00:00,64060288,43747352,4194300,50392,113501,1787372,118228,0,0,0,0,0,0
2026-09-26T15:44:48.970462+00:00,64060288,43745276,4194300,50392,113501,1787372,118228,0,0,0,0,0,0
2026-09-26T15:44:49.971295+00:00,64060288,43744272,4194300,50392,113501,1787372,118228,0,0,0,0,0,0
2026-09-26T15:44:50.972178+00:00,64060288,43743916,4194300,50392,113501,1787372,118228,0,0,0,0,0,0
2026-09-26T15:44:51.973043+00:00,64060288,43742700,4194300,50392,113501,1787372,118228,0,0,0,0,0,0
2026-09-26T15:44:52.973894+00:00,64060288,43747008,4194300,50392,113501,1787372,118228,0,0,0,0,0,0
2026-09-26T15:44:53.974772+00:00,64060288,43754476,4194300,50392,113501,1787372,118228,0,0,0,0,0,0
2026-09-26T15:44:54.975647+00:00,64060288,43721436,4194300,50392,113501,1787372,118228,0,0,0,0,0,0
2026-09-26T15:44:55.976541+00:00,64060288,43695832,4194300,50392,113501,1787372,118228,0,0,0,0,0,0
2026-09-26T15:44:56.977429+00:00,64060288,43694956,4194300,50392,113501,1787372,118228,0,0,0,0,0,0
2026-09-26T15:44:57.978297+00:00,64060288,43694436,4194300,50392,113501,1787372,118228,0,0,0,0,0,0
2026-09-26T15:44:58.979172+00:00,64060288,43709884,4194300,50392,113501,1787372,118228,0,0,0,0,0,0
2026-09-26T15:44:59.979922+00:00,64060288,43722632,4194300,50392,113501,1787372,118228,0,0,0,0,0,0
2026-09-26T15:45:00.980725+00:00,64060288,43714876,4194300,50392,113504,1787372,118230,0,0,0,0,0,0
2026-09-26T15:45:01.981616+00:00,64060288,43728012,4194300,50392,113504,1787372,118230,0,0,0,0,0,0
2026-09-26T15:45:02.982489+00:00,64060288,43723784,4194300,50392,113504,1787372,118230,0,0,0,0,0,0
2026-09-26T15:45:03.983357+00:00,64060288,43729012,4194300,50392,113504,1787372,118230,0,0,0,0,0,0
2026-09-26T15:45:04.984215+00:00,64060288,43741052,4194300,50392,113504,1787372,118230,0,0,0,0,0,0
2026-09-26T15:45:05.985091+00:00,64060288,43742104,4194300,50392,113504,1787372,118230,0,0,0,0,0,0
2026-09-26T15:45:06.986007+00:00,64060288,43736920,4194300,50392,113504,1787372,118230,0,0,0,0,0,0
2026-09-26T15:45:07.986899+00:00,64060288,43703876,4194300,50392,113504,1787372,118230,0,0,0,0,0,0
2026-09-26T15:45:08.987774+00:00,64060288,43702748,4194300,50392,113504,1787372,118230,0,0,0,0,0,0
2026-09-26T15:45:09.988630+00:00,64060288,43726616,4194300,50392,113504,1787372,118230,0,0,0,0,0,0
2026-09-26T15:45:10.989351+00:00,64060288,43727148,4194300,50392,113504,1787372,118234,0,0,0,0,0,0
2026-09-26T15:45:11.990076+00:00,64060288,43725656,4194300,50392,113504,1787372,118234,0,0,0,0,0,0
2026-09-26T15:45:12.990876+00:00,64060288,43738920,4194300,50392,113504,1787372,118234,0,0,0,0,0,0
2026-09-26T15:45:13.991777+00:00,64060288,43718620,4194300,50392,113504,1787372,118234,0,0,0,0,0,0
2026-09-26T15:45:14.992656+00:00,64060288,43733388,4194300,50392,113504,1787372,118234,0,0,0,0,0,0
2026-09-26T15:45:15.993531+00:00,64060288,43728968,4194300,50392,113504,1787372,118234,0,0,0,0,0,0
2026-09-26T15:45:16.994397+00:00,64060288,43720216,4194300,50392,113504,1787372,118234,0,0,0,0,0,0
2026-09-26T15:45:17.995262+00:00,64060288,43720448,4194300,50392,113504,1787372,118234,0,0,0,0,0,0
2026-09-26T15:45:18.996174+00:00,64060288,43725468,4194300,50392,113504,1787372,118234,0,0,0,0,0,0
2026-09-26T15:45:19.997039+00:00,64060288,43723256,4194300,50392,113504,1787372,118234,0,0,0,0,0,0
2026-09-26T15:45:20.997931+00:00,64060288,43709668,4194300,50392,113504,1787372,118234,0,0,0,0,0,0
2026-09-26T15:45:21.998766+00:00,64060288,43729460,4194300,50392,113504,1787372,118234,0,0,0,0,0,0
2026-09-26T15:45:22.999508+00:00,64060288,43693172,4194300,50392,113504,1787372,118234,0,0,0,0,0,0
2026-09-26T15:45:24.000271+00:00,64060288,43712868,4194300,50392,113504,1787372,118234,0,0,0,0,0,0
2026-09-26T15:45:25.001156+00:00,64060288,43726212,4194300,50392,113504,1787372,118234,0,0,0,0,0,0
2026-09-26T15:45:26.002042+00:00,64060288,43719424,4194300,50392,113504,1787372,118234,0,0,0,0,0,0
2026-09-26T15:45:27.002936+00:00,64060288,43718316,4194300,50392,113504,1787372,118234,0,0,0,0,0,0
2026-09-26T15:45:28.003848+00:00,64060288,43721148,4194300,50392,113504,1787372,118234,0,0,0,0,0,0
2026-09-26T15:45:29.005035+00:00,64060288,43721052,4194300,50392,113504,1787372,118234,0,0,0,0,0,0
2026-09-26T15:45:30.006214+00:00,64060288,43717728,4194300,50392,113504,1787372,118234,0,0,0,0,0,0
2026-09-26T15:45:31.007400+00:00,64060288,43693160,4194300,50392,113504,1787372,118234,0,0,0,0,0,0
2026-09-26T15:45:32.008637+00:00,64060288,43691828,4194300,50392,113504,1787372,118234,0,0,0,0,0,0
2026-09-26T15:45:33.009750+00:00,64060288,43695720,4194300,50392,113504,1787372,118234,0,0,0,0,0,0
2026-09-26T15:45:34.010908+00:00,64060288,43714536,4194300,50392,113504,1787372,118234,0,0,0,0,0,0
2026-09-26T15:45:35.012010+00:00,64060288,43692684,4194300,50392,113504,1787372,118234,0,0,0,0,0,0
2026-09-26T15:45:36.013272+00:00,64060288,43704584,4194300,50392,113504,1787372,118234,0,0,0,0,0,0
2026-09-26T15:45:37.014533+00:00,64060288,43686308,4194300,50392,113504,1787372,118234,0,0,0,0,0,0
2026-09-26T15:45:38.015739+00:00,64060288,43663084,4194300,50392,113504,1787372,118234,0,0,0,0,0,0
2026-09-26T15:45:39.016904+00:00,64060288,43682036,4194300,50392,113504,1787372,118234,0,0,0,0,0,0
2026-09-26T15:45:40.018100+00:00,64060288,43694504,4194300,50392,113504,1787372,118234,0,0,0,0,0,0
2026-09-26T15:45:41.019270+00:00,64060288,43687384,4194300,50392,113504,1787372,118234,0,0,0,0,0,0
2026-09-26T15:45:42.020510+00:00,64060288,43699996,4194300,50392,113504,1787372,118234,0,0,0,0,0,0
2026-09-26T15:45:43.021693+00:00,64060288,43701100,4194300,50392,113504,1787372,118234,0,0,0,0,0,0
2026-09-26T15:45:44.022804+00:00,64060288,43696696,4194300,50392,113504,1787372,118234,0,0,0,0,0,0
2026-09-26T15:45:45.023936+00:00,64060288,43698468,4194300,50392,113504,1787372,118234,0,0,0,0,0,0
2026-09-26T15:45:46.025067+00:00,64060288,43706348,4194300,50392,113504,1787372,118234,0,0,0,0,0,0
2026-09-26T15:45:47.026252+00:00,64060288,43697052,4194300,50392,113504,1787372,118234,0,0,0,0,0,0
2026-09-26T15:45:48.027883+00:00,64060288,43696028,4194300,50392,113504,1787372,118234,0,0,0,0,0,0
2026-09-26T15:45:49.029046+00:00,64060288,43695632,4194300,50392,113504,1787372,118234,0,0,0,0,0,0
2026-09-26T15:45:50.030233+00:00,64060288,43679944,4194300,50392,113504,1787372,118235,0,0,0,0,0,0
2026-09-26T15:45:51.031393+00:00,64060288,43675168,4194300,50392,113504,1787372,118235,0,0,0,0,0,0
2026-09-26T15:45:52.032632+00:00,64060288,43658092,4194300,50392,113504,1787372,118235,0,0,0,0,0,0
2026-09-26T15:45:53.033795+00:00,64060288,43631432,4194300,50392,113504,1787372,118235,0,0,0,0,0,0
2026-09-26T15:45:54.034978+00:00,64060288,43667036,4194300,50392,113504,1787372,118235,0,0,0,0,0,0
2026-09-26T15:45:55.036144+00:00,64060288,43670468,4194300,50392,113504,1787372,118235,0,0,0,0,0,0
2026-09-26T15:45:56.037227+00:00,64060288,43679512,4194300,50392,113504,1787372,118235,0,0,0,0,0,0
2026-09-26T15:45:57.038322+00:00,64060288,43690360,4194300,50392,113504,1787372,118235,0,0,0,0,0,0
2026-09-26T15:45:58.039570+00:00,64060288,43694724,4194300,50392,113504,1787372,118235,0,0,0,0,0,0
2026-09-26T15:45:59.040748+00:00,64060288,43682604,4194300,50392,113504,1787372,118235,0,0,0,0,0,0
2026-09-26T15:46:00.041873+00:00,64060288,43685844,4194300,50392,113504,1787372,118235,0,0,0,0,0,0
2026-09-26T15:46:01.043064+00:00,64060288,43687724,4194300,50392,113505,1787372,118236,0,0,0,0,0,0
2026-09-26T15:46:02.044242+00:00,64060288,43688396,4194300,50392,113505,1787372,118236,0,0,0,0,0,0
2026-09-26T15:46:03.045433+00:00,64060288,43690412,4194300,50392,113505,1787372,118236,0,0,0,0,0,0
2026-09-26T15:46:04.046677+00:00,64060288,43665052,4194300,50392,113505,1787372,118236,0,0,0,0,0,0
2026-09-26T15:46:05.047863+00:00,64060288,43684000,4194300,50392,113506,1787372,118237,0,0,0,0,0,0
2026-09-26T15:46:06.048971+00:00,64060288,43680400,4194300,50392,113506,1787372,118237,0,0,0,0,0,0
2026-09-26T15:46:07.050104+00:00,64060288,43691696,4194300,50392,113506,1787372,118237,0,0,0,0,0,0
2026-09-26T15:46:08.051219+00:00,64060288,43680756,4194300,50392,113506,1787372,118237,0,0,0,0,0,0
2026-09-26T15:46:09.052342+00:00,64060288,43686496,4194300,50392,113506,1787372,118237,0,0,0,0,0,0
2026-09-26T15:46:10.053575+00:00,64060288,43681744,4194300,50392,113506,1787372,118237,0,0,0,0,0,0
2026-09-26T15:46:11.054734+00:00,64060288,43676032,4194300,50392,113506,1787372,118237,0,0,0,0,0,0
2026-09-26T15:46:12.055921+00:00,64060288,43686344,4194300,50392,113506,1787372,118237,0,0,0,0,0,0
2026-09-26T15:46:13.057101+00:00,64060288,43680900,4194300,50392,113506,1787372,118237,0,0,0,0,0,0
2026-09-26T15:46:14.058279+00:00,64060288,43675296,4194300,50392,113506,1787372,118237,0,0,0,0,0,0
2026-09-26T15:46:15.059504+00:00,64060288,43678292,4194300,50392,113506,1787372,118237,0,0,0,0,0,0
2026-09-26T15:46:16.060718+00:00,64060288,43680488,4194300,50392,113506,1787372,118237,0,0,0,0,0,0
2026-09-26T15:46:17.061885+00:00,64060288,43639364,4194300,50392,113506,1787372,118237,0,0,0,0,0,0
2026-09-26T15:46:18.062939+00:00,64060288,43651496,4194300,50392,113506,1787372,118237,0,0,0,0,0,0
2026-09-26T15:46:19.064058+00:00,64060288,43661832,4194300,50392,113506,1787372,118237,0,0,0,0,0,0
2026-09-26T15:46:20.065173+00:00,64060288,43667936,4194300,50392,113506,1787372,118237,0,0,0,0,0,0
2026-09-26T15:46:21.066348+00:00,64060288,43671636,4194300,50392,113506,1787372,118237,0,0,0,0,0,0
2026-09-26T15:46:22.067610+00:00,64060288,43666412,4194300,50392,113506,1787372,118237,0,0,0,0,0,0
2026-09-26T15:46:23.068779+00:00,64060288,43651260,4194300,50392,113506,1787372,118237,0,0,0,0,0,0
2026-09-26T15:46:24.069957+00:00,64060288,43660812,4194300,50392,113506,1787372,118237,0,0,0,0,0,0
2026-09-26T15:46:25.071137+00:00,64060288,43670824,4194300,50392,113506,1787372,118237,0,0,0,0,0,0
2026-09-26T15:46:26.072312+00:00,64060288,43671812,4194300,50392,113506,1787372,118237,0,0,0,0,0,0
2026-09-26T15:46:27.073526+00:00,64060288,43668516,4194300,50392,113506,1787372,118237,0,0,0,0,0,0
2026-09-26T15:46:28.074718+00:00,64060288,43665336,4194300,50392,113506,1787372,118237,0,0,0,0,0,0
2026-09-26T15:46:29.075851+00:00,64060288,43659308,4194300,50392,113506,1787372,118237,0,0,0,0,0,0
2026-09-26T15:46:30.076986+00:00,64060288,43660112,4194300,50392,113506,1787372,118237,0,0,0,0,0,0
2026-09-26T15:46:31.078115+00:00,64060288,43661816,4194300,50392,113506,1787372,118237,0,0,0,0,0,0
2026-09-26T15:46:32.079373+00:00,64060288,43640696,4194300,50392,113506,1787372,118237,0,0,0,0,0,0
2026-09-26T15:46:33.080639+00:00,64060288,43638640,4194300,50392,113506,1787372,118237,0,0,0,0,0,0
2026-09-26T15:46:34.081814+00:00,64060288,43636760,4194300,50392,113506,1787372,118237,0,0,0,0,0,0
2026-09-26T15:46:35.083001+00:00,64060288,43671176,4194300,50392,113506,1787372,118237,0,0,0,0,0,0
2026-09-26T15:46:36.084167+00:00,64060288,43671868,4194300,50392,113506,1787372,118237,0,0,0,0,0,0
2026-09-26T15:46:37.085337+00:00,64060288,43652204,4194300,50392,113506,1787372,118237,0,0,0,0,0,0
2026-09-26T15:46:38.086500+00:00,64060288,43642156,4194300,50392,113506,1787372,118237,0,0,0,0,0,0
2026-09-26T15:46:39.087679+00:00,64060288,43627628,4194300,50392,113506,1787372,118237,0,0,0,0,0,0
2026-09-26T15:46:40.088866+00:00,64060288,43611796,4194300,50392,113506,1787372,118237,0,0,0,0,0,0
2026-09-26T15:46:41.089994+00:00,64060288,43621648,4194300,50392,113506,1787372,118237,0,0,0,0,0,0
2026-09-26T15:46:42.091097+00:00,64060288,43621792,4194300,50392,113506,1787372,118237,0,0,0,0,0,0
2026-09-26T15:46:43.092227+00:00,64060288,43645680,4194300,50392,113506,1787372,118237,0,0,0,0,0,0
2026-09-26T15:46:44.093407+00:00,64060288,43668588,4194300,50392,113506,1787372,118237,0,0,0,0,0,0
2026-09-26T15:46:45.094653+00:00,64060288,43673276,4194300,50392,113506,1787372,118237,0,0,0,0,0,0
2026-09-26T15:46:46.095831+00:00,64060288,43647636,4194300,50392,113506,1787372,118239,0,0,0,0,0,0
2026-09-26T15:46:47.097001+00:00,64060288,43634980,4194300,50392,113506,1787372,118239,0,0,0,0,0,0
2026-09-26T15:46:48.098182+00:00,64060288,43645300,4194300,50392,113506,1787372,118239,0,0,0,0,0,0
2026-09-26T15:46:49.099361+00:00,64060288,43651712,4194300,50392,113506,1787372,118239,0,0,0,0,0,0
2026-09-26T15:46:50.100628+00:00,64060288,43652292,4194300,50392,113506,1787372,118239,0,0,0,0,0,0
2026-09-26T15:46:51.101814+00:00,64060288,43661460,4194300,50392,113506,1787372,118239,0,0,0,0,0,0
2026-09-26T15:46:52.102925+00:00,64060288,43667624,4194300,50392,113506,1787372,118239,0,0,0,0,0,0
2026-09-26T15:46:53.104039+00:00,64060288,43674172,4194300,50392,113506,1787372,118239,0,0,0,0,0,0
2026-09-26T15:46:54.105166+00:00,64060288,43671392,4194300,50392,113506,1787372,118239,0,0,0,0,0,0
2026-09-26T15:46:55.106344+00:00,64060288,43677612,4194300,50392,113506,1787372,118239,0,0,0,0,0,0
2026-09-26T15:46:56.107572+00:00,64060288,43683320,4194300,50392,113506,1787372,118239,0,0,0,0,0,0
2026-09-26T15:46:57.108748+00:00,64060288,43682412,4194300,50392,113506,1787372,118239,0,0,0,0,0,0
2026-09-26T15:46:58.109919+00:00,64060288,43673528,4194300,50392,113506,1787372,118239,0,0,0,0,0,0
2026-09-26T15:46:59.111100+00:00,64060288,43667588,4194300,50392,113506,1787372,118239,0,0,0,0,0,0
2026-09-26T15:47:00.112266+00:00,64060288,43649376,4194300,50392,113506,1787372,118239,0,0,0,0,0,0
2026-09-26T15:47:01.113164+00:00,64060288,43659496,4194300,50392,113506,1787372,118239,0,0,0,0,0,0
2026-09-26T15:47:02.114004+00:00,64060288,43644860,4194300,50392,113506,1787372,118239,0,0,0,0,0,0
2026-09-26T15:47:03.114762+00:00,64060288,43641196,4194300,50392,113506,1787372,118239,0,0,0,0,0,0
2026-09-26T15:47:04.115535+00:00,64060288,43636936,4194300,50392,113506,1787372,118247,0,0,0,0,0,0
2026-09-26T15:47:05.116310+00:00,64060288,43623332,4194300,50392,113506,1787372,118247,0,0,0,0,0,0
2026-09-26T15:47:06.117188+00:00,64060288,43647080,4194300,50392,113506,1787372,118247,0,0,0,0,0,0
2026-09-26T15:47:07.118069+00:00,64060288,43653588,4194300,50392,113506,1787372,118247,0,0,0,0,0,0
2026-09-26T15:47:08.118947+00:00,64060288,43647120,4194300,50392,113506,1787372,118247,0,0,0,0,0,0
2026-09-26T15:47:09.119824+00:00,64060288,43659596,4194300,50392,113506,1787372,118247,0,0,0,0,0,0
2026-09-26T15:47:10.120679+00:00,64060288,43642736,4194300,50392,113506,1787372,118247,0,0,0,0,0,0
2026-09-26T15:47:11.121528+00:00,64060288,43630956,4194300,50392,113506,1787372,118247,0,0,0,0,0,0
2026-09-26T15:47:12.122385+00:00,64060288,43657888,4194300,50392,113506,1787372,118247,0,0,0,0,0,0
2026-09-26T15:47:13.123253+00:00,64060288,43663896,4194300,50392,113506,1787372,118247,0,0,0,0,0,0
2026-09-26T15:47:14.124113+00:00,64060288,43662680,4194300,50392,113506,1787372,118247,0,0,0,0,0,0
2026-09-26T15:47:15.124893+00:00,64060288,43667504,4194300,50392,113506,1787372,118247,0,0,0,0,0,0
2026-09-26T15:47:16.125703+00:00,64060288,43660428,4194300,50392,113506,1787372,118247,0,0,0,0,0,0
2026-09-26T15:47:17.126510+00:00,64060288,43672388,4194300,50392,113506,1787372,118247,0,0,0,0,0,0
2026-09-26T15:47:18.127415+00:00,64060288,43648964,4194300,50392,113506,1787372,118254,0,0,0,0,0,0
2026-09-26T15:47:19.128319+00:00,64060288,43663148,4194300,50392,113506,1787372,118254,0,0,0,0,0,0
2026-09-26T15:47:20.129208+00:00,64060288,43648664,4194300,50392,113506,1787372,118254,0,0,0,0,0,0
2026-09-26T15:47:21.130092+00:00,64060288,43655084,4194300,50392,113506,1787372,118254,0,0,0,0,0,0
2026-09-26T15:47:22.130991+00:00,64060288,43676672,4194300,50392,113508,1787372,118257,0,0,0,0,0,0
2026-09-26T15:47:23.131881+00:00,64060288,43657232,4194300,50392,113508,1787372,118257,0,0,0,0,0,0
2026-09-26T15:47:24.132770+00:00,64060288,43689472,4194300,50392,113508,1787372,118257,0,0,0,0,0,0
2026-09-26T15:47:25.133632+00:00,64060288,43683492,4194300,50392,113508,1787372,118257,0,0,0,0,0,0
2026-09-26T15:47:26.134415+00:00,64060288,43682408,4194300,50392,113508,1787372,118257,0,0,0,0,0,0
2026-09-26T15:47:27.135208+00:00,64060288,43692692,4194300,50392,113508,1787372,118257,0,0,0,0,0,0
2026-09-26T15:47:28.136038+00:00,64060288,43692288,4194300,50392,113508,1787372,118257,0,0,0,0,0,0
2026-09-26T15:47:29.136929+00:00,64060288,43676888,4194300,50392,113508,1787372,118257,0,0,0,0,0,0
2026-09-26T15:47:30.137821+00:00,64060288,43676304,4194300,50392,113508,1787372,118257,0,0,0,0,0,0
2026-09-26T15:47:31.138676+00:00,64060288,43697800,4194300,50392,113508,1787372,118257,0,0,0,0,0,0
2026-09-26T15:47:32.139512+00:00,64060288,43703868,4194300,50392,113508,1787372,118257,0,0,0,0,0,0
2026-09-26T15:47:33.140371+00:00,64060288,43694360,4194300,50392,113508,1787372,118257,0,0,0,0,0,0
2026-09-26T15:47:34.141248+00:00,64060288,43701984,4194300,50392,113508,1787372,118257,0,0,0,0,0,0
2026-09-26T15:47:35.142106+00:00,64060288,43707228,4194300,50392,113508,1787372,118257,0,0,0,0,0,0
2026-09-26T15:47:36.142973+00:00,64060288,43700548,4194300,50392,113508,1787372,118257,0,0,0,0,0,0
2026-09-26T15:47:37.143869+00:00,64060288,43703512,4194300,50392,113508,1787372,118257,0,0,0,0,0,0
2026-09-26T15:47:38.144656+00:00,64060288,43710356,4194300,50392,113508,1787372,118257,0,0,0,0,0,0
2026-09-26T15:47:39.145461+00:00,64060288,43707076,4194300,50392,113508,1787372,118257,0,0,0,0,0,0
2026-09-26T15:47:40.146357+00:00,64060288,43686816,4194300,50392,113508,1787372,118257,0,0,0,0,0,0
2026-09-26T15:47:41.147229+00:00,64060288,43668892,4194300,50392,113508,1787372,118257,0,0,0,0,0,0
2026-09-26T15:47:42.148110+00:00,64060288,43669456,4194300,50392,113508,1787372,118257,0,0,0,0,0,0
2026-09-26T15:47:43.148984+00:00,64060288,43684020,4194300,50392,113508,1787372,118257,0,0,0,0,0,0
2026-09-26T15:47:44.149851+00:00,64060288,43677672,4194300,50392,113508,1787372,118257,0,0,0,0,0,0
2026-09-26T15:47:45.150686+00:00,64060288,43675024,4194300,50392,113508,1787372,118257,0,0,0,0,0,0
2026-09-26T15:47:46.151520+00:00,64060288,43688872,4194300,50392,113508,1787372,118257,0,0,0,0,0,0
2026-09-26T15:47:47.152386+00:00,64060288,43655608,4194300,50392,113508,1787372,118257,0,0,0,0,0,0
2026-09-26T15:47:48.153258+00:00,64060288,43677084,4194300,50392,113508,1787372,118257,0,0,0,0,0,0
2026-09-26T15:47:49.154051+00:00,64060288,43696432,4194300,50392,113508,1787372,118257,0,0,0,0,0,0
2026-09-26T15:47:50.154862+00:00,64060288,43680692,4194300,50392,113508,1787372,118257,0,0,0,0,0,0
2026-09-26T15:47:51.155652+00:00,64060288,43680636,4194300,50392,113508,1787372,118257,0,0,0,0,0,0
2026-09-26T15:47:52.156511+00:00,64060288,43693780,4194300,50392,113508,1787372,118257,0,0,0,0,0,0
2026-09-26T15:47:53.157388+00:00,64060288,43691592,4194300,50392,113508,1787372,118257,0,0,0,0,0,0
2026-09-26T15:47:54.158296+00:00,64060288,43668456,4194300,50392,113508,1787372,118257,0,0,0,0,0,0
2026-09-26T15:47:55.159126+00:00,64060288,43675812,4194300,50392,113508,1787372,118257,0,0,0,0,0,0
2026-09-26T15:47:56.159988+00:00,64060288,43690804,4194300,50392,113508,1787372,118257,0,0,0,0,0,0
2026-09-26T15:47:57.160862+00:00,64060288,43673500,4194300,50396,113508,1787373,118257,0,0,0,0,0,0
2026-09-26T15:47:58.161687+00:00,64060288,43693256,4194300,50392,113508,1787373,118293,0,0,0,0,0,0
2026-09-26T15:47:59.162523+00:00,64060288,43694588,4194300,50392,113508,1787373,118293,0,0,0,0,0,0
2026-09-26T15:48:00.163350+00:00,64060288,43701620,4194300,50392,113508,1787373,118293,0,0,0,0,0,0
2026-09-26T15:48:01.164101+00:00,64060288,43718648,4194300,50392,113508,1787373,118293,0,0,0,0,0,0
2026-09-26T15:48:02.164877+00:00,64060288,43727760,4194300,50392,113508,1787373,118293,0,0,0,0,0,0
2026-09-26T15:48:03.165737+00:00,64060288,43724316,4194300,50392,113508,1787373,118293,0,0,0,0,0,0
2026-09-26T15:48:04.173480+00:00,64060288,43731420,4194300,50392,113508,1787373,118293,0,0,0,0,0,0
2026-09-26T15:48:05.174329+00:00,64060288,43695692,4194300,50392,113508,1787373,118293,0,0,0,0,0,0
2026-09-26T15:48:06.175202+00:00,64060288,43704204,4194300,50392,113508,1787373,118293,0,0,0,0,0,0
2026-09-26T15:48:07.176056+00:00,64060288,43704376,4194300,50392,113508,1787373,118293,0,0,0,0,0,0
2026-09-26T15:48:08.176921+00:00,64060288,43708720,4194300,50392,113508,1787373,118293,0,0,0,0,0,0
2026-09-26T15:48:09.177770+00:00,64060288,43706892,4194300,50396,113508,1787374,118293,0,0,0,0,0,0
2026-09-26T15:48:10.178628+00:00,64060288,43689876,4194300,50552,113508,1787413,118293,0,0,0,0,0,0
2026-09-26T15:48:11.179463+00:00,64060288,43699868,4194300,50588,113508,1787422,118293,0,0,0,0,0,0
2026-09-26T15:48:12.180383+00:00,64060288,43720724,4194300,50596,113508,1787424,118293,0,0,0,0,0,0
2026-09-26T15:48:13.181302+00:00,64060288,43715128,4194300,50596,113508,1787424,118293,0,0,0,0,0,0
2026-09-26T15:48:14.182078+00:00,64060288,43718256,4194300,50592,113508,1787424,118331,0,0,0,0,0,0
2026-09-26T15:48:15.182951+00:00,64060288,43712904,4194300,50592,113508,1787424,118331,0,0,0,0,0,0
2026-09-26T15:48:16.183803+00:00,64060288,43723600,4194300,50592,113508,1787424,118331,0,0,0,0,0,0
2026-09-26T15:48:17.184627+00:00,64060288,43690664,4194300,50592,113508,1787424,118331,0,0,0,0,0,0
2026-09-26T15:48:18.185495+00:00,64060288,43718520,4194300,50592,113508,1787424,118331,0,0,0,0,0,0
2026-09-26T15:48:19.186368+00:00,64060288,43716220,4194300,50592,113508,1787424,118331,0,0,0,0,0,0
2026-09-26T15:48:20.187251+00:00,64060288,43713536,4194300,50592,113508,1787424,118331,0,0,0,0,0,0
2026-09-26T15:48:21.188147+00:00,64060288,43715004,4194300,50592,113508,1787424,118331,0,0,0,0,0,0
2026-09-26T15:48:22.188995+00:00,64060288,43683408,4194300,50592,113508,1787424,118331,0,0,0,0,0,0
2026-09-26T15:48:23.189915+00:00,64060288,43700992,4194300,50592,113508,1787424,118331,0,0,0,0,0,0
2026-09-26T15:48:24.190793+00:00,64060288,43695660,4194300,50592,113508,1787424,118331,0,0,0,0,0,0
2026-09-26T15:48:25.191610+00:00,64060288,43692916,4194300,50592,113508,1787424,118331,0,0,0,0,0,0
2026-09-26T15:48:26.192472+00:00,64060288,43699692,4194300,50592,113508,1787424,118331,0,0,0,0,0,0
2026-09-26T15:48:27.193318+00:00,64060288,43711740,4194300,50592,113508,1787424,118331,0,0,0,0,0,0
2026-09-26T15:48:28.194178+00:00,64060288,43906884,4194300,50592,113508,1787424,118331,0,0,0,0,0,0
2026-09-26T15:48:29.195050+00:00,64060288,43898740,4194300,50592,113508,1787424,118331,0,0,0,0,0,0
2026-09-26T15:48:30.195900+00:00,64060288,43873876,4194300,50592,113508,1787424,118368,0,0,0,0,0,0
2026-09-26T15:48:31.196753+00:00,64060288,43876696,4194300,50592,113509,1787424,118369,0,0,0,0,0,0
2026-09-26T15:48:32.197621+00:00,64060288,43874908,4194300,50592,113509,1787424,118369,0,0,0,0,0,0
2026-09-26T15:48:33.198454+00:00,64060288,43872200,4194300,50592,113509,1787424,118369,0,0,0,0,0,0
2026-09-26T15:48:34.199288+00:00,64060288,43864544,4194300,50592,113509,1787424,118369,0,0,0,0,0,0
2026-09-26T15:48:35.200048+00:00,64060288,43871612,4194300,50592,113509,1787424,118369,0,0,0,0,0,0
2026-09-26T15:48:36.200811+00:00,64060288,43875172,4194300,50592,113509,1787424,118369,0,0,0,0,0,0
2026-09-26T15:48:37.201554+00:00,64060288,43880828,4194300,50592,113509,1787424,118369,0,0,0,0,0,0
2026-09-26T15:48:38.202412+00:00,64060288,43854224,4194300,50592,113509,1787424,118369,0,0,0,0,0,0
2026-09-26T15:48:39.203265+00:00,64060288,43861752,4194300,50592,113509,1787424,118369,0,0,0,0,0,0
2026-09-26T15:48:40.204121+00:00,64060288,43855444,4194300,50592,113509,1787424,118369,0,0,0,0,0,0
2026-09-26T15:48:41.205011+00:00,64060288,43837932,4194300,50592,113509,1787424,118369,0,0,0,0,0,0
2026-09-26T15:48:42.205861+00:00,64060288,43869396,4194300,50592,113509,1787424,118369,0,0,0,0,0,0
2026-09-26T15:48:43.206724+00:00,64060288,43865540,4194300,50592,113509,1787424,118369,0,0,0,0,0,0
2026-09-26T15:48:44.207592+00:00,64060288,43863500,4194300,50592,113509,1787424,118369,0,0,0,0,0,0
2026-09-26T15:48:45.208419+00:00,64060288,43870396,4194300,50592,113509,1787424,118369,0,0,0,0,0,0
2026-09-26T15:48:46.209163+00:00,64060288,43836752,4194300,50592,113509,1787424,118369,0,0,0,0,0,0
2026-09-26T15:48:47.209899+00:00,64060288,43865320,4194300,50592,113509,1787424,118369,0,0,0,0,0,0
2026-09-26T15:48:48.210722+00:00,64060288,43848196,4194300,50592,113509,1787424,118369,0,0,0,0,0,0
2026-09-26T15:48:49.211603+00:00,64060288,43839336,4194300,50592,113509,1787424,118369,0,0,0,0,0,0
2026-09-26T15:48:50.212441+00:00,64060288,43850272,4194300,50592,113509,1787424,118369,0,0,0,0,0,0
2026-09-26T15:48:51.213320+00:00,64060288,43856200,4194300,50592,113509,1787424,118369,0,0,0,0,0,0
2026-09-26T15:48:52.214184+00:00,64060288,43838616,4194300,50592,113509,1787424,118369,0,0,0,0,0,0
2026-09-26T15:48:53.215037+00:00,64060288,43859032,4194300,50592,113509,1787424,118369,0,0,0,0,0,0
2026-09-26T15:48:54.215908+00:00,64060288,43853236,4194300,50592,113509,1787424,118369,0,0,0,0,0,0
2026-09-26T15:48:55.216761+00:00,64060288,43855844,4194300,50592,113509,1787424,118369,0,0,0,0,0,0
2026-09-26T15:48:56.217608+00:00,64060288,43852076,4194300,50592,113509,1787424,118369,0,0,0,0,0,0
2026-09-26T15:48:57.218452+00:00,64060288,43851684,4194300,50592,113509,1787424,118369,0,0,0,0,0,0
2026-09-26T15:48:58.219203+00:00,64060288,43851516,4194300,50592,113509,1787424,118369,0,0,0,0,0,0
2026-09-26T15:48:59.220011+00:00,64060288,43850488,4194300,50592,113509,1787424,118369,0,0,0,0,0,0
2026-09-26T15:49:00.220823+00:00,64060288,43848164,4194300,50592,113509,1787424,118369,0,0,0,0,0,0
2026-09-26T15:49:01.221686+00:00,64060288,43857924,4194300,50592,113509,1787424,118369,0,0,0,0,0,0
2026-09-26T15:49:02.222531+00:00,64060288,43862096,4194300,50592,113509,1787424,118369,0,0,0,0,0,0
2026-09-26T15:49:03.223386+00:00,64060288,43858908,4194300,50592,113509,1787424,118369,0,0,0,0,0,0
2026-09-26T15:49:04.224238+00:00,64060288,43856464,4194300,50592,113509,1787424,118369,0,0,0,0,0,0
2026-09-26T15:49:05.225097+00:00,64060288,43844644,4194300,50592,113509,1787424,118369,0,0,0,0,0,0
2026-09-26T15:49:06.225969+00:00,64060288,43846640,4194300,50592,113509,1787424,118369,0,0,0,0,0,0
2026-09-26T15:49:07.226852+00:00,64060288,43830124,4194300,50592,113509,1787424,118369,0,0,0,0,0,0
2026-09-26T15:49:08.227769+00:00,64060288,43857384,4194300,50592,113509,1787424,118369,0,0,0,0,0,0
2026-09-26T15:49:09.228504+00:00,64060288,43847948,4194300,50592,113509,1787424,118369,0,0,0,0,0,0
2026-09-26T15:49:10.229293+00:00,64060288,43847028,4194300,50592,113509,1787424,118369,0,0,0,0,0,0
2026-09-26T15:49:11.230127+00:00,64060288,43850940,4194300,50592,113509,1787424,118369,0,0,0,0,0,0
2026-09-26T15:49:12.231006+00:00,64060288,43849056,4194300,50592,113509,1787424,118369,0,0,0,0,0,0
2026-09-26T15:49:13.231889+00:00,64060288,43846368,4194300,50592,113509,1787424,118369,0,0,0,0,0,0
2026-09-26T15:49:14.232762+00:00,64060288,43853568,4194300,50592,113509,1787424,118369,0,0,0,0,0,0
2026-09-26T15:49:15.233587+00:00,64060288,43853092,4194300,50592,113509,1787424,118369,0,0,0,0,0,0
2026-09-26T15:49:16.234414+00:00,64060288,43839060,4194300,50592,113509,1787424,118369,0,0,0,0,0,0
2026-09-26T15:49:17.235258+00:00,64060288,43839980,4194300,50592,113509,1787424,118369,0,0,0,0,0,0
2026-09-26T15:49:18.236127+00:00,64060288,43811164,4194300,50592,113509,1787424,118369,0,0,0,0,0,0
2026-09-26T15:49:19.237022+00:00,64060288,43826744,4194300,50592,113509,1787424,118369,0,0,0,0,0,0
2026-09-26T15:49:20.237925+00:00,64060288,43817008,4194300,50592,113509,1787424,118369,0,0,0,0,0,0
2026-09-26T15:49:21.238672+00:00,64060288,43800172,4194300,50592,113509,1787424,118369,0,0,0,0,0,0
2026-09-26T15:49:22.239416+00:00,64060288,43804920,4194300,50592,113509,1787424,118369,0,0,0,0,0,0
2026-09-26T15:49:23.240202+00:00,64060288,43812188,4194300,50592,113509,1787424,118369,0,0,0,0,0,0
2026-09-26T15:49:24.241083+00:00,64060288,43814076,4194300,50592,113509,1787424,118369,0,0,0,0,0,0
2026-09-26T15:49:25.241978+00:00,64060288,43814656,4194300,50592,113509,1787424,118369,0,0,0,0,0,0
2026-09-26T15:49:26.242877+00:00,64060288,43817120,4194300,50592,113509,1787424,118369,0,0,0,0,0,0
2026-09-26T15:49:27.243761+00:00,64060288,43837068,4194300,50592,113509,1787424,118369,0,0,0,0,0,0
2026-09-26T15:49:28.244608+00:00,64060288,43831296,4194300,50592,113509,1787424,118369,0,0,0,0,0,0
2026-09-26T15:49:29.249119+00:00,64060288,43826796,4194300,50592,113509,1787424,118369,0,0,0,0,0,0
2026-09-26T15:49:30.250019+00:00,64060288,43813268,4194300,50592,113509,1787424,118369,0,0,0,0,0,0
2026-09-26T15:49:31.250865+00:00,64060288,43825408,4194300,50592,113509,1787424,118369,0,0,0,0,0,0
2026-09-26T15:49:32.251630+00:00,64060288,43811212,4194300,50592,113509,1787424,118369,0,0,0,0,0,0
2026-09-26T15:49:33.252392+00:00,64060288,43804528,4194300,50592,113509,1787424,118369,0,0,0,0,0,0
2026-09-26T15:49:34.253153+00:00,64060288,43810920,4194300,50592,113509,1787424,118369,0,0,0,0,0,0
2026-09-26T15:49:35.254010+00:00,64060288,43827756,4194300,50592,113509,1787424,118369,0,0,0,0,0,0
2026-09-26T15:49:36.254856+00:00,64060288,43807516,4194300,50592,113509,1787424,118369,0,0,0,0,0,0
2026-09-26T15:49:37.255730+00:00,64060288,43802556,4194300,50592,113509,1787424,118369,0,0,0,0,0,0
2026-09-26T15:49:38.256589+00:00,64060288,43787768,4194300,50592,113509,1787424,118369,0,0,0,0,0,0
2026-09-26T15:49:39.257434+00:00,64060288,43794528,4194300,50592,113509,1787424,118369,0,0,0,0,0,0
2026-09-26T15:49:40.258301+00:00,64060288,43805596,4194300,50592,113509,1787424,118369,0,0,0,0,0,0
2026-09-26T15:49:41.259169+00:00,64060288,43815764,4194300,50592,113509,1787424,118369,0,0,0,0,0,0
2026-09-26T15:49:42.260037+00:00,64060288,43811524,4194300,50592,113509,1787424,118369,0,0,0,0,0,0
2026-09-26T15:49:43.260933+00:00,64060288,43810756,4194300,50592,113509,1787424,118369,0,0,0,0,0,0
2026-09-26T15:49:44.261688+00:00,64060288,43833580,4194300,50592,113509,1787424,118369,0,0,0,0,0,0
2026-09-26T15:49:45.262452+00:00,64060288,43828720,4194300,50592,113509,1787424,118369,0,0,0,0,0,0
2026-09-26T15:49:46.263217+00:00,64060288,43825096,4194300,50592,113509,1787424,118369,0,0,0,0,0,0
2026-09-26T15:49:47.264110+00:00,64060288,43804748,4194300,50592,113509,1787424,118369,0,0,0,0,0,0
2026-09-26T15:49:48.264992+00:00,64060288,43764476,4194300,50592,113509,1787424,118369,0,0,0,0,0,0
2026-09-26T15:49:49.265866+00:00,64060288,43737908,4194300,50592,113509,1787424,118369,0,0,0,0,0,0
2026-09-26T15:49:50.266719+00:00,64060288,43760724,4194300,50592,113509,1787424,118369,0,0,0,0,0,0
2026-09-26T15:49:51.267619+00:00,64060288,43779920,4194300,50592,113509,1787424,118369,0,0,0,0,0,0
2026-09-26T15:49:52.268464+00:00,64060288,43791032,4194300,50592,113509,1787424,118369,0,0,0,0,0,0
2026-09-26T15:49:53.269329+00:00,64060288,43789156,4194300,50592,113509,1787424,118369,0,0,0,0,0,0
2026-09-26T15:49:54.270190+00:00,64060288,43788648,4194300,50592,113509,1787424,118369,0,0,0,0,0,0
2026-09-26T15:49:55.271047+00:00,64060288,43787592,4194300,50592,113509,1787424,118369,0,0,0,0,0,0
2026-09-26T15:49:56.271847+00:00,64060288,43803912,4194300,50592,113509,1787424,118369,0,0,0,0,0,0
2026-09-26T15:49:57.272621+00:00,64060288,43781272,4194300,50592,113509,1787424,118369,0,0,0,0,0,0
2026-09-26T15:49:58.273464+00:00,64060288,43777028,4194300,50592,113510,1787424,118370,0,0,0,0,0,0
2026-09-26T15:49:59.274312+00:00,64060288,43802212,4194300,50592,113510,1787424,118370,0,0,0,0,0,0
2026-09-26T15:50:00.275186+00:00,64060288,43792888,4194300,50592,113510,1787424,118370,0,0,0,0,0,0
2026-09-26T15:50:01.276059+00:00,64060288,43761784,4194300,50592,113510,1787424,118370,0,0,0,0,0,0
2026-09-26T15:50:02.276920+00:00,64060288,43770824,4194300,50592,113510,1787424,118370,0,0,0,0,0,0
2026-09-26T15:50:03.277794+00:00,64060288,43787132,4194300,50592,113510,1787424,118370,0,0,0,0,0,0
2026-09-26T15:50:04.278776+00:00,64060288,43773700,4194300,50592,113510,1787424,118371,0,0,0,0,0,0
2026-09-26T15:50:05.280118+00:00,64060288,43776040,4194300,50592,113510,1787424,118373,0,0,0,0,0,0
2026-09-26T15:50:06.281298+00:00,64060288,43784632,4194300,50592,113510,1787424,118373,0,0,0,0,0,0
2026-09-26T15:50:07.282399+00:00,64060288,43783416,4194300,50592,113510,1787424,118373,0,0,0,0,0,0
2026-09-26T15:50:08.283605+00:00,64060288,43805180,4194300,50592,113510,1787424,118373,0,0,0,0,0,0
2026-09-26T15:50:09.284730+00:00,64060288,43801748,4194300,50592,113511,1787424,118374,0,0,0,0,0,0
2026-09-26T15:50:10.285901+00:00,64060288,43814096,4194300,50592,113511,1787424,118374,0,0,0,0,0,0
2026-09-26T15:50:11.287075+00:00,64060288,43784284,4194300,50592,113511,1787424,118374,0,0,0,0,0,0
2026-09-26T15:50:12.288323+00:00,64060288,43800944,4194300,50592,113511,1787424,118374,0,0,0,0,0,0
2026-09-26T15:50:13.289555+00:00,64060288,43791672,4194300,50592,113511,1787424,118374,0,0,0,0,0,0
2026-09-26T15:50:14.290752+00:00,64060288,43803492,4194300,50592,113511,1787424,118374,0,0,0,0,0,0
2026-09-26T15:50:15.291920+00:00,64060288,43796740,4194300,50592,113511,1787424,118374,0,0,0,0,0,0
2026-09-26T15:50:16.293081+00:00,64060288,43790184,4194300,50592,113511,1787424,118374,0,0,0,0,0,0
2026-09-26T15:50:17.294262+00:00,64060288,43781692,4194300,50592,113511,1787424,118374,0,0,0,0,0,0
2026-09-26T15:50:18.295511+00:00,64060288,43762880,4194300,50592,113511,1787424,118374,0,0,0,0,0,0
2026-09-26T15:50:19.296684+00:00,64060288,43773688,4194300,50592,113511,1787424,118374,0,0,0,0,0,0
2026-09-26T15:50:20.297769+00:00,64060288,43772912,4194300,50592,113511,1787424,118374,0,0,0,0,0,0
2026-09-26T15:50:21.298934+00:00,64060288,43771736,4194300,50592,113511,1787424,118374,0,0,0,0,0,0
2026-09-26T15:50:22.300091+00:00,64060288,43773240,4194300,50592,113511,1787424,118374,0,0,0,0,0,0
2026-09-26T15:50:23.301281+00:00,64060288,43780136,4194300,50592,113511,1787424,118374,0,0,0,0,0,0
2026-09-26T15:50:24.302556+00:00,64060288,43773684,4194300,50592,113511,1787424,118374,0,0,0,0,0,0
2026-09-26T15:50:25.303734+00:00,64060288,43785496,4194300,50592,113511,1787424,118374,0,0,0,0,0,0
2026-09-26T15:50:26.304996+00:00,64060288,43789044,4194300,50592,113511,1787424,118374,0,0,0,0,0,0
2026-09-26T15:50:27.306168+00:00,64060288,43785760,4194300,50592,113511,1787424,118374,0,0,0,0,0,0
2026-09-26T15:50:28.307347+00:00,64060288,43770692,4194300,50592,113511,1787424,118374,0,0,0,0,0,0
2026-09-26T15:50:29.308595+00:00,64060288,43788676,4194300,50592,113511,1787424,118374,0,0,0,0,0,0
2026-09-26T15:50:30.309716+00:00,64060288,43772500,4194300,50592,113511,1787424,118374,0,0,0,0,0,0
2026-09-26T15:50:31.310829+00:00,64060288,43758060,4194300,50592,113511,1787424,118374,0,0,0,0,0,0
2026-09-26T15:50:32.311919+00:00,64060288,43759100,4194300,50592,113511,1787424,118374,0,0,0,0,0,0
2026-09-26T15:50:33.313153+00:00,64060288,43758056,4194300,50592,113511,1787424,118374,0,0,0,0,0,0
2026-09-26T15:50:34.314342+00:00,64060288,43741384,4194300,50592,113511,1787424,118374,0,0,0,0,0,0
2026-09-26T15:50:35.315517+00:00,64060288,43705444,4194300,50592,113511,1787424,118374,0,0,0,0,0,0
2026-09-26T15:50:36.316720+00:00,64060288,43703144,4194300,50592,113511,1787424,118374,0,0,0,0,0,0
2026-09-26T15:50:37.317886+00:00,64060288,43718896,4194300,50592,113511,1787424,118374,0,0,0,0,0,0
2026-09-26T15:50:38.319056+00:00,64060288,43717548,4194300,50592,113511,1787424,118374,0,0,0,0,0,0
2026-09-26T15:50:39.320245+00:00,64060288,43711028,4194300,50592,113511,1787424,118374,0,0,0,0,0,0
2026-09-26T15:50:40.321428+00:00,64060288,43722632,4194300,50592,113511,1787424,118374,0,0,0,0,0,0
2026-09-26T15:50:41.322664+00:00,64060288,43760096,4194300,50592,113511,1787424,118374,0,0,0,0,0,0
2026-09-26T15:50:42.323784+00:00,64060288,43763640,4194300,50592,113511,1787424,118374,0,0,0,0,0,0
2026-09-26T15:50:43.324899+00:00,64060288,43773584,4194300,50592,113511,1787424,118374,0,0,0,0,0,0
2026-09-26T15:50:44.326031+00:00,64060288,43764156,4194300,50592,113511,1787424,118374,0,0,0,0,0,0
2026-09-26T15:50:45.327216+00:00,64060288,43755988,4194300,50592,113511,1787424,118374,0,0,0,0,0,0
2026-09-26T15:50:46.328419+00:00,64060288,43771400,4194300,50592,113512,1787424,118375,0,0,0,0,0,0
2026-09-26T15:50:47.330358+00:00,64060288,43768464,4194300,50592,113512,1787424,118375,0,0,0,0,0,0
2026-09-26T15:50:48.331576+00:00,64060288,43762436,4194300,50592,113512,1787424,118375,0,0,0,0,0,0
2026-09-26T15:50:49.332740+00:00,64060288,43741672,4194300,50592,113512,1787424,118375,0,0,0,0,0,0
2026-09-26T15:50:50.333893+00:00,64060288,43743668,4194300,50592,113512,1787424,118375,0,0,0,0,0,0
2026-09-26T15:50:51.335052+00:00,64060288,43755360,4194300,50592,113512,1787424,118375,0,0,0,0,0,0
2026-09-26T15:50:52.336241+00:00,64060288,43760784,4194300,50592,113512,1787424,118375,0,0,0,0,0,0
2026-09-26T15:50:53.337370+00:00,64060288,43747224,4194300,50592,113512,1787424,118375,0,0,0,0,0,0
2026-09-26T15:50:54.338407+00:00,64060288,43736504,4194300,50592,113512,1787424,118375,0,0,0,0,0,0
2026-09-26T15:50:55.339555+00:00,64060288,43733376,4194300,50592,113512,1787424,118375,0,0,0,0,0,0
2026-09-26T15:50:56.340747+00:00,64060288,43739852,4194300,50592,113512,1787424,118375,0,0,0,0,0,0
2026-09-26T15:50:57.341944+00:00,64060288,43739356,4194300,50592,113512,1787424,118375,0,0,0,0,0,0
2026-09-26T15:50:58.343120+00:00,64060288,43749180,4194300,50592,113512,1787424,118375,0,0,0,0,0,0
2026-09-26T15:50:59.344294+00:00,64060288,43741932,4194300,50592,113512,1787424,118375,0,0,0,0,0,0
2026-09-26T15:51:00.345525+00:00,64060288,43734960,4194300,50592,113512,1787424,118375,0,0,0,0,0,0
2026-09-26T15:51:01.346726+00:00,64060288,43753172,4194300,50592,113512,1787424,118375,0,0,0,0,0,0
2026-09-26T15:51:02.347982+00:00,64060288,43746412,4194300,50592,113512,1787424,118375,0,0,0,0,0,0
2026-09-26T15:51:03.349211+00:00,64060288,43747820,4194300,50592,113512,1787424,118375,0,0,0,0,0,0
2026-09-26T15:51:04.350378+00:00,64060288,43753240,4194300,50592,113512,1787424,118375,0,0,0,0,0,0
2026-09-26T15:51:05.351570+00:00,64060288,43754432,4194300,50592,113512,1787424,118375,0,0,0,0,0,0
2026-09-26T15:51:06.352687+00:00,64060288,43761480,4194300,50592,113512,1787424,118375,0,0,0,0,0,0
2026-09-26T15:51:07.353818+00:00,64060288,43744412,4194300,50592,113512,1787424,118375,0,0,0,0,0,0
2026-09-26T15:51:08.355010+00:00,64060288,43751240,4194300,50592,113512,1787424,118375,0,0,0,0,0,0
2026-09-26T15:51:09.356294+00:00,64060288,43749204,4194300,50592,113512,1787424,118375,0,0,0,0,0,0
2026-09-26T15:51:10.357569+00:00,64060288,43741004,4194300,50592,113512,1787424,118375,0,0,0,0,0,0
2026-09-26T15:51:11.358751+00:00,64060288,43712196,4194300,50592,113512,1787424,118375,0,0,0,0,0,0
2026-09-26T15:51:12.359939+00:00,64060288,43729232,4194300,50592,113512,1787424,118375,0,0,0,0,0,0
2026-09-26T15:51:13.361124+00:00,64060288,43718232,4194300,50592,113512,1787424,118375,0,0,0,0,0,0
2026-09-26T15:51:14.362334+00:00,64060288,43720152,4194300,50592,113512,1787424,118375,0,0,0,0,0,0
2026-09-26T15:51:15.363644+00:00,64060288,43724752,4194300,50592,113512,1787424,118375,0,0,0,0,0,0
2026-09-26T15:51:16.364814+00:00,64060288,43719664,4194300,50592,113512,1787424,118375,0,0,0,0,0,0
2026-09-26T15:51:17.366197+00:00,64060288,43726224,4194300,50592,113512,1787424,118375,0,0,0,0,0,0
2026-09-26T15:51:18.367325+00:00,64060288,43711096,4194300,50592,113512,1787424,118375,0,0,0,0,0,0
2026-09-26T15:51:19.368443+00:00,64060288,43710008,4194300,50592,113512,1787424,118375,0,0,0,0,0,0
2026-09-26T15:51:20.369692+00:00,64060288,43722432,4194300,50592,113512,1787424,118375,0,0,0,0,0,0
2026-09-26T15:51:21.370872+00:00,64060288,43720400,4194300,50592,113512,1787424,118375,0,0,0,0,0,0
2026-09-26T15:51:22.372042+00:00,64060288,43729440,4194300,50592,113512,1787424,118375,0,0,0,0,0,0
2026-09-26T15:51:23.373227+00:00,64060288,43729152,4194300,50592,113512,1787424,118375,0,0,0,0,0,0
2026-09-26T15:51:24.374410+00:00,64060288,43733068,4194300,50592,113512,1787424,118375,0,0,0,0,0,0
2026-09-26T15:51:25.375664+00:00,64060288,43717020,4194300,50592,113512,1787424,118375,0,0,0,0,0,0
2026-09-26T15:51:26.376848+00:00,64060288,43712604,4194300,50592,113512,1787424,118375,0,0,0,0,0,0
2026-09-26T15:51:27.378023+00:00,64060288,43728392,4194300,50592,113512,1787424,118375,0,0,0,0,0,0
2026-09-26T15:51:28.379202+00:00,64060288,43732980,4194300,50592,113512,1787424,118375,0,0,0,0,0,0
2026-09-26T15:51:29.380324+00:00,64060288,43746792,4194300,50592,113512,1787424,118375,0,0,0,0,0,0
2026-09-26T15:51:30.381513+00:00,64060288,43744164,4194300,50592,113512,1787424,118375,0,0,0,0,0,0
2026-09-26T15:51:31.382695+00:00,64060288,43738900,4194300,50592,113512,1787424,118375,0,0,0,0,0,0
2026-09-26T15:51:32.383875+00:00,64060288,43740280,4194300,50592,113512,1787424,118375,0,0,0,0,0,0
2026-09-26T15:51:33.385058+00:00,64060288,43735820,4194300,50592,113512,1787424,118375,0,0,0,0,0,0
2026-09-26T15:51:34.386239+00:00,64060288,43749264,4194300,50592,113512,1787424,118375,0,0,0,0,0,0
2026-09-26T15:51:35.387407+00:00,64060288,43746996,4194300,50592,113512,1787424,118375,0,0,0,0,0,0
2026-09-26T15:51:36.388644+00:00,64060288,43735456,4194300,50592,113512,1787424,118375,0,0,0,0,0,0
2026-09-26T15:51:37.389811+00:00,64060288,43739816,4194300,50592,113512,1787424,118375,0,0,0,0,0,0
2026-09-26T15:51:38.391034+00:00,64060288,43746060,4194300,50592,113512,1787424,118375,0,0,0,0,0,0
2026-09-26T15:51:39.392208+00:00,64060288,43736148,4194300,50592,113512,1787424,118375,0,0,0,0,0,0
2026-09-26T15:51:40.393382+00:00,64060288,43717576,4194300,50592,113512,1787424,118375,0,0,0,0,0,0
2026-09-26T15:51:41.394568+00:00,64060288,43737856,4194300,50592,113512,1787424,118375,0,0,0,0,0,0
2026-09-26T15:51:42.395738+00:00,64060288,43737348,4194300,50592,113512,1787424,118375,0,0,0,0,0,0
2026-09-26T15:51:43.396899+00:00,64060288,43736596,4194300,50592,113512,1787424,118375,0,0,0,0,0,0
2026-09-26T15:51:44.398105+00:00,64060288,43729148,4194300,50592,113512,1787424,118375,0,0,0,0,0,0
2026-09-26T15:51:45.399317+00:00,64060288,43722112,4194300,50592,113512,1787424,118375,0,0,0,0,0,0
2026-09-26T15:51:46.400538+00:00,64060288,43705136,4194300,50592,113512,1787424,118375,0,0,0,0,0,0
2026-09-26T15:51:47.402015+00:00,64060288,43701624,4194300,50592,113512,1787424,118375,0,0,0,0,0,0
2026-09-26T15:51:48.403186+00:00,64060288,43705176,4194300,50592,113512,1787424,118375,0,0,0,0,0,0
2026-09-26T15:51:49.404341+00:00,64060288,43696856,4194300,50592,113512,1787424,118375,0,0,0,0,0,0
2026-09-26T15:51:50.405575+00:00,64060288,43698020,4194300,50592,113512,1787424,118375,0,0,0,0,0,0
2026-09-26T15:51:51.406772+00:00,64060288,43704296,4194300,50592,113512,1787424,118375,0,0,0,0,0,0
2026-09-26T15:51:52.407899+00:00,64060288,43702748,4194300,50592,113512,1787424,118375,0,0,0,0,0,0
2026-09-26T15:51:53.409012+00:00,64060288,43673852,4194300,50592,113512,1787424,118375,0,0,0,0,0,0
2026-09-26T15:51:54.410132+00:00,64060288,43674888,4194300,50592,113512,1787424,118375,0,0,0,0,0,0
2026-09-26T15:51:55.411320+00:00,64060288,43687844,4194300,50592,113512,1787424,118375,0,0,0,0,0,0
2026-09-26T15:51:56.412600+00:00,64060288,43672088,4194300,50592,113512,1787424,118375,0,0,0,0,0,0
2026-09-26T15:51:57.413808+00:00,64060288,43695480,4194300,50592,113512,1787424,118375,0,0,0,0,0,0
2026-09-26T15:51:58.414633+00:00,64060288,43685688,4194300,50592,113512,1787424,118375,0,0,0,0,0,0
2026-09-26T15:51:59.415451+00:00,64060288,43696164,4194300,50592,113512,1787424,118375,0,0,0,0,0,0
2026-09-26T15:52:00.416294+00:00,64060288,43715164,4194300,50592,113512,1787424,118375,0,0,0,0,0,0
2026-09-26T15:52:01.417165+00:00,64060288,43715408,4194300,50592,113512,1787424,118375,0,0,0,0,0,0
2026-09-26T15:52:02.418025+00:00,64060288,43721352,4194300,50592,113512,1787424,118375,0,0,0,0,0,0
2026-09-26T15:52:03.418898+00:00,64060288,43728272,4194300,50592,113512,1787424,118375,0,0,0,0,0,0
2026-09-26T15:52:04.419693+00:00,64060288,43726508,4194300,50592,113512,1787424,118375,0,0,0,0,0,0
2026-09-26T15:52:05.420365+00:00,64060288,43726044,4194300,50592,113512,1787424,118375,0,0,0,0,0,0
2026-09-26T15:52:06.421139+00:00,64060288,43719512,4194300,50592,113512,1787424,118375,0,0,0,0,0,0
2026-09-26T15:52:07.422000+00:00,64060288,43702704,4194300,50592,113512,1787424,118375,0,0,0,0,0,0
2026-09-26T15:52:08.422877+00:00,64060288,43685472,4194300,50592,113512,1787424,118375,0,0,0,0,0,0
2026-09-26T15:52:09.423735+00:00,64060288,43710252,4194300,50592,113512,1787424,118375,0,0,0,0,0,0
2026-09-26T15:52:10.424568+00:00,64060288,43703500,4194300,50592,113512,1787424,118375,0,0,0,0,0,0
2026-09-26T15:52:11.425423+00:00,64060288,43705460,4194300,50592,113512,1787424,118375,0,0,0,0,0,0
2026-09-26T15:52:12.426297+00:00,64060288,43697896,4194300,50592,113512,1787424,118375,0,0,0,0,0,0
2026-09-26T15:52:13.427162+00:00,64060288,43708632,4194300,50592,113512,1787424,118375,0,0,0,0,0,0
2026-09-26T15:52:14.428044+00:00,64060288,43698308,4194300,50592,113512,1787424,118375,0,0,0,0,0,0
2026-09-26T15:52:15.428942+00:00,64060288,43719560,4194300,50592,113512,1787424,118375,0,0,0,0,0,0
2026-09-26T15:52:16.429722+00:00,64060288,43684220,4194300,50592,113512,1787424,118375,0,0,0,0,0,0
2026-09-26T15:52:17.430476+00:00,64060288,43703004,4194300,50592,113512,1787424,118375,0,0,0,0,0,0
2026-09-26T15:52:18.431238+00:00,64060288,43700260,4194300,50592,113512,1787424,118375,0,0,0,0,0,0
2026-09-26T15:52:19.432110+00:00,64060288,43695948,4194300,50592,113512,1787424,118375,0,0,0,0,0,0
2026-09-26T15:52:20.433039+00:00,64060288,43689308,4194300,50592,113512,1787424,118375,0,0,0,0,0,0
2026-09-26T15:52:21.433878+00:00,64060288,43707940,4194300,50592,113512,1787424,118375,0,0,0,0,0,0
2026-09-26T15:52:22.434726+00:00,64060288,43667416,4194300,50592,113512,1787424,118375,0,0,0,0,0,0
2026-09-26T15:52:23.435588+00:00,64060288,43680836,4194300,50592,113512,1787424,118375,0,0,0,0,0,0
2026-09-26T15:52:24.436415+00:00,64060288,43679708,4194300,50592,113512,1787424,118375,0,0,0,0,0,0
2026-09-26T15:52:25.437246+00:00,64060288,43694496,4194300,50592,113512,1787424,118375,0,0,0,0,0,0
2026-09-26T15:52:26.438089+00:00,64060288,43679092,4194300,50592,113512,1787424,118375,0,0,0,0,0,0
2026-09-26T15:52:27.438973+00:00,64060288,43692520,4194300,50592,113512,1787424,118375,0,0,0,0,0,0
2026-09-26T15:52:28.439780+00:00,64060288,43696600,4194300,50592,113512,1787424,118375,0,0,0,0,0,0
2026-09-26T15:52:29.440586+00:00,64060288,43694488,4194300,50592,113512,1787424,118375,0,0,0,0,0,0
2026-09-26T15:52:30.441460+00:00,64060288,43695740,4194300,50592,113512,1787424,118375,0,0,0,0,0,0
2026-09-26T15:52:31.442328+00:00,64060288,43676628,4194300,50592,113512,1787424,118375,0,0,0,0,0,0
2026-09-26T15:52:32.443196+00:00,64060288,43665716,4194300,50592,113512,1787424,118375,0,0,0,0,0,0
2026-09-26T15:52:33.444052+00:00,64060288,43682052,4194300,50592,113512,1787424,118375,0,0,0,0,0,0
2026-09-26T15:52:34.444890+00:00,64060288,43694356,4194300,50592,113512,1787424,118375,0,0,0,0,0,0
2026-09-26T15:52:35.445728+00:00,64060288,43661408,4194300,50592,113512,1787424,118375,0,0,0,0,0,0
2026-09-26T15:52:36.446601+00:00,64060288,43643996,4194300,50592,113512,1787424,118375,0,0,0,0,0,0
2026-09-26T15:52:37.447451+00:00,64060288,43633176,4194300,50592,113512,1787424,118375,0,0,0,0,0,0
2026-09-26T15:52:38.448303+00:00,64060288,43621992,4194300,50592,113512,1787424,118375,0,0,0,0,0,0
2026-09-26T15:52:39.449133+00:00,64060288,43647764,4194300,50592,113512,1787424,118375,0,0,0,0,0,0
2026-09-26T15:52:40.449858+00:00,64060288,43668892,4194300,50592,113512,1787424,118375,0,0,0,0,0,0
2026-09-26T15:52:41.456124+00:00,64060288,43669148,4194300,50592,113512,1787424,118375,0,0,0,0,0,0
2026-09-26T15:52:42.456998+00:00,64060288,43683256,4194300,50592,113512,1787424,118375,0,0,0,0,0,0
2026-09-26T15:52:43.457875+00:00,64060288,43663540,4194300,50592,113512,1787424,118375,0,0,0,0,0,0
2026-09-26T15:52:44.458719+00:00,64060288,43675700,4194300,50592,113512,1787424,118375,0,0,0,0,0,0
2026-09-26T15:52:45.459556+00:00,64060288,43678592,4194300,50592,113512,1787424,118375,0,0,0,0,0,0
2026-09-26T15:52:46.460433+00:00,64060288,43651968,4194300,50592,113513,1787424,118376,0,0,0,0,0,0
2026-09-26T15:52:47.461311+00:00,64060288,43682788,4194300,50592,113513,1787424,118376,0,0,0,0,0,0
2026-09-26T15:52:48.462191+00:00,64060288,43679944,4194300,50592,113513,1787424,118376,0,0,0,0,0,0
2026-09-26T15:52:49.463053+00:00,64060288,43652188,4194300,50592,113513,1787424,118376,0,0,0,0,0,0
2026-09-26T15:52:50.463900+00:00,64060288,43615568,4194300,50592,113513,1787424,118376,0,0,0,0,0,0
2026-09-26T15:52:51.464617+00:00,64060288,43619616,4194300,50592,113513,1787424,118376,0,0,0,0,0,0
2026-09-26T15:52:52.465380+00:00,64060288,43626184,4194300,50592,113513,1787424,118376,0,0,0,0,0,0
2026-09-26T15:52:53.466141+00:00,64060288,43635824,4194300,50592,113513,1787424,118376,0,0,0,0,0,0
2026-09-26T15:52:54.467015+00:00,64060288,43644764,4194300,50592,113513,1787424,118376,0,0,0,0,0,0
2026-09-26T15:52:55.467887+00:00,64060288,43653456,4194300,50592,113513,1787424,118376,0,0,0,0,0,0
2026-09-26T15:52:56.468733+00:00,64060288,43649088,4194300,50592,113513,1787424,118376,0,0,0,0,0,0
2026-09-26T15:52:57.469550+00:00,64060288,43646220,4194300,50592,113513,1787424,118376,0,0,0,0,0,0
2026-09-26T15:52:58.470397+00:00,64060288,43630424,4194300,50592,113513,1787424,118376,0,0,0,0,0,0
2026-09-26T15:52:59.471260+00:00,64060288,43635648,4194300,50592,113513,1787424,118376,0,0,0,0,0,0
2026-09-26T15:53:00.472129+00:00,64060288,43639912,4194300,50592,113513,1787424,118376,0,0,0,0,0,0
2026-09-26T15:53:01.472988+00:00,64060288,43623348,4194300,50592,113513,1787424,118376,0,0,0,0,0,0
2026-09-26T15:53:02.473829+00:00,64060288,43639164,4194300,50592,113513,1787424,118376,0,0,0,0,0,0
2026-09-26T15:53:03.474607+00:00,64060288,43628744,4194300,50592,113513,1787424,118376,0,0,0,0,0,0
2026-09-26T15:53:04.475386+00:00,64060288,43616568,4194300,50592,113513,1787424,118376,0,0,0,0,0,0
2026-09-26T15:53:05.476202+00:00,64060288,43606300,4194300,50592,113513,1787424,118376,0,0,0,0,0,0
2026-09-26T15:53:06.477037+00:00,64060288,43609188,4194300,50592,113513,1787424,118376,0,0,0,0,0,0
2026-09-26T15:53:07.477910+00:00,64060288,43611672,4194300,50592,113513,1787424,118376,0,0,0,0,0,0
2026-09-26T15:53:08.478777+00:00,64060288,43640632,4194300,50592,113513,1787424,118376,0,0,0,0,0,0
2026-09-26T15:53:09.479632+00:00,64060288,43666800,4194300,50592,113513,1787424,118376,0,0,0,0,0,0
2026-09-26T15:53:10.480475+00:00,64060288,43660916,4194300,50592,113513,1787424,118376,0,0,0,0,0,0
2026-09-26T15:53:11.481310+00:00,64060288,43669412,4194300,50592,113513,1787424,118376,0,0,0,0,0,0
2026-09-26T15:53:12.482158+00:00,64060288,43676912,4194300,50592,113513,1787424,118376,0,0,0,0,0,0
2026-09-26T15:53:13.483027+00:00,64060288,43659984,4194300,50592,113513,1787424,118376,0,0,0,0,0,0
2026-09-26T15:53:14.483841+00:00,64060288,43644640,4194300,50592,113513,1787424,118376,0,0,0,0,0,0
2026-09-26T15:53:15.484584+00:00,64060288,43650100,4194300,50592,113513,1787424,118376,0,0,0,0,0,0
2026-09-26T15:53:16.485366+00:00,64060288,43658440,4194300,50592,113513,1787424,118376,0,0,0,0,0,0
2026-09-26T15:53:17.486161+00:00,64060288,43677240,4194300,50592,113513,1787424,118376,0,0,0,0,0,0
2026-09-26T15:53:18.487075+00:00,64060288,43659508,4194300,50592,113513,1787424,118376,0,0,0,0,0,0
2026-09-26T15:53:19.487918+00:00,64060288,43652944,4194300,50592,113513,1787424,118376,0,0,0,0,0,0
2026-09-26T15:53:20.488785+00:00,64060288,43651580,4194300,50592,113513,1787424,118376,0,0,0,0,0,0
2026-09-26T15:53:21.489639+00:00,64060288,43668260,4194300,50592,113513,1787424,118376,0,0,0,0,0,0
2026-09-26T15:53:22.490497+00:00,64060288,43671816,4194300,50592,113513,1787424,118376,0,0,0,0,0,0
2026-09-26T15:53:23.491365+00:00,64060288,43661184,4194300,50592,113513,1787424,118376,0,0,0,0,0,0
2026-09-26T15:53:24.492257+00:00,64060288,43673620,4194300,50592,113513,1787424,118376,0,0,0,0,0,0
2026-09-26T15:53:25.493128+00:00,64060288,43670208,4194300,50592,113513,1787424,118376,0,0,0,0,0,0
2026-09-26T15:53:26.493976+00:00,64060288,43681540,4194300,50592,113513,1787424,118381,0,0,0,0,0,0
2026-09-26T15:53:27.494727+00:00,64060288,43682060,4194300,50592,113513,1787424,118381,0,0,0,0,0,0
2026-09-26T15:53:28.495487+00:00,64060288,43664816,4194300,50592,113513,1787424,118381,0,0,0,0,0,0
2026-09-26T15:53:29.496253+00:00,64060288,43656148,4194300,50592,113513,1787424,118381,0,0,0,0,0,0
2026-09-26T15:53:30.497126+00:00,64060288,43659832,4194300,50592,113513,1787424,118381,0,0,0,0,0,0
2026-09-26T15:53:31.498000+00:00,64060288,43651200,4194300,50592,113513,1787424,118381,0,0,0,0,0,0
2026-09-26T15:53:32.498859+00:00,64060288,43671160,4194300,50592,113513,1787424,118381,0,0,0,0,0,0
2026-09-26T15:53:33.499732+00:00,64060288,43656876,4194300,50592,113513,1787424,118396,0,0,0,0,0,0
2026-09-26T15:53:34.500619+00:00,64060288,43612368,4194300,50592,113513,1787424,118451,0,0,0,0,0,0
2026-09-26T15:53:35.501491+00:00,64060288,43614356,4194300,50592,113513,1787424,118453,0,0,0,0,0,0
2026-09-26T15:53:36.502360+00:00,64060288,43640136,4194300,50592,113513,1787424,118453,0,0,0,0,0,0
2026-09-26T15:53:37.503259+00:00,64060288,43639536,4194300,50592,113513,1787424,118453,0,0,0,0,0,0
2026-09-26T15:53:38.504125+00:00,64060288,43684424,4194300,50592,113513,1787424,118453,0,0,0,0,0,0
2026-09-26T15:53:39.504885+00:00,64060288,43689244,4194300,50592,113513,1787424,118453,0,0,0,0,0,0
2026-09-26T15:53:40.505639+00:00,64060288,43708168,4194300,50592,113513,1787424,118453,0,0,0,0,0,0
2026-09-26T15:53:41.506436+00:00,64060288,43707240,4194300,50592,113513,1787424,118453,0,0,0,0,0,0
2026-09-26T15:53:42.507287+00:00,64060288,43730436,4194300,50592,113513,1787424,118453,0,0,0,0,0,0
2026-09-26T15:53:43.508147+00:00,64060288,43714296,4194300,50592,113513,1787424,118453,0,0,0,0,0,0
2026-09-26T15:53:44.508978+00:00,64060288,43706616,4194300,50592,113513,1787424,118453,0,0,0,0,0,0
2026-09-26T15:53:45.509841+00:00,64060288,43736416,4194300,50592,113513,1787424,118453,0,0,0,0,0,0
2026-09-26T15:53:46.510684+00:00,64060288,43724284,4194300,50592,113513,1787424,118453,0,0,0,0,0,0
2026-09-26T15:53:47.511540+00:00,64060288,43758144,4194300,50592,113513,1787424,118453,0,0,0,0,0,0
2026-09-26T15:53:48.512410+00:00,64060288,43755432,4194300,50592,113513,1787424,118453,0,0,0,0,0,0
2026-09-26T15:53:49.513301+00:00,64060288,43771776,4194300,50592,113513,1787424,118454,0,0,0,0,0,0
2026-09-26T15:53:50.514147+00:00,64060288,43740708,4194300,50592,113513,1787424,118454,0,0,0,0,0,0
2026-09-26T15:53:51.514943+00:00,64060288,43754528,4194300,50592,113513,1787424,118454,0,0,0,0,0,0
2026-09-26T15:53:52.515737+00:00,64060288,43737944,4194300,50592,113513,1787424,118454,0,0,0,0,0,0
2026-09-26T15:53:53.516599+00:00,64060288,43708788,4194300,50592,113513,1787424,118454,0,0,0,0,0,0
2026-09-26T15:53:54.517429+00:00,64060288,43712664,4194300,50592,113513,1787424,118454,0,0,0,0,0,0
2026-09-26T15:53:55.518275+00:00,64060288,43724240,4194300,50592,113513,1787424,118454,0,0,0,0,0,0
2026-09-26T15:53:56.519138+00:00,64060288,43716184,4194300,50592,113513,1787424,118454,0,0,0,0,0,0
2026-09-26T15:53:57.520004+00:00,64060288,43731100,4194300,50592,113513,1787424,118454,0,0,0,0,0,0
2026-09-26T15:53:58.520854+00:00,64060288,43756792,4194300,50592,113513,1787424,118454,0,0,0,0,0,0
2026-09-26T15:53:59.521709+00:00,64060288,43754200,4194300,50592,113513,1787424,118454,0,0,0,0,0,0
2026-09-26T15:54:00.522556+00:00,64060288,43760192,4194300,50592,113513,1787424,118454,0,0,0,0,0,0
2026-09-26T15:54:01.523388+00:00,64060288,43758712,4194300,50592,113513,1787424,118454,0,0,0,0,0,0
2026-09-26T15:54:02.524044+00:00,64060288,43771244,4194300,50592,113513,1787424,118454,0,0,0,0,0,0
2026-09-26T15:54:03.524798+00:00,64060288,43792372,4194300,50592,113513,1787424,118454,0,0,0,0,0,0
2026-09-26T15:54:04.525605+00:00,64060288,43799500,4194300,50592,113514,1787424,118455,0,0,0,0,0,0
2026-09-26T15:54:05.526456+00:00,64060288,43771484,4194300,50592,113514,1787424,118455,0,0,0,0,0,0
2026-09-26T15:54:06.527326+00:00,64060288,43754648,4194300,50592,113514,1787424,118455,0,0,0,0,0,0
2026-09-26T15:54:07.528197+00:00,64060288,43743860,4194300,50592,113514,1787424,118455,0,0,0,0,0,0
2026-09-26T15:54:08.529066+00:00,64060288,43773976,4194300,50592,113514,1787424,118455,0,0,0,0,0,0
2026-09-26T15:54:09.529953+00:00,64060288,43796100,4194300,50592,113514,1787424,118455,0,0,0,0,0,0
2026-09-26T15:54:10.530825+00:00,64060288,43791500,4194300,50592,113514,1787424,118455,0,0,0,0,0,0
2026-09-26T15:54:11.531682+00:00,64060288,43796532,4194300,50592,113514,1787424,118455,0,0,0,0,0,0
2026-09-26T15:54:12.532543+00:00,64060288,43798276,4194300,50592,113514,1787424,118455,0,0,0,0,0,0
2026-09-26T15:54:13.533414+00:00,64060288,43800596,4194300,50592,113514,1787424,118455,0,0,0,0,0,0
2026-09-26T15:54:14.534265+00:00,64060288,43796460,4194300,50592,113514,1787424,118455,0,0,0,0,0,0
2026-09-26T15:54:15.535011+00:00,64060288,43781448,4194300,50592,113514,1787424,118455,0,0,0,0,0,0
2026-09-26T15:54:16.535808+00:00,64060288,43778328,4194300,50592,113514,1787424,118455,0,0,0,0,0,0
2026-09-26T15:54:17.536659+00:00,64060288,43810992,4194300,50592,113515,1787424,118456,0,0,0,0,0,0
2026-09-26T15:54:18.537521+00:00,64060288,43804184,4194300,50592,113515,1787424,118456,0,0,0,0,0,0
2026-09-26T15:54:19.538391+00:00,64060288,43805772,4194300,50592,113515,1787424,118456,0,0,0,0,0,0
2026-09-26T15:54:20.539253+00:00,64060288,43822908,4194300,50592,113515,1787424,118456,0,0,0,0,0,0
2026-09-26T15:54:21.540118+00:00,64060288,43814644,4194300,50592,113515,1787424,118456,0,0,0,0,0,0
2026-09-26T15:54:22.540996+00:00,64060288,43781396,4194300,50592,113515,1787424,118456,0,0,0,0,0,0
2026-09-26T15:54:23.541875+00:00,64060288,43769512,4194300,50592,113515,1787424,118456,0,0,0,0,0,0
2026-09-26T15:54:24.542742+00:00,64060288,43767072,4194300,50592,113515,1787424,118456,0,0,0,0,0,0
2026-09-26T15:54:25.543626+00:00,64060288,43779920,4194300,50592,113516,1787424,118457,0,0,0,0,0,0
2026-09-26T15:54:26.544460+00:00,64060288,43765396,4194300,50592,113516,1787424,118457,0,0,0,0,0,0
2026-09-26T15:54:27.545236+00:00,64060288,43783844,4194300,50592,113516,1787424,118457,0,0,0,0,0,0
2026-09-26T15:54:28.546065+00:00,64060288,43787124,4194300,50592,113516,1787424,118457,0,0,0,0,0,0
2026-09-26T15:54:29.546950+00:00,64060288,43782392,4194300,50592,113516,1787424,118457,0,0,0,0,0,0
2026-09-26T15:54:30.547852+00:00,64060288,43785544,4194300,50592,113516,1787424,118457,0,0,0,0,0,0
2026-09-26T15:54:31.548731+00:00,64060288,43768452,4194300,50592,113516,1787424,118457,0,0,0,0,0,0
2026-09-26T15:54:32.549604+00:00,64060288,43773464,4194300,50592,113516,1787424,118457,0,0,0,0,0,0
2026-09-26T15:54:33.550460+00:00,64060288,43772444,4194300,50592,113516,1787424,118457,0,0,0,0,0,0
2026-09-26T15:54:34.551312+00:00,64060288,43785040,4194300,50592,113516,1787424,118458,0,0,0,0,0,0
2026-09-26T15:54:35.552164+00:00,64060288,43801972,4194300,50592,113516,1787424,118458,0,0,0,0,0,0
2026-09-26T15:54:36.553021+00:00,64060288,43801180,4194300,50592,113516,1787424,118458,0,0,0,0,0,0
2026-09-26T15:54:37.553899+00:00,64060288,43813968,4194300,50592,113516,1787424,118458,0,0,0,0,0,0
2026-09-26T15:54:38.554769+00:00,64060288,43818460,4194300,50592,113516,1787424,118458,0,0,0,0,0,0
2026-09-26T15:54:39.555556+00:00,64060288,43822296,4194300,50592,113516,1787424,118458,0,0,0,0,0,0
2026-09-26T15:54:40.556420+00:00,64060288,43807000,4194300,50592,113516,1787424,118458,0,0,0,0,0,0
2026-09-26T15:54:41.557294+00:00,64060288,43787000,4194300,50592,113516,1787424,118458,0,0,0,0,0,0
2026-09-26T15:54:42.558153+00:00,64060288,43787468,4194300,50592,113516,1787424,118458,0,0,0,0,0,0
2026-09-26T15:54:43.559024+00:00,64060288,43794816,4194300,50592,113516,1787424,118458,0,0,0,0,0,0
2026-09-26T15:54:44.559914+00:00,64060288,43792740,4194300,50592,113516,1787424,118458,0,0,0,0,0,0
2026-09-26T15:54:45.560765+00:00,64060288,43784904,4194300,50592,113516,1787424,118458,0,0,0,0,0,0
2026-09-26T15:54:46.561767+00:00,64060288,43777196,4194300,50592,113516,1787424,118458,0,0,0,0,0,0
2026-09-26T15:54:47.562709+00:00,64060288,43794180,4194300,50592,113516,1787424,118458,0,0,0,0,0,0
2026-09-26T15:54:48.563573+00:00,64060288,43787464,4194300,50592,113516,1787424,118458,0,0,0,0,0,0
2026-09-26T15:54:49.564499+00:00,64060288,43773208,4194300,50592,113516,1787424,118458,0,0,0,0,0,0
2026-09-26T15:54:50.565171+00:00,64060288,43783792,4194300,50592,113516,1787424,118458,0,0,0,0,0,0
2026-09-26T15:54:51.565971+00:00,64060288,43789400,4194300,50592,113516,1787424,118461,0,0,0,0,0,0
2026-09-26T15:54:52.566692+00:00,64060288,43741488,4194300,50592,113517,1787424,118478,0,0,0,0,0,0
2026-09-26T15:54:53.567562+00:00,64060288,43740444,4194300,50592,113517,1787424,118478,0,0,0,0,0,0
2026-09-26T15:54:54.568409+00:00,64060288,43767780,4194300,50592,113517,1787424,118478,0,0,0,0,0,0
2026-09-26T15:54:55.569276+00:00,64060288,43766520,4194300,50592,113517,1787424,118478,0,0,0,0,0,0
2026-09-26T15:54:56.570136+00:00,64060288,43758052,4194300,50592,113517,1787424,118478,0,0,0,0,0,0
2026-09-26T15:54:57.571024+00:00,64060288,43741516,4194300,50592,113517,1787424,118478,0,0,0,0,0,0
2026-09-26T15:54:58.571893+00:00,64060288,43732692,4194300,50592,113517,1787424,118479,0,0,0,0,0,0
2026-09-26T15:54:59.572752+00:00,64060288,43745644,4194300,50592,113517,1787424,118479,0,0,0,0,0,0
2026-09-26T15:55:00.573622+00:00,64060288,43778332,4194300,50592,113517,1787424,118481,0,0,0,0,0,0
2026-09-26T15:55:01.574462+00:00,64060288,43770288,4194300,50592,113517,1787424,118481,0,0,0,0,0,0
2026-09-26T15:55:02.575397+00:00,64060288,43777368,4194300,50592,113517,1787424,118481,0,0,0,0,0,0
2026-09-26T15:55:03.576182+00:00,64060288,43771412,4194300,50592,113517,1787424,118481,0,0,0,0,0,0
2026-09-26T15:55:04.576968+00:00,64060288,43775188,4194300,50592,113517,1787424,118481,0,0,0,0,0,0
2026-09-26T15:55:05.577849+00:00,64060288,43767372,4194300,50592,113517,1787424,118481,0,0,0,0,0,0
2026-09-26T15:55:06.578722+00:00,64060288,43796204,4194300,50592,113517,1787424,118481,0,0,0,0,0,0
2026-09-26T15:55:07.579594+00:00,64060288,43786200,4194300,50592,113517,1787424,118481,0,0,0,0,0,0
2026-09-26T15:55:08.580452+00:00,64060288,43788764,4194300,50592,113517,1787424,118481,0,0,0,0,0,0
2026-09-26T15:55:09.581319+00:00,64060288,43782084,4194300,50592,113517,1787424,118489,0,0,0,0,0,0
2026-09-26T15:55:10.582182+00:00,64060288,43758420,4194300,50596,113517,1787425,118489,0,0,0,0,0,0
2026-09-26T15:55:11.583057+00:00,64060288,43745724,4194300,50600,113517,1787426,118489,0,0,0,0,0,0
2026-09-26T15:55:12.583885+00:00,64060288,43748280,4194300,50628,113517,1787433,118489,0,0,0,0,0,0
2026-09-26T15:55:13.584743+00:00,64060288,43773164,4194300,50628,113517,1787433,118489,0,0,0,0,0,0
2026-09-26T15:55:14.585591+00:00,64060288,43775752,4194300,50752,113517,1787464,118489,0,0,0,0,0,0
2026-09-26T15:55:15.586383+00:00,64060288,43771804,4194300,50768,113517,1787468,118489,0,0,0,0,0,0
2026-09-26T15:55:16.587165+00:00,64060288,43780716,4194300,50768,113517,1787468,118489,0,0,0,0,0,0
2026-09-26T15:55:17.588037+00:00,64060288,43803540,4194300,50848,113518,1787488,118490,0,0,0,0,0,0
2026-09-26T15:55:18.588926+00:00,64060288,43792784,4194300,51000,113518,1787526,118490,0,0,0,0,0,0
2026-09-26T15:55:19.589773+00:00,64060288,43787900,4194300,51000,113518,1787526,118490,0,0,0,0,0,0
2026-09-26T15:55:20.590605+00:00,64060288,43906664,4194300,51004,113518,1787527,118490,0,0,0,0,0,0
2026-09-26T15:55:21.591441+00:00,64060288,43889972,4194300,51004,113518,1787527,118490,0,0,0,0,0,0
2026-09-26T15:55:22.592258+00:00,64060288,43884604,4194300,51004,113518,1787527,118490,0,0,0,0,0,0
2026-09-26T15:55:23.593113+00:00,64060288,43863452,4194300,51004,113518,1787527,118490,0,0,0,0,0,0
2026-09-26T15:55:24.593966+00:00,64060288,43868696,4194300,51004,113518,1787527,118490,0,0,0,0,0,0
2026-09-26T15:55:25.594842+00:00,64060288,43844532,4194300,51000,113518,1787527,118528,0,0,0,0,0,0
2026-09-26T15:55:26.595676+00:00,64060288,43829160,4194300,51000,113518,1787527,118528,0,0,0,0,0,0
2026-09-26T15:55:27.596456+00:00,64060288,43820148,4194300,51000,113518,1787527,118528,0,0,0,0,0,0
2026-09-26T15:55:28.597210+00:00,64060288,43853620,4194300,51000,113518,1787527,118528,0,0,0,0,0,0
2026-09-26T15:55:29.598012+00:00,64060288,43856580,4194300,51000,113518,1787527,118528,0,0,0,0,0,0
2026-09-26T15:55:30.598874+00:00,64060288,43822072,4194300,51000,113518,1787527,118528,0,0,0,0,0,0
2026-09-26T15:55:31.599756+00:00,64060288,43821240,4194300,51000,113518,1787527,118528,0,0,0,0,0,0
2026-09-26T15:55:32.600608+00:00,64060288,43831920,4194300,51000,113518,1787527,118528,0,0,0,0,0,0
2026-09-26T15:55:33.601445+00:00,64060288,43842768,4194300,51000,113518,1787527,118528,0,0,0,0,0,0
2026-09-26T15:55:34.602290+00:00,64060288,43844596,4194300,51000,113518,1787527,118528,0,0,0,0,0,0
2026-09-26T15:55:35.603158+00:00,64060288,43845940,4194300,51000,113518,1787527,118528,0,0,0,0,0,0
2026-09-26T15:55:36.604033+00:00,64060288,43844632,4194300,51000,113518,1787527,118528,0,0,0,0,0,0
2026-09-26T15:55:37.604902+00:00,64060288,43840376,4194300,51000,113518,1787527,118528,0,0,0,0,0,0
2026-09-26T15:55:38.605757+00:00,64060288,43836052,4194300,51000,113518,1787527,118528,0,0,0,0,0,0
2026-09-26T15:55:39.606518+00:00,64060288,43819432,4194300,51000,113518,1787527,118528,0,0,0,0,0,0
2026-09-26T15:55:40.607299+00:00,64060288,43835824,4194300,51000,113520,1787527,118529,0,0,0,0,0,0
2026-09-26T15:55:41.608111+00:00,64060288,43830332,4194300,51000,113521,1787527,118530,0,0,0,0,0,0
2026-09-26T15:55:42.608977+00:00,64060288,43852456,4194300,51000,113521,1787527,118530,0,0,0,0,0,0
2026-09-26T15:55:43.609851+00:00,64060288,43849348,4194300,51000,113521,1787527,118530,0,0,0,0,0,0
2026-09-26T15:55:44.610717+00:00,64060288,43848376,4194300,51000,113521,1787527,118530,0,0,0,0,0,0
2026-09-26T15:55:45.611559+00:00,64060288,43817704,4194300,51000,113521,1787527,118530,0,0,0,0,0,0
2026-09-26T15:55:46.612417+00:00,64060288,43824572,4194300,51000,113521,1787527,118530,0,0,0,0,0,0
2026-09-26T15:55:47.613288+00:00,64060288,43832624,4194300,51000,113521,1787527,118530,0,0,0,0,0,0
2026-09-26T15:55:48.614137+00:00,64060288,43819128,4194300,51000,113521,1787527,118530,0,0,0,0,0,0
2026-09-26T15:55:49.615004+00:00,64060288,43837616,4194300,51000,113521,1787527,118530,0,0,0,0,0,0
2026-09-26T15:55:50.615837+00:00,64060288,43842892,4194300,51000,113521,1787527,118530,0,0,0,0,0,0
2026-09-26T15:55:51.616557+00:00,64060288,43821884,4194300,51000,113521,1787527,118530,0,0,0,0,0,0
2026-09-26T15:55:52.617318+00:00,64060288,43818392,4194300,51000,113521,1787527,118530,0,0,0,0,0,0
2026-09-26T15:55:53.618112+00:00,64060288,43810712,4194300,51000,113521,1787527,118530,0,0,0,0,0,0
2026-09-26T15:55:54.618991+00:00,64060288,43810636,4194300,51000,113521,1787527,118530,0,0,0,0,0,0
2026-09-26T15:55:55.619836+00:00,64060288,43831712,4194300,51000,113521,1787527,118530,0,0,0,0,0,0
2026-09-26T15:55:56.620676+00:00,64060288,43835368,4194300,51000,113521,1787527,118530,0,0,0,0,0,0
2026-09-26T15:55:57.621498+00:00,64060288,43832072,4194300,51000,113521,1787527,118530,0,0,0,0,0,0
2026-09-26T15:55:58.622351+00:00,64060288,43834928,4194300,51000,113521,1787527,118530,0,0,0,0,0,0
2026-09-26T15:55:59.623192+00:00,64060288,43839900,4194300,51000,113521,1787527,118530,0,0,0,0,0,0
2026-09-26T15:56:00.624023+00:00,64060288,43843024,4194300,51000,113521,1787527,118530,0,0,0,0,0,0
2026-09-26T15:56:01.624855+00:00,64060288,43837940,4194300,51000,113521,1787527,118530,0,0,0,0,0,0
2026-09-26T15:56:02.625685+00:00,64060288,43846700,4194300,51000,113521,1787527,118530,0,0,0,0,0,0
2026-09-26T15:56:03.626417+00:00,64060288,43848476,4194300,51000,113521,1787527,118530,0,0,0,0,0,0
2026-09-26T15:56:04.627190+00:00,64060288,43819424,4194300,51000,113521,1787527,118530,0,0,0,0,0,0
2026-09-26T15:56:05.628010+00:00,64060288,43845696,4194300,51000,113521,1787527,118530,0,0,0,0,0,0
2026-09-26T15:56:06.628881+00:00,64060288,43808064,4194300,51000,113521,1787527,118530,0,0,0,0,0,0
2026-09-26T15:56:07.629745+00:00,64060288,43791004,4194300,51000,113521,1787527,118530,0,0,0,0,0,0
2026-09-26T15:56:08.630607+00:00,64060288,43801508,4194300,51000,113521,1787527,118530,0,0,0,0,0,0
2026-09-26T15:56:09.631475+00:00,64060288,43801128,4194300,51000,113521,1787527,118530,0,0,0,0,0,0
2026-09-26T15:56:10.632341+00:00,64060288,43784712,4194300,51000,113521,1787527,118530,0,0,0,0,0,0
2026-09-26T15:56:11.633213+00:00,64060288,43796100,4194300,51000,113522,1787527,118531,0,0,0,0,0,0
2026-09-26T15:56:12.634075+00:00,64060288,43779568,4194300,51000,113522,1787527,118531,0,0,0,0,0,0
2026-09-26T15:56:13.635009+00:00,64060288,43824552,4194300,51000,113522,1787527,118531,0,0,0,0,0,0
2026-09-26T15:56:14.635851+00:00,64060288,43783088,4194300,51000,113522,1787527,118531,0,0,0,0,0,0
2026-09-26T15:56:15.636665+00:00,64060288,43807316,4194300,51000,113522,1787527,118531,0,0,0,0,0,0
2026-09-26T15:56:16.637430+00:00,64060288,43791928,4194300,51000,113522,1787527,118532,0,0,0,0,0,0
2026-09-26T15:56:17.638220+00:00,64060288,43796772,4194300,51000,113522,1787527,118533,0,0,0,0,0,0
2026-09-26T15:56:18.639090+00:00,64060288,43790076,4194300,51000,113522,1787527,118533,0,0,0,0,0,0
2026-09-26T15:56:19.639947+00:00,64060288,43791640,4194300,51000,113522,1787527,118533,0,0,0,0,0,0
2026-09-26T15:56:20.640816+00:00,64060288,43784760,4194300,51000,113522,1787527,118533,0,0,0,0,0,0
2026-09-26T15:56:21.641665+00:00,64060288,43780676,4194300,51000,113522,1787527,118533,0,0,0,0,0,0
2026-09-26T15:56:22.642512+00:00,64060288,43808920,4194300,51000,113523,1787527,118534,0,0,0,0,0,0
2026-09-26T15:56:23.643354+00:00,64060288,43821172,4194300,51000,113523,1787527,118534,0,0,0,0,0,0
2026-09-26T15:56:24.644216+00:00,64060288,43812324,4194300,51000,113523,1787527,118534,0,0,0,0,0,0
2026-09-26T15:56:25.645075+00:00,64060288,43817872,4194300,51000,113523,1787527,118534,0,0,0,0,0,0
2026-09-26T15:56:26.645904+00:00,64060288,43813048,4194300,51000,113523,1787527,118534,0,0,0,0,0,0
2026-09-26T15:56:27.646741+00:00,64060288,43801000,4194300,51000,113523,1787527,118534,0,0,0,0,0,0
2026-09-26T15:56:28.647498+00:00,64060288,43797844,4194300,51000,113523,1787527,118534,0,0,0,0,0,0
2026-09-26T15:56:29.648299+00:00,64060288,43797420,4194300,51000,113523,1787527,118534,0,0,0,0,0,0
2026-09-26T15:56:30.649183+00:00,64060288,43798008,4194300,51000,113523,1787527,118534,0,0,0,0,0,0
2026-09-26T15:56:31.650042+00:00,64060288,43794952,4194300,51000,113523,1787527,118534,0,0,0,0,0,0
2026-09-26T15:56:32.650900+00:00,64060288,43808212,4194300,51000,113523,1787527,118534,0,0,0,0,0,0
2026-09-26T15:56:33.651768+00:00,64060288,43796608,4194300,51000,113523,1787527,118534,0,0,0,0,0,0
2026-09-26T15:56:34.652616+00:00,64060288,43778648,4194300,51000,113523,1787527,118534,0,0,0,0,0,0
2026-09-26T15:56:35.653455+00:00,64060288,43792468,4194300,51000,113523,1787527,118534,0,0,0,0,0,0
2026-09-26T15:56:36.654282+00:00,64060288,43788048,4194300,51000,113523,1787527,118534,0,0,0,0,0,0
2026-09-26T15:56:37.655114+00:00,64060288,43807692,4194300,51000,113523,1787527,118534,0,0,0,0,0,0
2026-09-26T15:56:38.655954+00:00,64060288,43802812,4194300,51000,113523,1787527,118534,0,0,0,0,0,0
2026-09-26T15:56:39.656790+00:00,64060288,43805884,4194300,51000,113523,1787527,118534,0,0,0,0,0,0
2026-09-26T15:56:40.657590+00:00,64060288,43802832,4194300,51000,113523,1787527,118534,0,0,0,0,0,0
2026-09-26T15:56:41.658392+00:00,64060288,43804860,4194300,51000,113523,1787527,118534,0,0,0,0,0,0
2026-09-26T15:56:42.659260+00:00,64060288,43804860,4194300,51000,113523,1787527,118534,0,0,0,0,0,0
2026-09-26T15:56:43.660126+00:00,64060288,43812760,4194300,51000,113523,1787527,118534,0,0,0,0,0,0
2026-09-26T15:56:44.660997+00:00,64060288,43807884,4194300,51000,113525,1787527,118536,0,0,0,0,0,0
2026-09-26T15:56:45.661872+00:00,64060288,43806424,4194300,51000,113525,1787527,118536,0,0,0,0,0,0
2026-09-26T15:56:46.662729+00:00,64060288,43767116,4194300,51000,113526,1787527,118537,0,0,0,0,0,0
2026-09-26T15:56:47.663608+00:00,64060288,43750536,4194300,51000,113526,1787527,118537,0,0,0,0,0,0
2026-09-26T15:56:48.664422+00:00,64060288,43754000,4194300,51000,113526,1787527,118537,0,0,0,0,0,0
2026-09-26T15:56:49.665264+00:00,64060288,43738452,4194300,51000,113526,1787527,118537,0,0,0,0,0,0
2026-09-26T15:56:50.666107+00:00,64060288,43748220,4194300,51000,113526,1787527,118537,0,0,0,0,0,0
2026-09-26T15:56:51.666952+00:00,64060288,43781928,4194300,51000,113526,1787527,118537,0,0,0,0,0,0
2026-09-26T15:56:52.667735+00:00,64060288,43781280,4194300,51000,113526,1787527,118537,0,0,0,0,0,0
2026-09-26T15:56:53.668535+00:00,64060288,43779140,4194300,51000,113526,1787527,118537,0,0,0,0,0,0
2026-09-26T15:56:54.669343+00:00,64060288,43784332,4194300,51000,113526,1787527,118537,0,0,0,0,0,0
2026-09-26T15:56:55.670209+00:00,64060288,43769880,4194300,51000,113526,1787527,118537,0,0,0,0,0,0
2026-09-26T15:56:56.671069+00:00,64060288,43776064,4194300,51000,113526,1787527,118537,0,0,0,0,0,0
2026-09-26T15:56:57.671938+00:00,64060288,43780396,4194300,51000,113526,1787527,118537,0,0,0,0,0,0
2026-09-26T15:56:58.672808+00:00,64060288,43775652,4194300,51000,113526,1787527,118537,0,0,0,0,0,0
2026-09-26T15:56:59.673663+00:00,64060288,43777200,4194300,51000,113526,1787527,118537,0,0,0,0,0,0
2026-09-26T15:57:00.674502+00:00,64060288,43767264,4194300,51000,113526,1787527,118537,0,0,0,0,0,0
2026-09-26T15:57:01.675351+00:00,64060288,43771116,4194300,51000,113526,1787527,118537,0,0,0,0,0,0
2026-09-26T15:57:02.676222+00:00,64060288,43781004,4194300,51000,113526,1787527,118537,0,0,0,0,0,0
2026-09-26T15:57:03.677052+00:00,64060288,43786384,4194300,51000,113526,1787527,118537,0,0,0,0,0,0
2026-09-26T15:57:04.677802+00:00,64060288,43795920,4194300,51000,113526,1787527,118537,0,0,0,0,0,0
2026-09-26T15:57:05.678865+00:00,64060288,43802804,4194300,51000,113526,1787527,118537,0,0,0,0,0,0
2026-09-26T15:57:06.679626+00:00,64060288,43805608,4194300,51000,113526,1787527,118537,0,0,0,0,0,0
2026-09-26T15:57:07.680475+00:00,64060288,43795368,4194300,51000,113526,1787527,118537,0,0,0,0,0,0
2026-09-26T15:57:08.681345+00:00,64060288,43791864,4194300,51000,113526,1787527,118537,0,0,0,0,0,0
2026-09-26T15:57:09.682191+00:00,64060288,43786576,4194300,51000,113526,1787527,118537,0,0,0,0,0,0
2026-09-26T15:57:10.683044+00:00,64060288,43791952,4194300,51000,113526,1787527,118537,0,0,0,0,0,0
2026-09-26T15:57:11.683898+00:00,64060288,43783200,4194300,51000,113526,1787527,118537,0,0,0,0,0,0
2026-09-26T15:57:12.684750+00:00,64060288,43793412,4194300,51000,113526,1787527,118537,0,0,0,0,0,0
2026-09-26T15:57:13.685591+00:00,64060288,43787592,4194300,51000,113526,1787527,118537,0,0,0,0,0,0
2026-09-26T15:57:14.686465+00:00,64060288,43795628,4194300,51000,113526,1787527,118537,0,0,0,0,0,0
2026-09-26T15:57:15.687317+00:00,64060288,43761172,4194300,51000,113526,1787527,118537,0,0,0,0,0,0
2026-09-26T15:57:16.688087+00:00,64060288,43713856,4194300,51000,113526,1787527,118537,0,0,0,0,0,0
2026-09-26T15:57:17.688825+00:00,64060288,43726460,4194300,51000,113526,1787527,118537,0,0,0,0,0,0
2026-09-26T15:57:18.689627+00:00,64060288,43742852,4194300,51000,113526,1787527,118537,0,0,0,0,0,0
2026-09-26T15:57:19.690503+00:00,64060288,43768700,4194300,51000,113526,1787527,118537,0,0,0,0,0,0
2026-09-26T15:57:20.691352+00:00,64060288,43756992,4194300,51000,113526,1787527,118537,0,0,0,0,0,0
2026-09-26T15:57:21.692234+00:00,64060288,43766868,4194300,51000,113526,1787527,118537,0,0,0,0,0,0
2026-09-26T15:57:22.693112+00:00,64060288,43760824,4194300,51000,113526,1787527,118537,0,0,0,0,0,0
2026-09-26T15:57:23.693995+00:00,64060288,43759004,4194300,51000,113526,1787527,118537,0,0,0,0,0,0
2026-09-26T15:57:24.694858+00:00,64060288,43757036,4194300,51000,113526,1787527,118537,0,0,0,0,0,0
2026-09-26T15:57:25.695722+00:00,64060288,43762744,4194300,51000,113526,1787527,118537,0,0,0,0,0,0
2026-09-26T15:57:26.696606+00:00,64060288,43765508,4194300,51000,113526,1787527,118537,0,0,0,0,0,0
2026-09-26T15:57:27.697444+00:00,64060288,43767024,4194300,51000,113526,1787527,118537,0,0,0,0,0,0
2026-09-26T15:57:28.698247+00:00,64060288,43769336,4194300,51000,113526,1787527,118537,0,0,0,0,0,0
2026-09-26T15:57:29.698988+00:00,64060288,43747992,4194300,51000,113526,1787527,118537,0,0,0,0,0,0
2026-09-26T15:57:30.699763+00:00,64060288,43717308,4194300,51000,113526,1787527,118537,0,0,0,0,0,0
2026-09-26T15:57:31.700619+00:00,64060288,43729812,4194300,51000,113526,1787527,118537,0,0,0,0,0,0
2026-09-26T15:57:32.701460+00:00,64060288,43734956,4194300,51000,113526,1787527,118537,0,0,0,0,0,0
2026-09-26T15:57:33.702332+00:00,64060288,43762716,4194300,51000,113526,1787527,118537,0,0,0,0,0,0
2026-09-26T15:57:34.703199+00:00,64060288,43751364,4194300,51000,113526,1787527,118537,0,0,0,0,0,0
2026-09-26T15:57:35.704068+00:00,64060288,43769164,4194300,51000,113526,1787527,118537,0,0,0,0,0,0
2026-09-26T15:57:36.704950+00:00,64060288,43767220,4194300,51000,113526,1787527,118537,0,0,0,0,0,0
2026-09-26T15:57:37.705824+00:00,64060288,43748692,4194300,51000,113526,1787527,118537,0,0,0,0,0,0
2026-09-26T15:57:38.706669+00:00,64060288,43759640,4194300,51000,113526,1787527,118537,0,0,0,0,0,0
2026-09-26T15:57:39.707525+00:00,64060288,43782320,4194300,51000,113526,1787527,118537,0,0,0,0,0,0
2026-09-26T15:57:40.708380+00:00,64060288,43776268,4194300,51000,113526,1787527,118537,0,0,0,0,0,0
2026-09-26T15:57:41.709172+00:00,64060288,43771864,4194300,51000,113527,1787527,118538,0,0,0,0,0,0
2026-09-26T15:57:42.709970+00:00,64060288,43774312,4194300,51000,113527,1787527,118538,0,0,0,0,0,0
2026-09-26T15:57:43.710848+00:00,64060288,43774308,4194300,51000,113527,1787527,118538,0,0,0,0,0,0
2026-09-26T15:57:44.711720+00:00,64060288,43762988,4194300,51000,113527,1787527,118538,0,0,0,0,0,0
2026-09-26T15:57:45.712563+00:00,64060288,43743192,4194300,51000,113527,1787527,118538,0,0,0,0,0,0
2026-09-26T15:57:46.713429+00:00,64060288,43722984,4194300,51000,113527,1787527,118538,0,0,0,0,0,0
2026-09-26T15:57:47.714321+00:00,64060288,43745236,4194300,51000,113527,1787527,118538,0,0,0,0,0,0
2026-09-26T15:57:48.715205+00:00,64060288,43738644,4194300,51000,113527,1787527,118538,0,0,0,0,0,0
2026-09-26T15:57:49.716085+00:00,64060288,43760252,4194300,51000,113527,1787527,118538,0,0,0,0,0,0
2026-09-26T15:57:50.716966+00:00,64060288,43760984,4194300,51000,113527,1787527,118538,0,0,0,0,0,0
2026-09-26T15:57:51.717827+00:00,64060288,43753840,4194300,51000,113527,1787527,118538,0,0,0,0,0,0
2026-09-26T15:57:52.718678+00:00,64060288,43752436,4194300,51000,113527,1787527,118538,0,0,0,0,0,0
2026-09-26T15:57:53.719423+00:00,64060288,43756872,4194300,51000,113527,1787527,118538,0,0,0,0,0,0
2026-09-26T15:57:54.720252+00:00,64060288,43741340,4194300,51000,113527,1787527,118538,0,0,0,0,0,0
2026-09-26T15:57:55.721013+00:00,64060288,43770012,4194300,51000,113527,1787527,118538,0,0,0,0,0,0
2026-09-26T15:57:56.721875+00:00,64060288,43755144,4194300,51000,113527,1787527,118538,0,0,0,0,0,0
2026-09-26T15:57:57.722736+00:00,64060288,43742548,4194300,51000,113527,1787527,118538,0,0,0,0,0,0
2026-09-26T15:57:58.723602+00:00,64060288,43741936,4194300,51000,113527,1787527,118538,0,0,0,0,0,0
2026-09-26T15:57:59.724433+00:00,64060288,43751516,4194300,51000,113527,1787527,118538,0,0,0,0,0,0
2026-09-26T15:58:00.725305+00:00,64060288,43762496,4194300,51000,113527,1787527,118538,0,0,0,0,0,0
2026-09-26T15:58:01.726156+00:00,64060288,43765724,4194300,51000,113527,1787527,118538,0,0,0,0,0,0
2026-09-26T15:58:02.727024+00:00,64060288,43755604,4194300,51000,113527,1787527,118538,0,0,0,0,0,0
2026-09-26T15:58:03.727903+00:00,64060288,43762048,4194300,51000,113527,1787527,118538,0,0,0,0,0,0
2026-09-26T15:58:04.728744+00:00,64060288,43756224,4194300,51000,113527,1787527,118538,0,0,0,0,0,0
2026-09-26T15:58:05.729516+00:00,64060288,43749732,4194300,51000,113527,1787527,118538,0,0,0,0,0,0
2026-09-26T15:58:06.730301+00:00,64060288,43748700,4194300,51000,113527,1787527,118538,0,0,0,0,0,0
2026-09-26T15:58:07.731111+00:00,64060288,43749288,4194300,51000,113527,1787527,118538,0,0,0,0,0,0
2026-09-26T15:58:08.731974+00:00,64060288,43752560,4194300,51000,113527,1787527,118538,0,0,0,0,0,0
2026-09-26T15:58:09.732840+00:00,64060288,43753944,4194300,51000,113527,1787527,118538,0,0,0,0,0,0
2026-09-26T15:58:10.733693+00:00,64060288,43739328,4194300,51000,113527,1787527,118538,0,0,0,0,0,0
2026-09-26T15:58:11.734565+00:00,64060288,43757032,4194300,51000,113527,1787527,118538,0,0,0,0,0,0
2026-09-26T15:58:12.735425+00:00,64060288,43718200,4194300,51000,113527,1787527,118538,0,0,0,0,0,0
2026-09-26T15:58:13.736294+00:00,64060288,43749496,4194300,51000,113527,1787527,118538,0,0,0,0,0,0
2026-09-26T15:58:14.737152+00:00,64060288,43755840,4194300,51000,113527,1787527,118538,0,0,0,0,0,0
2026-09-26T15:58:15.738021+00:00,64060288,43741436,4194300,51000,113527,1787527,118538,0,0,0,0,0,0
2026-09-26T15:58:16.738900+00:00,64060288,43748944,4194300,51000,113528,1787527,118539,0,0,0,0,0,0
2026-09-26T15:58:17.739693+00:00,64060288,43738072,4194300,51000,113528,1787527,118539,0,0,0,0,0,0
2026-09-26T15:58:18.740479+00:00,64060288,43732940,4194300,51000,113528,1787527,118539,0,0,0,0,0,0
2026-09-26T15:58:19.741244+00:00,64060288,43726324,4194300,51000,113528,1787527,118539,0,0,0,0,0,0
2026-09-26T15:58:20.742108+00:00,64060288,43738024,4194300,51000,113528,1787527,118539,0,0,0,0,0,0
2026-09-26T15:58:21.742975+00:00,64060288,43751344,4194300,51000,113528,1787527,118539,0,0,0,0,0,0
2026-09-26T15:58:22.743854+00:00,64060288,43734224,4194300,51000,113528,1787527,118539,0,0,0,0,0,0
2026-09-26T15:58:23.744729+00:00,64060288,43746656,4194300,51000,113528,1787527,118539,0,0,0,0,0,0
2026-09-26T15:58:24.745589+00:00,64060288,43742928,4194300,51000,113528,1787527,118539,0,0,0,0,0,0
2026-09-26T15:58:25.746434+00:00,64060288,43746420,4194300,51000,113528,1787527,118539,0,0,0,0,0,0
2026-09-26T15:58:26.747284+00:00,64060288,43745596,4194300,51000,113528,1787527,118539,0,0,0,0,0,0
2026-09-26T15:58:27.748145+00:00,64060288,43695020,4194300,51000,113528,1787527,118539,0,0,0,0,0,0
2026-09-26T15:58:28.748996+00:00,64060288,43692228,4194300,51000,113528,1787527,118539,0,0,0,0,0,0
2026-09-26T15:58:29.749871+00:00,64060288,43680952,4194300,51000,113528,1787527,118539,0,0,0,0,0,0
2026-09-26T15:58:30.750630+00:00,64060288,43690148,4194300,51000,113528,1787527,118539,0,0,0,0,0,0
2026-09-26T15:58:31.751395+00:00,64060288,43713352,4194300,51000,113528,1787527,118539,0,0,0,0,0,0
2026-09-26T15:58:32.752165+00:00,64060288,43728236,4194300,51000,113528,1787527,118539,0,0,0,0,0,0
2026-09-26T15:58:33.753013+00:00,64060288,43723324,4194300,51000,113528,1787527,118539,0,0,0,0,0,0
2026-09-26T15:58:34.753883+00:00,64060288,43705884,4194300,51000,113528,1787527,118539,0,0,0,0,0,0
2026-09-26T15:58:35.754742+00:00,64060288,43720492,4194300,51000,113528,1787527,118539,0,0,0,0,0,0
2026-09-26T15:58:36.755555+00:00,64060288,43726472,4194300,51000,113528,1787527,118539,0,0,0,0,0,0
2026-09-26T15:58:37.756389+00:00,64060288,43717320,4194300,51000,113528,1787527,118539,0,0,0,0,0,0
2026-09-26T15:58:38.757244+00:00,64060288,43690600,4194300,51000,113528,1787527,118539,0,0,0,0,0,0
2026-09-26T15:58:39.758111+00:00,64060288,43684000,4194300,51000,113528,1787527,118539,0,0,0,0,0,0
2026-09-26T15:58:40.758970+00:00,64060288,43664716,4194300,51000,113528,1787527,118539,0,0,0,0,0,0
2026-09-26T15:58:41.759801+00:00,64060288,43682728,4194300,51000,113528,1787527,118539,0,0,0,0,0,0
2026-09-26T15:58:42.760590+00:00,64060288,43697360,4194300,51000,113528,1787527,118539,0,0,0,0,0,0
2026-09-26T15:58:43.761367+00:00,64060288,43720572,4194300,51000,113528,1787527,118539,0,0,0,0,0,0
2026-09-26T15:58:44.762184+00:00,64060288,43726824,4194300,51000,113528,1787527,118539,0,0,0,0,0,0
2026-09-26T15:58:45.763051+00:00,64060288,43738736,4194300,51000,113528,1787527,118539,0,0,0,0,0,0
2026-09-26T15:58:46.763916+00:00,64060288,43717676,4194300,51000,113529,1787527,118540,0,0,0,0,0,0
2026-09-26T15:58:47.764815+00:00,64060288,43724152,4194300,51000,113529,1787527,118540,0,0,0,0,0,0
2026-09-26T15:58:48.765668+00:00,64060288,43727332,4194300,51000,113529,1787527,118540,0,0,0,0,0,0
2026-09-26T15:58:49.766519+00:00,64060288,43726084,4194300,51000,113529,1787527,118540,0,0,0,0,0,0
2026-09-26T15:58:50.767385+00:00,64060288,43722792,4194300,51000,113529,1787527,118540,0,0,0,0,0,0
2026-09-26T15:58:51.768250+00:00,64060288,43729728,4194300,51000,113529,1787527,118540,0,0,0,0,0,0
2026-09-26T15:58:52.769114+00:00,64060288,43711008,4194300,51000,113529,1787527,118540,0,0,0,0,0,0
2026-09-26T15:58:53.769982+00:00,64060288,43722712,4194300,51000,113529,1787527,118540,0,0,0,0,0,0
2026-09-26T15:58:54.770809+00:00,64060288,43685960,4194300,51000,113529,1787527,118540,0,0,0,0,0,0
2026-09-26T15:58:55.771575+00:00,64060288,43692896,4194300,51000,113529,1787527,118540,0,0,0,0,0,0
2026-09-26T15:58:56.772349+00:00,64060288,43693580,4194300,51000,113529,1787527,118540,0,0,0,0,0,0
2026-09-26T15:58:57.773221+00:00,64060288,43712512,4194300,51000,113529,1787527,118540,0,0,0,0,0,0
2026-09-26T15:58:58.774088+00:00,64060288,43712224,4194300,51000,113529,1787527,118540,0,0,0,0,0,0
2026-09-26T15:58:59.775036+00:00,64060288,43709552,4194300,51000,113529,1787527,118540,0,0,0,0,0,0
2026-09-26T15:59:00.775914+00:00,64060288,43710208,4194300,51000,113529,1787527,118540,0,0,0,0,0,0
2026-09-26T15:59:01.776766+00:00,64060288,43694720,4194300,51000,113529,1787527,118540,0,0,0,0,0,0
2026-09-26T15:59:02.777631+00:00,64060288,43719972,4194300,51000,113529,1787527,118540,0,0,0,0,0,0
2026-09-26T15:59:03.778489+00:00,64060288,43716580,4194300,51000,113529,1787527,118540,0,0,0,0,0,0
2026-09-26T15:59:04.779359+00:00,64060288,43704448,4194300,51000,113529,1787527,118540,0,0,0,0,0,0
2026-09-26T15:59:05.780226+00:00,64060288,43719036,4194300,51000,113529,1787527,118540,0,0,0,0,0,0
2026-09-26T15:59:06.781081+00:00,64060288,43714412,4194300,51000,113529,1787527,118540,0,0,0,0,0,0
2026-09-26T15:59:07.781874+00:00,64060288,43722084,4194300,51000,113529,1787527,118540,0,0,0,0,0,0
2026-09-26T15:59:08.782632+00:00,64060288,43690048,4194300,51000,113529,1787527,118540,0,0,0,0,0,0
2026-09-26T15:59:09.783431+00:00,64060288,43663432,4194300,51000,113529,1787527,118540,0,0,0,0,0,0
2026-09-26T15:59:10.784291+00:00,64060288,43656868,4194300,51000,113529,1787527,118540,0,0,0,0,0,0
2026-09-26T15:59:11.785168+00:00,64060288,43679424,4194300,51000,113529,1787527,118540,0,0,0,0,0,0
2026-09-26T15:59:12.786033+00:00,64060288,43664788,4194300,51000,113529,1787527,118540,0,0,0,0,0,0
2026-09-26T15:59:13.786884+00:00,64060288,43676932,4194300,51000,113529,1787527,118540,0,0,0,0,0,0
2026-09-26T15:59:14.787732+00:00,64060288,43681916,4194300,51000,113529,1787527,118540,0,0,0,0,0,0
2026-09-26T15:59:15.788594+00:00,64060288,43676080,4194300,51000,113529,1787527,118540,0,0,0,0,0,0
2026-09-26T15:59:16.789518+00:00,64060288,43660388,4194300,51000,113529,1787527,118540,0,0,0,0,0,0
2026-09-26T15:59:17.790732+00:00,64060288,43693200,4194300,51000,113529,1787527,118540,0,0,0,0,0,0
2026-09-26T15:59:18.791912+00:00,64060288,43684264,4194300,51000,113529,1787527,118540,0,0,0,0,0,0
2026-09-26T15:59:19.793050+00:00,64060288,43687604,4194300,51000,113529,1787527,118540,0,0,0,0,0,0
2026-09-26T15:59:20.794195+00:00,64060288,43692404,4194300,51000,113529,1787527,118540,0,0,0,0,0,0
2026-09-26T15:59:21.795415+00:00,64060288,43697320,4194300,51000,113529,1787527,118540,0,0,0,0,0,0
2026-09-26T15:59:22.796636+00:00,64060288,43678556,4194300,51000,113529,1787527,118540,0,0,0,0,0,0
2026-09-26T15:59:23.797813+00:00,64060288,43690284,4194300,51000,113529,1787527,118540,0,0,0,0,0,0
2026-09-26T15:59:24.798997+00:00,64060288,43717164,4194300,51000,113529,1787527,118540,0,0,0,0,0,0
2026-09-26T15:59:25.800179+00:00,64060288,43699532,4194300,51000,113529,1787527,118540,0,0,0,0,0,0
2026-09-26T15:59:26.801347+00:00,64060288,43708668,4194300,51000,113529,1787527,118540,0,0,0,0,0,0
2026-09-26T15:59:27.802595+00:00,64060288,43702936,4194300,51000,113529,1787527,118540,0,0,0,0,0,0
2026-09-26T15:59:28.803748+00:00,64060288,43686128,4194300,51000,113529,1787527,118540,0,0,0,0,0,0
2026-09-26T15:59:29.804994+00:00,64060288,43709732,4194300,51000,113529,1787527,118540,0,0,0,0,0,0
2026-09-26T15:59:30.806167+00:00,64060288,43711448,4194300,51000,113529,1787527,118540,0,0,0,0,0,0
2026-09-26T15:59:31.807329+00:00,64060288,43703216,4194300,51000,113529,1787527,118540,0,0,0,0,0,0
2026-09-26T15:59:32.808505+00:00,64060288,43716320,4194300,51000,113529,1787527,118540,0,0,0,0,0,0
2026-09-26T15:59:33.809686+00:00,64060288,43703784,4194300,51000,113529,1787527,118540,0,0,0,0,0,0
2026-09-26T15:59:34.810802+00:00,64060288,43712844,4194300,51000,113529,1787527,118540,0,0,0,0,0,0
2026-09-26T15:59:35.811965+00:00,64060288,43691584,4194300,51000,113529,1787527,118540,0,0,0,0,0,0
2026-09-26T15:59:36.813139+00:00,64060288,43653740,4194300,51000,113529,1787527,118540,0,0,0,0,0,0
2026-09-26T15:59:37.814326+00:00,64060288,43687560,4194300,51000,113529,1787527,118540,0,0,0,0,0,0
2026-09-26T15:59:38.815567+00:00,64060288,43680340,4194300,51000,113529,1787527,118540,0,0,0,0,0,0
2026-09-26T15:59:39.816786+00:00,64060288,43685524,4194300,51000,113529,1787527,118540,0,0,0,0,0,0
2026-09-26T15:59:40.817977+00:00,64060288,43692744,4194300,51000,113529,1787527,118540,0,0,0,0,0,0
2026-09-26T15:59:41.819612+00:00,64060288,43690164,4194300,51000,113529,1787527,118540,0,0,0,0,0,0
2026-09-26T15:59:42.820760+00:00,64060288,43684816,4194300,51000,113529,1787527,118540,0,0,0,0,0,0
2026-09-26T15:59:43.821894+00:00,64060288,43699504,4194300,51000,113529,1787527,118540,0,0,0,0,0,0
2026-09-26T15:59:44.822946+00:00,64060288,43706120,4194300,51000,113529,1787527,118540,0,0,0,0,0,0
2026-09-26T15:59:45.824020+00:00,64060288,43696060,4194300,51000,113529,1787527,118540,0,0,0,0,0,0
2026-09-26T15:59:46.825135+00:00,64060288,43666792,4194300,51000,113529,1787527,118540,0,0,0,0,0,0
2026-09-26T15:59:47.826304+00:00,64060288,43649520,4194300,51000,113529,1787527,118540,0,0,0,0,0,0
2026-09-26T15:59:48.827553+00:00,64060288,43668756,4194300,51000,113529,1787527,118540,0,0,0,0,0,0
2026-09-26T15:59:49.828731+00:00,64060288,43677036,4194300,51000,113529,1787527,118540,0,0,0,0,0,0
2026-09-26T15:59:50.829915+00:00,64060288,43675832,4194300,51000,113530,1787527,118541,0,0,0,0,0,0
2026-09-26T15:59:51.831081+00:00,64060288,43675484,4194300,51000,113530,1787527,118541,0,0,0,0,0,0
2026-09-26T15:59:52.832253+00:00,64060288,43660704,4194300,51000,113530,1787527,118541,0,0,0,0,0,0
2026-09-26T15:59:53.833414+00:00,64060288,43650508,4194300,51000,113530,1787527,118541,0,0,0,0,0,0
2026-09-26T15:59:54.834645+00:00,64060288,43658328,4194300,51000,113530,1787527,118541,0,0,0,0,0,0
2026-09-26T15:59:55.835799+00:00,64060288,43679320,4194300,51000,113530,1787527,118541,0,0,0,0,0,0
2026-09-26T15:59:56.836948+00:00,64060288,43667168,4194300,51000,113530,1787527,118541,0,0,0,0,0,0
2026-09-26T15:59:57.838119+00:00,64060288,43654784,4194300,51000,113530,1787527,118541,0,0,0,0,0,0
2026-09-26T15:59:58.839237+00:00,64060288,43675692,4194300,51000,113530,1787527,118541,0,0,0,0,0,0
2026-09-26T15:59:59.840476+00:00,64060288,43658108,4194300,51000,113530,1787527,118541,0,0,0,0,0,0
2026-09-26T16:00:00.841707+00:00,64060288,43688560,4194300,51000,113530,1787527,118541,0,0,0,0,0,0
2026-09-26T16:00:01.842901+00:00,64060288,43679536,4194300,51000,113530,1787527,118541,0,0,0,0,0,0
2026-09-26T16:00:02.844074+00:00,64060288,43669288,4194300,51000,113530,1787527,118541,0,0,0,0,0,0
2026-09-26T16:00:03.845268+00:00,64060288,43698252,4194300,51000,113530,1787527,118541,0,0,0,0,0,0
2026-09-26T16:00:04.846432+00:00,64060288,43712792,4194300,51000,113530,1787527,118544,0,0,0,0,0,0
2026-09-26T16:00:05.847638+00:00,64060288,43723332,4194300,51000,113530,1787527,118544,0,0,0,0,0,0
2026-09-26T16:00:06.848794+00:00,64060288,43740632,4194300,51000,113530,1787527,118544,0,0,0,0,0,0
2026-09-26T16:00:07.850038+00:00,64060288,43752720,4194300,51000,113530,1787527,118544,0,0,0,0,0,0
2026-09-26T16:00:08.851256+00:00,64060288,43735200,4194300,51000,113530,1787527,118544,0,0,0,0,0,0
2026-09-26T16:00:09.852371+00:00,64060288,43722116,4194300,51000,113530,1787527,118544,0,0,0,0,0,0
2026-09-26T16:00:10.853653+00:00,64060288,43724620,4194300,51000,113530,1787527,118544,0,0,0,0,0,0
2026-09-26T16:00:11.854742+00:00,64060288,43752096,4194300,51000,113530,1787527,118544,0,0,0,0,0,0
2026-09-26T16:00:12.855916+00:00,64060288,43758580,4194300,51000,113530,1787527,118544,0,0,0,0,0,0
2026-09-26T16:00:13.857121+00:00,64060288,43749368,4194300,51000,113530,1787527,118544,0,0,0,0,0,0
2026-09-26T16:00:14.858291+00:00,64060288,43735108,4194300,51000,113530,1787527,118544,0,0,0,0,0,0
2026-09-26T16:00:15.859527+00:00,64060288,43745708,4194300,51000,113530,1787527,118544,0,0,0,0,0,0
2026-09-26T16:00:16.860711+00:00,64060288,43745404,4194300,51000,113531,1787527,118545,0,0,0,0,0,0
2026-09-26T16:00:17.861899+00:00,64060288,43740352,4194300,51000,113531,1787527,118545,0,0,0,0,0,0
2026-09-26T16:00:18.863098+00:00,64060288,43760152,4194300,51000,113531,1787527,118545,0,0,0,0,0,0
2026-09-26T16:00:19.864280+00:00,64060288,43738596,4194300,51000,113531,1787527,118545,0,0,0,0,0,0
2026-09-26T16:00:20.865516+00:00,64060288,43739824,4194300,51000,113531,1787527,118545,0,0,0,0,0,0
2026-09-26T16:00:21.866683+00:00,64060288,43718072,4194300,51000,113531,1787527,118545,0,0,0,0,0,0
2026-09-26T16:00:22.867804+00:00,64060288,43716944,4194300,51000,113531,1787527,118545,0,0,0,0,0,0
2026-09-26T16:00:23.868922+00:00,64060288,43717692,4194300,51000,113531,1787527,118545,0,0,0,0,0,0
2026-09-26T16:00:24.870115+00:00,64060288,43712984,4194300,51000,113531,1787527,118545,0,0,0,0,0,0
2026-09-26T16:00:25.871276+00:00,64060288,43717620,4194300,51000,113531,1787527,118545,0,0,0,0,0,0
2026-09-26T16:00:26.872457+00:00,64060288,43735348,4194300,51000,113531,1787527,118545,0,0,0,0,0,0
2026-09-26T16:00:27.873696+00:00,64060288,43734708,4194300,51000,113531,1787527,118545,0,0,0,0,0,0
2026-09-26T16:00:28.874890+00:00,64060288,43732936,4194300,51000,113531,1787527,118545,0,0,0,0,0,0
2026-09-26T16:00:29.876091+00:00,64060288,43733868,4194300,51000,113531,1787527,118545,0,0,0,0,0,0
2026-09-26T16:00:30.877299+00:00,64060288,43735808,4194300,51000,113531,1787527,118545,0,0,0,0,0,0
2026-09-26T16:00:31.878556+00:00,64060288,43739188,4194300,51000,113531,1787527,118545,0,0,0,0,0,0
2026-09-26T16:00:32.879739+00:00,64060288,43738596,4194300,51000,113531,1787527,118545,0,0,0,0,0,0
2026-09-26T16:00:33.880920+00:00,64060288,43732968,4194300,51000,113531,1787527,118545,0,0,0,0,0,0
2026-09-26T16:00:34.882037+00:00,64060288,43732276,4194300,51000,113531,1787527,118545,0,0,0,0,0,0
2026-09-26T16:00:35.883139+00:00,64060288,43727340,4194300,51000,113531,1787527,118545,0,0,0,0,0,0
2026-09-26T16:00:36.884221+00:00,64060288,43729012,4194300,51000,113531,1787527,118545,0,0,0,0,0,0
2026-09-26T16:00:37.885362+00:00,64060288,43746216,4194300,51000,113531,1787527,118545,0,0,0,0,0,0
2026-09-26T16:00:38.886624+00:00,64060288,43752276,4194300,51000,113531,1787527,118545,0,0,0,0,0,0
2026-09-26T16:00:39.887769+00:00,64060288,43757688,4194300,51000,113531,1787527,118545,0,0,0,0,0,0
2026-09-26T16:00:40.888940+00:00,64060288,43752840,4194300,51000,113531,1787527,118545,0,0,0,0,0,0
2026-09-26T16:00:41.890093+00:00,64060288,43752800,4194300,51000,113531,1787527,118545,0,0,0,0,0,0
2026-09-26T16:00:42.891280+00:00,64060288,43753692,4194300,51000,113531,1787527,118545,0,0,0,0,0,0
2026-09-26T16:00:43.892438+00:00,64060288,43760244,4194300,51000,113531,1787527,118545,0,0,0,0,0,0
2026-09-26T16:00:44.893662+00:00,64060288,43753124,4194300,51000,113531,1787527,118545,0,0,0,0,0,0
2026-09-26T16:00:45.894834+00:00,64060288,43719672,4194300,51000,113531,1787527,118545,0,0,0,0,0,0
2026-09-26T16:00:46.895938+00:00,64060288,43689252,4194300,51000,113531,1787527,118546,0,0,0,0,0,0
2026-09-26T16:00:47.897035+00:00,64060288,43684240,4194300,51000,113531,1787527,118546,0,0,0,0,0,0
2026-09-26T16:00:48.898107+00:00,64060288,43683304,4194300,51000,113531,1787527,118546,0,0,0,0,0,0
2026-09-26T16:00:49.899308+00:00,64060288,43690588,4194300,51000,113531,1787527,118546,0,0,0,0,0,0
2026-09-26T16:00:50.900545+00:00,64060288,43692040,4194300,51000,113531,1787527,118546,0,0,0,0,0,0
2026-09-26T16:00:51.901731+00:00,64060288,43723660,4194300,51000,113531,1787527,118546,0,0,0,0,0,0
2026-09-26T16:00:52.902897+00:00,64060288,43732068,4194300,51000,113531,1787527,118546,0,0,0,0,0,0
2026-09-26T16:00:53.904081+00:00,64060288,43712336,4194300,51000,113531,1787527,118546,0,0,0,0,0,0
2026-09-26T16:00:54.905263+00:00,64060288,43741896,4194300,51000,113531,1787527,118546,0,0,0,0,0,0
2026-09-26T16:00:55.906440+00:00,64060288,43747116,4194300,51000,113531,1787527,118546,0,0,0,0,0,0
2026-09-26T16:00:56.907674+00:00,64060288,43763848,4194300,51000,113531,1787527,118546,0,0,0,0,0,0
2026-09-26T16:00:57.908854+00:00,64060288,43763620,4194300,51000,113531,1787527,118546,0,0,0,0,0,0
2026-09-26T16:00:58.910023+00:00,64060288,43765820,4194300,51000,113531,1787527,118546,0,0,0,0,0,0
2026-09-26T16:00:59.911099+00:00,64060288,43756544,4194300,51000,113531,1787527,118546,0,0,0,0,0,0
2026-09-26T16:01:00.912558+00:00,64060288,43722604,4194300,51000,113531,1787527,118546,0,0,0,0,0,0
2026-09-26T16:01:01.913766+00:00,64060288,43725908,4194300,51000,113531,1787527,118546,0,0,0,0,0,0
2026-09-26T16:01:02.914929+00:00,64060288,43746712,4194300,51000,113531,1787527,118546,0,0,0,0,0,0
2026-09-26T16:01:03.916119+00:00,64060288,43735876,4194300,51000,113531,1787527,118546,0,0,0,0,0,0
2026-09-26T16:01:04.917300+00:00,64060288,43733288,4194300,51000,113531,1787527,118546,0,0,0,0,0,0
2026-09-26T16:01:05.918515+00:00,64060288,43715936,4194300,51000,113531,1787527,118546,0,0,0,0,0,0
2026-09-26T16:01:06.919704+00:00,64060288,43748292,4194300,51000,113531,1787527,118546,0,0,0,0,0,0
2026-09-26T16:01:07.920864+00:00,64060288,43738364,4194300,51000,113531,1787527,118546,0,0,0,0,0,0
2026-09-26T16:01:08.922028+00:00,64060288,43740216,4194300,51000,113531,1787527,118546,0,0,0,0,0,0
2026-09-26T16:01:09.923178+00:00,64060288,43724932,4194300,51000,113531,1787527,118546,0,0,0,0,0,0
2026-09-26T16:01:10.924350+00:00,64060288,43743528,4194300,51000,113531,1787527,118546,0,0,0,0,0,0
2026-09-26T16:01:11.925440+00:00,64060288,43732472,4194300,51000,113531,1787527,118546,0,0,0,0,0,0
2026-09-26T16:01:12.926609+00:00,64060288,43744700,4194300,51000,113531,1787527,118546,0,0,0,0,0,0
2026-09-26T16:01:13.928092+00:00,64060288,43740240,4194300,51000,113531,1787527,118546,0,0,0,0,0,0
2026-09-26T16:01:14.929290+00:00,64060288,43738508,4194300,51000,113531,1787527,118546,0,0,0,0,0,0
2026-09-26T16:01:15.930548+00:00,64060288,43728024,4194300,51000,113531,1787527,118546,0,0,0,0,0,0
2026-09-26T16:01:16.931700+00:00,64060288,43738208,4194300,51000,113531,1787527,118546,0,0,0,0,0,0
2026-09-26T16:01:17.932879+00:00,64060288,43711048,4194300,51000,113531,1787527,118546,0,0,0,0,0,0
2026-09-26T16:01:18.934049+00:00,64060288,43715524,4194300,51000,113531,1787527,118546,0,0,0,0,0,0
2026-09-26T16:01:19.935231+00:00,64060288,43712604,4194300,51000,113531,1787527,118546,0,0,0,0,0,0
2026-09-26T16:01:20.936391+00:00,64060288,43722948,4194300,51000,113531,1787527,118546,0,0,0,0,0,0
2026-09-26T16:01:21.937623+00:00,64060288,43742552,4194300,51000,113531,1787527,118546,0,0,0,0,0,0
2026-09-26T16:01:22.938769+00:00,64060288,43740628,4194300,51000,113531,1787527,118546,0,0,0,0,0,0
2026-09-26T16:01:23.939930+00:00,64060288,43719172,4194300,51000,113531,1787527,118546,0,0,0,0,0,0
2026-09-26T16:01:24.941068+00:00,64060288,43734008,4194300,51000,113531,1787527,118546,0,0,0,0,0,0
2026-09-26T16:01:25.942181+00:00,64060288,43718656,4194300,51000,113531,1787527,118546,0,0,0,0,0,0
2026-09-26T16:01:26.943362+00:00,64060288,43724340,4194300,51000,113531,1787527,118546,0,0,0,0,0,0
2026-09-26T16:01:27.944596+00:00,64060288,43710484,4194300,51000,113531,1787527,118546,0,0,0,0,0,0
2026-09-26T16:01:28.945775+00:00,64060288,43708528,4194300,51000,113531,1787527,118546,0,0,0,0,0,0
2026-09-26T16:01:29.946954+00:00,64060288,43721404,4194300,51000,113531,1787527,118546,0,0,0,0,0,0
2026-09-26T16:01:30.948134+00:00,64060288,43718436,4194300,51000,113531,1787527,118546,0,0,0,0,0,0
2026-09-26T16:01:31.949317+00:00,64060288,43715372,4194300,51000,113531,1787527,118546,0,0,0,0,0,0
2026-09-26T16:01:32.950592+00:00,64060288,43720932,4194300,51000,113531,1787527,118546,0,0,0,0,0,0
2026-09-26T16:01:33.951745+00:00,64060288,43726472,4194300,51000,113531,1787527,118546,0,0,0,0,0,0
2026-09-26T16:01:34.952928+00:00,64060288,43731816,4194300,51000,113531,1787527,118546,0,0,0,0,0,0
2026-09-26T16:01:35.954065+00:00,64060288,43735088,4194300,51000,113531,1787527,118546,0,0,0,0,0,0
2026-09-26T16:01:36.955094+00:00,64060288,43728348,4194300,51000,113531,1787527,118546,0,0,0,0,0,0
2026-09-26T16:01:37.956196+00:00,64060288,43726196,4194300,51000,113531,1787527,118546,0,0,0,0,0,0
2026-09-26T16:01:38.957312+00:00,64060288,43730652,4194300,51000,113531,1787527,118546,0,0,0,0,0,0
2026-09-26T16:01:39.958576+00:00,64060288,43738240,4194300,51000,113531,1787527,118546,0,0,0,0,0,0
2026-09-26T16:01:40.959763+00:00,64060288,43729252,4194300,51000,113531,1787527,118546,0,0,0,0,0,0
2026-09-26T16:01:41.960942+00:00,64060288,43701920,4194300,51000,113531,1787527,118546,0,0,0,0,0,0
2026-09-26T16:01:42.962129+00:00,64060288,43703524,4194300,51000,113531,1787527,118546,0,0,0,0,0,0
2026-09-26T16:01:43.963301+00:00,64060288,43710404,4194300,51000,113531,1787527,118546,0,0,0,0,0,0
2026-09-26T16:01:44.964544+00:00,64060288,43700472,4194300,51000,113531,1787527,118546,0,0,0,0,0,0
2026-09-26T16:01:45.965729+00:00,64060288,43699308,4194300,51000,113531,1787527,118546,0,0,0,0,0,0
2026-09-26T16:01:46.966898+00:00,64060288,43697452,4194300,51000,113532,1787527,118547,0,0,0,0,0,0
2026-09-26T16:01:47.968060+00:00,64060288,43716944,4194300,51000,113532,1787527,118547,0,0,0,0,0,0
2026-09-26T16:01:48.969216+00:00,64060288,43712132,4194300,51000,113532,1787527,118547,0,0,0,0,0,0
2026-09-26T16:01:49.970317+00:00,64060288,43709860,4194300,51000,113532,1787527,118547,0,0,0,0,0,0
2026-09-26T16:01:50.971413+00:00,64060288,43708256,4194300,51000,113532,1787527,118547,0,0,0,0,0,0
2026-09-26T16:01:51.972643+00:00,64060288,43710064,4194300,51000,113532,1787527,118547,0,0,0,0,0,0
2026-09-26T16:01:52.973789+00:00,64060288,43700260,4194300,51000,113532,1787527,118547,0,0,0,0,0,0
2026-09-26T16:01:53.974946+00:00,64060288,43694120,4194300,51000,113532,1787527,118547,0,0,0,0,0,0
2026-09-26T16:01:54.976135+00:00,64060288,43693948,4194300,51000,113532,1787527,118547,0,0,0,0,0,0
2026-09-26T16:01:55.977381+00:00,64060288,43704604,4194300,51000,113532,1787527,118547,0,0,0,0,0,0
2026-09-26T16:01:56.978630+00:00,64060288,43669580,4194300,51000,113532,1787527,118547,0,0,0,0,0,0
2026-09-26T16:01:57.979809+00:00,64060288,43688168,4194300,51000,113532,1787527,118547,0,0,0,0,0,0
2026-09-26T16:01:58.980973+00:00,64060288,43678088,4194300,51000,113532,1787527,118547,0,0,0,0,0,0
2026-09-26T16:01:59.982133+00:00,64060288,43682008,4194300,51000,113532,1787527,118547,0,0,0,0,0,0
2026-09-26T16:02:00.983316+00:00,64060288,43682656,4194300,51000,113532,1787527,118547,0,0,0,0,0,0
2026-09-26T16:02:01.984496+00:00,64060288,43701048,4194300,51000,113532,1787527,118547,0,0,0,0,0,0
2026-09-26T16:02:02.985654+00:00,64060288,43701924,4194300,51000,113532,1787527,118547,0,0,0,0,0,0
2026-09-26T16:02:03.986790+00:00,64060288,43695664,4194300,51000,113532,1787527,118547,0,0,0,0,0,0
2026-09-26T16:02:04.987956+00:00,64060288,43695096,4194300,51000,113532,1787527,118547,0,0,0,0,0,0
2026-09-26T16:02:05.989124+00:00,64060288,43679960,4194300,51000,113532,1787527,118547,0,0,0,0,0,0
2026-09-26T16:02:06.990317+00:00,64060288,43679320,4194300,51000,113532,1787527,118547,0,0,0,0,0,0
2026-09-26T16:02:07.991935+00:00,64060288,43688828,4194300,51000,113532,1787527,118547,0,0,0,0,0,0
2026-09-26T16:02:08.993114+00:00,64060288,43696544,4194300,51000,113532,1787527,118547,0,0,0,0,0,0
2026-09-26T16:02:09.994289+00:00,64060288,43669048,4194300,51000,113532,1787527,118547,0,0,0,0,0,0
2026-09-26T16:02:10.995527+00:00,64060288,43665816,4194300,51000,113532,1787527,118547,0,0,0,0,0,0
2026-09-26T16:02:11.996705+00:00,64060288,43680896,4194300,51000,113532,1787527,118547,0,0,0,0,0,0
2026-09-26T16:02:12.997892+00:00,64060288,43694784,4194300,51000,113532,1787527,118547,0,0,0,0,0,0
2026-09-26T16:02:13.999040+00:00,64060288,43693624,4194300,51000,113532,1787527,118547,0,0,0,0,0,0
2026-09-26T16:02:15.000086+00:00,64060288,43687712,4194300,51000,113532,1787527,118547,0,0,0,0,0,0
2026-09-26T16:02:16.001202+00:00,64060288,43685308,4194300,51000,113532,1787527,118547,0,0,0,0,0,0
2026-09-26T16:02:17.002372+00:00,64060288,43682892,4194300,51000,113533,1787527,118548,0,0,0,0,0,0
2026-09-26T16:02:18.003611+00:00,64060288,43681004,4194300,51000,113533,1787527,118548,0,0,0,0,0,0
2026-09-26T16:02:19.004785+00:00,64060288,43687272,4194300,51000,113533,1787527,118548,0,0,0,0,0,0
2026-09-26T16:02:20.005957+00:00,64060288,43666656,4194300,51000,113533,1787527,118548,0,0,0,0,0,0
2026-09-26T16:02:21.007137+00:00,64060288,43669924,4194300,51000,113533,1787527,118548,0,0,0,0,0,0
2026-09-26T16:02:22.008318+00:00,64060288,43681888,4194300,51000,113533,1787527,118548,0,0,0,0,0,0
2026-09-26T16:02:23.009560+00:00,64060288,43669120,4194300,51000,113533,1787527,118548,0,0,0,0,0,0
2026-09-26T16:02:24.010700+00:00,64060288,43658592,4194300,51000,113533,1787527,118548,0,0,0,0,0,0
2026-09-26T16:02:25.011900+00:00,64060288,43667332,4194300,51000,113533,1787527,118548,0,0,0,0,0,0
2026-09-26T16:02:26.013070+00:00,64060288,43688604,4194300,51000,113533,1787527,118548,0,0,0,0,0,0
2026-09-26T16:02:27.014198+00:00,64060288,43693960,4194300,51000,113533,1787527,118548,0,0,0,0,0,0
2026-09-26T16:02:28.015307+00:00,64060288,43690424,4194300,51000,113533,1787527,118548,0,0,0,0,0,0
2026-09-26T16:02:29.016428+00:00,64060288,43693548,4194300,51000,113533,1787527,118548,0,0,0,0,0,0
2026-09-26T16:02:30.017668+00:00,64060288,43697844,4194300,51000,113533,1787527,118548,0,0,0,0,0,0
2026-09-26T16:02:31.018851+00:00,64060288,43696392,4194300,51000,113533,1787527,118548,0,0,0,0,0,0
2026-09-26T16:02:32.020043+00:00,64060288,43695304,4194300,51000,113533,1787527,118548,0,0,0,0,0,0
2026-09-26T16:02:33.021210+00:00,64060288,43713732,4194300,51000,113533,1787527,118548,0,0,0,0,0,0
2026-09-26T16:02:34.022393+00:00,64060288,43714944,4194300,51000,113533,1787527,118548,0,0,0,0,0,0
2026-09-26T16:02:35.023661+00:00,64060288,43711960,4194300,51000,113533,1787527,118548,0,0,0,0,0,0
2026-09-26T16:02:36.024831+00:00,64060288,43689440,4194300,51000,113533,1787527,118548,0,0,0,0,0,0
2026-09-26T16:02:37.025991+00:00,64060288,43720840,4194300,51000,113533,1787527,118548,0,0,0,0,0,0
2026-09-26T16:02:38.027189+00:00,64060288,43695940,4194300,51000,113533,1787527,118548,0,0,0,0,0,0
2026-09-26T16:02:39.028347+00:00,64060288,43708820,4194300,51000,113533,1787527,118548,0,0,0,0,0,0
2026-09-26T16:02:40.029521+00:00,64060288,43691068,4194300,51000,113533,1787527,118548,0,0,0,0,0,0
2026-09-26T16:02:41.031055+00:00,64060288,43695728,4194300,51000,113533,1787527,118548,0,0,0,0,0,0
2026-09-26T16:02:42.032251+00:00,64060288,43707712,4194300,51000,113533,1787527,118548,0,0,0,0,0,0
2026-09-26T16:02:43.033408+00:00,64060288,43709352,4194300,51000,113533,1787527,118548,0,0,0,0,0,0
2026-09-26T16:02:44.034658+00:00,64060288,43701464,4194300,51000,113533,1787527,118548,0,0,0,0,0,0
2026-09-26T16:02:45.035837+00:00,64060288,43709844,4194300,51000,113533,1787527,118548,0,0,0,0,0,0
2026-09-26T16:02:46.037013+00:00,64060288,43709080,4194300,51000,113533,1787527,118548,0,0,0,0,0,0
2026-09-26T16:02:47.038194+00:00,64060288,43686452,4194300,51000,113533,1787527,118548,0,0,0,0,0,0
2026-09-26T16:02:48.039355+00:00,64060288,43700444,4194300,51000,113533,1787527,118548,0,0,0,0,0,0
2026-09-26T16:02:49.040558+00:00,64060288,43700676,4194300,51000,113533,1787527,118548,0,0,0,0,0,0
2026-09-26T16:02:50.041873+00:00,64060288,43701324,4194300,51000,113533,1787527,118548,0,0,0,0,0,0
2026-09-26T16:02:51.043035+00:00,64060288,43698672,4194300,51000,113533,1787527,118548,0,0,0,0,0,0
2026-09-26T16:02:52.044146+00:00,64060288,43673392,4194300,51000,113533,1787527,118548,0,0,0,0,0,0
2026-09-26T16:02:53.045259+00:00,64060288,43669760,4194300,51000,113533,1787527,118548,0,0,0,0,0,0
2026-09-26T16:02:54.046382+00:00,64060288,43683940,4194300,51000,113533,1787527,118548,0,0,0,0,0,0
2026-09-26T16:02:55.047648+00:00,64060288,43693648,4194300,51000,113533,1787527,118548,0,0,0,0,0,0
2026-09-26T16:02:56.048846+00:00,64060288,43675532,4194300,51000,113533,1787527,118548,0,0,0,0,0,0
2026-09-26T16:02:57.050046+00:00,64060288,43676820,4194300,51000,113533,1787527,118548,0,0,0,0,0,0
2026-09-26T16:02:58.052171+00:00,64060288,43680252,4194300,51000,113533,1787527,118548,0,0,0,0,0,0
2026-09-26T16:02:59.053754+00:00,64060288,43692468,4194300,51000,113533,1787527,118548,0,0,0,0,0,0
2026-09-26T16:03:00.054939+00:00,64060288,43696648,4194300,51000,113533,1787527,118548,0,0,0,0,0,0
2026-09-26T16:03:01.056124+00:00,64060288,43698728,4194300,51000,113533,1787527,118548,0,0,0,0,0,0
2026-09-26T16:03:02.057373+00:00,64060288,43695016,4194300,51000,113533,1787527,118548,0,0,0,0,0,0
2026-09-26T16:03:03.058613+00:00,64060288,43703920,4194300,51000,113533,1787527,118548,0,0,0,0,0,0
2026-09-26T16:03:04.059768+00:00,64060288,43692028,4194300,51000,113533,1787527,118548,0,0,0,0,0,0
2026-09-26T16:03:05.060889+00:00,64060288,43651052,4194300,51000,113533,1787527,118548,0,0,0,0,0,0
2026-09-26T16:03:06.062006+00:00,64060288,43655740,4194300,51000,113533,1787527,118548,0,0,0,0,0,0
2026-09-26T16:03:07.063136+00:00,64060288,43648292,4194300,51000,113533,1787527,118548,0,0,0,0,0,0
2026-09-26T16:03:08.064345+00:00,64060288,43643140,4194300,51000,113533,1787527,118548,0,0,0,0,0,0
2026-09-26T16:03:09.065571+00:00,64060288,43667044,4194300,51000,113533,1787527,118548,0,0,0,0,0,0
2026-09-26T16:03:10.066757+00:00,64060288,43698268,4194300,51000,113533,1787527,118548,0,0,0,0,0,0
2026-09-26T16:03:11.067945+00:00,64060288,43691504,4194300,51000,113533,1787527,118548,0,0,0,0,0,0
2026-09-26T16:03:12.069129+00:00,64060288,43700880,4194300,51000,113533,1787527,118548,0,0,0,0,0,0
2026-09-26T16:03:13.070306+00:00,64060288,43700452,4194300,51000,113533,1787527,118548,0,0,0,0,0,0
2026-09-26T16:03:14.071594+00:00,64060288,43694184,4194300,51000,113533,1787527,118548,0,0,0,0,0,0
2026-09-26T16:03:15.072763+00:00,64060288,43696296,4194300,51000,113533,1787527,118548,0,0,0,0,0,0
2026-09-26T16:03:16.073953+00:00,64060288,43696840,4194300,51000,113533,1787527,118548,0,0,0,0,0,0
2026-09-26T16:03:17.075145+00:00,64060288,43691492,4194300,51000,113533,1787527,118548,0,0,0,0,0,0
2026-09-26T16:03:18.076269+00:00,64060288,43685884,4194300,51000,113533,1787527,118548,0,0,0,0,0,0
2026-09-26T16:03:19.077394+00:00,64060288,43669760,4194300,51000,113533,1787527,118548,0,0,0,0,0,0
2026-09-26T16:03:20.079364+00:00,64060288,43684072,4194300,51000,113533,1787527,118548,0,0,0,0,0,0
2026-09-26T16:03:21.080576+00:00,64060288,43690212,4194300,51000,113533,1787527,118548,0,0,0,0,0,0
2026-09-26T16:03:22.081761+00:00,64060288,43681832,4194300,51000,113533,1787527,118548,0,0,0,0,0,0
2026-09-26T16:03:23.082948+00:00,64060288,43683072,4194300,51000,113533,1787527,118548,0,0,0,0,0,0
2026-09-26T16:03:24.084127+00:00,64060288,43685424,4194300,51000,113533,1787527,118548,0,0,0,0,0,0
2026-09-26T16:03:25.085296+00:00,64060288,43671068,4194300,51000,113533,1787527,118548,0,0,0,0,0,0
2026-09-26T16:03:26.086557+00:00,64060288,43677480,4194300,51000,113533,1787527,118548,0,0,0,0,0,0
2026-09-26T16:03:27.087730+00:00,64060288,43673596,4194300,51000,113533,1787527,118548,0,0,0,0,0,0
2026-09-26T16:03:28.088979+00:00,64060288,43669008,4194300,51000,113533,1787527,118548,0,0,0,0,0,0
2026-09-26T16:03:29.090146+00:00,64060288,43671816,4194300,51000,113533,1787527,118548,0,0,0,0,0,0
2026-09-26T16:03:30.091271+00:00,64060288,43676768,4194300,51000,113533,1787527,118548,0,0,0,0,0,0
2026-09-26T16:03:31.092382+00:00,64060288,43673912,4194300,51000,113533,1787527,118548,0,0,0,0,0,0
2026-09-26T16:03:32.093549+00:00,64060288,43696380,4194300,51000,113533,1787527,118548,0,0,0,0,0,0
2026-09-26T16:03:33.094739+00:00,64060288,43687292,4194300,51000,113533,1787527,118548,0,0,0,0,0,0
2026-09-26T16:03:34.095886+00:00,64060288,43665216,4194300,51000,113533,1787527,118548,0,0,0,0,0,0
2026-09-26T16:03:35.097052+00:00,64060288,43672668,4194300,51000,113533,1787527,118548,0,0,0,0,0,0
2026-09-26T16:03:36.098228+00:00,64060288,43668132,4194300,51000,113533,1787527,118548,0,0,0,0,0,0
2026-09-26T16:03:37.099399+00:00,64060288,43650320,4194300,51000,113533,1787527,118548,0,0,0,0,0,0
2026-09-26T16:03:38.100664+00:00,64060288,43669420,4194300,51000,113533,1787527,118548,0,0,0,0,0,0
2026-09-26T16:03:39.101853+00:00,64060288,43677820,4194300,51000,113533,1787527,118548,0,0,0,0,0,0
2026-09-26T16:03:40.103020+00:00,64060288,43662484,4194300,51000,113533,1787527,118548,0,0,0,0,0,0
2026-09-26T16:03:41.104172+00:00,64060288,43680364,4194300,51000,113533,1787527,118548,0,0,0,0,0,0
2026-09-26T16:03:42.105360+00:00,64060288,43672100,4194300,51000,113533,1787527,118548,0,0,0,0,0,0
2026-09-26T16:03:43.106457+00:00,64060288,43672140,4194300,51000,113533,1787527,118548,0,0,0,0,0,0
2026-09-26T16:03:44.107311+00:00,64060288,43672104,4194300,51000,113533,1787527,118548,0,0,0,0,0,0
2026-09-26T16:03:45.108109+00:00,64060288,43680796,4194300,51000,113533,1787527,118548,0,0,0,0,0,0
2026-09-26T16:03:46.108988+00:00,64060288,43656640,4194300,51000,113533,1787527,118548,0,0,0,0,0,0
2026-09-26T16:03:47.109861+00:00,64060288,43650184,4194300,51000,113533,1787527,118548,0,0,0,0,0,0
2026-09-26T16:03:48.110754+00:00,64060288,43633300,4194300,51000,113533,1787527,118548,0,0,0,0,0,0
2026-09-26T16:03:49.111628+00:00,64060288,43630940,4194300,51000,113533,1787527,118548,0,0,0,0,0,0
2026-09-26T16:03:50.112471+00:00,64060288,43625648,4194300,51000,113533,1787527,118548,0,0,0,0,0,0
2026-09-26T16:03:51.113341+00:00,64060288,43634076,4194300,51000,113533,1787527,118548,0,0,0,0,0,0
2026-09-26T16:03:52.114211+00:00,64060288,43642572,4194300,51000,113533,1787527,118548,0,0,0,0,0,0
2026-09-26T16:03:53.115089+00:00,64060288,43644080,4194300,51000,113533,1787527,118548,0,0,0,0,0,0
2026-09-26T16:03:54.115969+00:00,64060288,43664844,4194300,51000,113533,1787527,118548,0,0,0,0,0,0
2026-09-26T16:03:55.116833+00:00,64060288,43659900,4194300,51000,113533,1787527,118548,0,0,0,0,0,0
2026-09-26T16:03:56.117703+00:00,64060288,43658788,4194300,51000,113533,1787527,118548,0,0,0,0,0,0
2026-09-26T16:03:57.118499+00:00,64060288,43664636,4194300,51000,113533,1787527,118548,0,0,0,0,0,0
2026-09-26T16:03:58.119303+00:00,64060288,43667564,4194300,51000,113533,1787527,118548,0,0,0,0,0,0
2026-09-26T16:03:59.120151+00:00,64060288,43657748,4194300,51000,113533,1787527,118548,0,0,0,0,0,0
2026-09-26T16:04:00.121029+00:00,64060288,43643716,4194300,51000,113533,1787527,118548,0,0,0,0,0,0
2026-09-26T16:04:01.121894+00:00,64060288,43630396,4194300,51000,113534,1787527,118549,0,0,0,0,0,0
2026-09-26T16:04:02.122913+00:00,64060288,43630076,4194300,51000,113534,1787527,118549,0,0,0,0,0,0
2026-09-26T16:04:03.123788+00:00,64060288,43618740,4194300,51000,113534,1787527,118549,0,0,0,0,0,0
2026-09-26T16:04:04.124669+00:00,64060288,43624900,4194300,51000,113534,1787527,118549,0,0,0,0,0,0
2026-09-26T16:04:05.125512+00:00,64060288,43654720,4194300,51000,113534,1787527,118549,0,0,0,0,0,0
2026-09-26T16:04:06.126357+00:00,64060288,43672296,4194300,51000,113534,1787527,118549,0,0,0,0,0,0
2026-09-26T16:04:07.127198+00:00,64060288,43681696,4194300,51000,113534,1787527,118549,0,0,0,0,0,0
2026-09-26T16:04:08.128168+00:00,64060288,43672472,4194300,51000,113534,1787527,118549,0,0,0,0,0,0
2026-09-26T16:04:09.128855+00:00,64060288,43664444,4194300,51000,113534,1787527,118549,0,0,0,0,0,0
2026-09-26T16:04:10.129622+00:00,64060288,43678608,4194300,51000,113534,1787527,118549,0,0,0,0,0,0
2026-09-26T16:04:11.130461+00:00,64060288,43680104,4194300,51000,113534,1787527,118549,0,0,0,0,0,0
2026-09-26T16:04:12.131337+00:00,64060288,43682348,4194300,51000,113534,1787527,118549,0,0,0,0,0,0
2026-09-26T16:04:13.132189+00:00,64060288,43685340,4194300,51000,113534,1787527,118549,0,0,0,0,0,0
2026-09-26T16:04:14.133070+00:00,64060288,43671824,4194300,51000,113534,1787527,118549,0,0,0,0,0,0
2026-09-26T16:04:15.133932+00:00,64060288,43654220,4194300,51000,113534,1787527,118549,0,0,0,0,0,0
2026-09-26T16:04:16.134800+00:00,64060288,43635948,4194300,51000,113534,1787527,118549,0,0,0,0,0,0
2026-09-26T16:04:17.135642+00:00,64060288,43624044,4194300,51000,113534,1787527,118549,0,0,0,0,0,0
2026-09-26T16:04:18.136495+00:00,64060288,43643068,4194300,51000,113534,1787527,118549,0,0,0,0,0,0
2026-09-26T16:04:19.137359+00:00,64060288,43656880,4194300,51000,113534,1787527,118549,0,0,0,0,0,0
2026-09-26T16:04:20.138205+00:00,64060288,43641532,4194300,51000,113534,1787527,118549,0,0,0,0,0,0
2026-09-26T16:04:21.138948+00:00,64060288,43637576,4194300,51000,113534,1787527,118549,0,0,0,0,0,0
2026-09-26T16:04:22.139729+00:00,64060288,43642024,4194300,51000,113534,1787527,118549,0,0,0,0,0,0
2026-09-26T16:04:23.140435+00:00,64060288,43651288,4194300,51000,113534,1787527,118549,0,0,0,0,0,0
2026-09-26T16:04:24.141283+00:00,64060288,43654800,4194300,51000,113534,1787527,118549,0,0,0,0,0,0
2026-09-26T16:04:25.142160+00:00,64060288,43662684,4194300,51000,113534,1787527,118549,0,0,0,0,0,0
2026-09-26T16:04:26.143042+00:00,64060288,43654296,4194300,51000,113534,1787527,118549,0,0,0,0,0,0
2026-09-26T16:04:27.143913+00:00,64060288,43654428,4194300,51000,113534,1787527,118549,0,0,0,0,0,0
2026-09-26T16:04:28.144793+00:00,64060288,43643972,4194300,51000,113534,1787527,118549,0,0,0,0,0,0
2026-09-26T16:04:29.145641+00:00,64060288,43657052,4194300,51000,113534,1787527,118549,0,0,0,0,0,0
2026-09-26T16:04:30.146474+00:00,64060288,43681424,4194300,51000,113534,1787527,118549,0,0,0,0,0,0
2026-09-26T16:04:31.147339+00:00,64060288,43673840,4194300,51000,113534,1787527,118549,0,0,0,0,0,0
2026-09-26T16:04:32.148204+00:00,64060288,43669992,4194300,51000,113534,1787527,118549,0,0,0,0,0,0
2026-09-26T16:04:33.149079+00:00,64060288,43662720,4194300,51000,113534,1787527,118549,0,0,0,0,0,0
2026-09-26T16:04:34.149869+00:00,64060288,43682644,4194300,51000,113534,1787527,118549,0,0,0,0,0,0
2026-09-26T16:04:35.150653+00:00,64060288,43686204,4194300,51000,113534,1787527,118549,0,0,0,0,0,0
2026-09-26T16:04:36.151473+00:00,64060288,43694720,4194300,51000,113534,1787527,118549,0,0,0,0,0,0
2026-09-26T16:04:37.152333+00:00,64060288,43668928,4194300,51000,113534,1787527,118549,0,0,0,0,0,0
2026-09-26T16:04:38.153213+00:00,64060288,43675372,4194300,51000,113534,1787527,118549,0,0,0,0,0,0
2026-09-26T16:04:39.154075+00:00,64060288,43676296,4194300,51000,113534,1787527,118549,0,0,0,0,0,0
2026-09-26T16:04:40.154922+00:00,64060288,43686880,4194300,51000,113534,1787527,118549,0,0,0,0,0,0
2026-09-26T16:04:41.155775+00:00,64060288,43697208,4194300,51000,113534,1787527,118549,0,0,0,0,0,0
2026-09-26T16:04:42.156639+00:00,64060288,43689764,4194300,51000,113534,1787527,118549,0,0,0,0,0,0
2026-09-26T16:04:43.157490+00:00,64060288,43678352,4194300,51000,113534,1787527,118549,0,0,0,0,0,0
2026-09-26T16:04:44.158715+00:00,64060288,43679016,4194300,51000,113534,1787527,118549,0,0,0,0,0,0
2026-09-26T16:04:45.159608+00:00,64060288,43680056,4194300,51000,113534,1787527,118549,0,0,0,0,0,0
2026-09-26T16:04:46.160456+00:00,64060288,43688316,4194300,51000,113534,1787527,118549,0,0,0,0,0,0
2026-09-26T16:04:47.161269+00:00,64060288,43660264,4194300,51000,113535,1787527,118551,0,0,0,0,0,0
2026-09-26T16:04:48.162041+00:00,64060288,43665872,4194300,51000,113535,1787527,118551,0,0,0,0,0,0
2026-09-26T16:04:49.162820+00:00,64060288,43676332,4194300,51000,113535,1787527,118551,0,0,0,0,0,0
2026-09-26T16:04:50.163655+00:00,64060288,43643900,4194300,51000,113535,1787527,118551,0,0,0,0,0,0
2026-09-26T16:04:51.164480+00:00,64060288,43653604,4194300,51000,113535,1787527,118551,0,0,0,0,0,0
2026-09-26T16:04:52.165312+00:00,64060288,43663396,4194300,51000,113535,1787527,118551,0,0,0,0,0,0
2026-09-26T16:04:53.166171+00:00,64060288,43661972,4194300,51000,113535,1787527,118551,0,0,0,0,0,0
2026-09-26T16:04:54.167018+00:00,64060288,43655392,4194300,51000,113535,1787527,118551,0,0,0,0,0,0
2026-09-26T16:04:55.167871+00:00,64060288,43669172,4194300,51000,113535,1787527,118551,0,0,0,0,0,0
2026-09-26T16:04:56.168707+00:00,64060288,43667604,4194300,51000,113535,1787527,118551,0,0,0,0,0,0
2026-09-26T16:04:57.169541+00:00,64060288,43652976,4194300,51000,113535,1787527,118551,0,0,0,0,0,0
2026-09-26T16:04:58.170416+00:00,64060288,43666652,4194300,51000,113535,1787527,118551,0,0,0,0,0,0
2026-09-26T16:04:59.171251+00:00,64060288,43673612,4194300,51000,113535,1787527,118551,0,0,0,0,0,0
2026-09-26T16:05:00.172080+00:00,64060288,43686780,4194300,51000,113535,1787527,118551,0,0,0,0,0,0
2026-09-26T16:05:01.172878+00:00,64060288,43682756,4194300,51000,113535,1787527,118551,0,0,0,0,0,0
2026-09-26T16:05:02.173742+00:00,64060288,43676956,4194300,51000,113535,1787527,118551,0,0,0,0,0,0
2026-09-26T16:05:03.174605+00:00,64060288,43680868,4194300,51000,113535,1787527,118551,0,0,0,0,0,0
2026-09-26T16:05:04.175444+00:00,64060288,43691304,4194300,51000,113535,1787527,118553,0,0,0,0,0,0
2026-09-26T16:05:05.176270+00:00,64060288,43691676,4194300,51000,113535,1787527,118553,0,0,0,0,0,0
2026-09-26T16:05:06.177075+00:00,64060288,43680240,4194300,51000,113535,1787527,118553,0,0,0,0,0,0
2026-09-26T16:05:07.177907+00:00,64060288,43678420,4194300,51000,113535,1787527,118553,0,0,0,0,0,0
2026-09-26T16:05:08.178778+00:00,64060288,43673972,4194300,51000,113535,1787527,118553,0,0,0,0,0,0
2026-09-26T16:05:09.179603+00:00,64060288,43684516,4194300,51000,113535,1787527,118560,0,0,0,0,0,0
2026-09-26T16:05:10.180481+00:00,64060288,43704616,4194300,51000,113535,1787527,118586,0,0,0,0,0,0
2026-09-26T16:05:11.181394+00:00,64060288,43661292,4194300,51000,113535,1787527,118586,0,0,0,0,0,0
2026-09-26T16:05:12.182154+00:00,64060288,43640776,4194300,51000,113535,1787527,118586,0,0,0,0,0,0
2026-09-26T16:05:13.182942+00:00,64060288,43624508,4194300,51000,113535,1787527,118586,0,0,0,0,0,0
2026-09-26T16:05:14.183769+00:00,64060288,43606452,4194300,51000,113535,1787527,118586,0,0,0,0,0,0
2026-09-26T16:05:15.184653+00:00,64060288,43624544,4194300,51000,113536,1787527,118588,0,0,0,0,0,0
2026-09-26T16:05:16.185522+00:00,64060288,43642488,4194300,51000,113536,1787527,118588,0,0,0,0,0,0
2026-09-26T16:05:17.186399+00:00,64060288,43632320,4194300,51000,113536,1787527,118590,0,0,0,0,0,0
2026-09-26T16:05:18.187271+00:00,64060288,43623524,4194300,51000,113536,1787527,118590,0,0,0,0,0,0
2026-09-26T16:05:19.188117+00:00,64060288,43633656,4194300,51000,113536,1787527,118590,0,0,0,0,0,0
2026-09-26T16:05:20.188982+00:00,64060288,43661560,4194300,51000,113536,1787527,118590,0,0,0,0,0,0
2026-09-26T16:05:21.189850+00:00,64060288,43674488,4194300,51000,113536,1787527,118590,0,0,0,0,0,0
2026-09-26T16:05:22.190696+00:00,64060288,43700796,4194300,51000,113536,1787527,118590,0,0,0,0,0,0
2026-09-26T16:05:23.191546+00:00,64060288,43712712,4194300,51000,113536,1787527,118590,0,0,0,0,0,0
2026-09-26T16:05:24.192403+00:00,64060288,43711292,4194300,51000,113536,1787527,118590,0,0,0,0,0,0
2026-09-26T16:05:25.193153+00:00,64060288,43700336,4194300,51000,113537,1787527,118592,0,0,0,0,0,0
2026-09-26T16:05:26.193946+00:00,64060288,43699936,4194300,51000,113537,1787527,118592,0,0,0,0,0,0
2026-09-26T16:05:27.194693+00:00,64060288,43699548,4194300,51000,113537,1787527,118592,0,0,0,0,0,0
2026-09-26T16:05:28.195546+00:00,64060288,43700616,4194300,51000,113537,1787527,118592,0,0,0,0,0,0
2026-09-26T16:05:29.196402+00:00,64060288,43708132,4194300,51000,113537,1787527,118592,0,0,0,0,0,0
2026-09-26T16:05:30.197263+00:00,64060288,43717976,4194300,51000,113537,1787527,118592,0,0,0,0,0,0
2026-09-26T16:05:31.198124+00:00,64060288,43695372,4194300,51000,113537,1787527,118592,0,0,0,0,0,0
2026-09-26T16:05:32.198977+00:00,64060288,43709068,4194300,51000,113537,1787527,118592,0,0,0,0,0,0
2026-09-26T16:05:33.199849+00:00,64060288,43714928,4194300,51000,113537,1787527,118592,0,0,0,0,0,0
2026-09-26T16:05:34.200685+00:00,64060288,43714500,4194300,51000,113537,1787527,118592,0,0,0,0,0,0
2026-09-26T16:05:35.201504+00:00,64060288,43711824,4194300,51000,113537,1787527,118592,0,0,0,0,0,0
2026-09-26T16:05:36.202385+00:00,64060288,43709548,4194300,51000,113537,1787527,118592,0,0,0,0,0,0
2026-09-26T16:05:37.203234+00:00,64060288,43712328,4194300,51000,113537,1787527,118592,0,0,0,0,0,0
2026-09-26T16:05:38.204001+00:00,64060288,43718008,4194300,51000,113537,1787527,118592,0,0,0,0,0,0
2026-09-26T16:05:39.204761+00:00,64060288,43697772,4194300,51000,113537,1787527,118592,0,0,0,0,0,0
2026-09-26T16:05:40.205519+00:00,64060288,43730232,4194300,51000,113537,1787527,118592,0,0,0,0,0,0
2026-09-26T16:05:41.206392+00:00,64060288,43715980,4194300,51000,113537,1787527,118592,0,0,0,0,0,0
2026-09-26T16:05:42.207254+00:00,64060288,43710356,4194300,51000,113537,1787527,118592,0,0,0,0,0,0
2026-09-26T16:05:43.208136+00:00,64060288,43714184,4194300,51000,113537,1787527,118592,0,0,0,0,0,0
2026-09-26T16:05:44.209008+00:00,64060288,43722276,4194300,51000,113537,1787527,118592,0,0,0,0,0,0
2026-09-26T16:05:45.209876+00:00,64060288,43720460,4194300,51000,113537,1787527,118592,0,0,0,0,0,0
2026-09-26T16:05:46.210748+00:00,64060288,43722864,4194300,51000,113537,1787527,118592,0,0,0,0,0,0
2026-09-26T16:05:47.211613+00:00,64060288,43724324,4194300,51000,113537,1787527,118592,0,0,0,0,0,0
2026-09-26T16:05:48.212472+00:00,64060288,43719964,4194300,51000,113537,1787527,118592,0,0,0,0,0,0
2026-09-26T16:05:49.213339+00:00,64060288,43718120,4194300,51000,113537,1787527,118592,0,0,0,0,0,0
2026-09-26T16:05:50.214205+00:00,64060288,43718124,4194300,51000,113537,1787527,118592,0,0,0,0,0,0
2026-09-26T16:05:51.215008+00:00,64060288,43721152,4194300,51000,113537,1787527,118592,0,0,0,0,0,0
2026-09-26T16:05:52.215817+00:00,64060288,43713612,4194300,51000,113537,1787527,118592,0,0,0,0,0,0
2026-09-26T16:05:53.216608+00:00,64060288,43720052,4194300,51000,113537,1787527,118592,0,0,0,0,0,0
2026-09-26T16:05:54.217452+00:00,64060288,43711232,4194300,51000,113537,1787527,118592,0,0,0,0,0,0
2026-09-26T16:05:55.218330+00:00,64060288,43710484,4194300,51000,113537,1787527,118592,0,0,0,0,0,0
2026-09-26T16:05:56.219198+00:00,64060288,43711296,4194300,51000,113537,1787527,118592,0,0,0,0,0,0
2026-09-26T16:05:57.220194+00:00,64060288,43720712,4194300,51000,113537,1787527,118592,0,0,0,0,0,0
2026-09-26T16:05:58.221067+00:00,64060288,43736160,4194300,51000,113537,1787527,118592,0,0,0,0,0,0
2026-09-26T16:05:59.221941+00:00,64060288,43737888,4194300,51000,113537,1787527,118592,0,0,0,0,0,0
2026-09-26T16:06:00.222835+00:00,64060288,43732764,4194300,51000,113537,1787527,118592,0,0,0,0,0,0
2026-09-26T16:06:01.223710+00:00,64060288,43704140,4194300,51000,113541,1787527,118595,0,0,0,0,0,0
2026-09-26T16:06:02.224589+00:00,64060288,43708432,4194300,51000,113541,1787527,118595,0,0,0,0,0,0
2026-09-26T16:06:03.225441+00:00,64060288,43713736,4194300,51000,113541,1787527,118595,0,0,0,0,0,0
2026-09-26T16:06:04.226223+00:00,64060288,43711200,4194300,51000,113541,1787527,118595,0,0,0,0,0,0
2026-09-26T16:06:05.226968+00:00,64060288,43711916,4194300,51000,113541,1787527,118595,0,0,0,0,0,0
2026-09-26T16:06:06.227778+00:00,64060288,43711048,4194300,51000,113541,1787527,118595,0,0,0,0,0,0
2026-09-26T16:06:07.228647+00:00,64060288,43698868,4194300,51000,113541,1787527,118595,0,0,0,0,0,0
2026-09-26T16:06:08.229518+00:00,64060288,43709820,4194300,51000,113541,1787527,118595,0,0,0,0,0,0
2026-09-26T16:06:09.230460+00:00,64060288,43715172,4194300,51000,113541,1787527,118595,0,0,0,0,0,0
2026-09-26T16:06:10.231320+00:00,64060288,43711020,4194300,51000,113541,1787527,118595,0,0,0,0,0,0
2026-09-26T16:06:11.232201+00:00,64060288,43720772,4194300,51000,113541,1787527,118595,0,0,0,0,0,0
2026-09-26T16:06:12.233070+00:00,64060288,43717820,4194300,51000,113541,1787527,118595,0,0,0,0,0,0
2026-09-26T16:06:13.233966+00:00,64060288,43711216,4194300,51000,113541,1787527,118595,0,0,0,0,0,0
2026-09-26T16:06:14.234836+00:00,64060288,43712668,4194300,51000,113541,1787527,118595,0,0,0,0,0,0
2026-09-26T16:06:15.235722+00:00,64060288,43715520,4194300,51000,113541,1787527,118595,0,0,0,0,0,0
2026-09-26T16:06:16.236585+00:00,64060288,43708328,4194300,51000,113541,1787527,118595,0,0,0,0,0,0
2026-09-26T16:06:17.237407+00:00,64060288,43675540,4194300,51000,113542,1787527,118596,0,0,0,0,0,0
2026-09-26T16:06:18.238175+00:00,64060288,43705580,4194300,51000,113542,1787527,118596,0,0,0,0,0,0
2026-09-26T16:06:19.238951+00:00,64060288,43715844,4194300,51000,113542,1787527,118596,0,0,0,0,0,0
2026-09-26T16:06:20.239824+00:00,64060288,43711612,4194300,51000,113542,1787527,118596,0,0,0,0,0,0
2026-09-26T16:06:21.240717+00:00,64060288,43723724,4194300,51000,113542,1787527,118596,0,0,0,0,0,0
2026-09-26T16:06:22.241568+00:00,64060288,43721428,4194300,51000,113542,1787527,118596,0,0,0,0,0,0
2026-09-26T16:06:23.242446+00:00,64060288,43702496,4194300,51000,113542,1787527,118596,0,0,0,0,0,0
2026-09-26T16:06:24.243315+00:00,64060288,43702756,4194300,51000,113542,1787527,118596,0,0,0,0,0,0
2026-09-26T16:06:25.244185+00:00,64060288,43697112,4194300,51000,113542,1787527,118596,0,0,0,0,0,0
2026-09-26T16:06:26.245053+00:00,64060288,43679268,4194300,51000,113542,1787527,118596,0,0,0,0,0,0
2026-09-26T16:06:27.245937+00:00,64060288,43684948,4194300,51000,113542,1787527,118596,0,0,0,0,0,0
2026-09-26T16:06:28.246821+00:00,64060288,43684524,4194300,51000,113542,1787527,118596,0,0,0,0,0,0
2026-09-26T16:06:29.247622+00:00,64060288,43697064,4194300,51000,113542,1787527,118596,0,0,0,0,0,0
2026-09-26T16:06:30.248343+00:00,64060288,43694764,4194300,51000,113542,1787527,118596,0,0,0,0,0,0
2026-09-26T16:06:31.249071+00:00,64060288,43711252,4194300,51000,113542,1787527,118596,0,0,0,0,0,0
2026-09-26T16:06:32.249887+00:00,64060288,43693292,4194300,51000,113542,1787527,118596,0,0,0,0,0,0
2026-09-26T16:06:33.250767+00:00,64060288,43704324,4194300,51000,113542,1787527,118596,0,0,0,0,0,0
2026-09-26T16:06:34.251627+00:00,64060288,43710836,4194300,51000,113542,1787527,118596,0,0,0,0,0,0
2026-09-26T16:06:35.252447+00:00,64060288,43710424,4194300,51000,113542,1787527,118596,0,0,0,0,0,0
2026-09-26T16:06:36.253285+00:00,64060288,43697348,4194300,51000,113542,1787527,118596,0,0,0,0,0,0
2026-09-26T16:06:37.254159+00:00,64060288,43684932,4194300,51000,113542,1787527,118596,0,0,0,0,0,0
2026-09-26T16:06:38.255056+00:00,64060288,43684464,4194300,51000,113542,1787527,118596,0,0,0,0,0,0
2026-09-26T16:06:39.255942+00:00,64060288,43713512,4194300,51000,113542,1787527,118596,0,0,0,0,0,0
2026-09-26T16:06:40.256823+00:00,64060288,43702236,4194300,51000,113542,1787527,118596,0,0,0,0,0,0
2026-09-26T16:06:41.257648+00:00,64060288,43697800,4194300,51000,113542,1787527,118596,0,0,0,0,0,0
2026-09-26T16:06:42.258497+00:00,64060288,43715412,4194300,51000,113542,1787527,118596,0,0,0,0,0,0
2026-09-26T16:06:43.259306+00:00,64060288,43715844,4194300,51000,113542,1787527,118596,0,0,0,0,0,0
2026-09-26T16:06:44.260066+00:00,64060288,43693252,4194300,51000,113542,1787527,118596,0,0,0,0,0,0
2026-09-26T16:06:45.260828+00:00,64060288,43692424,4194300,51000,113542,1787527,118596,0,0,0,0,0,0
2026-09-26T16:06:46.261679+00:00,64060288,43676224,4194300,51000,113542,1787527,118596,0,0,0,0,0,0
2026-09-26T16:06:47.262525+00:00,64060288,43651444,4194300,51000,113542,1787527,118596,0,0,0,0,0,0
2026-09-26T16:06:48.263416+00:00,64060288,43650124,4194300,51000,113542,1787527,118596,0,0,0,0,0,0
2026-09-26T16:06:49.264269+00:00,64060288,43653264,4194300,51000,113542,1787527,118596,0,0,0,0,0,0
2026-09-26T16:06:50.265114+00:00,64060288,43660296,4194300,51000,113542,1787527,118596,0,0,0,0,0,0
2026-09-26T16:06:51.266138+00:00,64060288,43664068,4194300,51000,113542,1787527,118596,0,0,0,0,0,0
2026-09-26T16:06:52.267008+00:00,64060288,43668188,4194300,51000,113542,1787527,118596,0,0,0,0,0,0
2026-09-26T16:06:53.267875+00:00,64060288,43659260,4194300,51000,113542,1787527,118596,0,0,0,0,0,0
2026-09-26T16:06:54.268746+00:00,64060288,43674092,4194300,51000,113542,1787527,118596,0,0,0,0,0,0
2026-09-26T16:06:55.269622+00:00,64060288,43707604,4194300,51000,113542,1787527,118596,0,0,0,0,0,0
2026-09-26T16:06:56.270355+00:00,64060288,43702492,4194300,51000,113542,1787527,118596,0,0,0,0,0,0
2026-09-26T16:06:57.271061+00:00,64060288,43704184,4194300,51000,113542,1787527,118596,0,0,0,0,0,0
2026-09-26T16:06:58.271828+00:00,64060288,43705644,4194300,51000,113542,1787527,118596,0,0,0,0,0,0
2026-09-26T16:06:59.272679+00:00,64060288,43704344,4194300,51000,113542,1787527,118596,0,0,0,0,0,0
2026-09-26T16:07:00.273528+00:00,64060288,43700348,4194300,51000,113542,1787527,118596,0,0,0,0,0,0
2026-09-26T16:07:01.274382+00:00,64060288,43695800,4194300,51000,113542,1787527,118596,0,0,0,0,0,0
2026-09-26T16:07:02.275257+00:00,64060288,43692012,4194300,51000,113542,1787527,118596,0,0,0,0,0,0
2026-09-26T16:07:03.276127+00:00,64060288,43686036,4194300,51000,113542,1787527,118596,0,0,0,0,0,0
2026-09-26T16:07:04.277042+00:00,64060288,43700604,4194300,51000,113542,1787527,118596,0,0,0,0,0,0
2026-09-26T16:07:05.278214+00:00,64060288,43668396,4194300,51000,113542,1787527,118596,0,0,0,0,0,0
2026-09-26T16:07:06.279407+00:00,64060288,43661116,4194300,51000,113542,1787527,118596,0,0,0,0,0,0
2026-09-26T16:07:07.280634+00:00,64060288,43679060,4194300,51000,113542,1787527,118596,0,0,0,0,0,0
2026-09-26T16:07:08.281820+00:00,64060288,43687216,4194300,51000,113542,1787527,118597,0,0,0,0,0,0
2026-09-26T16:07:09.282956+00:00,64060288,43693016,4194300,51000,113542,1787527,118598,0,0,0,0,0,0
2026-09-26T16:07:10.284071+00:00,64060288,43684400,4194300,51000,113542,1787527,118598,0,0,0,0,0,0
2026-09-26T16:07:11.285196+00:00,64060288,43696236,4194300,51000,113542,1787527,118598,0,0,0,0,0,0
2026-09-26T16:07:12.286407+00:00,64060288,43710796,4194300,51000,113542,1787527,118598,0,0,0,0,0,0
2026-09-26T16:07:13.287639+00:00,64060288,43710964,4194300,51000,113542,1787527,118598,0,0,0,0,0,0
2026-09-26T16:07:14.288829+00:00,64060288,43721200,4194300,51000,113542,1787527,118598,0,0,0,0,0,0
2026-09-26T16:07:15.290041+00:00,64060288,43715236,4194300,51000,113542,1787527,118598,0,0,0,0,0,0
2026-09-26T16:07:16.291225+00:00,64060288,43719964,4194300,51000,113542,1787527,118598,0,0,0,0,0,0
2026-09-26T16:07:17.292414+00:00,64060288,43725304,4194300,51000,113542,1787527,118598,0,0,0,0,0,0
2026-09-26T16:07:18.293648+00:00,64060288,43693372,4194300,51000,113542,1787527,118598,0,0,0,0,0,0
2026-09-26T16:07:19.294836+00:00,64060288,43694404,4194300,51000,113542,1787527,118598,0,0,0,0,0,0
2026-09-26T16:07:20.296085+00:00,64060288,43680128,4194300,51000,113542,1787527,118598,0,0,0,0,0,0
2026-09-26T16:07:21.297299+00:00,64060288,43679808,4194300,51000,113542,1787527,118598,0,0,0,0,0,0
2026-09-26T16:07:22.298492+00:00,64060288,43684224,4194300,51000,113542,1787527,118598,0,0,0,0,0,0
2026-09-26T16:07:23.299682+00:00,64060288,43685128,4194300,51000,113542,1787527,118598,0,0,0,0,0,0
2026-09-26T16:07:24.300803+00:00,64060288,43691700,4194300,51000,113542,1787527,118599,0,0,0,0,0,0
2026-09-26T16:07:25.301987+00:00,64060288,43704420,4194300,51000,113542,1787527,118599,0,0,0,0,0,0
2026-09-26T16:07:26.303171+00:00,64060288,43679260,4194300,51000,113542,1787527,118599,0,0,0,0,0,0
2026-09-26T16:07:27.304407+00:00,64060288,43695576,4194300,51000,113542,1787527,118599,0,0,0,0,0,0
2026-09-26T16:07:28.305648+00:00,64060288,43693176,4194300,51000,113542,1787527,118599,0,0,0,0,0,0
2026-09-26T16:07:29.306852+00:00,64060288,43708376,4194300,51000,113542,1787527,118599,0,0,0,0,0,0
2026-09-26T16:07:30.308022+00:00,64060288,43706436,4194300,51000,113542,1787527,118599,0,0,0,0,0,0
2026-09-26T16:07:31.309202+00:00,64060288,43685088,4194300,51000,113542,1787527,118599,0,0,0,0,0,0
2026-09-26T16:07:32.310380+00:00,64060288,43679796,4194300,51000,113542,1787527,118599,0,0,0,0,0,0
2026-09-26T16:07:33.311667+00:00,64060288,43666488,4194300,51000,113542,1787527,118599,0,0,0,0,0,0
2026-09-26T16:07:34.312827+00:00,64060288,43682804,4194300,51000,113542,1787527,118599,0,0,0,0,0,0
2026-09-26T16:07:35.313605+00:00,64060288,43681700,4194300,51000,113542,1787527,118599,0,0,0,0,0,0
2026-09-26T16:07:36.314395+00:00,64060288,43691020,4194300,51000,113542,1787527,118599,0,0,0,0,0,0
2026-09-26T16:07:37.315208+00:00,64060288,43701036,4194300,51000,113542,1787527,118599,0,0,0,0,0,0
2026-09-26T16:07:38.316092+00:00,64060288,43681324,4194300,51000,113542,1787527,118599,0,0,0,0,0,0
2026-09-26T16:07:39.316946+00:00,64060288,43699804,4194300,51000,113542,1787527,118599,0,0,0,0,0,0
2026-09-26T16:07:40.317804+00:00,64060288,43682268,4194300,51000,113542,1787527,118599,0,0,0,0,0,0
2026-09-26T16:07:41.318646+00:00,64060288,43686912,4194300,51000,113542,1787527,118599,0,0,0,0,0,0
2026-09-26T16:07:42.319504+00:00,64060288,43661100,4194300,51000,113542,1787527,118599,0,0,0,0,0,0
2026-09-26T16:07:43.320363+00:00,64060288,43647556,4194300,51000,113542,1787527,118599,0,0,0,0,0,0
2026-09-26T16:07:44.321223+00:00,64060288,43653304,4194300,51000,113542,1787527,118599,0,0,0,0,0,0
2026-09-26T16:07:45.322116+00:00,64060288,43647104,4194300,51000,113542,1787527,118599,0,0,0,0,0,0
2026-09-26T16:07:46.322999+00:00,64060288,43652592,4194300,51000,113542,1787527,118599,0,0,0,0,0,0
2026-09-26T16:07:47.323886+00:00,64060288,43666640,4194300,51000,113543,1787527,118600,0,0,0,0,0,0
2026-09-26T16:07:48.324682+00:00,64060288,43665900,4194300,51000,113543,1787527,118600,0,0,0,0,0,0
2026-09-26T16:07:49.325479+00:00,64060288,43648948,4194300,51000,113543,1787527,118600,0,0,0,0,0,0
2026-09-26T16:07:50.326340+00:00,64060288,43662956,4194300,51000,113543,1787527,118600,0,0,0,0,0,0
2026-09-26T16:07:51.327212+00:00,64060288,43669900,4194300,51000,113543,1787527,118600,0,0,0,0,0,0
2026-09-26T16:07:52.328080+00:00,64060288,43677312,4194300,51000,113543,1787527,118600,0,0,0,0,0,0
2026-09-26T16:07:53.328943+00:00,64060288,43694720,4194300,51000,113543,1787527,118600,0,0,0,0,0,0
2026-09-26T16:07:54.329830+00:00,64060288,43690496,4194300,51000,113543,1787527,118600,0,0,0,0,0,0
2026-09-26T16:07:55.330710+00:00,64060288,43708364,4194300,51000,113543,1787527,118600,0,0,0,0,0,0
2026-09-26T16:07:56.331574+00:00,64060288,43695872,4194300,51000,113543,1787527,118601,0,0,0,0,0,0
2026-09-26T16:07:57.332459+00:00,64060288,43695644,4194300,51000,113543,1787527,118601,0,0,0,0,0,0
2026-09-26T16:07:58.333325+00:00,64060288,43669776,4194300,51000,113543,1787527,118601,0,0,0,0,0,0
2026-09-26T16:07:59.334200+00:00,64060288,43670768,4194300,51000,113543,1787527,118601,0,0,0,0,0,0
2026-09-26T16:08:00.334964+00:00,64060288,43677312,4194300,51000,113543,1787527,118601,0,0,0,0,0,0
2026-09-26T16:08:01.335763+00:00,64060288,43665264,4194300,51000,113543,1787527,118601,0,0,0,0,0,0
2026-09-26T16:08:02.336562+00:00,64060288,43659124,4194300,51000,113543,1787527,118601,0,0,0,0,0,0
2026-09-26T16:08:03.337474+00:00,64060288,43685976,4194300,51000,113543,1787527,118601,0,0,0,0,0,0
2026-09-26T16:08:04.338347+00:00,64060288,43679800,4194300,51000,113543,1787527,118602,0,0,0,0,0,0
2026-09-26T16:08:05.339213+00:00,64060288,43672444,4194300,51000,113543,1787527,118602,0,0,0,0,0,0
2026-09-26T16:08:06.340060+00:00,64060288,43672368,4194300,51000,113543,1787527,118602,0,0,0,0,0,0
2026-09-26T16:08:07.340911+00:00,64060288,43676728,4194300,51000,113543,1787527,118602,0,0,0,0,0,0
2026-09-26T16:08:08.341753+00:00,64060288,43660220,4194300,51000,113543,1787527,118602,0,0,0,0,0,0
2026-09-26T16:08:09.342606+00:00,64060288,43677276,4194300,51000,113543,1787527,118602,0,0,0,0,0,0
2026-09-26T16:08:10.343472+00:00,64060288,43669816,4194300,51000,113543,1787527,118602,0,0,0,0,0,0
2026-09-26T16:08:11.344328+00:00,64060288,43668980,4194300,51000,113543,1787527,118602,0,0,0,0,0,0
2026-09-26T16:08:12.345160+00:00,64060288,43672212,4194300,51000,113543,1787527,118602,0,0,0,0,0,0
2026-09-26T16:08:13.345962+00:00,64060288,43682616,4194300,51000,113543,1787527,118602,0,0,0,0,0,0
2026-09-26T16:08:14.346720+00:00,64060288,43685092,4194300,51000,113543,1787527,118602,0,0,0,0,0,0
2026-09-26T16:08:15.347463+00:00,64060288,43695732,4194300,51000,113543,1787527,118602,0,0,0,0,0,0
2026-09-26T16:08:16.348332+00:00,64060288,43690032,4194300,51000,113543,1787527,118602,0,0,0,0,0,0
2026-09-26T16:08:17.349217+00:00,64060288,43683344,4194300,51000,113543,1787527,118602,0,0,0,0,0,0
2026-09-26T16:08:18.350092+00:00,64060288,43694480,4194300,51000,113543,1787527,118602,0,0,0,0,0,0
2026-09-26T16:08:19.350962+00:00,64060288,43685368,4194300,51000,113543,1787527,118602,0,0,0,0,0,0
2026-09-26T16:08:20.351832+00:00,64060288,43675612,4194300,51000,113543,1787527,118602,0,0,0,0,0,0
2026-09-26T16:08:21.352797+00:00,64060288,43691416,4194300,51000,113543,1787527,118602,0,0,0,0,0,0
2026-09-26T16:08:22.353653+00:00,64060288,43716444,4194300,51000,113543,1787527,118602,0,0,0,0,0,0
2026-09-26T16:08:23.354516+00:00,64060288,43702108,4194300,51000,113543,1787527,118602,0,0,0,0,0,0
2026-09-26T16:08:24.355379+00:00,64060288,43703076,4194300,51000,113543,1787527,118602,0,0,0,0,0,0
2026-09-26T16:08:25.356235+00:00,64060288,43705708,4194300,51000,113543,1787527,118607,0,0,0,0,0,0
2026-09-26T16:08:26.357045+00:00,64060288,43694912,4194300,51000,113543,1787527,118607,0,0,0,0,0,0
2026-09-26T16:08:27.357847+00:00,64060288,43685328,4194300,51000,113543,1787527,118607,0,0,0,0,0,0
2026-09-26T16:08:28.358717+00:00,64060288,43677808,4194300,51000,113543,1787527,118607,0,0,0,0,0,0
2026-09-26T16:08:29.359591+00:00,64060288,43668812,4194300,51000,113543,1787527,118607,0,0,0,0,0,0
2026-09-26T16:08:30.360444+00:00,64060288,43673028,4194300,51000,113543,1787527,118607,0,0,0,0,0,0
2026-09-26T16:08:31.361303+00:00,64060288,43680060,4194300,51000,113543,1787527,118607,0,0,0,0,0,0
2026-09-26T16:08:32.362173+00:00,64060288,43677636,4194300,51000,113543,1787527,118607,0,0,0,0,0,0
2026-09-26T16:08:33.363055+00:00,64060288,43687788,4194300,51000,113543,1787527,118607,0,0,0,0,0,0
2026-09-26T16:08:34.363925+00:00,64060288,43686648,4194300,51000,113543,1787527,118622,0,0,0,0,0,0
2026-09-26T16:08:35.364957+00:00,64060288,43644824,4194300,51000,113543,1787527,118663,0,0,0,0,0,0
2026-09-26T16:08:36.366092+00:00,64060288,43620104,4194300,51000,113543,1787527,118664,0,0,0,0,0,0
2026-09-26T16:08:37.367264+00:00,64060288,43636524,4194300,51000,113543,1787527,118664,0,0,0,0,0,0
2026-09-26T16:08:38.368407+00:00,64060288,43524184,4194300,51000,113543,1787527,118693,0,0,0,0,0,0
2026-09-26T16:08:39.369507+00:00,64060288,43546624,4194300,51000,113543,1787527,118699,0,0,0,0,0,0
2026-09-26T16:08:40.370706+00:00,64060288,43524688,4194300,51000,113543,1787527,118699,0,0,0,0,0,0
2026-09-26T16:08:41.371911+00:00,64060288,43557660,4194300,51000,113543,1787527,118699,0,0,0,0,0,0
2026-09-26T16:08:42.373198+00:00,64060288,43556728,4194300,51000,113543,1787527,118699,0,0,0,0,0,0
2026-09-26T16:08:43.374449+00:00,64060288,43581812,4194300,51000,113543,1787527,118699,0,0,0,0,0,0
2026-09-26T16:08:44.375627+00:00,64060288,43596244,4194300,51000,113543,1787527,118699,0,0,0,0,0,0
2026-09-26T16:08:45.376982+00:00,64060288,43590584,4194300,51000,113543,1787527,118699,0,0,0,0,0,0
2026-09-26T16:08:46.378185+00:00,64060288,43568708,4194300,51000,113543,1787527,118699,0,0,0,0,0,0
2026-09-26T16:08:47.379085+00:00,64060288,43589380,4194300,51000,113543,1787527,118699,0,0,0,0,0,0
2026-09-26T16:08:48.379940+00:00,64060288,43580316,4194300,51000,113543,1787527,118699,0,0,0,0,0,0
2026-09-26T16:08:49.380816+00:00,64060288,43586764,4194300,51000,113543,1787527,118699,0,0,0,0,0,0
2026-09-26T16:08:50.381632+00:00,64060288,43568080,4194300,51000,113543,1787527,118699,0,0,0,0,0,0
2026-09-26T16:08:51.382507+00:00,64060288,43595004,4194300,51000,113543,1787527,118699,0,0,0,0,0,0
2026-09-26T16:08:52.383290+00:00,64060288,43590604,4194300,51000,113543,1787527,118699,0,0,0,0,0,0
2026-09-26T16:08:53.384092+00:00,64060288,43599820,4194300,51000,113543,1787527,118701,0,0,0,0,0,0
2026-09-26T16:08:54.384924+00:00,64060288,43602772,4194300,51000,113543,1787527,118705,0,0,0,0,0,0
2026-09-26T16:08:55.385810+00:00,64060288,43603156,4194300,51000,113545,1787527,118709,0,0,0,0,0,0
2026-09-26T16:08:56.386676+00:00,64060288,43612960,4194300,51000,113545,1787527,118709,0,0,0,0,0,0
2026-09-26T16:08:57.387509+00:00,64060288,43588456,4194300,51000,113545,1787527,118709,0,0,0,0,0,0
2026-09-26T16:08:58.388342+00:00,64060288,43604072,4194300,51000,113545,1787527,118709,0,0,0,0,0,0
2026-09-26T16:08:59.389209+00:00,64060288,43601156,4194300,51000,113547,1787527,118715,0,0,0,0,0,0
2026-09-26T16:09:00.390102+00:00,64060288,43606628,4194300,51000,113547,1787527,118715,0,0,0,0,0,0
2026-09-26T16:09:01.390991+00:00,64060288,43622172,4194300,51000,113547,1787527,118715,0,0,0,0,0,0
2026-09-26T16:09:02.391879+00:00,64060288,43635196,4194300,51000,113547,1787527,118715,0,0,0,0,0,0
2026-09-26T16:09:03.392764+00:00,64060288,43626800,4194300,51000,113547,1787527,118715,0,0,0,0,0,0
2026-09-26T16:09:04.393600+00:00,64060288,43618040,4194300,51000,113547,1787527,118715,0,0,0,0,0,0
2026-09-26T16:09:05.394337+00:00,64060288,43615088,4194300,51000,113547,1787527,118715,0,0,0,0,0,0
2026-09-26T16:09:06.395142+00:00,64060288,43622220,4194300,51000,113547,1787527,118715,0,0,0,0,0,0
2026-09-26T16:09:07.395950+00:00,64060288,43636500,4194300,51000,113547,1787527,118729,0,0,0,0,0,0
2026-09-26T16:09:08.396836+00:00,64060288,43640484,4194300,51000,113547,1787527,118729,0,0,0,0,0,0
2026-09-26T16:09:09.397709+00:00,64060288,43630968,4194300,51000,113547,1787527,118729,0,0,0,0,0,0
2026-09-26T16:09:10.398574+00:00,64060288,43630748,4194300,51000,113547,1787527,118729,0,0,0,0,0,0
2026-09-26T16:09:11.399442+00:00,64060288,43631676,4194300,51000,113547,1787527,118729,0,0,0,0,0,0
2026-09-26T16:09:12.400301+00:00,64060288,43637396,4194300,51000,113547,1787527,118729,0,0,0,0,0,0
2026-09-26T16:09:13.401185+00:00,64060288,43667024,4194300,51000,113547,1787527,118729,0,0,0,0,0,0
2026-09-26T16:09:14.402052+00:00,64060288,43659952,4194300,51000,113547,1787527,118729,0,0,0,0,0,0
2026-09-26T16:09:15.402909+00:00,64060288,43648868,4194300,51000,113547,1787527,118729,0,0,0,0,0,0
2026-09-26T16:09:16.403788+00:00,64060288,43639780,4194300,51000,113547,1787527,118729,0,0,0,0,0,0
2026-09-26T16:09:17.404644+00:00,64060288,43629924,4194300,51000,113547,1787527,118729,0,0,0,0,0,0
2026-09-26T16:09:18.405414+00:00,64060288,43613092,4194300,51000,113547,1787527,118730,0,0,0,0,0,0
2026-09-26T16:09:19.406180+00:00,64060288,43595736,4194300,51000,113547,1787527,118746,0,0,0,0,0,0
2026-09-26T16:09:20.406938+00:00,64060288,43593572,4194300,51000,113547,1787527,118746,0,0,0,0,0,0
2026-09-26T16:09:21.407800+00:00,64060288,43623604,4194300,51000,113547,1787527,118746,0,0,0,0,0,0
2026-09-26T16:09:22.408650+00:00,64060288,43630156,4194300,51000,113547,1787527,118746,0,0,0,0,0,0
2026-09-26T16:09:23.409494+00:00,64060288,43645636,4194300,51000,113547,1787527,118746,0,0,0,0,0,0
2026-09-26T16:09:24.410338+00:00,64060288,43643056,4194300,51000,113547,1787527,118746,0,0,0,0,0,0
2026-09-26T16:09:25.411203+00:00,64060288,43639988,4194300,51000,113547,1787527,118746,0,0,0,0,0,0
2026-09-26T16:09:26.412050+00:00,64060288,43642152,4194300,51000,113547,1787527,118746,0,0,0,0,0,0
2026-09-26T16:09:27.412971+00:00,64060288,43621632,4194300,51000,113547,1787527,118746,0,0,0,0,0,0
2026-09-26T16:09:28.413830+00:00,64060288,43643688,4194300,51000,113547,1787527,118746,0,0,0,0,0,0
2026-09-26T16:09:29.414646+00:00,64060288,43648664,4194300,51000,113547,1787527,118746,0,0,0,0,0,0
2026-09-26T16:09:30.415475+00:00,64060288,43653468,4194300,51000,113547,1787527,118746,0,0,0,0,0,0
2026-09-26T16:09:31.416293+00:00,64060288,43642932,4194300,51000,113547,1787527,118746,0,0,0,0,0,0
2026-09-26T16:09:32.417087+00:00,64060288,43651952,4194300,51000,113547,1787527,118750,0,0,0,0,0,0
2026-09-26T16:09:33.417850+00:00,64060288,43650140,4194300,51000,113547,1787527,118750,0,0,0,0,0,0
2026-09-26T16:09:34.418738+00:00,64060288,43662932,4194300,51000,113547,1787527,118751,0,0,0,0,0,0
2026-09-26T16:09:35.419614+00:00,64060288,43645872,4194300,51000,113547,1787527,118751,0,0,0,0,0,0
2026-09-26T16:09:36.420460+00:00,64060288,43648908,4194300,51000,113547,1787527,118751,0,0,0,0,0,0
2026-09-26T16:09:37.421322+00:00,64060288,43651212,4194300,51000,113547,1787527,118751,0,0,0,0,0,0
2026-09-26T16:09:38.422186+00:00,64060288,43657624,4194300,51000,113547,1787527,118751,0,0,0,0,0,0
2026-09-26T16:09:39.423049+00:00,64060288,43648328,4194300,51000,113547,1787527,118751,0,0,0,0,0,0
2026-09-26T16:09:40.423922+00:00,64060288,43615728,4194300,51000,113547,1787527,118751,0,0,0,0,0,0
2026-09-26T16:09:41.424783+00:00,64060288,43645196,4194300,51000,113547,1787527,118751,0,0,0,0,0,0
2026-09-26T16:09:42.425630+00:00,64060288,43642460,4194300,51000,113547,1787527,118751,0,0,0,0,0,0
2026-09-26T16:09:43.426491+00:00,64060288,43638868,4194300,51000,113547,1787527,118751,0,0,0,0,0,0
2026-09-26T16:09:44.427331+00:00,64060288,43523856,4194300,51000,113547,1787527,118773,0,0,0,0,0,0
2026-09-26T16:09:45.428172+00:00,64060288,43536260,4194300,51000,113547,1787527,119736,0,0,0,0,0,0
2026-09-26T16:09:46.429743+00:00,64060288,43517864,4194300,51000,113547,1787527,119745,0,0,0,0,0,0
2026-09-26T16:09:47.430553+00:00,64060288,43519764,4194300,51000,113547,1787527,119746,0,0,0,0,0,0
2026-09-26T16:09:48.431319+00:00,64060288,43521200,4194300,51000,113547,1787527,119746,0,0,0,0,0,0
2026-09-26T16:09:49.432162+00:00,64060288,43524468,4194300,51000,113547,1787527,119746,0,0,0,0,0,0
2026-09-26T16:09:50.432958+00:00,64060288,43505524,4194300,51000,113547,1787527,119746,0,0,0,0,0,0
2026-09-26T16:09:51.433794+00:00,64060288,43505488,4194300,51000,113547,1787527,119764,0,0,0,0,0,0
2026-09-26T16:09:52.434636+00:00,64060288,43499452,4194300,51000,113547,1787527,119764,0,0,0,0,0,0
2026-09-26T16:09:53.435445+00:00,64060288,43522892,4194300,51000,113547,1787527,119764,0,0,0,0,0,0
2026-09-26T16:09:54.436308+00:00,64060288,43529084,4194300,51000,113547,1787527,119779,0,0,0,0,0,0
2026-09-26T16:09:55.437184+00:00,64060288,43535680,4194300,51000,113547,1787527,119779,0,0,0,0,0,0
2026-09-26T16:09:56.438023+00:00,64060288,43530940,4194300,51000,113547,1787527,119791,0,0,0,0,0,0
2026-09-26T16:09:57.438854+00:00,64060288,43536312,4194300,51000,113547,1787527,119791,0,0,0,0,0,0
2026-09-26T16:09:58.439667+00:00,64060288,43531292,4194300,51000,113547,1787527,119791,0,0,0,0,0,0
2026-09-26T16:09:59.440473+00:00,64060288,43535836,4194300,51000,113547,1787527,119849,0,0,0,0,0,0
2026-09-26T16:10:00.441308+00:00,64060288,43543356,4194300,51000,113547,1787527,119857,0,0,0,0,0,0
2026-09-26T16:10:01.442122+00:00,64060288,43552788,4194300,51000,113547,1787527,119862,0,0,0,0,0,0
2026-09-26T16:10:02.442887+00:00,64060288,43547784,4194300,51000,113547,1787527,119895,0,0,0,0,0,0
2026-09-26T16:10:03.443711+00:00,64060288,43545628,4194300,51000,113547,1787527,119895,0,0,0,0,0,0
2026-09-26T16:10:04.444557+00:00,64060288,43540660,4194300,51000,113547,1787527,119900,0,0,0,0,0,0
2026-09-26T16:10:05.445385+00:00,64060288,43512592,4194300,51000,113547,1787527,119900,0,0,0,0,0,0
2026-09-26T16:10:06.446189+00:00,64060288,43530640,4194300,51000,113547,1787527,119900,0,0,0,0,0,0
2026-09-26T16:10:07.447025+00:00,64060288,43507204,4194300,51000,113547,1787527,119900,0,0,0,0,0,0
2026-09-26T16:10:08.447850+00:00,64060288,43515028,4194300,51000,113547,1787527,119900,0,0,0,0,0,0
2026-09-26T16:10:09.448727+00:00,64060288,43521456,4194300,51000,113547,1787527,119918,0,0,0,0,0,0
2026-09-26T16:10:10.449897+00:00,64060288,43521248,4194300,51000,113547,1787527,119918,0,0,0,0,0,0
2026-09-26T16:10:11.451030+00:00,64060288,43523088,4194300,51000,113547,1787527,119931,0,0,0,0,0,0
2026-09-26T16:10:12.452177+00:00,64060288,43521224,4194300,51000,113547,1787527,119931,0,0,0,0,0,0
2026-09-26T16:10:13.453328+00:00,64060288,43524236,4194300,51000,113547,1787527,119931,0,0,0,0,0,0
2026-09-26T16:10:14.454528+00:00,64060288,43526340,4194300,51000,113547,1787527,119931,0,0,0,0,0,0
2026-09-26T16:10:15.455718+00:00,64060288,43514844,4194300,51000,113547,1787527,119955,0,0,0,0,0,0
2026-09-26T16:10:16.456829+00:00,64060288,43517992,4194300,51000,113547,1787527,119971,0,0,0,0,0,0
2026-09-26T16:10:17.458001+00:00,64060288,43511324,4194300,51000,113547,1787527,119971,0,0,0,0,0,0
2026-09-26T16:10:18.459133+00:00,64060288,43503744,4194300,51000,113547,1787527,119971,0,0,0,0,0,0
2026-09-26T16:10:19.460258+00:00,64060288,43523896,4194300,51000,113547,1787527,119971,0,0,0,0,0,0
2026-09-26T16:10:20.461393+00:00,64060288,43528804,4194300,51000,113547,1787527,119971,0,0,0,0,0,0
2026-09-26T16:10:21.462533+00:00,64060288,43504012,4194300,51000,113547,1787527,119971,0,0,0,0,0,0
2026-09-26T16:10:22.463358+00:00,64060288,43469316,4194300,51000,113547,1787527,119971,0,0,0,0,0,0
2026-09-26T16:10:23.464114+00:00,64060288,43474468,4194300,51000,113547,1787527,119971,0,0,0,0,0,0
2026-09-26T16:10:24.464917+00:00,64060288,43487716,4194300,51000,113547,1787527,119971,0,0,0,0,0,0
2026-09-26T16:10:25.465740+00:00,64060288,43489388,4194300,51000,113548,1787527,119972,0,0,0,0,0,0
2026-09-26T16:10:26.466566+00:00,64060288,43502712,4194300,51000,113548,1787527,119973,0,0,0,0,0,0
2026-09-26T16:10:27.467397+00:00,64060288,43516092,4194300,51000,113548,1787527,119973,0,0,0,0,0,0
2026-09-26T16:10:28.468219+00:00,64060288,43453460,4194300,51000,113548,1787527,119974,0,0,0,0,0,0
2026-09-26T16:10:29.469041+00:00,64060288,43484888,4194300,51000,113549,1787527,119976,0,0,0,0,0,0
2026-09-26T16:10:30.469859+00:00,64060288,43523680,4194300,51000,113549,1787527,119976,0,0,0,0,0,0
2026-09-26T16:10:31.470684+00:00,64060288,43513304,4194300,51000,113549,1787527,119976,0,0,0,0,0,0
2026-09-26T16:10:32.471492+00:00,64060288,43512236,4194300,51000,113549,1787527,119976,0,0,0,0,0,0
2026-09-26T16:10:33.472304+00:00,64060288,43486316,4194300,51000,113549,1787527,119976,0,0,0,0,0,0
2026-09-26T16:10:34.473097+00:00,64060288,43518544,4194300,51000,113549,1787527,119976,0,0,0,0,0,0
2026-09-26T16:10:35.473936+00:00,64060288,43494456,4194300,51000,113549,1787527,119976,0,0,0,0,0,0
2026-09-26T16:10:36.474748+00:00,64060288,43515576,4194300,51000,113549,1787527,119976,0,0,0,0,0,0
2026-09-26T16:10:37.475566+00:00,64060288,43523120,4194300,51000,113549,1787527,119976,0,0,0,0,0,0
2026-09-26T16:10:38.476402+00:00,64060288,43521396,4194300,51000,113549,1787527,119976,0,0,0,0,0,0
2026-09-26T16:10:39.477206+00:00,64060288,43514356,4194300,51000,113549,1787527,119976,0,0,0,0,0,0
2026-09-26T16:10:40.478029+00:00,64060288,43505680,4194300,51000,113549,1787527,119976,0,0,0,0,0,0
2026-09-26T16:10:41.478915+00:00,64060288,43502992,4194300,51000,113549,1787527,119976,0,0,0,0,0,0
2026-09-26T16:10:42.479724+00:00,64060288,43511524,4194300,51000,113549,1787527,119991,0,0,0,0,0,0
2026-09-26T16:10:43.480523+00:00,64060288,43515452,4194300,51000,113549,1787527,119991,0,0,0,0,0,0
2026-09-26T16:10:44.481371+00:00,64060288,43511600,4194300,51000,113549,1787527,119991,0,0,0,0,0,0
2026-09-26T16:10:45.482193+00:00,64060288,43506628,4194300,51000,113549,1787527,119991,0,0,0,0,0,0
2026-09-26T16:10:46.483029+00:00,64060288,43490604,4194300,51000,113549,1787527,119991,0,0,0,0,0,0
2026-09-26T16:10:47.483858+00:00,64060288,43488024,4194300,51000,113549,1787527,119991,0,0,0,0,0,0
2026-09-26T16:10:48.484711+00:00,64060288,43468696,4194300,51000,113549,1787527,119991,0,0,0,0,0,0
2026-09-26T16:10:49.485511+00:00,64060288,43455892,4194300,51000,113549,1787527,119991,0,0,0,0,0,0
2026-09-26T16:10:50.486308+00:00,64060288,43459852,4194300,51000,113549,1787527,120011,0,0,0,0,0,0
2026-09-26T16:10:51.487133+00:00,64060288,43454132,4194300,51000,113549,1787527,120011,0,0,0,0,0,0
2026-09-26T16:10:52.487967+00:00,64060288,43476180,4194300,51000,113549,1787527,120011,0,0,0,0,0,0
2026-09-26T16:10:53.488779+00:00,64060288,43502552,4194300,51000,113549,1787527,120011,0,0,0,0,0,0
2026-09-26T16:10:54.489570+00:00,64060288,43478680,4194300,51000,113549,1787527,120011,0,0,0,0,0,0
2026-09-26T16:10:55.490379+00:00,64060288,43504008,4194300,51000,113549,1787527,120011,0,0,0,0,0,0
2026-09-26T16:10:56.491216+00:00,64060288,43491308,4194300,51000,113549,1787527,120011,0,0,0,0,0,0
2026-09-26T16:10:57.492050+00:00,64060288,43496112,4194300,51000,113549,1787527,120011,0,0,0,0,0,0
2026-09-26T16:10:58.492902+00:00,64060288,43491476,4194300,51000,113549,1787527,120011,0,0,0,0,0,0
2026-09-26T16:10:59.493713+00:00,64060288,43500744,4194300,51000,113549,1787527,120011,0,0,0,0,0,0
2026-09-26T16:11:00.494517+00:00,64060288,43493532,4194300,51000,113549,1787527,120011,0,0,0,0,0,0
2026-09-26T16:11:01.495347+00:00,64060288,43487072,4194300,51000,113549,1787527,120011,0,0,0,0,0,0
2026-09-26T16:11:02.496183+00:00,64060288,43454120,4194300,51000,113549,1787527,120011,0,0,0,0,0,0
2026-09-26T16:11:03.496989+00:00,64060288,43446824,4194300,51000,113549,1787527,120011,0,0,0,0,0,0
2026-09-26T16:11:04.497810+00:00,64060288,43458244,4194300,51000,113549,1787527,120011,0,0,0,0,0,0
2026-09-26T16:11:05.498639+00:00,64060288,43445044,4194300,51000,113549,1787527,120011,0,0,0,0,0,0
2026-09-26T16:11:06.504270+00:00,64060288,43465096,4194300,51000,113549,1787527,120011,0,0,0,0,0,0
2026-09-26T16:11:07.505074+00:00,64060288,43461452,4194300,51000,113549,1787527,120011,0,0,0,0,0,0
2026-09-26T16:11:08.505881+00:00,64060288,43468972,4194300,51000,113549,1787527,120011,0,0,0,0,0,0
2026-09-26T16:11:09.506715+00:00,64060288,43483728,4194300,51000,113549,1787527,120011,0,0,0,0,0,0
2026-09-26T16:11:10.507535+00:00,64060288,43483112,4194300,51000,113549,1787527,120011,0,0,0,0,0,0
2026-09-26T16:11:11.508367+00:00,64060288,43514864,4194300,51000,113549,1787527,120011,0,0,0,0,0,0
2026-09-26T16:11:12.509191+00:00,64060288,43509080,4194300,51000,113549,1787527,120011,0,0,0,0,0,0
2026-09-26T16:11:13.510056+00:00,64060288,43509860,4194300,51000,113549,1787527,120011,0,0,0,0,0,0
2026-09-26T16:11:14.510879+00:00,64060288,43508852,4194300,51000,113549,1787527,120011,0,0,0,0,0,0
2026-09-26T16:11:15.511690+00:00,64060288,43519048,4194300,51000,113549,1787527,120011,0,0,0,0,0,0
2026-09-26T16:11:16.512490+00:00,64060288,43473040,4194300,51000,113549,1787527,120011,0,0,0,0,0,0
2026-09-26T16:11:17.513316+00:00,64060288,43447584,4194300,51000,113549,1787527,120011,0,0,0,0,0,0
2026-09-26T16:11:18.514137+00:00,64060288,43455904,4194300,51000,113549,1787527,120011,0,0,0,0,0,0
2026-09-26T16:11:19.514895+00:00,64060288,43450824,4194300,51000,113549,1787527,120011,0,0,0,0,0,0
2026-09-26T16:11:20.515767+00:00,64060288,43481100,4194300,51000,113549,1787527,120011,0,0,0,0,0,0
2026-09-26T16:11:21.516590+00:00,64060288,43486100,4194300,51000,113549,1787527,120011,0,0,0,0,0,0
2026-09-26T16:11:22.517448+00:00,64060288,43673412,4194300,51000,113549,1787527,120026,0,0,0,0,0,0
2026-09-26T16:11:23.518267+00:00,64060288,43663236,4194300,51000,113549,1787527,120026,0,0,0,0,0,0
2026-09-26T16:11:24.519094+00:00,64060288,43650340,4194300,51000,113549,1787527,120026,0,0,0,0,0,0
2026-09-26T16:11:25.519930+00:00,64060288,43648760,4194300,51000,113549,1787527,120026,0,0,0,0,0,0
2026-09-26T16:11:26.520775+00:00,64060288,43654436,4194300,51000,113549,1787527,120026,0,0,0,0,0,0
2026-09-26T16:11:27.521595+00:00,64060288,43637584,4194300,51000,113549,1787527,120026,0,0,0,0,0,0
2026-09-26T16:11:28.522325+00:00,64060288,43638008,4194300,51000,113549,1787527,120057,0,0,0,0,0,0
2026-09-26T16:11:29.523177+00:00,64060288,43652240,4194300,51000,113549,1787527,120073,0,0,0,0,0,0
2026-09-26T16:11:30.524640+00:00,64060288,43643676,4194300,51000,113549,1787527,120073,0,0,0,0,0,0
2026-09-26T16:11:31.525399+00:00,64060288,43622104,4194300,51000,113549,1787527,120073,0,0,0,0,0,0
2026-09-26T16:11:32.526231+00:00,64060288,43617580,4194300,51000,113549,1787527,120073,0,0,0,0,0,0
2026-09-26T16:11:33.527081+00:00,64060288,43637620,4194300,51000,113549,1787527,120073,0,0,0,0,0,0
2026-09-26T16:11:34.527908+00:00,64060288,43636940,4194300,51000,113549,1787527,120073,0,0,0,0,0,0
2026-09-26T16:11:35.528783+00:00,64060288,43653856,4194300,51000,113549,1787527,120073,0,0,0,0,0,0
2026-09-26T16:11:36.529659+00:00,64060288,43655136,4194300,51000,113549,1787527,120073,0,0,0,0,0,0
2026-09-26T16:11:37.530510+00:00,64060288,43652744,4194300,51000,113549,1787527,120073,0,0,0,0,0,0
2026-09-26T16:11:38.531320+00:00,64060288,43658556,4194300,51000,113549,1787527,120073,0,0,0,0,0,0
2026-09-26T16:11:39.532148+00:00,64060288,43651844,4194300,51000,113549,1787527,120073,0,0,0,0,0,0
2026-09-26T16:11:40.533062+00:00,64060288,43645716,4194300,51000,113549,1787527,120073,0,0,0,0,0,0
2026-09-26T16:11:41.533948+00:00,64060288,43655864,4194300,51000,113549,1787527,120073,0,0,0,0,0,0
2026-09-26T16:11:42.534780+00:00,64060288,43635328,4194300,51000,113549,1787527,120073,0,0,0,0,0,0
2026-09-26T16:11:43.535607+00:00,64060288,43652452,4194300,51000,113549,1787527,120073,0,0,0,0,0,0
2026-09-26T16:11:44.536421+00:00,64060288,43617144,4194300,51000,113549,1787527,120073,0,0,0,0,0,0
2026-09-26T16:11:45.537235+00:00,64060288,43604352,4194300,51000,113549,1787527,120073,0,0,0,0,0,0
2026-09-26T16:11:46.538051+00:00,64060288,43592280,4194300,51000,113549,1787527,120073,0,0,0,0,0,0
2026-09-26T16:11:47.538899+00:00,64060288,43615552,4194300,51000,113549,1787527,120073,0,0,0,0,0,0
2026-09-26T16:11:48.539700+00:00,64060288,43627204,4194300,51000,113549,1787527,120073,0,0,0,0,0,0
2026-09-26T16:11:49.540521+00:00,64060288,43624768,4194300,51000,113549,1787527,120073,0,0,0,0,0,0
2026-09-26T16:11:50.541347+00:00,64060288,43614416,4194300,51000,113549,1787527,120073,0,0,0,0,0,0
2026-09-26T16:11:51.542180+00:00,64060288,43624144,4194300,51000,113549,1787527,120076,0,0,0,0,0,0
2026-09-26T16:11:52.542839+00:00,64060288,43625592,4194300,51000,113549,1787527,120076,0,0,0,0,0,0
2026-09-26T16:11:53.543638+00:00,64060288,43636492,4194300,51000,113549,1787527,120076,0,0,0,0,0,0
2026-09-26T16:11:54.544462+00:00,64060288,43637476,4194300,51000,113549,1787527,120076,0,0,0,0,0,0
2026-09-26T16:11:55.545288+00:00,64060288,43637964,4194300,51000,113549,1787527,120076,0,0,0,0,0,0
2026-09-26T16:11:56.546131+00:00,64060288,43637120,4194300,51000,113549,1787527,120076,0,0,0,0,0,0
2026-09-26T16:11:57.546957+00:00,64060288,43638028,4194300,51000,113549,1787527,120090,0,0,0,0,0,0
2026-09-26T16:11:58.547868+00:00,64060288,43637116,4194300,51000,113549,1787527,120090,0,0,0,0,0,0
2026-09-26T16:11:59.548680+00:00,64060288,43615016,4194300,51000,113549,1787527,120090,0,0,0,0,0,0
2026-09-26T16:12:00.549478+00:00,64060288,43637640,4194300,51000,113549,1787527,120090,0,0,0,0,0,0
2026-09-26T16:12:01.550290+00:00,64060288,43639584,4194300,51000,113549,1787527,120090,0,0,0,0,0,0
2026-09-26T16:12:02.551178+00:00,64060288,43636132,4194300,51000,113549,1787527,120090,0,0,0,0,0,0
2026-09-26T16:12:03.552002+00:00,64060288,43628980,4194300,51000,113549,1787527,120090,0,0,0,0,0,0
2026-09-26T16:12:04.552844+00:00,64060288,43601716,4194300,51000,113549,1787527,120090,0,0,0,0,0,0
2026-09-26T16:12:05.553658+00:00,64060288,43592496,4194300,51000,113549,1787527,120090,0,0,0,0,0,0
2026-09-26T16:12:06.554488+00:00,64060288,43616216,4194300,51000,113549,1787527,120090,0,0,0,0,0,0
2026-09-26T16:12:07.555155+00:00,64060288,43614912,4194300,51000,113549,1787527,120090,0,0,0,0,0,0
2026-09-26T16:12:08.555997+00:00,64060288,43617952,4194300,51000,113549,1787527,120090,0,0,0,0,0,0
2026-09-26T16:12:09.556822+00:00,64060288,43619036,4194300,51000,113549,1787527,120090,0,0,0,0,0,0
2026-09-26T16:12:10.557630+00:00,64060288,43614912,4194300,51000,113549,1787527,120090,0,0,0,0,0,0
2026-09-26T16:12:11.558437+00:00,64060288,43617920,4194300,51000,113549,1787527,120090,0,0,0,0,0,0
2026-09-26T16:12:12.559277+00:00,64060288,43623128,4194300,51000,113549,1787527,120090,0,0,0,0,0,0
2026-09-26T16:12:13.560118+00:00,64060288,43608476,4194300,51000,113549,1787527,120090,0,0,0,0,0,0
2026-09-26T16:12:14.560950+00:00,64060288,43584076,4194300,51000,113549,1787527,120094,0,0,0,0,0,0
2026-09-26T16:12:15.561777+00:00,64060288,43589116,4194300,51000,113549,1787527,120094,0,0,0,0,0,0
2026-09-26T16:12:16.562629+00:00,64060288,43581400,4194300,51000,113549,1787527,120094,0,0,0,0,0,0
2026-09-26T16:12:17.563461+00:00,64060288,43576844,4194300,51000,113549,1787527,120094,0,0,0,0,0,0
2026-09-26T16:12:18.564314+00:00,64060288,43602932,4194300,51000,113549,1787527,120094,0,0,0,0,0,0
2026-09-26T16:12:19.565164+00:00,64060288,43600324,4194300,51000,113549,1787527,120094,0,0,0,0,0,0
2026-09-26T16:12:20.565992+00:00,64060288,43621956,4194300,51000,113549,1787527,120094,0,0,0,0,0,0
2026-09-26T16:12:21.566834+00:00,64060288,43614164,4194300,51000,113549,1787527,120094,0,0,0,0,0,0
2026-09-26T16:12:22.567654+00:00,64060288,43621252,4194300,51000,113549,1787527,120094,0,0,0,0,0,0
2026-09-26T16:12:23.568457+00:00,64060288,43624068,4194300,51000,113549,1787527,120094,0,0,0,0,0,0
2026-09-26T16:12:24.569439+00:00,64060288,43623528,4194300,51000,113549,1787527,120099,0,0,0,0,0,0
2026-09-26T16:12:25.570290+00:00,64060288,43621600,4194300,51000,113549,1787527,120099,0,0,0,0,0,0
2026-09-26T16:12:26.571116+00:00,64060288,43604648,4194300,51000,113549,1787527,120099,0,0,0,0,0,0
2026-09-26T16:12:27.571899+00:00,64060288,43593420,4194300,51000,113549,1787527,120099,0,0,0,0,0,0
2026-09-26T16:12:28.572728+00:00,64060288,43592532,4194300,51000,113549,1787527,120099,0,0,0,0,0,0
2026-09-26T16:12:29.573486+00:00,64060288,43604480,4194300,51000,113549,1787527,120099,0,0,0,0,0,0
2026-09-26T16:12:30.574375+00:00,64060288,43616400,4194300,51000,113549,1787527,120099,0,0,0,0,0,0
2026-09-26T16:12:31.575200+00:00,64060288,43611464,4194300,51000,113549,1787527,120099,0,0,0,0,0,0
2026-09-26T16:12:32.576030+00:00,64060288,43603028,4194300,51000,113549,1787527,120099,0,0,0,0,0,0
2026-09-26T16:12:33.576870+00:00,64060288,43622212,4194300,51000,113549,1787527,120099,0,0,0,0,0,0
2026-09-26T16:12:34.577689+00:00,64060288,43606956,4194300,51000,113549,1787527,120099,0,0,0,0,0,0
2026-09-26T16:12:35.578528+00:00,64060288,43625776,4194300,51000,113549,1787527,120099,0,0,0,0,0,0
2026-09-26T16:12:36.579364+00:00,64060288,43593396,4194300,51000,113549,1787527,120099,0,0,0,0,0,0
2026-09-26T16:12:37.580188+00:00,64060288,43618312,4194300,51000,113549,1787527,120099,0,0,0,0,0,0
2026-09-26T16:12:38.581046+00:00,64060288,43604668,4194300,51000,113549,1787527,120099,0,0,0,0,0,0
2026-09-26T16:12:39.581835+00:00,64060288,43602924,4194300,51000,113549,1787527,120099,0,0,0,0,0,0
2026-09-26T16:12:40.582680+00:00,64060288,43568476,4194300,51000,113549,1787527,120099,0,0,0,0,0,0
2026-09-26T16:12:41.583505+00:00,64060288,43575776,4194300,51000,113549,1787527,120099,0,0,0,0,0,0
2026-09-26T16:12:42.584327+00:00,64060288,43613648,4194300,51000,113549,1787527,120099,0,0,0,0,0,0
2026-09-26T16:12:43.585147+00:00,64060288,43617876,4194300,51000,113549,1787527,120099,0,0,0,0,0,0
2026-09-26T16:12:44.585963+00:00,64060288,43604948,4194300,51000,113549,1787527,120099,0,0,0,0,0,0
2026-09-26T16:12:45.586824+00:00,64060288,43612480,4194300,51000,113549,1787527,120099,0,0,0,0,0,0
2026-09-26T16:12:46.587630+00:00,64060288,43586008,4194300,51000,113549,1787527,120099,0,0,0,0,0,0
2026-09-26T16:12:47.588288+00:00,64060288,43557544,4194300,51000,113549,1787527,120099,0,0,0,0,0,0
2026-09-26T16:12:48.589126+00:00,64060288,43577936,4194300,51000,113549,1787527,120099,0,0,0,0,0,0
2026-09-26T16:12:49.589964+00:00,64060288,43595336,4194300,51000,113549,1787527,120099,0,0,0,0,0,0
2026-09-26T16:12:50.590808+00:00,64060288,43596984,4194300,51000,113549,1787527,120099,0,0,0,0,0,0
2026-09-26T16:12:51.591643+00:00,64060288,43592836,4194300,51000,113549,1787527,120099,0,0,0,0,0,0
2026-09-26T16:12:52.592404+00:00,64060288,43603364,4194300,51000,113549,1787527,120099,0,0,0,0,0,0
2026-09-26T16:12:53.593229+00:00,64060288,43596592,4194300,51000,113549,1787527,120099,0,0,0,0,0,0
2026-09-26T16:12:54.594066+00:00,64060288,43584896,4194300,51000,113549,1787527,120099,0,0,0,0,0,0
2026-09-26T16:12:55.594917+00:00,64060288,43549980,4194300,51000,113549,1787527,120099,0,0,0,0,0,0
2026-09-26T16:12:56.595740+00:00,64060288,43574064,4194300,51000,113549,1787527,120099,0,0,0,0,0,0
2026-09-26T16:12:57.596507+00:00,64060288,43590692,4194300,51000,113549,1787527,120099,0,0,0,0,0,0
2026-09-26T16:12:58.597346+00:00,64060288,43588868,4194300,51000,113549,1787527,120099,0,0,0,0,0,0
2026-09-26T16:12:59.598179+00:00,64060288,43592492,4194300,51000,113549,1787527,120099,0,0,0,0,0,0
2026-09-26T16:13:00.598958+00:00,64060288,43601292,4194300,51000,113549,1787527,120099,0,0,0,0,0,0
2026-09-26T16:13:01.599780+00:00,64060288,43596564,4194300,51000,113549,1787527,120099,0,0,0,0,0,0
2026-09-26T16:13:02.600576+00:00,64060288,43581840,4194300,51000,113549,1787527,120099,0,0,0,0,0,0
2026-09-26T16:13:03.601420+00:00,64060288,43597404,4194300,51000,113549,1787527,120099,0,0,0,0,0,0
2026-09-26T16:13:04.602248+00:00,64060288,43590776,4194300,51000,113549,1787527,120099,0,0,0,0,0,0
2026-09-26T16:13:05.603124+00:00,64060288,43603008,4194300,51000,113549,1787527,120099,0,0,0,0,0,0
2026-09-26T16:13:06.603958+00:00,64060288,43604708,4194300,51000,113549,1787527,120099,0,0,0,0,0,0
2026-09-26T16:13:07.604807+00:00,64060288,43592276,4194300,51000,113550,1787527,120127,0,0,0,0,0,0
2026-09-26T16:13:08.605622+00:00,64060288,43591876,4194300,51000,113550,1787527,120127,0,0,0,0,0,0
2026-09-26T16:13:09.606365+00:00,64060288,43587084,4194300,51000,113550,1787527,120127,0,0,0,0,0,0
2026-09-26T16:13:10.607195+00:00,64060288,43580548,4194300,51000,113550,1787527,120127,0,0,0,0,0,0
2026-09-26T16:13:11.608018+00:00,64060288,43578516,4194300,51000,113550,1787527,120127,0,0,0,0,0,0
2026-09-26T16:13:12.608854+00:00,64060288,43571680,4194300,51000,113550,1787527,120127,0,0,0,0,0,0
2026-09-26T16:13:13.609700+00:00,64060288,43588768,4194300,51000,113550,1787527,120127,0,0,0,0,0,0
2026-09-26T16:13:14.610450+00:00,64060288,43587972,4194300,51000,113550,1787527,120127,0,0,0,0,0,0
2026-09-26T16:13:15.611280+00:00,64060288,43572608,4194300,51000,113550,1787527,120127,0,0,0,0,0,0
2026-09-26T16:13:16.612125+00:00,64060288,43577636,4194300,51000,113550,1787527,120127,0,0,0,0,0,0
2026-09-26T16:13:17.612956+00:00,64060288,43575160,4194300,51000,113550,1787527,120127,0,0,0,0,0,0
2026-09-26T16:13:18.613803+00:00,64060288,43556880,4194300,51000,113550,1787527,120127,0,0,0,0,0,0
2026-09-26T16:13:19.614644+00:00,64060288,43560724,4194300,51000,113550,1787527,120127,0,0,0,0,0,0
2026-09-26T16:13:20.615398+00:00,64060288,43562636,4194300,51000,113550,1787527,120139,0,0,0,0,0,0
2026-09-26T16:13:21.616245+00:00,64060288,43530944,4194300,51000,113550,1787527,120139,0,0,0,0,0,0
2026-09-26T16:13:22.617100+00:00,64060288,43561164,4194300,51000,113550,1787527,120139,0,0,0,0,0,0
2026-09-26T16:13:23.617957+00:00,64060288,43541604,4194300,51000,113550,1787527,120139,0,0,0,0,0,0
2026-09-26T16:13:24.618782+00:00,64060288,43540500,4194300,51000,113550,1787527,120139,0,0,0,0,0,0
2026-09-26T16:13:25.619604+00:00,64060288,43548604,4194300,51000,113550,1787527,120139,0,0,0,0,0,0
2026-09-26T16:13:26.620415+00:00,64060288,43575708,4194300,51000,113550,1787527,120139,0,0,0,0,0,0
2026-09-26T16:13:27.621225+00:00,64060288,43571364,4194300,51000,113550,1787527,120139,0,0,0,0,0,0
2026-09-26T16:13:28.622078+00:00,64060288,43566532,4194300,51000,113550,1787527,120139,0,0,0,0,0,0
2026-09-26T16:13:29.622912+00:00,64060288,43573892,4194300,51000,113550,1787527,120139,0,0,0,0,0,0
2026-09-26T16:13:30.623658+00:00,64060288,43564100,4194300,51000,113550,1787527,120139,0,0,0,0,0,0
2026-09-26T16:13:31.624417+00:00,64060288,43584532,4194300,51000,113550,1787527,120139,0,0,0,0,0,0
2026-09-26T16:13:32.625249+00:00,64060288,43577316,4194300,51000,113550,1787527,120139,0,0,0,0,0,0
2026-09-26T16:13:33.626097+00:00,64060288,43582176,4194300,51000,113550,1787527,120139,0,0,0,0,0,0
2026-09-26T16:13:34.626940+00:00,64060288,43554488,4194300,51000,113550,1787527,120143,0,0,0,0,0,0
2026-09-26T16:13:35.627836+00:00,64060288,43545836,4194300,51000,113550,1787527,120171,0,0,0,0,0,0
2026-09-26T16:13:36.628703+00:00,64060288,43544524,4194300,51000,113550,1787527,120171,0,0,0,0,0,0
2026-09-26T16:13:37.629544+00:00,64060288,43561292,4194300,51000,113550,1787527,120171,0,0,0,0,0,0
2026-09-26T16:13:38.630384+00:00,64060288,43564544,4194300,51000,113550,1787527,120171,0,0,0,0,0,0
2026-09-26T16:13:39.631216+00:00,64060288,43559832,4194300,51000,113550,1787527,120171,0,0,0,0,0,0
2026-09-26T16:13:40.632059+00:00,64060288,43561224,4194300,51000,113550,1787527,120171,0,0,0,0,0,0
2026-09-26T16:13:41.632897+00:00,64060288,43572584,4194300,51000,113550,1787527,120171,0,0,0,0,0,0
2026-09-26T16:13:42.633764+00:00,64060288,43575608,4194300,51000,113550,1787527,120171,0,0,0,0,0,0
2026-09-26T16:13:43.634574+00:00,64060288,43570256,4194300,51000,113550,1787527,120171,0,0,0,0,0,0
2026-09-26T16:13:44.635421+00:00,64060288,43561272,4194300,51000,113550,1787527,120171,0,0,0,0,0,0
2026-09-26T16:13:45.636260+00:00,64060288,43553656,4194300,51000,113550,1787527,120171,0,0,0,0,0,0
2026-09-26T16:13:46.637057+00:00,64060288,43552176,4194300,51000,113550,1787527,120171,0,0,0,0,0,0
2026-09-26T16:13:47.637911+00:00,64060288,43545124,4194300,51000,113550,1787527,120171,0,0,0,0,0,0
2026-09-26T16:13:48.638734+00:00,64060288,43547128,4194300,51000,113550,1787527,120171,0,0,0,0,0,0
2026-09-26T16:13:49.639600+00:00,64060288,43537272,4194300,51000,113550,1787527,120171,0,0,0,0,0,0
2026-09-26T16:13:50.640407+00:00,64060288,43526736,4194300,51000,113550,1787527,120171,0,0,0,0,0,0
2026-09-26T16:13:51.641242+00:00,64060288,43548164,4194300,51000,113550,1787527,120171,0,0,0,0,0,0
2026-09-26T16:13:52.642151+00:00,64060288,43546756,4194300,51000,113550,1787527,120171,0,0,0,0,0,0
2026-09-26T16:13:53.642980+00:00,64060288,43545424,4194300,51000,113550,1787527,120171,0,0,0,0,0,0
2026-09-26T16:13:54.643838+00:00,64060288,43542264,4194300,51000,113550,1787527,120171,0,0,0,0,0,0
2026-09-26T16:13:55.644662+00:00,64060288,43552736,4194300,51000,113550,1787527,120171,0,0,0,0,0,0
2026-09-26T16:13:56.645484+00:00,64060288,43544504,4194300,51000,113550,1787527,120171,0,0,0,0,0,0
2026-09-26T16:13:57.646326+00:00,64060288,43546360,4194300,51000,113550,1787527,120171,0,0,0,0,0,0
2026-09-26T16:13:58.647136+00:00,64060288,43545504,4194300,51000,113550,1787527,120171,0,0,0,0,0,0
2026-09-26T16:13:59.647992+00:00,64060288,43545920,4194300,51000,113550,1787527,120171,0,0,0,0,0,0
2026-09-26T16:14:00.648831+00:00,64060288,43511872,4194300,51000,113550,1787527,120171,0,0,0,0,0,0
2026-09-26T16:14:01.649706+00:00,64060288,43520900,4194300,51000,113550,1787527,120171,0,0,0,0,0,0
2026-09-26T16:14:02.650477+00:00,64060288,43539048,4194300,51000,113550,1787527,120171,0,0,0,0,0,0
2026-09-26T16:14:03.651323+00:00,64060288,43544720,4194300,51000,113550,1787527,120171,0,0,0,0,0,0
2026-09-26T16:14:04.652196+00:00,64060288,43526860,4194300,51000,113550,1787527,120171,0,0,0,0,0,0
2026-09-26T16:14:05.653012+00:00,64060288,43542272,4194300,51000,113550,1787527,120171,0,0,0,0,0,0
2026-09-26T16:14:06.653845+00:00,64060288,43528816,4194300,51000,113550,1787527,120171,0,0,0,0,0,0
2026-09-26T16:14:07.654668+00:00,64060288,43529572,4194300,51000,113550,1787527,120171,0,0,0,0,0,0
