timestamp_utc,gpu0_used_mib,gpu1_used_mib,gpu0_util,gpu1_util
2026-09-26T16:14:08.360060+00:00,0.0,0.0,0.0,0.0
2026-09-26T16:14:09.408341+00:00,0.0,0.0,0.0,0.0
2026-09-26T16:14:10.464177+00:00,0.0,0.0,0.0,0.0
2026-09-26T16:14:11.513689+00:00,0.0,0.0,0.0,0.0
2026-09-26T16:14:12.567496+00:00,0.0,0.0,0.0,0.0
2026-09-26T16:14:13.618605+00:00,0.0,0.0,0.0,0.0
2026-09-26T16:14:14.668234+00:00,0.0,0.0,0.0,0.0
2026-09-26T16:14:15.717194+00:00,0.0,0.0,0.0,0.0
2026-09-26T16:14:16.764713+00:00,0.0,0.0,0.0,0.0
2026-09-26T16:14:17.813112+00:00,0.0,0.0,0.0,0.0
2026-09-26T16:14:18.861954+00:00,0.0,0.0,0.0,0.0
2026-09-26T16:14:19.910713+00:00,0.0,0.0,0.0,0.0
2026-09-26T16:14:20.959159+00:00,0.0,0.0,0.0,0.0
2026-09-26T16:14:22.006175+00:00,0.0,0.0,0.0,0.0
2026-09-26T16:14:23.054650+00:00,0.0,0.0,0.0,0.0
2026-09-26T16:14:24.102274+00:00,0.0,0.0,0.0,0.0
2026-09-26T16:14:25.149347+00:00,0.0,0.0,0.0,0.0
2026-09-26T16:14:26.197655+00:00,0.0,0.0,0.0,0.0
2026-09-26T16:14:27.245817+00:00,0.0,0.0,0.0,0.0
2026-09-26T16:14:28.296391+00:00,0.0,0.0,0.0,0.0
2026-09-26T16:14:29.344422+00:00,0.0,0.0,0.0,0.0
2026-09-26T16:14:30.391766+00:00,0.0,0.0,0.0,0.0
2026-09-26T16:14:31.440541+00:00,0.0,0.0,0.0,0.0
2026-09-26T16:14:32.488332+00:00,0.0,0.0,0.0,0.0
2026-09-26T16:14:33.536053+00:00,0.0,0.0,0.0,0.0
2026-09-26T16:14:34.584779+00:00,0.0,0.0,0.0,0.0
2026-09-26T16:14:35.632217+00:00,0.0,0.0,0.0,0.0
2026-09-26T16:14:36.681118+00:00,0.0,0.0,0.0,0.0
2026-09-26T16:14:37.729174+00:00,0.0,0.0,0.0,0.0
2026-09-26T16:14:38.776547+00:00,0.0,0.0,0.0,0.0
2026-09-26T16:14:39.826750+00:00,0.0,0.0,0.0,0.0
2026-09-26T16:14:40.871984+00:00,0.0,0.0,0.0,0.0
2026-09-26T16:14:41.919140+00:00,0.0,0.0,0.0,0.0
2026-09-26T16:14:42.967504+00:00,0.0,0.0,0.0,0.0
2026-09-26T16:14:44.016120+00:00,0.0,0.0,0.0,0.0
2026-09-26T16:14:45.063159+00:00,0.0,0.0,0.0,0.0
2026-09-26T16:14:46.112143+00:00,0.0,0.0,0.0,0.0
2026-09-26T16:14:47.161238+00:00,0.0,0.0,0.0,0.0
2026-09-26T16:14:48.209612+00:00,0.0,0.0,0.0,0.0
2026-09-26T16:14:49.258109+00:00,0.0,0.0,0.0,0.0
2026-09-26T16:14:50.306662+00:00,0.0,0.0,0.0,0.0
2026-09-26T16:14:51.356167+00:00,0.0,0.0,0.0,0.0
2026-09-26T16:14:52.402968+00:00,0.0,0.0,0.0,0.0
2026-09-26T16:14:53.450264+00:00,0.0,0.0,0.0,0.0
2026-09-26T16:14:54.499328+00:00,0.0,0.0,0.0,0.0
2026-09-26T16:14:55.542042+00:00,0.0,0.0,0.0,0.0
2026-09-26T16:14:56.590643+00:00,0.0,0.0,0.0,0.0
2026-09-26T16:14:57.637438+00:00,0.0,0.0,0.0,0.0
2026-09-26T16:14:58.685103+00:00,0.0,0.0,0.0,0.0
2026-09-26T16:14:59.732976+00:00,0.0,0.0,0.0,0.0
2026-09-26T16:15:00.780135+00:00,0.0,0.0,0.0,0.0
2026-09-26T16:15:01.828230+00:00,0.0,0.0,0.0,0.0
2026-09-26T16:15:02.876642+00:00,0.0,0.0,0.0,0.0
2026-09-26T16:15:03.923450+00:00,0.0,0.0,0.0,0.0
2026-09-26T16:15:04.971857+00:00,0.0,0.0,0.0,0.0
2026-09-26T16:15:06.020396+00:00,0.0,0.0,0.0,0.0
2026-09-26T16:15:07.067650+00:00,0.0,0.0,0.0,0.0
2026-09-26T16:15:08.116521+00:00,0.0,0.0,0.0,0.0
2026-09-26T16:15:09.164327+00:00,0.0,0.0,0.0,0.0
2026-09-26T16:15:10.211011+00:00,0.0,0.0,0.0,0.0
2026-09-26T16:15:11.258183+00:00,0.0,0.0,0.0,0.0
2026-09-26T16:15:12.306546+00:00,0.0,0.0,0.0,0.0
2026-09-26T16:15:13.354156+00:00,0.0,0.0,0.0,0.0
2026-09-26T16:15:14.403359+00:00,0.0,0.0,0.0,0.0
2026-09-26T16:15:15.451432+00:00,0.0,0.0,0.0,0.0
2026-09-26T16:15:16.503604+00:00,0.0,0.0,0.0,0.0
2026-09-26T16:15:17.550775+00:00,0.0,0.0,0.0,0.0
2026-09-26T16:15:18.597854+00:00,0.0,0.0,0.0,0.0
2026-09-26T16:15:19.645823+00:00,0.0,0.0,0.0,0.0
2026-09-26T16:15:20.693591+00:00,0.0,0.0,0.0,0.0
2026-09-26T16:15:21.740474+00:00,0.0,0.0,0.0,0.0
2026-09-26T16:15:22.787479+00:00,0.0,0.0,0.0,0.0
2026-09-26T16:15:23.835262+00:00,0.0,0.0,0.0,0.0
2026-09-26T16:15:24.882041+00:00,0.0,0.0,0.0,0.0
2026-09-26T16:15:25.929565+00:00,0.0,0.0,0.0,0.0
2026-09-26T16:15:26.978239+00:00,0.0,0.0,0.0,0.0
2026-09-26T16:15:28.026730+00:00,0.0,0.0,0.0,0.0
2026-09-26T16:15:29.075575+00:00,0.0,0.0,0.0,0.0
2026-09-26T16:15:30.124285+00:00,0.0,0.0,0.0,0.0
2026-09-26T16:15:31.171735+00:00,0.0,0.0,0.0,0.0
2026-09-26T16:15:32.221173+00:00,0.0,0.0,0.0,0.0
2026-09-26T16:15:33.270022+00:00,0.0,0.0,0.0,0.0
2026-09-26T16:15:34.318072+00:00,0.0,0.0,0.0,0.0
2026-09-26T16:15:35.366161+00:00,0.0,0.0,0.0,0.0
2026-09-26T16:15:36.413576+00:00,0.0,0.0,0.0,0.0
2026-09-26T16:15:37.461631+00:00,0.0,0.0,0.0,0.0
2026-09-26T16:15:38.510557+00:00,0.0,0.0,0.0,0.0
2026-09-26T16:15:39.566489+00:00,0.0,0.0,0.0,0.0
2026-09-26T16:15:40.613348+00:00,0.0,0.0,0.0,0.0
2026-09-26T16:15:41.660948+00:00,0.0,0.0,0.0,0.0
2026-09-26T16:15:42.704776+00:00,0.0,0.0,0.0,0.0
2026-09-26T16:15:43.754736+00:00,0.0,0.0,0.0,0.0
2026-09-26T16:15:44.803559+00:00,0.0,0.0,0.0,0.0
2026-09-26T16:15:45.851733+00:00,0.0,0.0,0.0,0.0
2026-09-26T16:15:46.899534+00:00,0.0,0.0,0.0,0.0
2026-09-26T16:15:47.947918+00:00,0.0,0.0,0.0,0.0
2026-09-26T16:15:48.995143+00:00,0.0,0.0,0.0,0.0
2026-09-26T16:15:50.042516+00:00,0.0,0.0,0.0,0.0
2026-09-26T16:15:51.090894+00:00,0.0,0.0,0.0,0.0
2026-09-26T16:15:52.138277+00:00,0.0,0.0,0.0,0.0
2026-09-26T16:15:53.185270+00:00,0.0,0.0,0.0,0.0
2026-09-26T16:15:54.233981+00:00,0.0,0.0,0.0,0.0
2026-09-26T16:15:55.281877+00:00,0.0,0.0,0.0,0.0
2026-09-26T16:15:56.329040+00:00,0.0,0.0,0.0,0.0
2026-09-26T16:15:57.376966+00:00,0.0,0.0,0.0,0.0
2026-09-26T16:15:58.425798+00:00,0.0,0.0,0.0,0.0
2026-09-26T16:15:59.474826+00:00,0.0,0.0,0.0,0.0
2026-09-26T16:16:00.522429+00:00,0.0,0.0,0.0,0.0
2026-09-26T16:16:01.570383+00:00,0.0,0.0,0.0,0.0
2026-09-26T16:16:02.619528+00:00,0.0,0.0,0.0,0.0
2026-09-26T16:16:03.667634+00:00,0.0,0.0,0.0,0.0
2026-09-26T16:16:04.716916+00:00,0.0,0.0,0.0,0.0
2026-09-26T16:16:05.764736+00:00,0.0,0.0,0.0,0.0
2026-09-26T16:16:06.812110+00:00,0.0,0.0,0.0,0.0
2026-09-26T16:16:07.856828+00:00,0.0,0.0,0.0,0.0
2026-09-26T16:16:08.905510+00:00,0.0,0.0,0.0,0.0
2026-09-26T16:16:09.952725+00:00,0.0,0.0,0.0,0.0
2026-09-26T16:16:10.999944+00:00,0.0,0.0,0.0,0.0
2026-09-26T16:16:12.049079+00:00,0.0,0.0,0.0,0.0
2026-09-26T16:16:13.096441+00:00,0.0,0.0,0.0,0.0
2026-09-26T16:16:14.143829+00:00,0.0,0.0,0.0,0.0
2026-09-26T16:16:15.191452+00:00,0.0,0.0,0.0,0.0
2026-09-26T16:16:16.238670+00:00,0.0,0.0,0.0,0.0
2026-09-26T16:16:17.287132+00:00,0.0,0.0,0.0,0.0
2026-09-26T16:16:18.335482+00:00,0.0,0.0,0.0,0.0
2026-09-26T16:16:19.382591+00:00,0.0,0.0,0.0,0.0
2026-09-26T16:16:20.430842+00:00,0.0,0.0,0.0,0.0
2026-09-26T16:16:21.478540+00:00,0.0,0.0,0.0,0.0
2026-09-26T16:16:22.525630+00:00,0.0,0.0,0.0,0.0
2026-09-26T16:16:23.571189+00:00,0.0,0.0,0.0,0.0
2026-09-26T16:16:24.621663+00:00,0.0,0.0,0.0,0.0
2026-09-26T16:16:25.670298+00:00,0.0,0.0,0.0,0.0
2026-09-26T16:16:26.719101+00:00,0.0,0.0,0.0,0.0
2026-09-26T16:16:27.767576+00:00,0.0,0.0,0.0,0.0
2026-09-26T16:16:28.814941+00:00,0.0,0.0,0.0,0.0
2026-09-26T16:16:29.863491+00:00,0.0,0.0,0.0,0.0
2026-09-26T16:16:30.911852+00:00,0.0,0.0,0.0,0.0
2026-09-26T16:16:31.959401+00:00,0.0,0.0,0.0,0.0
2026-09-26T16:16:33.007847+00:00,0.0,0.0,0.0,0.0
2026-09-26T16:16:34.055518+00:00,0.0,0.0,0.0,0.0
2026-09-26T16:16:35.103705+00:00,0.0,0.0,0.0,0.0
2026-09-26T16:16:36.151987+00:00,0.0,0.0,0.0,0.0
2026-09-26T16:16:37.199617+00:00,0.0,0.0,0.0,0.0
2026-09-26T16:16:38.247381+00:00,0.0,0.0,0.0,0.0
2026-09-26T16:16:39.296256+00:00,0.0,0.0,0.0,0.0
2026-09-26T16:16:40.344872+00:00,0.0,0.0,0.0,0.0
2026-09-26T16:16:41.392941+00:00,0.0,0.0,0.0,0.0
2026-09-26T16:16:42.439726+00:00,0.0,0.0,0.0,0.0
2026-09-26T16:16:43.487773+00:00,0.0,0.0,0.0,0.0
2026-09-26T16:16:44.536376+00:00,0.0,0.0,0.0,0.0
2026-09-26T16:16:45.584802+00:00,0.0,0.0,0.0,0.0
2026-09-26T16:16:46.636972+00:00,0.0,0.0,0.0,0.0
2026-09-26T16:16:47.684700+00:00,0.0,0.0,0.0,0.0
2026-09-26T16:16:48.733490+00:00,0.0,0.0,0.0,0.0
2026-09-26T16:16:49.780511+00:00,0.0,0.0,0.0,0.0
2026-09-26T16:16:50.827825+00:00,0.0,0.0,0.0,0.0
2026-09-26T16:16:51.878981+00:00,0.0,0.0,0.0,0.0
2026-09-26T16:16:52.927074+00:00,0.0,0.0,0.0,0.0
2026-09-26T16:16:53.976293+00:00,0.0,0.0,0.0,0.0
2026-09-26T16:16:55.024201+00:00,0.0,0.0,0.0,0.0
2026-09-26T16:16:56.073846+00:00,0.0,0.0,0.0,0.0
2026-09-26T16:16:57.121428+00:00,0.0,0.0,0.0,0.0
2026-09-26T16:16:58.169546+00:00,0.0,0.0,0.0,0.0
2026-09-26T16:16:59.218133+00:00,0.0,0.0,0.0,0.0
2026-09-26T16:17:00.265757+00:00,0.0,0.0,0.0,0.0
2026-09-26T16:17:01.314432+00:00,0.0,0.0,0.0,0.0
2026-09-26T16:17:02.362844+00:00,0.0,0.0,0.0,0.0
2026-09-26T16:17:03.410334+00:00,0.0,0.0,0.0,0.0
2026-09-26T16:17:04.460056+00:00,0.0,0.0,0.0,0.0
2026-09-26T16:17:05.507120+00:00,0.0,0.0,0.0,0.0
2026-09-26T16:17:06.555515+00:00,0.0,0.0,0.0,0.0
2026-09-26T16:17:07.602671+00:00,0.0,0.0,0.0,0.0
2026-09-26T16:17:08.650820+00:00,0.0,0.0,0.0,0.0
2026-09-26T16:17:09.698813+00:00,0.0,0.0,0.0,0.0
2026-09-26T16:17:10.747320+00:00,0.0,0.0,0.0,0.0
2026-09-26T16:17:11.795000+00:00,0.0,0.0,0.0,0.0
2026-09-26T16:17:12.844281+00:00,0.0,0.0,0.0,0.0
2026-09-26T16:17:13.892242+00:00,0.0,0.0,0.0,0.0
2026-09-26T16:17:14.941238+00:00,0.0,0.0,0.0,0.0
2026-09-26T16:17:15.989933+00:00,0.0,0.0,0.0,0.0
2026-09-26T16:17:17.037745+00:00,0.0,0.0,0.0,0.0
2026-09-26T16:17:18.086552+00:00,0.0,0.0,0.0,0.0
2026-09-26T16:17:19.134421+00:00,0.0,0.0,0.0,0.0
2026-09-26T16:17:20.176130+00:00,0.0,0.0,0.0,0.0
2026-09-26T16:17:21.223574+00:00,0.0,0.0,0.0,0.0
2026-09-26T16:17:22.271925+00:00,0.0,0.0,0.0,0.0
2026-09-26T16:17:23.320254+00:00,0.0,0.0,0.0,0.0
2026-09-26T16:17:24.367995+00:00,0.0,0.0,0.0,0.0
2026-09-26T16:17:25.416413+00:00,0.0,0.0,0.0,0.0
2026-09-26T16:17:26.464648+00:00,0.0,0.0,0.0,0.0
2026-09-26T16:17:27.513026+00:00,0.0,0.0,0.0,0.0
2026-09-26T16:17:28.562875+00:00,0.0,0.0,0.0,0.0
2026-09-26T16:17:29.610215+00:00,0.0,0.0,0.0,0.0
2026-09-26T16:17:30.658440+00:00,0.0,0.0,0.0,0.0
2026-09-26T16:17:31.706170+00:00,0.0,0.0,0.0,0.0
2026-09-26T16:17:32.753712+00:00,0.0,0.0,0.0,0.0
2026-09-26T16:17:33.801674+00:00,0.0,0.0,0.0,0.0
2026-09-26T16:17:34.849837+00:00,0.0,0.0,0.0,0.0
2026-09-26T16:17:35.898140+00:00,0.0,0.0,0.0,0.0
2026-09-26T16:17:36.947423+00:00,0.0,0.0,0.0,0.0
2026-09-26T16:17:37.995395+00:00,0.0,0.0,0.0,0.0
2026-09-26T16:17:39.044818+00:00,0.0,0.0,0.0,0.0
2026-09-26T16:17:40.092938+00:00,0.0,0.0,0.0,0.0
2026-09-26T16:17:41.139920+00:00,0.0,0.0,0.0,0.0
2026-09-26T16:17:42.189068+00:00,0.0,0.0,0.0,0.0
2026-09-26T16:17:43.237146+00:00,0.0,0.0,0.0,0.0
2026-09-26T16:17:44.285166+00:00,0.0,0.0,0.0,0.0
2026-09-26T16:17:45.334285+00:00,0.0,0.0,0.0,0.0
2026-09-26T16:17:46.381451+00:00,0.0,0.0,0.0,0.0
2026-09-26T16:17:47.431764+00:00,0.0,0.0,0.0,0.0
2026-09-26T16:17:48.480148+00:00,0.0,0.0,0.0,0.0
2026-09-26T16:17:49.535634+00:00,0.0,0.0,0.0,0.0
2026-09-26T16:17:50.582772+00:00,0.0,0.0,0.0,0.0
2026-09-26T16:17:51.630990+00:00,0.0,0.0,0.0,0.0
2026-09-26T16:17:52.679142+00:00,0.0,0.0,0.0,0.0
2026-09-26T16:17:53.728564+00:00,0.0,0.0,0.0,0.0
2026-09-26T16:17:54.776652+00:00,0.0,0.0,0.0,0.0
2026-09-26T16:17:55.825740+00:00,0.0,0.0,0.0,0.0
2026-09-26T16:17:56.874478+00:00,0.0,0.0,0.0,0.0
2026-09-26T16:17:57.922530+00:00,0.0,0.0,0.0,0.0
2026-09-26T16:17:58.971607+00:00,0.0,0.0,0.0,0.0
2026-09-26T16:18:00.019406+00:00,0.0,0.0,0.0,0.0
2026-09-26T16:18:01.068802+00:00,0.0,0.0,0.0,0.0
2026-09-26T16:18:02.117001+00:00,0.0,0.0,0.0,0.0
2026-09-26T16:18:03.163874+00:00,0.0,0.0,0.0,0.0
2026-09-26T16:18:04.214085+00:00,0.0,0.0,0.0,0.0
2026-09-26T16:18:05.261575+00:00,0.0,0.0,0.0,0.0
2026-09-26T16:18:06.310218+00:00,0.0,0.0,0.0,0.0
2026-09-26T16:18:07.358421+00:00,0.0,0.0,0.0,0.0
2026-09-26T16:18:08.407246+00:00,0.0,0.0,0.0,0.0
2026-09-26T16:18:09.455688+00:00,0.0,0.0,0.0,0.0
2026-09-26T16:18:10.503185+00:00,0.0,0.0,0.0,0.0
2026-09-26T16:18:11.557359+00:00,0.0,0.0,0.0,0.0
2026-09-26T16:18:12.607133+00:00,0.0,0.0,0.0,0.0
2026-09-26T16:18:13.655204+00:00,0.0,0.0,0.0,0.0
2026-09-26T16:18:14.703326+00:00,0.0,0.0,0.0,0.0
2026-09-26T16:18:15.752612+00:00,0.0,0.0,0.0,0.0
2026-09-26T16:18:16.800101+00:00,0.0,0.0,0.0,0.0
2026-09-26T16:18:17.849370+00:00,0.0,0.0,0.0,0.0
2026-09-26T16:18:18.897073+00:00,0.0,0.0,0.0,0.0
2026-09-26T16:18:19.944327+00:00,0.0,0.0,0.0,0.0
2026-09-26T16:18:20.994108+00:00,0.0,0.0,0.0,0.0
2026-09-26T16:18:22.042269+00:00,0.0,0.0,0.0,0.0
2026-09-26T16:18:23.091743+00:00,0.0,0.0,0.0,0.0
2026-09-26T16:18:24.140665+00:00,0.0,0.0,0.0,0.0
2026-09-26T16:18:25.189618+00:00,0.0,0.0,0.0,0.0
2026-09-26T16:18:26.238199+00:00,0.0,0.0,0.0,0.0
2026-09-26T16:18:27.288689+00:00,0.0,0.0,0.0,0.0
2026-09-26T16:18:28.336683+00:00,0.0,0.0,0.0,0.0
2026-09-26T16:18:29.385304+00:00,0.0,0.0,0.0,0.0
2026-09-26T16:18:30.435816+00:00,0.0,0.0,0.0,0.0
2026-09-26T16:18:31.485107+00:00,0.0,0.0,0.0,0.0
2026-09-26T16:18:32.533467+00:00,0.0,0.0,0.0,0.0
2026-09-26T16:18:33.581696+00:00,0.0,0.0,0.0,0.0
2026-09-26T16:18:34.630383+00:00,0.0,0.0,0.0,0.0
2026-09-26T16:18:35.678480+00:00,0.0,0.0,0.0,0.0
2026-09-26T16:18:36.727740+00:00,0.0,0.0,0.0,0.0
2026-09-26T16:18:37.776452+00:00,0.0,0.0,0.0,0.0
2026-09-26T16:18:38.824534+00:00,0.0,0.0,0.0,0.0
2026-09-26T16:18:39.873758+00:00,0.0,0.0,0.0,0.0
2026-09-26T16:18:40.922202+00:00,0.0,0.0,0.0,0.0
2026-09-26T16:18:41.971715+00:00,0.0,0.0,0.0,0.0
2026-09-26T16:18:43.020173+00:00,0.0,0.0,0.0,0.0
2026-09-26T16:18:44.069137+00:00,0.0,0.0,0.0,0.0
2026-09-26T16:18:45.117832+00:00,0.0,0.0,0.0,0.0
2026-09-26T16:18:46.164866+00:00,0.0,0.0,0.0,0.0
2026-09-26T16:18:47.214945+00:00,0.0,0.0,0.0,0.0
2026-09-26T16:18:48.263864+00:00,0.0,0.0,0.0,0.0
2026-09-26T16:18:49.311982+00:00,0.0,0.0,0.0,0.0
2026-09-26T16:18:50.361445+00:00,0.0,0.0,0.0,0.0
2026-09-26T16:18:51.411613+00:00,0.0,0.0,0.0,0.0
2026-09-26T16:18:52.458978+00:00,0.0,0.0,0.0,0.0
2026-09-26T16:18:53.508776+00:00,0.0,0.0,0.0,0.0
2026-09-26T16:18:54.559200+00:00,0.0,0.0,0.0,0.0
2026-09-26T16:18:55.608325+00:00,0.0,0.0,0.0,0.0
2026-09-26T16:18:56.657185+00:00,0.0,0.0,0.0,0.0
2026-09-26T16:18:57.705954+00:00,0.0,0.0,0.0,0.0
2026-09-26T16:18:58.754005+00:00,0.0,0.0,0.0,0.0
2026-09-26T16:18:59.801572+00:00,0.0,0.0,0.0,0.0
2026-09-26T16:19:00.851318+00:00,0.0,0.0,0.0,0.0
2026-09-26T16:19:01.899165+00:00,0.0,0.0,0.0,0.0
2026-09-26T16:19:02.947013+00:00,0.0,0.0,0.0,0.0
2026-09-26T16:19:03.996633+00:00,0.0,0.0,0.0,0.0
2026-09-26T16:19:05.044909+00:00,0.0,0.0,0.0,0.0
2026-09-26T16:19:06.094750+00:00,0.0,0.0,0.0,0.0
2026-09-26T16:19:07.143691+00:00,0.0,0.0,0.0,0.0
2026-09-26T16:19:08.192678+00:00,0.0,0.0,0.0,0.0
2026-09-26T16:19:09.241799+00:00,0.0,0.0,0.0,0.0
2026-09-26T16:19:10.292146+00:00,0.0,0.0,0.0,0.0
2026-09-26T16:19:11.341441+00:00,0.0,0.0,0.0,0.0
2026-09-26T16:19:12.391539+00:00,0.0,0.0,0.0,0.0
2026-09-26T16:19:13.441474+00:00,0.0,0.0,0.0,0.0
2026-09-26T16:19:14.490285+00:00,0.0,0.0,0.0,0.0
2026-09-26T16:19:15.538393+00:00,0.0,0.0,0.0,0.0
2026-09-26T16:19:16.612169+00:00,0.0,0.0,0.0,0.0
2026-09-26T16:19:17.659840+00:00,0.0,0.0,0.0,0.0
2026-09-26T16:19:18.709987+00:00,0.0,0.0,0.0,0.0
2026-09-26T16:19:19.758224+00:00,0.0,0.0,0.0,0.0
2026-09-26T16:19:20.807846+00:00,0.0,0.0,0.0,0.0
2026-09-26T16:19:21.856933+00:00,0.0,0.0,0.0,0.0
2026-09-26T16:19:22.906125+00:00,0.0,0.0,0.0,0.0
2026-09-26T16:19:23.955590+00:00,0.0,0.0,0.0,0.0
2026-09-26T16:19:25.006040+00:00,0.0,0.0,0.0,0.0
2026-09-26T16:19:26.053766+00:00,0.0,0.0,0.0,0.0
2026-09-26T16:19:27.104415+00:00,0.0,0.0,0.0,0.0
2026-09-26T16:19:28.154711+00:00,0.0,0.0,0.0,0.0
2026-09-26T16:19:29.203679+00:00,0.0,0.0,0.0,0.0
2026-09-26T16:19:30.252658+00:00,0.0,0.0,0.0,0.0
2026-09-26T16:19:31.302375+00:00,0.0,0.0,0.0,0.0
2026-09-26T16:19:32.350699+00:00,0.0,0.0,0.0,0.0
2026-09-26T16:19:33.401205+00:00,0.0,0.0,0.0,0.0
2026-09-26T16:19:34.448359+00:00,0.0,0.0,0.0,0.0
2026-09-26T16:19:35.499130+00:00,0.0,0.0,0.0,0.0
2026-09-26T16:19:36.548563+00:00,0.0,0.0,0.0,0.0
2026-09-26T16:19:37.597294+00:00,0.0,0.0,0.0,0.0
2026-09-26T16:19:38.646205+00:00,0.0,0.0,0.0,0.0
2026-09-26T16:19:39.695903+00:00,0.0,0.0,0.0,0.0
2026-09-26T16:19:40.743466+00:00,0.0,0.0,0.0,0.0
2026-09-26T16:19:41.792310+00:00,0.0,0.0,0.0,0.0
2026-09-26T16:19:42.841544+00:00,0.0,0.0,0.0,0.0
2026-09-26T16:19:43.890536+00:00,0.0,0.0,0.0,0.0
2026-09-26T16:19:44.940939+00:00,0.0,0.0,0.0,0.0
2026-09-26T16:19:45.989057+00:00,0.0,0.0,0.0,0.0
2026-09-26T16:19:47.038746+00:00,0.0,0.0,0.0,0.0
2026-09-26T16:19:48.088006+00:00,0.0,0.0,0.0,0.0
2026-09-26T16:19:49.138110+00:00,0.0,0.0,0.0,0.0
2026-09-26T16:19:50.186963+00:00,0.0,0.0,0.0,0.0
2026-09-26T16:19:51.236055+00:00,0.0,0.0,0.0,0.0
2026-09-26T16:19:52.285484+00:00,0.0,0.0,0.0,0.0
2026-09-26T16:19:53.337786+00:00,0.0,0.0,0.0,0.0
2026-09-26T16:19:54.385954+00:00,0.0,0.0,0.0,0.0
2026-09-26T16:19:55.435963+00:00,0.0,0.0,0.0,0.0
2026-09-26T16:19:56.484539+00:00,0.0,0.0,0.0,0.0
2026-09-26T16:19:57.534186+00:00,0.0,0.0,0.0,0.0
2026-09-26T16:19:58.581261+00:00,0.0,0.0,0.0,0.0
2026-09-26T16:19:59.635988+00:00,0.0,0.0,0.0,0.0
2026-09-26T16:20:00.686000+00:00,0.0,0.0,0.0,0.0
2026-09-26T16:20:01.734360+00:00,0.0,0.0,0.0,0.0
2026-09-26T16:20:02.784292+00:00,0.0,0.0,0.0,0.0
2026-09-26T16:20:03.832265+00:00,0.0,0.0,0.0,0.0
2026-09-26T16:20:04.883306+00:00,0.0,0.0,0.0,0.0
2026-09-26T16:20:05.932399+00:00,0.0,0.0,0.0,0.0
2026-09-26T16:20:06.981558+00:00,0.0,0.0,0.0,0.0
2026-09-26T16:20:08.031163+00:00,0.0,0.0,0.0,0.0
2026-09-26T16:20:09.079958+00:00,0.0,0.0,0.0,0.0
2026-09-26T16:20:10.129370+00:00,0.0,0.0,0.0,0.0
2026-09-26T16:20:11.181972+00:00,0.0,0.0,0.0,0.0
2026-09-26T16:20:12.229555+00:00,0.0,0.0,0.0,0.0
2026-09-26T16:20:13.279555+00:00,0.0,0.0,0.0,0.0
2026-09-26T16:20:14.326792+00:00,0.0,0.0,0.0,0.0
2026-09-26T16:20:15.376978+00:00,0.0,0.0,0.0,0.0
2026-09-26T16:20:16.424432+00:00,0.0,0.0,0.0,0.0
2026-09-26T16:20:17.475164+00:00,0.0,0.0,0.0,0.0
2026-09-26T16:20:18.523378+00:00,0.0,0.0,0.0,0.0
2026-09-26T16:20:19.574337+00:00,0.0,0.0,0.0,0.0
2026-09-26T16:20:20.623195+00:00,0.0,0.0,0.0,0.0
2026-09-26T16:20:21.671476+00:00,0.0,0.0,0.0,0.0
2026-09-26T16:20:22.720993+00:00,0.0,0.0,0.0,0.0
2026-09-26T16:20:23.769772+00:00,0.0,0.0,0.0,0.0
2026-09-26T16:20:24.818983+00:00,0.0,0.0,0.0,0.0
2026-09-26T16:20:25.867841+00:00,0.0,0.0,0.0,0.0
2026-09-26T16:20:26.918085+00:00,0.0,0.0,0.0,0.0
2026-09-26T16:20:27.969735+00:00,0.0,0.0,0.0,0.0
2026-09-26T16:20:29.016402+00:00,0.0,0.0,0.0,0.0
2026-09-26T16:20:30.066282+00:00,0.0,0.0,0.0,0.0
2026-09-26T16:20:31.115101+00:00,0.0,0.0,0.0,0.0
2026-09-26T16:20:32.166299+00:00,0.0,0.0,0.0,0.0
2026-09-26T16:20:33.214782+00:00,0.0,0.0,0.0,0.0
2026-09-26T16:20:34.269073+00:00,0.0,0.0,0.0,0.0
2026-09-26T16:20:35.319349+00:00,0.0,0.0,0.0,0.0
2026-09-26T16:20:36.368670+00:00,0.0,0.0,0.0,0.0
2026-09-26T16:20:37.419752+00:00,0.0,0.0,0.0,0.0
2026-09-26T16:20:38.467291+00:00,0.0,0.0,0.0,0.0
2026-09-26T16:20:39.517499+00:00,0.0,0.0,0.0,0.0
2026-09-26T16:20:40.565044+00:00,0.0,0.0,0.0,0.0
2026-09-26T16:20:41.615409+00:00,0.0,0.0,0.0,0.0
2026-09-26T16:20:42.662421+00:00,0.0,0.0,0.0,0.0
2026-09-26T16:20:43.712902+00:00,0.0,0.0,0.0,0.0
2026-09-26T16:20:44.761893+00:00,0.0,0.0,0.0,0.0
2026-09-26T16:20:45.812083+00:00,0.0,0.0,0.0,0.0
2026-09-26T16:20:46.861482+00:00,0.0,0.0,0.0,0.0
2026-09-26T16:20:47.910435+00:00,0.0,0.0,0.0,0.0
2026-09-26T16:20:48.958994+00:00,0.0,0.0,0.0,0.0
2026-09-26T16:20:50.008874+00:00,0.0,0.0,0.0,0.0
2026-09-26T16:20:51.057892+00:00,0.0,0.0,0.0,0.0
2026-09-26T16:20:52.105837+00:00,0.0,0.0,0.0,0.0
2026-09-26T16:20:53.156083+00:00,0.0,0.0,0.0,0.0
2026-09-26T16:20:54.204383+00:00,0.0,0.0,0.0,0.0
2026-09-26T16:20:55.253308+00:00,0.0,0.0,0.0,0.0
2026-09-26T16:20:56.303890+00:00,0.0,0.0,0.0,0.0
2026-09-26T16:20:57.353385+00:00,0.0,0.0,0.0,0.0
2026-09-26T16:20:58.403710+00:00,0.0,0.0,0.0,0.0
2026-09-26T16:20:59.453223+00:00,0.0,0.0,0.0,0.0
2026-09-26T16:21:00.503246+00:00,0.0,0.0,0.0,0.0
2026-09-26T16:21:01.546665+00:00,0.0,0.0,0.0,0.0
2026-09-26T16:21:02.598226+00:00,0.0,0.0,0.0,0.0
2026-09-26T16:21:03.645773+00:00,0.0,0.0,0.0,0.0
2026-09-26T16:21:04.694702+00:00,0.0,0.0,0.0,0.0
2026-09-26T16:21:05.743423+00:00,0.0,0.0,0.0,0.0
2026-09-26T16:21:06.792707+00:00,0.0,0.0,0.0,0.0
2026-09-26T16:21:07.841496+00:00,0.0,0.0,0.0,0.0
2026-09-26T16:21:08.890487+00:00,0.0,0.0,0.0,0.0
2026-09-26T16:21:09.938998+00:00,0.0,0.0,0.0,0.0
2026-09-26T16:21:10.990563+00:00,0.0,0.0,0.0,0.0
2026-09-26T16:21:12.038896+00:00,0.0,0.0,0.0,0.0
2026-09-26T16:21:13.087385+00:00,0.0,0.0,0.0,0.0
2026-09-26T16:21:14.136492+00:00,0.0,0.0,0.0,0.0
2026-09-26T16:21:15.186508+00:00,0.0,0.0,0.0,0.0
2026-09-26T16:21:16.236105+00:00,0.0,0.0,0.0,0.0
2026-09-26T16:21:17.285645+00:00,0.0,0.0,0.0,0.0
2026-09-26T16:21:18.336366+00:00,0.0,0.0,0.0,0.0
2026-09-26T16:21:19.387464+00:00,0.0,0.0,0.0,0.0
2026-09-26T16:21:20.436903+00:00,0.0,0.0,0.0,0.0
2026-09-26T16:21:21.487668+00:00,0.0,0.0,0.0,0.0
2026-09-26T16:21:22.536877+00:00,0.0,0.0,0.0,0.0
2026-09-26T16:21:23.589166+00:00,0.0,0.0,0.0,0.0
2026-09-26T16:21:24.639463+00:00,0.0,0.0,0.0,0.0
2026-09-26T16:21:25.686769+00:00,0.0,0.0,0.0,0.0
2026-09-26T16:21:26.737040+00:00,0.0,0.0,0.0,0.0
2026-09-26T16:21:27.784742+00:00,0.0,0.0,0.0,0.0
2026-09-26T16:21:28.835736+00:00,0.0,0.0,0.0,0.0
2026-09-26T16:21:29.883805+00:00,0.0,0.0,0.0,0.0
2026-09-26T16:21:30.934646+00:00,0.0,0.0,0.0,0.0
2026-09-26T16:21:31.983080+00:00,0.0,0.0,0.0,0.0
2026-09-26T16:21:33.033701+00:00,0.0,0.0,0.0,0.0
2026-09-26T16:21:34.080647+00:00,0.0,0.0,0.0,0.0
2026-09-26T16:21:35.131568+00:00,0.0,0.0,0.0,0.0
2026-09-26T16:21:36.179448+00:00,0.0,0.0,0.0,0.0
2026-09-26T16:21:37.230509+00:00,0.0,0.0,0.0,0.0
2026-09-26T16:21:38.275786+00:00,0.0,0.0,0.0,0.0
2026-09-26T16:21:39.326301+00:00,0.0,0.0,0.0,0.0
2026-09-26T16:21:40.374543+00:00,0.0,0.0,0.0,0.0
2026-09-26T16:21:41.424760+00:00,0.0,0.0,0.0,0.0
2026-09-26T16:21:42.472535+00:00,0.0,0.0,0.0,0.0
2026-09-26T16:21:43.522398+00:00,0.0,0.0,0.0,0.0
2026-09-26T16:21:44.568624+00:00,0.0,0.0,0.0,0.0
2026-09-26T16:21:45.617614+00:00,0.0,0.0,0.0,0.0
2026-09-26T16:21:46.667970+00:00,0.0,0.0,0.0,0.0
2026-09-26T16:21:47.717561+00:00,0.0,0.0,0.0,0.0
2026-09-26T16:21:48.765641+00:00,0.0,0.0,0.0,0.0
2026-09-26T16:21:49.814488+00:00,0.0,0.0,0.0,0.0
2026-09-26T16:21:50.863080+00:00,0.0,0.0,0.0,0.0
2026-09-26T16:21:51.912424+00:00,0.0,0.0,0.0,0.0
2026-09-26T16:21:52.961461+00:00,0.0,0.0,0.0,0.0
2026-09-26T16:21:54.012763+00:00,0.0,0.0,0.0,0.0
2026-09-26T16:21:55.061671+00:00,0.0,0.0,0.0,0.0
2026-09-26T16:21:56.111398+00:00,0.0,0.0,0.0,0.0
2026-09-26T16:21:57.160078+00:00,0.0,0.0,0.0,0.0
2026-09-26T16:21:58.209470+00:00,0.0,0.0,0.0,0.0
2026-09-26T16:21:59.258129+00:00,0.0,0.0,0.0,0.0
2026-09-26T16:22:00.308180+00:00,0.0,0.0,0.0,0.0
2026-09-26T16:22:01.356885+00:00,0.0,0.0,0.0,0.0
2026-09-26T16:22:02.407441+00:00,0.0,0.0,0.0,0.0
2026-09-26T16:22:03.455757+00:00,0.0,0.0,0.0,0.0
2026-09-26T16:22:04.505597+00:00,0.0,0.0,0.0,0.0
2026-09-26T16:22:05.552439+00:00,0.0,0.0,0.0,0.0
2026-09-26T16:22:06.601706+00:00,0.0,0.0,0.0,0.0
2026-09-26T16:22:07.652080+00:00,0.0,0.0,0.0,0.0
2026-09-26T16:22:08.701784+00:00,0.0,0.0,0.0,0.0
2026-09-26T16:22:09.751286+00:00,0.0,0.0,0.0,0.0
2026-09-26T16:22:10.800801+00:00,0.0,0.0,0.0,0.0
2026-09-26T16:22:11.850479+00:00,0.0,0.0,0.0,0.0
2026-09-26T16:22:12.900129+00:00,0.0,0.0,0.0,0.0
2026-09-26T16:22:13.951097+00:00,0.0,0.0,0.0,0.0
2026-09-26T16:22:15.002378+00:00,0.0,0.0,0.0,0.0
2026-09-26T16:22:16.051684+00:00,0.0,0.0,0.0,0.0
2026-09-26T16:22:17.102913+00:00,0.0,0.0,0.0,0.0
2026-09-26T16:22:18.154359+00:00,0.0,0.0,0.0,0.0
2026-09-26T16:22:19.201967+00:00,0.0,0.0,0.0,0.0
2026-09-26T16:22:20.252233+00:00,0.0,0.0,0.0,0.0
2026-09-26T16:22:21.299980+00:00,0.0,0.0,0.0,0.0
2026-09-26T16:22:22.350550+00:00,0.0,0.0,0.0,0.0
2026-09-26T16:22:23.398762+00:00,0.0,0.0,0.0,0.0
2026-09-26T16:22:24.449830+00:00,0.0,0.0,0.0,0.0
2026-09-26T16:22:25.498838+00:00,0.0,0.0,0.0,0.0
2026-09-26T16:22:26.550031+00:00,0.0,0.0,0.0,0.0
2026-09-26T16:22:27.598486+00:00,0.0,0.0,0.0,0.0
2026-09-26T16:22:28.649658+00:00,0.0,0.0,0.0,0.0
2026-09-26T16:22:29.698222+00:00,0.0,0.0,0.0,0.0
2026-09-26T16:22:30.748893+00:00,0.0,0.0,0.0,0.0
2026-09-26T16:22:31.797401+00:00,0.0,0.0,0.0,0.0
2026-09-26T16:22:32.848957+00:00,0.0,0.0,0.0,0.0
2026-09-26T16:22:33.899894+00:00,0.0,0.0,0.0,0.0
2026-09-26T16:22:34.952380+00:00,0.0,0.0,0.0,0.0
2026-09-26T16:22:36.002869+00:00,0.0,0.0,0.0,0.0
2026-09-26T16:22:37.053010+00:00,0.0,0.0,0.0,0.0
2026-09-26T16:22:38.104156+00:00,0.0,0.0,0.0,0.0
2026-09-26T16:22:39.151861+00:00,0.0,0.0,0.0,0.0
2026-09-26T16:22:40.201664+00:00,0.0,0.0,0.0,0.0
2026-09-26T16:22:41.251386+00:00,0.0,0.0,0.0,0.0
2026-09-26T16:22:42.301816+00:00,0.0,0.0,0.0,0.0
2026-09-26T16:22:43.349293+00:00,0.0,0.0,0.0,0.0
2026-09-26T16:22:44.399862+00:00,0.0,0.0,0.0,0.0
2026-09-26T16:22:45.447833+00:00,0.0,0.0,0.0,0.0
2026-09-26T16:22:46.504530+00:00,0.0,0.0,0.0,0.0
2026-09-26T16:22:47.554571+00:00,0.0,0.0,0.0,0.0
2026-09-26T16:22:48.605709+00:00,0.0,0.0,0.0,0.0
2026-09-26T16:22:49.655170+00:00,0.0,0.0,0.0,0.0
2026-09-26T16:22:50.706492+00:00,0.0,0.0,0.0,0.0
2026-09-26T16:22:51.756001+00:00,0.0,0.0,0.0,0.0
2026-09-26T16:22:52.806446+00:00,0.0,0.0,0.0,0.0
2026-09-26T16:22:53.855612+00:00,0.0,0.0,0.0,0.0
2026-09-26T16:22:54.905607+00:00,0.0,0.0,0.0,0.0
2026-09-26T16:22:55.957556+00:00,0.0,0.0,0.0,0.0
2026-09-26T16:22:57.004903+00:00,0.0,0.0,0.0,0.0
2026-09-26T16:22:58.056223+00:00,0.0,0.0,0.0,0.0
2026-09-26T16:22:59.105399+00:00,0.0,0.0,0.0,0.0
2026-09-26T16:23:00.155424+00:00,0.0,0.0,0.0,0.0
2026-09-26T16:23:01.204282+00:00,0.0,0.0,0.0,0.0
2026-09-26T16:23:02.254072+00:00,0.0,0.0,0.0,0.0
2026-09-26T16:23:03.303707+00:00,0.0,0.0,0.0,0.0
2026-09-26T16:23:04.354879+00:00,0.0,0.0,0.0,0.0
2026-09-26T16:23:05.406372+00:00,0.0,0.0,0.0,0.0
2026-09-26T16:23:06.456548+00:00,0.0,0.0,0.0,0.0
2026-09-26T16:23:07.507572+00:00,0.0,0.0,0.0,0.0
2026-09-26T16:23:08.557129+00:00,0.0,0.0,0.0,0.0
2026-09-26T16:23:09.606678+00:00,0.0,0.0,0.0,0.0
2026-09-26T16:23:10.655394+00:00,0.0,0.0,0.0,0.0
2026-09-26T16:23:11.705472+00:00,0.0,0.0,0.0,0.0
2026-09-26T16:23:12.754861+00:00,0.0,0.0,0.0,0.0
2026-09-26T16:23:13.804879+00:00,0.0,0.0,0.0,0.0
2026-09-26T16:23:14.853978+00:00,0.0,0.0,0.0,0.0
2026-09-26T16:23:15.902891+00:00,0.0,0.0,0.0,0.0
2026-09-26T16:23:16.953433+00:00,0.0,0.0,0.0,0.0
2026-09-26T16:23:18.003572+00:00,0.0,0.0,0.0,0.0
2026-09-26T16:23:19.054164+00:00,0.0,0.0,0.0,0.0
2026-09-26T16:23:20.105739+00:00,0.0,0.0,0.0,0.0
2026-09-26T16:23:21.155614+00:00,0.0,0.0,0.0,0.0
2026-09-26T16:23:22.204373+00:00,0.0,0.0,0.0,0.0
2026-09-26T16:23:23.254675+00:00,0.0,0.0,0.0,0.0
2026-09-26T16:23:24.302761+00:00,0.0,0.0,0.0,0.0
2026-09-26T16:23:25.352376+00:00,0.0,0.0,0.0,0.0
2026-09-26T16:23:26.402425+00:00,0.0,0.0,0.0,0.0
2026-09-26T16:23:27.453623+00:00,0.0,0.0,0.0,0.0
2026-09-26T16:23:28.505425+00:00,0.0,0.0,0.0,0.0
2026-09-26T16:23:29.554271+00:00,0.0,0.0,0.0,0.0
2026-09-26T16:23:30.603371+00:00,0.0,0.0,0.0,0.0
2026-09-26T16:23:31.653073+00:00,0.0,0.0,0.0,0.0
2026-09-26T16:23:32.702490+00:00,0.0,0.0,0.0,0.0
2026-09-26T16:23:33.752126+00:00,0.0,0.0,0.0,0.0
2026-09-26T16:23:34.802427+00:00,0.0,0.0,0.0,0.0
2026-09-26T16:23:35.854711+00:00,0.0,0.0,0.0,0.0
2026-09-26T16:23:36.909476+00:00,0.0,0.0,0.0,0.0
2026-09-26T16:23:37.960997+00:00,0.0,0.0,0.0,0.0
2026-09-26T16:23:39.011616+00:00,0.0,0.0,0.0,0.0
2026-09-26T16:23:40.061256+00:00,0.0,0.0,0.0,0.0
2026-09-26T16:23:41.112412+00:00,0.0,0.0,0.0,0.0
2026-09-26T16:23:42.161724+00:00,0.0,0.0,0.0,0.0
2026-09-26T16:23:43.210005+00:00,0.0,0.0,0.0,0.0
2026-09-26T16:23:44.259951+00:00,0.0,0.0,0.0,0.0
2026-09-26T16:23:45.309864+00:00,0.0,0.0,0.0,0.0
2026-09-26T16:23:46.361145+00:00,0.0,0.0,0.0,0.0
2026-09-26T16:23:47.410899+00:00,0.0,0.0,0.0,0.0
2026-09-26T16:23:48.460725+00:00,0.0,0.0,0.0,0.0
2026-09-26T16:23:49.510781+00:00,0.0,0.0,0.0,0.0
2026-09-26T16:23:50.559834+00:00,0.0,0.0,0.0,0.0
2026-09-26T16:23:51.611051+00:00,0.0,0.0,0.0,0.0
2026-09-26T16:23:52.660388+00:00,0.0,0.0,0.0,0.0
2026-09-26T16:23:53.710823+00:00,0.0,0.0,0.0,0.0
2026-09-26T16:23:54.761167+00:00,0.0,0.0,0.0,0.0
2026-09-26T16:23:55.807827+00:00,0.0,0.0,0.0,0.0
2026-09-26T16:23:56.858490+00:00,0.0,0.0,0.0,0.0
2026-09-26T16:23:57.906869+00:00,0.0,0.0,0.0,0.0
2026-09-26T16:23:58.957769+00:00,0.0,0.0,0.0,0.0
2026-09-26T16:24:00.008555+00:00,0.0,0.0,0.0,0.0
2026-09-26T16:24:01.058736+00:00,0.0,0.0,0.0,0.0
2026-09-26T16:24:02.109252+00:00,0.0,0.0,0.0,0.0
2026-09-26T16:24:03.159766+00:00,0.0,0.0,0.0,0.0
2026-09-26T16:24:04.210426+00:00,0.0,0.0,0.0,0.0
2026-09-26T16:24:05.260994+00:00,0.0,0.0,0.0,0.0
2026-09-26T16:24:06.311153+00:00,0.0,0.0,0.0,0.0
2026-09-26T16:24:07.361248+00:00,0.0,0.0,0.0,0.0
2026-09-26T16:24:08.412925+00:00,0.0,0.0,0.0,0.0
2026-09-26T16:24:09.462206+00:00,0.0,0.0,0.0,0.0
2026-09-26T16:24:10.514561+00:00,0.0,0.0,0.0,0.0
2026-09-26T16:24:11.564175+00:00,0.0,0.0,0.0,0.0
2026-09-26T16:24:12.612547+00:00,0.0,0.0,0.0,0.0
2026-09-26T16:24:13.663688+00:00,0.0,0.0,0.0,0.0
2026-09-26T16:24:14.711404+00:00,0.0,0.0,0.0,0.0
2026-09-26T16:24:15.762097+00:00,0.0,0.0,0.0,0.0
2026-09-26T16:24:16.810028+00:00,0.0,0.0,0.0,0.0
2026-09-26T16:24:17.862229+00:00,0.0,0.0,0.0,0.0
2026-09-26T16:24:18.912896+00:00,0.0,0.0,0.0,0.0
2026-09-26T16:24:19.962947+00:00,0.0,0.0,0.0,0.0
2026-09-26T16:24:21.013343+00:00,0.0,0.0,0.0,0.0
2026-09-26T16:24:22.061179+00:00,0.0,0.0,0.0,0.0
2026-09-26T16:24:23.112046+00:00,0.0,0.0,0.0,0.0
2026-09-26T16:24:24.159316+00:00,0.0,0.0,0.0,0.0
2026-09-26T16:24:25.210084+00:00,0.0,0.0,0.0,0.0
2026-09-26T16:24:26.259804+00:00,0.0,0.0,0.0,0.0
2026-09-26T16:24:27.310785+00:00,0.0,0.0,0.0,0.0
2026-09-26T16:24:28.359187+00:00,0.0,0.0,0.0,0.0
2026-09-26T16:24:29.407868+00:00,0.0,0.0,0.0,0.0
2026-09-26T16:24:30.458292+00:00,0.0,0.0,0.0,0.0
2026-09-26T16:24:31.507253+00:00,0.0,0.0,0.0,0.0
2026-09-26T16:24:32.558104+00:00,0.0,0.0,0.0,0.0
2026-09-26T16:24:33.607630+00:00,0.0,0.0,0.0,0.0
2026-09-26T16:24:34.658954+00:00,0.0,0.0,0.0,0.0
2026-09-26T16:24:35.708866+00:00,0.0,0.0,0.0,0.0
2026-09-26T16:24:36.758294+00:00,0.0,0.0,0.0,0.0
2026-09-26T16:24:37.805614+00:00,0.0,0.0,0.0,0.0
2026-09-26T16:24:38.857457+00:00,0.0,0.0,0.0,0.0
2026-09-26T16:24:39.906306+00:00,0.0,0.0,0.0,0.0
2026-09-26T16:24:40.956885+00:00,0.0,0.0,0.0,0.0
2026-09-26T16:24:42.004127+00:00,0.0,0.0,0.0,0.0
2026-09-26T16:24:43.054942+00:00,0.0,0.0,0.0,0.0
2026-09-26T16:24:44.102632+00:00,0.0,0.0,0.0,0.0
2026-09-26T16:24:45.153645+00:00,0.0,0.0,0.0,0.0
2026-09-26T16:24:46.205068+00:00,0.0,0.0,0.0,0.0
2026-09-26T16:24:47.254821+00:00,0.0,0.0,0.0,0.0
2026-09-26T16:24:48.308892+00:00,0.0,0.0,0.0,0.0
2026-09-26T16:24:49.359063+00:00,0.0,0.0,0.0,0.0
2026-09-26T16:24:50.409218+00:00,0.0,0.0,0.0,0.0
2026-09-26T16:24:51.457214+00:00,0.0,0.0,0.0,0.0
2026-09-26T16:24:52.509334+00:00,0.0,0.0,0.0,0.0
2026-09-26T16:24:53.560097+00:00,0.0,0.0,0.0,0.0
2026-09-26T16:24:54.611364+00:00,0.0,0.0,0.0,0.0
2026-09-26T16:24:55.660691+00:00,0.0,0.0,0.0,0.0
2026-09-26T16:24:56.710030+00:00,0.0,0.0,0.0,0.0
2026-09-26T16:24:57.760057+00:00,0.0,0.0,0.0,0.0
2026-09-26T16:24:58.809236+00:00,0.0,0.0,0.0,0.0
2026-09-26T16:24:59.859226+00:00,0.0,0.0,0.0,0.0
2026-09-26T16:25:00.910842+00:00,0.0,0.0,0.0,0.0
2026-09-26T16:25:01.960128+00:00,0.0,0.0,0.0,0.0
2026-09-26T16:25:03.010723+00:00,0.0,0.0,0.0,0.0
2026-09-26T16:25:04.059615+00:00,0.0,0.0,0.0,0.0
2026-09-26T16:25:05.109818+00:00,0.0,0.0,0.0,0.0
2026-09-26T16:25:06.163211+00:00,0.0,0.0,0.0,0.0
2026-09-26T16:25:07.211829+00:00,0.0,0.0,0.0,0.0
2026-09-26T16:25:08.261281+00:00,0.0,0.0,0.0,0.0
2026-09-26T16:25:09.310178+00:00,0.0,0.0,0.0,0.0
2026-09-26T16:25:10.359907+00:00,0.0,0.0,0.0,0.0
2026-09-26T16:25:11.411105+00:00,0.0,0.0,0.0,0.0
2026-09-26T16:25:12.460829+00:00,0.0,0.0,0.0,0.0
2026-09-26T16:25:13.510924+00:00,0.0,0.0,0.0,0.0
2026-09-26T16:25:14.559912+00:00,0.0,0.0,0.0,0.0
2026-09-26T16:25:15.612140+00:00,0.0,0.0,0.0,0.0
2026-09-26T16:25:16.661023+00:00,0.0,0.0,0.0,0.0
2026-09-26T16:25:17.709749+00:00,0.0,0.0,0.0,0.0
2026-09-26T16:25:18.760358+00:00,0.0,0.0,0.0,0.0
2026-09-26T16:25:19.809068+00:00,0.0,0.0,0.0,0.0
2026-09-26T16:25:20.860469+00:00,0.0,0.0,0.0,0.0
2026-09-26T16:25:21.910178+00:00,0.0,0.0,0.0,0.0
2026-09-26T16:25:22.960546+00:00,0.0,0.0,0.0,0.0
2026-09-26T16:25:24.011397+00:00,0.0,0.0,0.0,0.0
2026-09-26T16:25:25.062048+00:00,0.0,0.0,0.0,0.0
2026-09-26T16:25:26.112152+00:00,0.0,0.0,0.0,0.0
2026-09-26T16:25:27.161907+00:00,0.0,0.0,0.0,0.0
2026-09-26T16:25:28.212537+00:00,0.0,0.0,0.0,0.0
2026-09-26T16:25:29.263087+00:00,0.0,0.0,0.0,0.0
2026-09-26T16:25:30.314294+00:00,0.0,0.0,0.0,0.0
2026-09-26T16:25:31.364210+00:00,0.0,0.0,0.0,0.0
2026-09-26T16:25:32.413507+00:00,0.0,0.0,0.0,0.0
2026-09-26T16:25:33.464391+00:00,0.0,0.0,0.0,0.0
2026-09-26T16:25:34.515868+00:00,0.0,0.0,0.0,0.0
2026-09-26T16:25:35.567345+00:00,0.0,0.0,0.0,0.0
2026-09-26T16:25:36.616873+00:00,0.0,0.0,0.0,0.0
2026-09-26T16:25:37.666462+00:00,0.0,0.0,0.0,0.0
2026-09-26T16:25:38.716062+00:00,0.0,0.0,0.0,0.0
2026-09-26T16:25:39.764562+00:00,0.0,0.0,0.0,0.0
2026-09-26T16:25:40.815053+00:00,0.0,0.0,0.0,0.0
2026-09-26T16:25:41.864684+00:00,0.0,0.0,0.0,0.0
2026-09-26T16:25:42.915871+00:00,0.0,0.0,0.0,0.0
2026-09-26T16:25:43.964915+00:00,0.0,0.0,0.0,0.0
2026-09-26T16:25:45.013393+00:00,0.0,0.0,0.0,0.0
2026-09-26T16:25:46.063628+00:00,0.0,0.0,0.0,0.0
2026-09-26T16:25:47.114893+00:00,0.0,0.0,0.0,0.0
2026-09-26T16:25:48.164295+00:00,0.0,0.0,0.0,0.0
2026-09-26T16:25:49.214674+00:00,0.0,0.0,0.0,0.0
2026-09-26T16:25:50.264059+00:00,0.0,0.0,0.0,0.0
2026-09-26T16:25:51.314426+00:00,0.0,0.0,0.0,0.0
2026-09-26T16:25:52.365875+00:00,0.0,0.0,0.0,0.0
2026-09-26T16:25:53.418644+00:00,0.0,0.0,0.0,0.0
2026-09-26T16:25:54.468354+00:00,0.0,0.0,0.0,0.0
2026-09-26T16:25:55.517487+00:00,0.0,0.0,0.0,0.0
2026-09-26T16:25:56.567208+00:00,0.0,0.0,0.0,0.0
2026-09-26T16:25:57.617452+00:00,0.0,0.0,0.0,0.0
2026-09-26T16:25:58.670824+00:00,0.0,0.0,0.0,0.0
2026-09-26T16:25:59.721340+00:00,0.0,0.0,0.0,0.0
2026-09-26T16:26:00.769688+00:00,0.0,0.0,0.0,0.0
2026-09-26T16:26:01.821325+00:00,0.0,0.0,0.0,0.0
2026-09-26T16:26:02.872989+00:00,0.0,0.0,0.0,0.0
2026-09-26T16:26:03.922550+00:00,0.0,0.0,0.0,0.0
2026-09-26T16:26:04.972317+00:00,0.0,0.0,0.0,0.0
2026-09-26T16:26:06.021038+00:00,0.0,0.0,0.0,0.0
2026-09-26T16:26:07.071182+00:00,0.0,0.0,0.0,0.0
2026-09-26T16:26:08.121595+00:00,0.0,0.0,0.0,0.0
2026-09-26T16:26:09.173043+00:00,0.0,0.0,0.0,0.0
2026-09-26T16:26:10.223624+00:00,0.0,0.0,0.0,0.0
2026-09-26T16:26:11.274062+00:00,0.0,0.0,0.0,0.0
2026-09-26T16:26:12.325406+00:00,0.0,0.0,0.0,0.0
2026-09-26T16:26:13.375675+00:00,0.0,0.0,0.0,0.0
2026-09-26T16:26:14.426615+00:00,0.0,0.0,0.0,0.0
2026-09-26T16:26:15.477972+00:00,0.0,0.0,0.0,0.0
2026-09-26T16:26:16.526833+00:00,0.0,0.0,0.0,0.0
2026-09-26T16:26:17.576813+00:00,0.0,0.0,0.0,0.0
2026-09-26T16:26:18.627029+00:00,0.0,0.0,0.0,0.0
2026-09-26T16:26:19.675775+00:00,0.0,0.0,0.0,0.0
2026-09-26T16:26:20.725931+00:00,0.0,0.0,0.0,0.0
2026-09-26T16:26:21.774328+00:00,0.0,0.0,0.0,0.0
2026-09-26T16:26:22.823877+00:00,0.0,0.0,0.0,0.0
2026-09-26T16:26:23.877012+00:00,0.0,0.0,0.0,0.0
2026-09-26T16:26:24.925429+00:00,0.0,0.0,0.0,0.0
2026-09-26T16:26:25.975366+00:00,0.0,0.0,0.0,0.0
2026-09-26T16:26:27.026516+00:00,0.0,0.0,0.0,0.0
2026-09-26T16:26:28.077165+00:00,0.0,0.0,0.0,0.0
2026-09-26T16:26:29.127481+00:00,0.0,0.0,0.0,0.0
2026-09-26T16:26:30.175643+00:00,0.0,0.0,0.0,0.0
2026-09-26T16:26:31.226468+00:00,0.0,0.0,0.0,0.0
2026-09-26T16:26:32.276932+00:00,0.0,0.0,0.0,0.0
2026-09-26T16:26:33.326814+00:00,0.0,0.0,0.0,0.0
2026-09-26T16:26:34.377491+00:00,0.0,0.0,0.0,0.0
2026-09-26T16:26:35.427968+00:00,0.0,0.0,0.0,0.0
2026-09-26T16:26:36.479500+00:00,0.0,0.0,0.0,0.0
2026-09-26T16:26:37.529810+00:00,0.0,0.0,0.0,0.0
2026-09-26T16:26:38.578924+00:00,0.0,0.0,0.0,0.0
2026-09-26T16:26:39.628977+00:00,0.0,0.0,0.0,0.0
2026-09-26T16:26:40.678871+00:00,0.0,0.0,0.0,0.0
2026-09-26T16:26:41.729418+00:00,0.0,0.0,0.0,0.0
2026-09-26T16:26:42.780880+00:00,0.0,0.0,0.0,0.0
2026-09-26T16:26:43.828105+00:00,0.0,0.0,0.0,0.0
2026-09-26T16:26:44.882277+00:00,0.0,0.0,0.0,0.0
2026-09-26T16:26:45.933407+00:00,0.0,0.0,0.0,0.0
2026-09-26T16:26:46.983287+00:00,0.0,0.0,0.0,0.0
2026-09-26T16:26:48.033745+00:00,0.0,0.0,0.0,0.0
2026-09-26T16:26:49.083149+00:00,0.0,0.0,0.0,0.0
2026-09-26T16:26:50.132800+00:00,0.0,0.0,0.0,0.0
2026-09-26T16:26:51.184025+00:00,0.0,0.0,0.0,0.0
2026-09-26T16:26:52.232647+00:00,0.0,0.0,0.0,0.0
2026-09-26T16:26:53.283779+00:00,0.0,0.0,0.0,0.0
2026-09-26T16:26:54.335304+00:00,0.0,0.0,0.0,0.0
2026-09-26T16:26:55.386222+00:00,0.0,0.0,0.0,0.0
2026-09-26T16:26:56.436975+00:00,0.0,0.0,0.0,0.0
2026-09-26T16:26:57.486388+00:00,0.0,0.0,0.0,0.0
2026-09-26T16:26:58.538324+00:00,0.0,0.0,0.0,0.0
2026-09-26T16:26:59.588233+00:00,0.0,0.0,0.0,0.0
2026-09-26T16:27:00.638012+00:00,0.0,0.0,0.0,0.0
2026-09-26T16:27:01.688825+00:00,0.0,0.0,0.0,0.0
2026-09-26T16:27:02.738633+00:00,0.0,0.0,0.0,0.0
2026-09-26T16:27:03.788816+00:00,0.0,0.0,0.0,0.0
2026-09-26T16:27:04.839980+00:00,0.0,0.0,0.0,0.0
2026-09-26T16:27:05.888658+00:00,0.0,0.0,0.0,0.0
2026-09-26T16:27:06.939022+00:00,0.0,0.0,0.0,0.0
2026-09-26T16:27:07.990343+00:00,0.0,0.0,0.0,0.0
2026-09-26T16:27:09.040289+00:00,0.0,0.0,0.0,0.0
2026-09-26T16:27:10.090772+00:00,0.0,0.0,0.0,0.0
2026-09-26T16:27:11.140027+00:00,0.0,0.0,0.0,0.0
2026-09-26T16:27:12.191493+00:00,0.0,0.0,0.0,0.0
2026-09-26T16:27:13.242017+00:00,0.0,0.0,0.0,0.0
2026-09-26T16:27:14.291024+00:00,0.0,0.0,0.0,0.0
2026-09-26T16:27:15.340768+00:00,0.0,0.0,0.0,0.0
2026-09-26T16:27:16.391108+00:00,0.0,0.0,0.0,0.0
2026-09-26T16:27:17.440396+00:00,0.0,0.0,0.0,0.0
2026-09-26T16:27:18.492506+00:00,0.0,0.0,0.0,0.0
2026-09-26T16:27:19.540186+00:00,0.0,0.0,0.0,0.0
2026-09-26T16:27:20.590902+00:00,0.0,0.0,0.0,0.0
2026-09-26T16:27:21.640828+00:00,0.0,0.0,0.0,0.0
2026-09-26T16:27:22.691427+00:00,0.0,0.0,0.0,0.0
2026-09-26T16:27:23.743144+00:00,0.0,0.0,0.0,0.0
2026-09-26T16:27:24.791369+00:00,0.0,0.0,0.0,0.0
2026-09-26T16:27:25.842129+00:00,0.0,0.0,0.0,0.0
2026-09-26T16:27:26.892388+00:00,0.0,0.0,0.0,0.0
2026-09-26T16:27:27.941124+00:00,0.0,0.0,0.0,0.0
2026-09-26T16:27:28.992299+00:00,0.0,0.0,0.0,0.0
2026-09-26T16:27:30.043298+00:00,0.0,0.0,0.0,0.0
2026-09-26T16:27:31.094392+00:00,0.0,0.0,0.0,0.0
2026-09-26T16:27:32.144845+00:00,0.0,0.0,0.0,0.0
2026-09-26T16:27:33.194053+00:00,0.0,0.0,0.0,0.0
2026-09-26T16:27:34.243149+00:00,0.0,0.0,0.0,0.0
2026-09-26T16:27:35.294314+00:00,0.0,0.0,0.0,0.0
2026-09-26T16:27:36.346623+00:00,0.0,0.0,0.0,0.0
2026-09-26T16:27:37.396336+00:00,0.0,0.0,0.0,0.0
2026-09-26T16:27:38.445689+00:00,0.0,0.0,0.0,0.0
2026-09-26T16:27:39.494343+00:00,0.0,0.0,0.0,0.0
2026-09-26T16:27:40.554441+00:00,0.0,0.0,0.0,0.0
2026-09-26T16:27:41.603160+00:00,0.0,0.0,0.0,0.0
2026-09-26T16:27:42.654325+00:00,0.0,0.0,0.0,0.0
2026-09-26T16:27:43.705074+00:00,0.0,0.0,0.0,0.0
2026-09-26T16:27:44.753732+00:00,0.0,0.0,0.0,0.0
2026-09-26T16:27:45.804271+00:00,0.0,0.0,0.0,0.0
2026-09-26T16:27:46.855427+00:00,0.0,0.0,0.0,0.0
2026-09-26T16:27:47.906567+00:00,0.0,0.0,0.0,0.0
2026-09-26T16:27:48.956600+00:00,0.0,0.0,0.0,0.0
2026-09-26T16:27:50.005507+00:00,0.0,0.0,0.0,0.0
2026-09-26T16:27:51.056001+00:00,0.0,0.0,0.0,0.0
2026-09-26T16:27:52.106445+00:00,0.0,0.0,0.0,0.0
2026-09-26T16:27:53.154921+00:00,0.0,0.0,0.0,0.0
2026-09-26T16:27:54.208730+00:00,0.0,0.0,0.0,0.0
2026-09-26T16:27:55.258601+00:00,0.0,0.0,0.0,0.0
2026-09-26T16:27:56.309809+00:00,0.0,0.0,0.0,0.0
2026-09-26T16:27:57.359353+00:00,0.0,0.0,0.0,0.0
2026-09-26T16:27:58.408138+00:00,0.0,0.0,0.0,0.0
2026-09-26T16:27:59.459397+00:00,0.0,0.0,0.0,0.0
2026-09-26T16:28:00.510344+00:00,0.0,0.0,0.0,0.0
2026-09-26T16:28:01.561203+00:00,0.0,0.0,0.0,0.0
2026-09-26T16:28:02.610807+00:00,0.0,0.0,0.0,0.0
2026-09-26T16:28:03.661654+00:00,0.0,0.0,0.0,0.0
2026-09-26T16:28:04.711866+00:00,0.0,0.0,0.0,0.0
2026-09-26T16:28:05.761758+00:00,0.0,0.0,0.0,0.0
2026-09-26T16:28:06.813172+00:00,0.0,0.0,0.0,0.0
2026-09-26T16:28:07.862928+00:00,0.0,0.0,0.0,0.0
2026-09-26T16:28:08.916696+00:00,0.0,0.0,0.0,0.0
2026-09-26T16:28:09.966274+00:00,0.0,0.0,0.0,0.0
2026-09-26T16:28:11.016352+00:00,0.0,0.0,0.0,0.0
2026-09-26T16:28:12.066867+00:00,0.0,0.0,0.0,0.0
2026-09-26T16:28:13.117166+00:00,0.0,0.0,0.0,0.0
2026-09-26T16:28:14.168455+00:00,0.0,0.0,0.0,0.0
2026-09-26T16:28:15.219279+00:00,0.0,0.0,0.0,0.0
2026-09-26T16:28:16.270217+00:00,0.0,0.0,0.0,0.0
2026-09-26T16:28:17.319158+00:00,0.0,0.0,0.0,0.0
2026-09-26T16:28:18.370301+00:00,0.0,0.0,0.0,0.0
2026-09-26T16:28:19.420669+00:00,0.0,0.0,0.0,0.0
2026-09-26T16:28:20.471025+00:00,0.0,0.0,0.0,0.0
2026-09-26T16:28:21.522503+00:00,0.0,0.0,0.0,0.0
2026-09-26T16:28:22.572964+00:00,0.0,0.0,0.0,0.0
2026-09-26T16:28:23.622153+00:00,0.0,0.0,0.0,0.0
2026-09-26T16:28:24.671515+00:00,0.0,0.0,0.0,0.0
2026-09-26T16:28:25.721683+00:00,0.0,0.0,0.0,0.0
2026-09-26T16:28:26.773190+00:00,0.0,0.0,0.0,0.0
2026-09-26T16:28:27.822895+00:00,0.0,0.0,0.0,0.0
2026-09-26T16:28:28.872853+00:00,0.0,0.0,0.0,0.0
2026-09-26T16:28:29.921661+00:00,0.0,0.0,0.0,0.0
2026-09-26T16:28:30.972650+00:00,0.0,0.0,0.0,0.0
2026-09-26T16:28:32.024619+00:00,0.0,0.0,0.0,0.0
2026-09-26T16:28:33.072152+00:00,0.0,0.0,0.0,0.0
2026-09-26T16:28:34.123648+00:00,0.0,0.0,0.0,0.0
2026-09-26T16:28:35.175317+00:00,0.0,0.0,0.0,0.0
2026-09-26T16:28:36.222820+00:00,0.0,0.0,0.0,0.0
2026-09-26T16:28:37.273514+00:00,0.0,0.0,0.0,0.0
2026-09-26T16:28:38.323322+00:00,0.0,0.0,0.0,0.0
2026-09-26T16:28:39.374937+00:00,0.0,0.0,0.0,0.0
2026-09-26T16:28:40.426435+00:00,0.0,0.0,0.0,0.0
2026-09-26T16:28:41.476987+00:00,0.0,0.0,0.0,0.0
2026-09-26T16:28:42.528936+00:00,0.0,0.0,0.0,0.0
2026-09-26T16:28:43.580175+00:00,0.0,0.0,0.0,0.0
2026-09-26T16:28:44.628927+00:00,0.0,0.0,0.0,0.0
2026-09-26T16:28:45.680224+00:00,0.0,0.0,0.0,0.0
2026-09-26T16:28:46.731305+00:00,0.0,0.0,0.0,0.0
2026-09-26T16:28:47.779138+00:00,0.0,0.0,0.0,0.0
2026-09-26T16:28:48.830477+00:00,0.0,0.0,0.0,0.0
2026-09-26T16:28:49.879848+00:00,0.0,0.0,0.0,0.0
2026-09-26T16:28:50.929178+00:00,0.0,0.0,0.0,0.0
2026-09-26T16:28:51.979765+00:00,0.0,0.0,0.0,0.0
2026-09-26T16:28:53.030250+00:00,0.0,0.0,0.0,0.0
2026-09-26T16:28:54.081748+00:00,0.0,0.0,0.0,0.0
2026-09-26T16:28:55.131519+00:00,0.0,0.0,0.0,0.0
2026-09-26T16:28:56.180192+00:00,0.0,0.0,0.0,0.0
2026-09-26T16:28:57.229794+00:00,0.0,0.0,0.0,0.0
2026-09-26T16:28:58.281232+00:00,0.0,0.0,0.0,0.0
2026-09-26T16:28:59.329717+00:00,0.0,0.0,0.0,0.0
2026-09-26T16:29:00.379605+00:00,0.0,0.0,0.0,0.0
2026-09-26T16:29:01.430993+00:00,0.0,0.0,0.0,0.0
2026-09-26T16:29:02.480548+00:00,0.0,0.0,0.0,0.0
2026-09-26T16:29:03.531600+00:00,0.0,0.0,0.0,0.0
2026-09-26T16:29:04.583739+00:00,0.0,0.0,0.0,0.0
2026-09-26T16:29:05.633193+00:00,0.0,0.0,0.0,0.0
2026-09-26T16:29:06.684557+00:00,0.0,0.0,0.0,0.0
2026-09-26T16:29:07.734139+00:00,0.0,0.0,0.0,0.0
2026-09-26T16:29:08.784420+00:00,0.0,0.0,0.0,0.0
2026-09-26T16:29:09.835948+00:00,0.0,0.0,0.0,0.0
2026-09-26T16:29:10.883638+00:00,0.0,0.0,0.0,0.0
2026-09-26T16:29:11.935053+00:00,0.0,0.0,0.0,0.0
2026-09-26T16:29:12.984943+00:00,0.0,0.0,0.0,0.0
2026-09-26T16:29:14.033834+00:00,0.0,0.0,0.0,0.0
2026-09-26T16:29:15.083352+00:00,0.0,0.0,0.0,0.0
2026-09-26T16:29:16.135308+00:00,0.0,0.0,0.0,0.0
2026-09-26T16:29:17.184030+00:00,0.0,0.0,0.0,0.0
2026-09-26T16:29:18.233568+00:00,0.0,0.0,0.0,0.0
2026-09-26T16:29:19.285633+00:00,0.0,0.0,0.0,0.0
2026-09-26T16:29:20.335068+00:00,0.0,0.0,0.0,0.0
2026-09-26T16:29:21.385875+00:00,0.0,0.0,0.0,0.0
2026-09-26T16:29:22.436923+00:00,0.0,0.0,0.0,0.0
2026-09-26T16:29:23.487221+00:00,0.0,0.0,0.0,0.0
2026-09-26T16:29:24.538201+00:00,0.0,0.0,0.0,0.0
2026-09-26T16:29:25.587816+00:00,0.0,0.0,0.0,0.0
2026-09-26T16:29:26.638145+00:00,0.0,0.0,0.0,0.0
2026-09-26T16:29:27.688916+00:00,0.0,0.0,0.0,0.0
2026-09-26T16:29:28.737059+00:00,0.0,0.0,0.0,0.0
2026-09-26T16:29:29.788519+00:00,0.0,0.0,0.0,0.0
2026-09-26T16:29:30.837444+00:00,0.0,0.0,0.0,0.0
2026-09-26T16:29:31.886411+00:00,0.0,0.0,0.0,0.0
2026-09-26T16:29:32.935795+00:00,0.0,0.0,0.0,0.0
2026-09-26T16:29:33.986306+00:00,0.0,0.0,0.0,0.0
2026-09-26T16:29:35.035163+00:00,0.0,0.0,0.0,0.0
2026-09-26T16:29:36.085785+00:00,0.0,0.0,0.0,0.0
2026-09-26T16:29:37.137328+00:00,0.0,0.0,0.0,0.0
2026-09-26T16:29:38.187409+00:00,0.0,0.0,0.0,0.0
2026-09-26T16:29:39.237937+00:00,0.0,0.0,0.0,0.0
2026-09-26T16:29:40.288701+00:00,0.0,0.0,0.0,0.0
2026-09-26T16:29:41.338023+00:00,0.0,0.0,0.0,0.0
2026-09-26T16:29:42.389427+00:00,0.0,0.0,0.0,0.0
2026-09-26T16:29:43.439618+00:00,0.0,0.0,0.0,0.0
2026-09-26T16:29:44.490808+00:00,0.0,0.0,0.0,0.0
2026-09-26T16:29:45.542942+00:00,0.0,0.0,0.0,0.0
2026-09-26T16:29:46.615201+00:00,0.0,0.0,0.0,0.0
2026-09-26T16:29:47.664667+00:00,0.0,0.0,0.0,0.0
2026-09-26T16:29:48.715454+00:00,0.0,0.0,0.0,0.0
2026-09-26T16:29:49.763825+00:00,0.0,0.0,0.0,0.0
2026-09-26T16:29:50.814636+00:00,0.0,0.0,0.0,0.0
2026-09-26T16:29:51.865941+00:00,0.0,0.0,0.0,0.0
2026-09-26T16:29:52.913875+00:00,0.0,0.0,0.0,0.0
2026-09-26T16:29:53.965016+00:00,0.0,0.0,0.0,0.0
2026-09-26T16:29:55.014963+00:00,0.0,0.0,0.0,0.0
2026-09-26T16:29:56.065990+00:00,0.0,0.0,0.0,0.0
2026-09-26T16:29:57.116866+00:00,0.0,0.0,0.0,0.0
2026-09-26T16:29:58.168718+00:00,0.0,0.0,0.0,0.0
2026-09-26T16:29:59.219030+00:00,0.0,0.0,0.0,0.0
2026-09-26T16:30:00.271310+00:00,0.0,0.0,0.0,0.0
2026-09-26T16:30:01.318385+00:00,0.0,0.0,0.0,0.0
2026-09-26T16:30:02.368614+00:00,0.0,0.0,0.0,0.0
2026-09-26T16:30:03.418782+00:00,0.0,0.0,0.0,0.0
2026-09-26T16:30:04.467496+00:00,0.0,0.0,0.0,0.0
2026-09-26T16:30:05.517163+00:00,0.0,0.0,0.0,0.0
2026-09-26T16:30:06.568262+00:00,0.0,0.0,0.0,0.0
2026-09-26T16:30:07.617387+00:00,0.0,0.0,0.0,0.0
2026-09-26T16:30:08.667010+00:00,0.0,0.0,0.0,0.0
2026-09-26T16:30:09.718416+00:00,0.0,0.0,0.0,0.0
2026-09-26T16:30:10.766347+00:00,0.0,0.0,0.0,0.0
2026-09-26T16:30:11.817380+00:00,0.0,0.0,0.0,0.0
2026-09-26T16:30:12.867136+00:00,0.0,0.0,0.0,0.0
2026-09-26T16:30:13.915933+00:00,0.0,0.0,0.0,0.0
2026-09-26T16:30:14.965608+00:00,0.0,0.0,0.0,0.0
2026-09-26T16:30:16.017328+00:00,0.0,0.0,0.0,0.0
2026-09-26T16:30:17.065927+00:00,0.0,0.0,0.0,0.0
2026-09-26T16:30:18.116091+00:00,0.0,0.0,0.0,0.0
2026-09-26T16:30:19.167374+00:00,0.0,0.0,0.0,0.0
2026-09-26T16:30:20.215643+00:00,0.0,0.0,0.0,0.0
2026-09-26T16:30:21.267021+00:00,0.0,0.0,0.0,0.0
2026-09-26T16:30:22.316522+00:00,0.0,0.0,0.0,0.0
2026-09-26T16:30:23.367095+00:00,0.0,0.0,0.0,0.0
2026-09-26T16:30:24.420327+00:00,0.0,0.0,0.0,0.0
2026-09-26T16:30:25.471724+00:00,0.0,0.0,0.0,0.0
2026-09-26T16:30:26.522049+00:00,0.0,0.0,0.0,0.0
2026-09-26T16:30:27.566573+00:00,0.0,0.0,0.0,0.0
2026-09-26T16:30:28.617796+00:00,0.0,0.0,0.0,0.0
2026-09-26T16:30:29.669072+00:00,0.0,0.0,0.0,0.0
2026-09-26T16:30:30.718872+00:00,0.0,0.0,0.0,0.0
2026-09-26T16:30:31.767175+00:00,0.0,0.0,0.0,0.0
2026-09-26T16:30:32.817732+00:00,0.0,0.0,0.0,0.0
2026-09-26T16:30:33.868416+00:00,0.0,0.0,0.0,0.0
2026-09-26T16:30:34.918349+00:00,0.0,0.0,0.0,0.0
2026-09-26T16:30:35.968445+00:00,0.0,0.0,0.0,0.0
2026-09-26T16:30:37.019313+00:00,0.0,0.0,0.0,0.0
2026-09-26T16:30:38.068210+00:00,0.0,0.0,0.0,0.0
2026-09-26T16:30:39.119086+00:00,0.0,0.0,0.0,0.0
2026-09-26T16:30:40.171471+00:00,0.0,0.0,0.0,0.0
2026-09-26T16:30:41.219016+00:00,0.0,0.0,0.0,0.0
2026-09-26T16:30:42.272044+00:00,0.0,0.0,0.0,0.0
2026-09-26T16:30:43.323219+00:00,0.0,0.0,0.0,0.0
2026-09-26T16:30:44.370605+00:00,0.0,0.0,0.0,0.0
2026-09-26T16:30:45.422526+00:00,0.0,0.0,0.0,0.0
2026-09-26T16:30:46.506694+00:00,0.0,0.0,0.0,0.0
2026-09-26T16:30:47.554528+00:00,0.0,0.0,0.0,0.0
2026-09-26T16:30:48.605483+00:00,0.0,0.0,0.0,0.0
2026-09-26T16:30:49.655738+00:00,0.0,0.0,0.0,0.0
2026-09-26T16:30:50.704271+00:00,0.0,0.0,0.0,0.0
2026-09-26T16:30:51.754255+00:00,0.0,0.0,0.0,0.0
2026-09-26T16:30:52.803853+00:00,0.0,0.0,0.0,0.0
2026-09-26T16:30:53.852791+00:00,0.0,0.0,0.0,0.0
2026-09-26T16:30:54.903445+00:00,0.0,0.0,0.0,0.0
2026-09-26T16:30:55.955322+00:00,0.0,0.0,0.0,0.0
2026-09-26T16:30:57.002376+00:00,0.0,0.0,0.0,0.0
2026-09-26T16:30:58.052052+00:00,0.0,0.0,0.0,0.0
2026-09-26T16:30:59.102149+00:00,0.0,0.0,0.0,0.0
2026-09-26T16:31:00.151206+00:00,0.0,0.0,0.0,0.0
2026-09-26T16:31:01.201369+00:00,0.0,0.0,0.0,0.0
2026-09-26T16:31:02.251721+00:00,0.0,0.0,0.0,0.0
2026-09-26T16:31:03.300373+00:00,0.0,0.0,0.0,0.0
2026-09-26T16:31:04.352651+00:00,0.0,0.0,0.0,0.0
2026-09-26T16:31:05.403404+00:00,0.0,0.0,0.0,0.0
2026-09-26T16:31:06.450910+00:00,0.0,0.0,0.0,0.0
2026-09-26T16:31:07.502493+00:00,0.0,0.0,0.0,0.0
2026-09-26T16:31:08.552055+00:00,0.0,0.0,0.0,0.0
2026-09-26T16:31:09.600451+00:00,0.0,0.0,0.0,0.0
2026-09-26T16:31:10.650576+00:00,0.0,0.0,0.0,0.0
2026-09-26T16:31:11.700597+00:00,0.0,0.0,0.0,0.0
2026-09-26T16:31:12.750732+00:00,0.0,0.0,0.0,0.0
2026-09-26T16:31:13.800972+00:00,0.0,0.0,0.0,0.0
2026-09-26T16:31:14.852090+00:00,0.0,0.0,0.0,0.0
2026-09-26T16:31:15.900237+00:00,0.0,0.0,0.0,0.0
2026-09-26T16:31:16.950719+00:00,0.0,0.0,0.0,0.0
2026-09-26T16:31:18.002852+00:00,0.0,0.0,0.0,0.0
2026-09-26T16:31:19.051594+00:00,0.0,0.0,0.0,0.0
2026-09-26T16:31:20.103265+00:00,0.0,0.0,0.0,0.0
2026-09-26T16:31:21.153864+00:00,0.0,0.0,0.0,0.0
2026-09-26T16:31:22.203641+00:00,0.0,0.0,0.0,0.0
2026-09-26T16:31:23.256735+00:00,0.0,0.0,0.0,0.0
2026-09-26T16:31:24.306374+00:00,0.0,0.0,0.0,0.0
2026-09-26T16:31:25.356496+00:00,0.0,0.0,0.0,0.0
2026-09-26T16:31:26.407544+00:00,0.0,0.0,0.0,0.0
2026-09-26T16:31:27.457496+00:00,0.0,0.0,0.0,0.0
2026-09-26T16:31:28.508446+00:00,0.0,0.0,0.0,0.0
2026-09-26T16:31:29.559886+00:00,0.0,0.0,0.0,0.0
2026-09-26T16:31:30.609340+00:00,0.0,0.0,0.0,0.0
2026-09-26T16:31:31.660511+00:00,0.0,0.0,0.0,0.0
2026-09-26T16:31:32.711081+00:00,0.0,0.0,0.0,0.0
2026-09-26T16:31:33.760788+00:00,0.0,0.0,0.0,0.0
2026-09-26T16:31:34.811150+00:00,0.0,0.0,0.0,0.0
2026-09-26T16:31:35.860780+00:00,0.0,0.0,0.0,0.0
2026-09-26T16:31:36.911490+00:00,0.0,0.0,0.0,0.0
2026-09-26T16:31:37.959880+00:00,0.0,0.0,0.0,0.0
2026-09-26T16:31:39.012400+00:00,0.0,0.0,0.0,0.0
2026-09-26T16:31:40.062722+00:00,0.0,0.0,0.0,0.0
2026-09-26T16:31:41.111105+00:00,0.0,0.0,0.0,0.0
2026-09-26T16:31:42.162383+00:00,0.0,0.0,0.0,0.0
2026-09-26T16:31:43.212655+00:00,0.0,0.0,0.0,0.0
2026-09-26T16:31:44.261776+00:00,0.0,0.0,0.0,0.0
2026-09-26T16:31:45.312390+00:00,0.0,0.0,0.0,0.0
2026-09-26T16:31:46.363417+00:00,0.0,0.0,0.0,0.0
2026-09-26T16:31:47.412402+00:00,0.0,0.0,0.0,0.0
2026-09-26T16:31:48.464042+00:00,0.0,0.0,0.0,0.0
2026-09-26T16:31:49.515708+00:00,0.0,0.0,0.0,0.0
2026-09-26T16:31:50.565697+00:00,0.0,0.0,0.0,0.0
2026-09-26T16:31:51.615954+00:00,0.0,0.0,0.0,0.0
2026-09-26T16:31:52.666505+00:00,0.0,0.0,0.0,0.0
2026-09-26T16:31:53.714350+00:00,0.0,0.0,0.0,0.0
2026-09-26T16:31:54.764650+00:00,0.0,0.0,0.0,0.0
2026-09-26T16:31:55.814854+00:00,0.0,0.0,0.0,0.0
2026-09-26T16:31:56.862966+00:00,0.0,0.0,0.0,0.0
2026-09-26T16:31:57.913879+00:00,0.0,0.0,0.0,0.0
2026-09-26T16:31:58.963976+00:00,0.0,0.0,0.0,0.0
2026-09-26T16:32:00.012320+00:00,0.0,0.0,0.0,0.0
2026-09-26T16:32:01.062795+00:00,0.0,0.0,0.0,0.0
2026-09-26T16:32:02.114348+00:00,0.0,0.0,0.0,0.0
2026-09-26T16:32:03.162000+00:00,0.0,0.0,0.0,0.0
2026-09-26T16:32:04.212762+00:00,0.0,0.0,0.0,0.0
2026-09-26T16:32:05.263552+00:00,0.0,0.0,0.0,0.0
2026-09-26T16:32:06.310377+00:00,0.0,0.0,0.0,0.0
2026-09-26T16:32:07.360818+00:00,0.0,0.0,0.0,0.0
2026-09-26T16:32:08.411393+00:00,0.0,0.0,0.0,0.0
2026-09-26T16:32:09.461259+00:00,0.0,0.0,0.0,0.0
2026-09-26T16:32:10.511933+00:00,0.0,0.0,0.0,0.0
2026-09-26T16:32:11.563852+00:00,0.0,0.0,0.0,0.0
2026-09-26T16:32:12.612277+00:00,0.0,0.0,0.0,0.0
2026-09-26T16:32:13.662631+00:00,0.0,0.0,0.0,0.0
2026-09-26T16:32:14.714154+00:00,0.0,0.0,0.0,0.0
2026-09-26T16:32:15.764176+00:00,0.0,0.0,0.0,0.0
2026-09-26T16:32:16.814555+00:00,0.0,0.0,0.0,0.0
2026-09-26T16:32:17.864786+00:00,0.0,0.0,0.0,0.0
2026-09-26T16:32:18.914671+00:00,0.0,0.0,0.0,0.0
2026-09-26T16:32:19.966516+00:00,0.0,0.0,0.0,0.0
2026-09-26T16:32:21.017477+00:00,0.0,0.0,0.0,0.0
2026-09-26T16:32:22.067256+00:00,0.0,0.0,0.0,0.0
2026-09-26T16:32:23.117191+00:00,0.0,0.0,0.0,0.0
2026-09-26T16:32:24.167420+00:00,0.0,0.0,0.0,0.0
2026-09-26T16:32:25.220004+00:00,0.0,0.0,0.0,0.0
2026-09-26T16:32:26.269522+00:00,0.0,0.0,0.0,0.0
2026-09-26T16:32:27.319920+00:00,0.0,0.0,0.0,0.0
2026-09-26T16:32:28.370443+00:00,0.0,0.0,0.0,0.0
2026-09-26T16:32:29.419991+00:00,0.0,0.0,0.0,0.0
2026-09-26T16:32:30.469636+00:00,0.0,0.0,0.0,0.0
2026-09-26T16:32:31.518994+00:00,0.0,0.0,0.0,0.0
2026-09-26T16:32:32.569149+00:00,0.0,0.0,0.0,0.0
2026-09-26T16:32:33.619829+00:00,0.0,0.0,0.0,0.0
2026-09-26T16:32:34.670378+00:00,0.0,0.0,0.0,0.0
2026-09-26T16:32:35.718649+00:00,0.0,0.0,0.0,0.0
2026-09-26T16:32:36.768304+00:00,0.0,0.0,0.0,0.0
2026-09-26T16:32:37.819533+00:00,0.0,0.0,0.0,0.0
2026-09-26T16:32:38.867681+00:00,0.0,0.0,0.0,0.0
2026-09-26T16:32:39.919104+00:00,0.0,0.0,0.0,0.0
2026-09-26T16:32:40.969090+00:00,0.0,0.0,0.0,0.0
2026-09-26T16:32:42.018686+00:00,0.0,0.0,0.0,0.0
2026-09-26T16:32:43.070129+00:00,0.0,0.0,0.0,0.0
2026-09-26T16:32:44.119966+00:00,0.0,0.0,0.0,0.0
2026-09-26T16:32:45.168834+00:00,0.0,0.0,0.0,0.0
2026-09-26T16:32:46.218816+00:00,0.0,0.0,0.0,0.0
2026-09-26T16:32:47.269646+00:00,0.0,0.0,0.0,0.0
2026-09-26T16:32:48.318861+00:00,0.0,0.0,0.0,0.0
2026-09-26T16:32:49.370595+00:00,0.0,0.0,0.0,0.0
2026-09-26T16:32:50.420538+00:00,0.0,0.0,0.0,0.0
2026-09-26T16:32:51.470377+00:00,0.0,0.0,0.0,0.0
2026-09-26T16:32:52.520569+00:00,0.0,0.0,0.0,0.0
2026-09-26T16:32:53.571115+00:00,0.0,0.0,0.0,0.0
2026-09-26T16:32:54.620666+00:00,0.0,0.0,0.0,0.0
2026-09-26T16:32:55.671375+00:00,0.0,0.0,0.0,0.0
2026-09-26T16:32:56.721572+00:00,0.0,0.0,0.0,0.0
2026-09-26T16:32:57.772333+00:00,0.0,0.0,0.0,0.0
2026-09-26T16:32:58.823399+00:00,0.0,0.0,0.0,0.0
2026-09-26T16:32:59.873683+00:00,0.0,0.0,0.0,0.0
2026-09-26T16:33:00.924563+00:00,0.0,0.0,0.0,0.0
2026-09-26T16:33:01.978111+00:00,0.0,0.0,0.0,0.0
2026-09-26T16:33:03.029460+00:00,0.0,0.0,0.0,0.0
2026-09-26T16:33:04.078603+00:00,0.0,0.0,0.0,0.0
2026-09-26T16:33:05.129247+00:00,0.0,0.0,0.0,0.0
2026-09-26T16:33:06.180031+00:00,0.0,0.0,0.0,0.0
2026-09-26T16:33:07.231981+00:00,0.0,0.0,0.0,0.0
2026-09-26T16:33:08.281010+00:00,0.0,0.0,0.0,0.0
2026-09-26T16:33:09.333273+00:00,0.0,0.0,0.0,0.0
2026-09-26T16:33:10.383289+00:00,0.0,0.0,0.0,0.0
2026-09-26T16:33:11.432606+00:00,0.0,0.0,0.0,0.0
2026-09-26T16:33:12.482929+00:00,0.0,0.0,0.0,0.0
2026-09-26T16:33:13.534214+00:00,0.0,0.0,0.0,0.0
2026-09-26T16:33:14.582144+00:00,0.0,0.0,0.0,0.0
2026-09-26T16:33:15.632547+00:00,0.0,0.0,0.0,0.0
2026-09-26T16:33:16.683963+00:00,0.0,0.0,0.0,0.0
2026-09-26T16:33:17.732024+00:00,0.0,0.0,0.0,0.0
2026-09-26T16:33:18.780815+00:00,0.0,0.0,0.0,0.0
2026-09-26T16:33:19.832286+00:00,0.0,0.0,0.0,0.0
2026-09-26T16:33:20.883681+00:00,0.0,0.0,0.0,0.0
2026-09-26T16:33:21.933960+00:00,0.0,0.0,0.0,0.0
2026-09-26T16:33:22.983881+00:00,0.0,0.0,0.0,0.0
2026-09-26T16:33:24.034790+00:00,0.0,0.0,0.0,0.0
2026-09-26T16:33:25.085655+00:00,0.0,0.0,0.0,0.0
2026-09-26T16:33:26.135624+00:00,0.0,0.0,0.0,0.0
2026-09-26T16:33:27.186589+00:00,0.0,0.0,0.0,0.0
2026-09-26T16:33:28.234938+00:00,0.0,0.0,0.0,0.0
2026-09-26T16:33:29.286402+00:00,0.0,0.0,0.0,0.0
2026-09-26T16:33:30.336217+00:00,0.0,0.0,0.0,0.0
2026-09-26T16:33:31.384523+00:00,0.0,0.0,0.0,0.0
2026-09-26T16:33:32.436229+00:00,0.0,0.0,0.0,0.0
2026-09-26T16:33:33.486671+00:00,0.0,0.0,0.0,0.0
2026-09-26T16:33:34.536075+00:00,0.0,0.0,0.0,0.0
2026-09-26T16:33:35.586457+00:00,0.0,0.0,0.0,0.0
2026-09-26T16:33:36.636955+00:00,0.0,0.0,0.0,0.0
2026-09-26T16:33:37.686269+00:00,0.0,0.0,0.0,0.0
2026-09-26T16:33:38.737217+00:00,0.0,0.0,0.0,0.0
2026-09-26T16:33:39.788910+00:00,0.0,0.0,0.0,0.0
2026-09-26T16:33:40.838788+00:00,0.0,0.0,0.0,0.0
2026-09-26T16:33:41.890404+00:00,0.0,0.0,0.0,0.0
2026-09-26T16:33:42.942030+00:00,0.0,0.0,0.0,0.0
2026-09-26T16:33:43.992543+00:00,0.0,0.0,0.0,0.0
2026-09-26T16:33:45.043412+00:00,0.0,0.0,0.0,0.0
2026-09-26T16:33:46.093915+00:00,0.0,0.0,0.0,0.0
2026-09-26T16:33:47.144317+00:00,0.0,0.0,0.0,0.0
2026-09-26T16:33:48.193925+00:00,0.0,0.0,0.0,0.0
2026-09-26T16:33:49.244157+00:00,0.0,0.0,0.0,0.0
2026-09-26T16:33:50.295289+00:00,0.0,0.0,0.0,0.0
2026-09-26T16:33:51.344664+00:00,0.0,0.0,0.0,0.0
2026-09-26T16:33:52.394811+00:00,0.0,0.0,0.0,0.0
2026-09-26T16:33:53.447546+00:00,0.0,0.0,0.0,0.0
2026-09-26T16:33:54.498771+00:00,0.0,0.0,0.0,0.0
2026-09-26T16:33:55.548795+00:00,0.0,0.0,0.0,0.0
2026-09-26T16:33:56.599713+00:00,0.0,0.0,0.0,0.0
2026-09-26T16:33:57.651494+00:00,0.0,0.0,0.0,0.0
2026-09-26T16:33:58.701150+00:00,0.0,0.0,0.0,0.0
2026-09-26T16:33:59.753103+00:00,0.0,0.0,0.0,0.0
2026-09-26T16:34:00.803246+00:00,0.0,0.0,0.0,0.0
2026-09-26T16:34:01.851167+00:00,0.0,0.0,0.0,0.0
2026-09-26T16:34:02.903108+00:00,0.0,0.0,0.0,0.0
2026-09-26T16:34:03.953383+00:00,0.0,0.0,0.0,0.0
2026-09-26T16:34:05.002326+00:00,0.0,0.0,0.0,0.0
2026-09-26T16:34:06.051903+00:00,0.0,0.0,0.0,0.0
2026-09-26T16:34:07.102784+00:00,0.0,0.0,0.0,0.0
2026-09-26T16:34:08.152098+00:00,0.0,0.0,0.0,0.0
2026-09-26T16:34:09.202321+00:00,0.0,0.0,0.0,0.0
2026-09-26T16:34:10.253265+00:00,0.0,0.0,0.0,0.0
2026-09-26T16:34:11.302806+00:00,0.0,0.0,0.0,0.0
2026-09-26T16:34:12.353496+00:00,0.0,0.0,0.0,0.0
2026-09-26T16:34:13.406680+00:00,0.0,0.0,0.0,0.0
2026-09-26T16:34:14.456622+00:00,0.0,0.0,0.0,0.0
2026-09-26T16:34:15.508279+00:00,0.0,0.0,0.0,0.0
2026-09-26T16:34:16.559259+00:00,0.0,0.0,0.0,0.0
2026-09-26T16:34:17.609608+00:00,0.0,0.0,0.0,0.0
2026-09-26T16:34:18.659648+00:00,0.0,0.0,0.0,0.0
2026-09-26T16:34:19.710596+00:00,0.0,0.0,0.0,0.0
2026-09-26T16:34:20.761983+00:00,0.0,0.0,0.0,0.0
2026-09-26T16:34:21.810741+00:00,0.0,0.0,0.0,0.0
2026-09-26T16:34:22.862435+00:00,0.0,0.0,0.0,0.0
2026-09-26T16:34:23.912524+00:00,0.0,0.0,0.0,0.0
2026-09-26T16:34:24.961370+00:00,0.0,0.0,0.0,0.0
2026-09-26T16:34:26.011298+00:00,0.0,0.0,0.0,0.0
2026-09-26T16:34:27.061440+00:00,0.0,0.0,0.0,0.0
2026-09-26T16:34:28.113462+00:00,0.0,0.0,0.0,0.0
2026-09-26T16:34:29.163500+00:00,0.0,0.0,0.0,0.0
2026-09-26T16:34:30.214397+00:00,0.0,0.0,0.0,0.0
2026-09-26T16:34:31.265881+00:00,0.0,0.0,0.0,0.0
2026-09-26T16:34:32.314148+00:00,0.0,0.0,0.0,0.0
2026-09-26T16:34:33.365251+00:00,0.0,0.0,0.0,0.0
2026-09-26T16:34:34.415606+00:00,0.0,0.0,0.0,0.0
2026-09-26T16:34:35.463186+00:00,0.0,0.0,0.0,0.0
2026-09-26T16:34:36.512698+00:00,0.0,0.0,0.0,0.0
2026-09-26T16:34:37.563157+00:00,0.0,0.0,0.0,0.0
2026-09-26T16:34:38.612015+00:00,0.0,0.0,0.0,0.0
2026-09-26T16:34:39.661395+00:00,0.0,0.0,0.0,0.0
2026-09-26T16:34:40.712015+00:00,0.0,0.0,0.0,0.0
2026-09-26T16:34:41.765822+00:00,0.0,0.0,0.0,0.0
2026-09-26T16:34:42.815559+00:00,0.0,0.0,0.0,0.0
2026-09-26T16:34:43.866706+00:00,0.0,0.0,0.0,0.0
2026-09-26T16:34:44.917362+00:00,0.0,0.0,0.0,0.0
2026-09-26T16:34:45.966083+00:00,0.0,0.0,0.0,0.0
2026-09-26T16:34:47.016646+00:00,0.0,0.0,0.0,0.0
2026-09-26T16:34:48.067278+00:00,0.0,0.0,0.0,0.0
2026-09-26T16:34:49.116628+00:00,0.0,0.0,0.0,0.0
2026-09-26T16:34:50.166903+00:00,0.0,0.0,0.0,0.0
2026-09-26T16:34:51.218101+00:00,0.0,0.0,0.0,0.0
2026-09-26T16:34:52.266823+00:00,0.0,0.0,0.0,0.0
2026-09-26T16:34:53.317605+00:00,0.0,0.0,0.0,0.0
2026-09-26T16:34:54.369431+00:00,0.0,0.0,0.0,0.0
2026-09-26T16:34:55.420148+00:00,0.0,0.0,0.0,0.0
2026-09-26T16:34:56.469450+00:00,0.0,0.0,0.0,0.0
2026-09-26T16:34:57.520963+00:00,0.0,0.0,0.0,0.0
2026-09-26T16:34:58.571151+00:00,0.0,0.0,0.0,0.0
2026-09-26T16:34:59.620483+00:00,0.0,0.0,0.0,0.0
2026-09-26T16:35:00.670528+00:00,0.0,0.0,0.0,0.0
2026-09-26T16:35:01.721818+00:00,0.0,0.0,0.0,0.0
2026-09-26T16:35:02.771413+00:00,0.0,0.0,0.0,0.0
2026-09-26T16:35:03.821970+00:00,0.0,0.0,0.0,0.0
2026-09-26T16:35:04.874429+00:00,0.0,0.0,0.0,0.0
2026-09-26T16:35:05.926308+00:00,0.0,0.0,0.0,0.0
2026-09-26T16:35:06.976344+00:00,0.0,0.0,0.0,0.0
2026-09-26T16:35:08.027217+00:00,0.0,0.0,0.0,0.0
2026-09-26T16:35:09.078398+00:00,0.0,0.0,0.0,0.0
2026-09-26T16:35:10.125985+00:00,0.0,0.0,0.0,0.0
2026-09-26T16:35:11.177377+00:00,0.0,0.0,0.0,0.0
2026-09-26T16:35:12.228489+00:00,0.0,0.0,0.0,0.0
2026-09-26T16:35:13.278565+00:00,0.0,0.0,0.0,0.0
2026-09-26T16:35:14.328932+00:00,0.0,0.0,0.0,0.0
2026-09-26T16:35:15.379271+00:00,0.0,0.0,0.0,0.0
2026-09-26T16:35:16.429970+00:00,0.0,0.0,0.0,0.0
2026-09-26T16:35:17.481076+00:00,0.0,0.0,0.0,0.0
2026-09-26T16:35:18.531575+00:00,0.0,0.0,0.0,0.0
2026-09-26T16:35:19.583310+00:00,0.0,0.0,0.0,0.0
2026-09-26T16:35:20.632927+00:00,0.0,0.0,0.0,0.0
2026-09-26T16:35:21.683200+00:00,0.0,0.0,0.0,0.0
2026-09-26T16:35:22.734133+00:00,0.0,0.0,0.0,0.0
2026-09-26T16:35:23.782901+00:00,0.0,0.0,0.0,0.0
2026-09-26T16:35:24.836789+00:00,0.0,0.0,0.0,0.0
2026-09-26T16:35:25.888516+00:00,0.0,0.0,0.0,0.0
2026-09-26T16:35:26.936416+00:00,0.0,0.0,0.0,0.0
2026-09-26T16:35:27.986878+00:00,0.0,0.0,0.0,0.0
2026-09-26T16:35:29.036855+00:00,0.0,0.0,0.0,0.0
2026-09-26T16:35:30.087438+00:00,0.0,0.0,0.0,0.0
2026-09-26T16:35:31.138675+00:00,0.0,0.0,0.0,0.0
2026-09-26T16:35:32.189054+00:00,0.0,0.0,0.0,0.0
2026-09-26T16:35:33.239938+00:00,0.0,0.0,0.0,0.0
2026-09-26T16:35:34.289788+00:00,0.0,0.0,0.0,0.0
2026-09-26T16:35:35.340446+00:00,0.0,0.0,0.0,0.0
2026-09-26T16:35:36.391988+00:00,0.0,0.0,0.0,0.0
2026-09-26T16:35:37.442705+00:00,0.0,0.0,0.0,0.0
2026-09-26T16:35:38.493268+00:00,0.0,0.0,0.0,0.0
2026-09-26T16:35:39.543720+00:00,0.0,0.0,0.0,0.0
2026-09-26T16:35:40.592845+00:00,0.0,0.0,0.0,0.0
2026-09-26T16:35:41.643815+00:00,0.0,0.0,0.0,0.0
2026-09-26T16:35:42.694598+00:00,0.0,0.0,0.0,0.0
2026-09-26T16:35:43.745141+00:00,0.0,0.0,0.0,0.0
2026-09-26T16:35:44.794260+00:00,0.0,0.0,0.0,0.0
2026-09-26T16:35:45.844690+00:00,0.0,0.0,0.0,0.0
2026-09-26T16:35:46.894765+00:00,0.0,0.0,0.0,0.0
2026-09-26T16:35:47.943055+00:00,0.0,0.0,0.0,0.0
2026-09-26T16:35:48.994159+00:00,0.0,0.0,0.0,0.0
2026-09-26T16:35:50.045054+00:00,0.0,0.0,0.0,0.0
2026-09-26T16:35:51.096484+00:00,0.0,0.0,0.0,0.0
2026-09-26T16:35:52.149167+00:00,0.0,0.0,0.0,0.0
2026-09-26T16:35:53.200128+00:00,0.0,0.0,0.0,0.0
2026-09-26T16:35:54.250412+00:00,0.0,0.0,0.0,0.0
2026-09-26T16:35:55.299212+00:00,0.0,0.0,0.0,0.0
2026-09-26T16:35:56.348852+00:00,0.0,0.0,0.0,0.0
2026-09-26T16:35:57.399393+00:00,0.0,0.0,0.0,0.0
2026-09-26T16:35:58.448755+00:00,0.0,0.0,0.0,0.0
2026-09-26T16:35:59.499354+00:00,0.0,0.0,0.0,0.0
2026-09-26T16:36:00.549825+00:00,0.0,0.0,0.0,0.0
2026-09-26T16:36:01.599747+00:00,0.0,0.0,0.0,0.0
2026-09-26T16:36:02.651486+00:00,0.0,0.0,0.0,0.0
2026-09-26T16:36:03.702535+00:00,0.0,0.0,0.0,0.0
2026-09-26T16:36:04.751966+00:00,0.0,0.0,0.0,0.0
2026-09-26T16:36:05.801224+00:00,0.0,0.0,0.0,0.0
2026-09-26T16:36:06.850035+00:00,0.0,0.0,0.0,0.0
2026-09-26T16:36:07.901622+00:00,0.0,0.0,0.0,0.0
2026-09-26T16:36:08.950963+00:00,0.0,0.0,0.0,0.0
2026-09-26T16:36:10.001167+00:00,0.0,0.0,0.0,0.0
2026-09-26T16:36:11.052821+00:00,0.0,0.0,0.0,0.0
2026-09-26T16:36:12.102989+00:00,0.0,0.0,0.0,0.0
2026-09-26T16:36:13.151140+00:00,0.0,0.0,0.0,0.0
2026-09-26T16:36:14.200790+00:00,0.0,0.0,0.0,0.0
2026-09-26T16:36:15.250671+00:00,0.0,0.0,0.0,0.0
2026-09-26T16:36:16.299670+00:00,0.0,0.0,0.0,0.0
2026-09-26T16:36:17.350477+00:00,0.0,0.0,0.0,0.0
2026-09-26T16:36:18.401542+00:00,0.0,0.0,0.0,0.0
2026-09-26T16:36:19.451374+00:00,0.0,0.0,0.0,0.0
2026-09-26T16:36:20.501730+00:00,0.0,0.0,0.0,0.0
2026-09-26T16:36:21.553337+00:00,0.0,0.0,0.0,0.0
2026-09-26T16:36:22.603456+00:00,0.0,0.0,0.0,0.0
2026-09-26T16:36:23.652686+00:00,0.0,0.0,0.0,0.0
2026-09-26T16:36:24.702811+00:00,0.0,0.0,0.0,0.0
2026-09-26T16:36:25.753773+00:00,0.0,0.0,0.0,0.0
2026-09-26T16:36:26.803558+00:00,0.0,0.0,0.0,0.0
2026-09-26T16:36:27.854193+00:00,0.0,0.0,0.0,0.0
2026-09-26T16:36:28.905251+00:00,0.0,0.0,0.0,0.0
2026-09-26T16:36:29.956200+00:00,0.0,0.0,0.0,0.0
2026-09-26T16:36:31.006852+00:00,0.0,0.0,0.0,0.0
2026-09-26T16:36:32.057242+00:00,0.0,0.0,0.0,0.0
2026-09-26T16:36:33.105935+00:00,0.0,0.0,0.0,0.0
2026-09-26T16:36:34.155259+00:00,0.0,0.0,0.0,0.0
2026-09-26T16:36:35.205856+00:00,0.0,0.0,0.0,0.0
2026-09-26T16:36:36.257557+00:00,0.0,0.0,0.0,0.0
2026-09-26T16:36:37.306520+00:00,0.0,0.0,0.0,0.0
2026-09-26T16:36:38.356130+00:00,0.0,0.0,0.0,0.0
2026-09-26T16:36:39.406724+00:00,0.0,0.0,0.0,0.0
2026-09-26T16:36:40.457566+00:00,0.0,0.0,0.0,0.0
2026-09-26T16:36:41.507939+00:00,0.0,0.0,0.0,0.0
2026-09-26T16:36:42.559279+00:00,0.0,0.0,0.0,0.0
2026-09-26T16:36:43.609047+00:00,0.0,0.0,0.0,0.0
2026-09-26T16:36:44.658305+00:00,0.0,0.0,0.0,0.0
2026-09-26T16:36:45.708117+00:00,0.0,0.0,0.0,0.0
2026-09-26T16:36:46.758378+00:00,0.0,0.0,0.0,0.0
2026-09-26T16:36:47.809427+00:00,0.0,0.0,0.0,0.0
2026-09-26T16:36:48.857347+00:00,0.0,0.0,0.0,0.0
2026-09-26T16:36:49.908950+00:00,0.0,0.0,0.0,0.0
2026-09-26T16:36:50.959351+00:00,0.0,0.0,0.0,0.0
2026-09-26T16:36:52.008557+00:00,0.0,0.0,0.0,0.0
2026-09-26T16:36:53.058558+00:00,0.0,0.0,0.0,0.0
2026-09-26T16:36:54.109538+00:00,0.0,0.0,0.0,0.0
2026-09-26T16:36:55.159442+00:00,0.0,0.0,0.0,0.0
2026-09-26T16:36:56.209748+00:00,0.0,0.0,0.0,0.0
2026-09-26T16:36:57.260236+00:00,0.0,0.0,0.0,0.0
2026-09-26T16:36:58.311000+00:00,0.0,0.0,0.0,0.0
2026-09-26T16:36:59.359792+00:00,0.0,0.0,0.0,0.0
2026-09-26T16:37:00.409632+00:00,0.0,0.0,0.0,0.0
2026-09-26T16:37:01.460931+00:00,0.0,0.0,0.0,0.0
2026-09-26T16:37:02.510687+00:00,0.0,0.0,0.0,0.0
2026-09-26T16:37:03.561049+00:00,0.0,0.0,0.0,0.0
2026-09-26T16:37:04.611364+00:00,0.0,0.0,0.0,0.0
2026-09-26T16:37:05.662168+00:00,0.0,0.0,0.0,0.0
2026-09-26T16:37:06.711743+00:00,0.0,0.0,0.0,0.0
2026-09-26T16:37:07.762804+00:00,0.0,0.0,0.0,0.0
2026-09-26T16:37:08.812948+00:00,0.0,0.0,0.0,0.0
2026-09-26T16:37:09.861894+00:00,0.0,0.0,0.0,0.0
2026-09-26T16:37:10.917546+00:00,0.0,0.0,0.0,0.0
2026-09-26T16:37:11.969188+00:00,0.0,0.0,0.0,0.0
2026-09-26T16:37:13.018892+00:00,0.0,0.0,0.0,0.0
2026-09-26T16:37:14.069009+00:00,0.0,0.0,0.0,0.0
2026-09-26T16:37:15.118221+00:00,0.0,0.0,0.0,0.0
2026-09-26T16:37:16.170129+00:00,0.0,0.0,0.0,0.0
2026-09-26T16:37:17.218462+00:00,0.0,0.0,0.0,0.0
2026-09-26T16:37:18.268984+00:00,0.0,0.0,0.0,0.0
2026-09-26T16:37:19.320464+00:00,0.0,0.0,0.0,0.0
2026-09-26T16:37:20.369029+00:00,0.0,0.0,0.0,0.0
2026-09-26T16:37:21.419621+00:00,0.0,0.0,0.0,0.0
2026-09-26T16:37:22.470204+00:00,0.0,0.0,0.0,0.0
2026-09-26T16:37:23.520942+00:00,0.0,0.0,0.0,0.0
2026-09-26T16:37:24.570227+00:00,0.0,0.0,0.0,0.0
2026-09-26T16:37:25.620617+00:00,0.0,0.0,0.0,0.0
2026-09-26T16:37:26.671607+00:00,0.0,0.0,0.0,0.0
2026-09-26T16:37:27.723643+00:00,0.0,0.0,0.0,0.0
2026-09-26T16:37:28.773887+00:00,0.0,0.0,0.0,0.0
2026-09-26T16:37:29.826684+00:00,0.0,0.0,0.0,0.0
2026-09-26T16:37:30.876795+00:00,0.0,0.0,0.0,0.0
2026-09-26T16:37:31.924839+00:00,0.0,0.0,0.0,0.0
2026-09-26T16:37:32.976483+00:00,0.0,0.0,0.0,0.0
2026-09-26T16:37:34.026635+00:00,0.0,0.0,0.0,0.0
2026-09-26T16:37:35.075920+00:00,0.0,0.0,0.0,0.0
2026-09-26T16:37:36.126365+00:00,0.0,0.0,0.0,0.0
2026-09-26T16:37:37.176707+00:00,0.0,0.0,0.0,0.0
2026-09-26T16:37:38.228239+00:00,0.0,0.0,0.0,0.0
2026-09-26T16:37:39.276243+00:00,0.0,0.0,0.0,0.0
2026-09-26T16:37:40.327165+00:00,0.0,0.0,0.0,0.0
2026-09-26T16:37:41.377836+00:00,0.0,0.0,0.0,0.0
2026-09-26T16:37:42.426489+00:00,0.0,0.0,0.0,0.0
2026-09-26T16:37:43.477058+00:00,0.0,0.0,0.0,0.0
2026-09-26T16:37:44.527325+00:00,0.0,0.0,0.0,0.0
2026-09-26T16:37:45.578447+00:00,0.0,0.0,0.0,0.0
2026-09-26T16:37:46.630094+00:00,0.0,0.0,0.0,0.0
2026-09-26T16:37:47.680362+00:00,0.0,0.0,0.0,0.0
2026-09-26T16:37:48.731698+00:00,0.0,0.0,0.0,0.0
2026-09-26T16:37:49.779587+00:00,0.0,0.0,0.0,0.0
2026-09-26T16:37:50.830728+00:00,0.0,0.0,0.0,0.0
2026-09-26T16:37:51.881403+00:00,0.0,0.0,0.0,0.0
2026-09-26T16:37:52.931278+00:00,0.0,0.0,0.0,0.0
2026-09-26T16:37:53.982382+00:00,0.0,0.0,0.0,0.0
2026-09-26T16:37:55.032455+00:00,0.0,0.0,0.0,0.0
2026-09-26T16:37:56.084735+00:00,0.0,0.0,0.0,0.0
2026-09-26T16:37:57.133883+00:00,0.0,0.0,0.0,0.0
2026-09-26T16:37:58.186088+00:00,0.0,0.0,0.0,0.0
2026-09-26T16:37:59.236695+00:00,0.0,0.0,0.0,0.0
2026-09-26T16:38:00.288042+00:00,0.0,0.0,0.0,0.0
2026-09-26T16:38:01.339196+00:00,0.0,0.0,0.0,0.0
2026-09-26T16:38:02.390215+00:00,0.0,0.0,0.0,0.0
2026-09-26T16:38:03.441488+00:00,0.0,0.0,0.0,0.0
2026-09-26T16:38:04.489921+00:00,0.0,0.0,0.0,0.0
2026-09-26T16:38:05.539169+00:00,0.0,0.0,0.0,0.0
2026-09-26T16:38:06.590525+00:00,0.0,0.0,0.0,0.0
2026-09-26T16:38:07.640519+00:00,0.0,0.0,0.0,0.0
2026-09-26T16:38:08.692385+00:00,0.0,0.0,0.0,0.0
2026-09-26T16:38:09.743559+00:00,0.0,0.0,0.0,0.0
2026-09-26T16:38:10.793798+00:00,0.0,0.0,0.0,0.0
2026-09-26T16:38:11.842056+00:00,0.0,0.0,0.0,0.0
2026-09-26T16:38:12.889700+00:00,0.0,0.0,0.0,0.0
2026-09-26T16:38:13.940157+00:00,0.0,0.0,0.0,0.0
2026-09-26T16:38:14.989969+00:00,0.0,0.0,0.0,0.0
2026-09-26T16:38:16.041298+00:00,0.0,0.0,0.0,0.0
2026-09-26T16:38:17.093167+00:00,0.0,0.0,0.0,0.0
2026-09-26T16:38:18.143192+00:00,0.0,0.0,0.0,0.0
2026-09-26T16:38:19.192666+00:00,0.0,0.0,0.0,0.0
2026-09-26T16:38:20.243419+00:00,0.0,0.0,0.0,0.0
2026-09-26T16:38:21.293800+00:00,0.0,0.0,0.0,0.0
2026-09-26T16:38:22.345480+00:00,0.0,0.0,0.0,0.0
2026-09-26T16:38:23.396826+00:00,0.0,0.0,0.0,0.0
2026-09-26T16:38:24.446651+00:00,0.0,0.0,0.0,0.0
2026-09-26T16:38:25.491358+00:00,0.0,0.0,0.0,0.0
2026-09-26T16:38:26.540033+00:00,0.0,0.0,0.0,0.0
2026-09-26T16:38:27.589777+00:00,0.0,0.0,0.0,0.0
2026-09-26T16:38:28.640664+00:00,0.0,0.0,0.0,0.0
2026-09-26T16:38:29.691785+00:00,0.0,0.0,0.0,0.0
2026-09-26T16:38:30.742470+00:00,0.0,0.0,0.0,0.0
2026-09-26T16:38:31.794117+00:00,0.0,0.0,0.0,0.0
2026-09-26T16:38:32.843537+00:00,0.0,0.0,0.0,0.0
2026-09-26T16:38:33.892189+00:00,0.0,0.0,0.0,0.0
2026-09-26T16:38:34.939266+00:00,0.0,0.0,0.0,0.0
2026-09-26T16:38:35.994636+00:00,0.0,0.0,0.0,0.0
2026-09-26T16:38:37.053793+00:00,0.0,0.0,0.0,0.0
2026-09-26T16:38:38.101412+00:00,0.0,0.0,0.0,0.0
2026-09-26T16:38:39.153779+00:00,0.0,0.0,0.0,0.0
2026-09-26T16:38:40.205458+00:00,0.0,0.0,0.0,0.0
2026-09-26T16:38:41.257952+00:00,0.0,0.0,0.0,0.0
2026-09-26T16:38:42.308381+00:00,0.0,0.0,0.0,0.0
2026-09-26T16:38:43.359598+00:00,0.0,0.0,0.0,0.0
2026-09-26T16:38:44.409948+00:00,0.0,0.0,0.0,0.0
2026-09-26T16:38:45.459523+00:00,0.0,0.0,0.0,0.0
2026-09-26T16:38:46.511422+00:00,0.0,0.0,0.0,0.0
2026-09-26T16:38:47.562008+00:00,0.0,0.0,0.0,0.0
2026-09-26T16:38:48.612911+00:00,0.0,0.0,0.0,0.0
2026-09-26T16:38:49.662888+00:00,0.0,0.0,0.0,0.0
2026-09-26T16:38:50.712730+00:00,0.0,0.0,0.0,0.0
2026-09-26T16:38:51.764596+00:00,0.0,0.0,0.0,0.0
2026-09-26T16:38:52.812716+00:00,0.0,0.0,0.0,0.0
2026-09-26T16:38:53.865192+00:00,0.0,0.0,0.0,0.0
2026-09-26T16:38:54.915341+00:00,0.0,0.0,0.0,0.0
2026-09-26T16:38:55.965903+00:00,0.0,0.0,0.0,0.0
2026-09-26T16:38:57.017510+00:00,0.0,0.0,0.0,0.0
2026-09-26T16:38:58.069745+00:00,0.0,0.0,0.0,0.0
2026-09-26T16:38:59.120500+00:00,0.0,0.0,0.0,0.0
2026-09-26T16:39:00.169192+00:00,0.0,0.0,0.0,0.0
2026-09-26T16:39:01.219710+00:00,0.0,0.0,0.0,0.0
2026-09-26T16:39:02.270502+00:00,0.0,0.0,0.0,0.0
2026-09-26T16:39:03.322409+00:00,0.0,0.0,0.0,0.0
2026-09-26T16:39:04.372983+00:00,0.0,0.0,0.0,0.0
2026-09-26T16:39:05.423825+00:00,0.0,0.0,0.0,0.0
2026-09-26T16:39:06.476241+00:00,0.0,0.0,0.0,0.0
2026-09-26T16:39:07.525146+00:00,0.0,0.0,0.0,0.0
2026-09-26T16:39:08.576663+00:00,0.0,0.0,0.0,0.0
2026-09-26T16:39:09.627751+00:00,0.0,0.0,0.0,0.0
2026-09-26T16:39:10.678418+00:00,0.0,0.0,0.0,0.0
2026-09-26T16:39:11.726600+00:00,0.0,0.0,0.0,0.0
2026-09-26T16:39:12.778359+00:00,0.0,0.0,0.0,0.0
2026-09-26T16:39:13.828898+00:00,0.0,0.0,0.0,0.0
2026-09-26T16:39:14.880229+00:00,0.0,0.0,0.0,0.0
2026-09-26T16:39:15.931489+00:00,0.0,0.0,0.0,0.0
2026-09-26T16:39:16.980803+00:00,0.0,0.0,0.0,0.0
2026-09-26T16:39:18.032828+00:00,0.0,0.0,0.0,0.0
2026-09-26T16:39:19.082433+00:00,0.0,0.0,0.0,0.0
2026-09-26T16:39:20.131907+00:00,0.0,0.0,0.0,0.0
2026-09-26T16:39:21.183502+00:00,0.0,0.0,0.0,0.0
2026-09-26T16:39:22.235782+00:00,0.0,0.0,0.0,0.0
2026-09-26T16:39:23.283993+00:00,0.0,0.0,0.0,0.0
2026-09-26T16:39:24.335446+00:00,0.0,0.0,0.0,0.0
2026-09-26T16:39:25.386540+00:00,0.0,0.0,0.0,0.0
2026-09-26T16:39:26.435363+00:00,0.0,0.0,0.0,0.0
2026-09-26T16:39:27.485712+00:00,0.0,0.0,0.0,0.0
2026-09-26T16:39:28.536544+00:00,0.0,0.0,0.0,0.0
2026-09-26T16:39:29.588014+00:00,0.0,0.0,0.0,0.0
2026-09-26T16:39:30.637636+00:00,0.0,0.0,0.0,0.0
2026-09-26T16:39:31.687886+00:00,0.0,0.0,0.0,0.0
2026-09-26T16:39:32.740530+00:00,0.0,0.0,0.0,0.0
2026-09-26T16:39:33.790396+00:00,0.0,0.0,0.0,0.0
2026-09-26T16:39:34.841422+00:00,0.0,0.0,0.0,0.0
2026-09-26T16:39:35.892663+00:00,0.0,0.0,0.0,0.0
2026-09-26T16:39:36.942847+00:00,0.0,0.0,0.0,0.0
2026-09-26T16:39:37.990775+00:00,0.0,0.0,0.0,0.0
2026-09-26T16:39:39.040992+00:00,0.0,0.0,0.0,0.0
2026-09-26T16:39:40.091047+00:00,0.0,0.0,0.0,0.0
2026-09-26T16:39:41.142440+00:00,0.0,0.0,0.0,0.0
2026-09-26T16:39:42.192317+00:00,0.0,0.0,0.0,0.0
2026-09-26T16:39:43.243230+00:00,0.0,0.0,0.0,0.0
2026-09-26T16:39:44.294770+00:00,0.0,0.0,0.0,0.0
2026-09-26T16:39:45.343690+00:00,0.0,0.0,0.0,0.0
2026-09-26T16:39:46.395381+00:00,0.0,0.0,0.0,0.0
2026-09-26T16:39:47.447489+00:00,0.0,0.0,0.0,0.0
2026-09-26T16:39:48.497639+00:00,0.0,0.0,0.0,0.0
2026-09-26T16:39:49.546556+00:00,0.0,0.0,0.0,0.0
2026-09-26T16:39:50.599741+00:00,0.0,0.0,0.0,0.0
2026-09-26T16:39:51.649503+00:00,0.0,0.0,0.0,0.0
2026-09-26T16:39:52.700342+00:00,0.0,0.0,0.0,0.0
2026-09-26T16:39:53.750201+00:00,0.0,0.0,0.0,0.0
2026-09-26T16:39:54.801609+00:00,0.0,0.0,0.0,0.0
2026-09-26T16:39:55.853003+00:00,0.0,0.0,0.0,0.0
2026-09-26T16:39:56.900255+00:00,0.0,0.0,0.0,0.0
2026-09-26T16:39:57.951756+00:00,0.0,0.0,0.0,0.0
2026-09-26T16:39:59.001250+00:00,0.0,0.0,0.0,0.0
2026-09-26T16:40:00.053256+00:00,0.0,0.0,0.0,0.0
2026-09-26T16:40:01.104327+00:00,0.0,0.0,0.0,0.0
2026-09-26T16:40:02.154242+00:00,0.0,0.0,0.0,0.0
2026-09-26T16:40:03.205655+00:00,0.0,0.0,0.0,0.0
2026-09-26T16:40:04.254599+00:00,0.0,0.0,0.0,0.0
2026-09-26T16:40:05.306474+00:00,0.0,0.0,0.0,0.0
2026-09-26T16:40:06.357429+00:00,0.0,0.0,0.0,0.0
2026-09-26T16:40:07.408062+00:00,0.0,0.0,0.0,0.0
2026-09-26T16:40:08.457883+00:00,0.0,0.0,0.0,0.0
2026-09-26T16:40:09.509197+00:00,0.0,0.0,0.0,0.0
2026-09-26T16:40:10.559554+00:00,0.0,0.0,0.0,0.0
2026-09-26T16:40:11.610798+00:00,0.0,0.0,0.0,0.0
2026-09-26T16:40:12.662600+00:00,0.0,0.0,0.0,0.0
2026-09-26T16:40:13.713306+00:00,0.0,0.0,0.0,0.0
2026-09-26T16:40:14.764098+00:00,0.0,0.0,0.0,0.0
2026-09-26T16:40:15.813317+00:00,0.0,0.0,0.0,0.0
2026-09-26T16:40:16.864128+00:00,0.0,0.0,0.0,0.0
2026-09-26T16:40:17.914671+00:00,0.0,0.0,0.0,0.0
2026-09-26T16:40:18.966681+00:00,0.0,0.0,0.0,0.0
2026-09-26T16:40:20.015944+00:00,0.0,0.0,0.0,0.0
2026-09-26T16:40:21.067346+00:00,0.0,0.0,0.0,0.0
2026-09-26T16:40:22.117865+00:00,0.0,0.0,0.0,0.0
2026-09-26T16:40:23.166556+00:00,0.0,0.0,0.0,0.0
2026-09-26T16:40:24.217168+00:00,0.0,0.0,0.0,0.0
2026-09-26T16:40:25.268027+00:00,0.0,0.0,0.0,0.0
2026-09-26T16:40:26.320057+00:00,0.0,0.0,0.0,0.0
2026-09-26T16:40:27.368656+00:00,0.0,0.0,0.0,0.0
2026-09-26T16:40:28.419407+00:00,0.0,0.0,0.0,0.0
2026-09-26T16:40:29.471345+00:00,0.0,0.0,0.0,0.0
2026-09-26T16:40:30.522806+00:00,0.0,0.0,0.0,0.0
2026-09-26T16:40:31.571335+00:00,0.0,0.0,0.0,0.0
2026-09-26T16:40:32.625791+00:00,0.0,0.0,0.0,0.0
2026-09-26T16:40:33.675524+00:00,0.0,0.0,0.0,0.0
2026-09-26T16:40:34.726002+00:00,0.0,0.0,0.0,0.0
2026-09-26T16:40:35.777016+00:00,0.0,0.0,0.0,0.0
2026-09-26T16:40:36.826665+00:00,0.0,0.0,0.0,0.0
2026-09-26T16:40:37.877534+00:00,0.0,0.0,0.0,0.0
2026-09-26T16:40:38.926242+00:00,0.0,0.0,0.0,0.0
2026-09-26T16:40:39.978605+00:00,0.0,0.0,0.0,0.0
2026-09-26T16:40:41.029914+00:00,0.0,0.0,0.0,0.0
2026-09-26T16:40:42.080877+00:00,0.0,0.0,0.0,0.0
2026-09-26T16:40:43.128512+00:00,0.0,0.0,0.0,0.0
2026-09-26T16:40:44.178026+00:00,0.0,0.0,0.0,0.0
2026-09-26T16:40:45.229083+00:00,0.0,0.0,0.0,0.0
2026-09-26T16:40:46.281340+00:00,0.0,0.0,0.0,0.0
2026-09-26T16:40:47.333970+00:00,0.0,0.0,0.0,0.0
2026-09-26T16:40:48.384140+00:00,0.0,0.0,0.0,0.0
2026-09-26T16:40:49.435417+00:00,0.0,0.0,0.0,0.0
2026-09-26T16:40:50.485779+00:00,0.0,0.0,0.0,0.0
2026-09-26T16:40:51.535805+00:00,0.0,0.0,0.0,0.0
2026-09-26T16:40:52.586545+00:00,0.0,0.0,0.0,0.0
2026-09-26T16:40:53.637395+00:00,0.0,0.0,0.0,0.0
2026-09-26T16:40:54.685870+00:00,0.0,0.0,0.0,0.0
2026-09-26T16:40:55.736605+00:00,0.0,0.0,0.0,0.0
2026-09-26T16:40:56.787404+00:00,0.0,0.0,0.0,0.0
2026-09-26T16:40:57.838600+00:00,0.0,0.0,0.0,0.0
2026-09-26T16:40:58.888876+00:00,0.0,0.0,0.0,0.0
2026-09-26T16:40:59.938806+00:00,0.0,0.0,0.0,0.0
2026-09-26T16:41:00.990057+00:00,0.0,0.0,0.0,0.0
2026-09-26T16:41:02.037376+00:00,0.0,0.0,0.0,0.0
2026-09-26T16:41:03.088656+00:00,0.0,0.0,0.0,0.0
2026-09-26T16:41:04.138359+00:00,0.0,0.0,0.0,0.0
2026-09-26T16:41:05.189671+00:00,0.0,0.0,0.0,0.0
2026-09-26T16:41:06.237613+00:00,0.0,0.0,0.0,0.0
2026-09-26T16:41:07.288489+00:00,0.0,0.0,0.0,0.0
2026-09-26T16:41:08.339062+00:00,0.0,0.0,0.0,0.0
2026-09-26T16:41:09.389657+00:00,0.0,0.0,0.0,0.0
2026-09-26T16:41:10.438518+00:00,0.0,0.0,0.0,0.0
2026-09-26T16:41:11.488937+00:00,0.0,0.0,0.0,0.0
2026-09-26T16:41:12.539905+00:00,0.0,0.0,0.0,0.0
2026-09-26T16:41:13.592101+00:00,0.0,0.0,0.0,0.0
2026-09-26T16:41:14.642414+00:00,0.0,0.0,0.0,0.0
2026-09-26T16:41:15.694686+00:00,0.0,0.0,0.0,0.0
2026-09-26T16:41:16.745405+00:00,0.0,0.0,0.0,0.0
2026-09-26T16:41:17.792662+00:00,0.0,0.0,0.0,0.0
2026-09-26T16:41:18.844124+00:00,0.0,0.0,0.0,0.0
2026-09-26T16:41:19.894268+00:00,0.0,0.0,0.0,0.0
2026-09-26T16:41:20.945263+00:00,0.0,0.0,0.0,0.0
2026-09-26T16:41:21.994225+00:00,0.0,0.0,0.0,0.0
2026-09-26T16:41:23.044738+00:00,0.0,0.0,0.0,0.0
2026-09-26T16:41:24.095528+00:00,0.0,0.0,0.0,0.0
2026-09-26T16:41:25.145503+00:00,0.0,0.0,0.0,0.0
2026-09-26T16:41:26.196241+00:00,0.0,0.0,0.0,0.0
2026-09-26T16:41:27.247237+00:00,0.0,0.0,0.0,0.0
2026-09-26T16:41:28.298898+00:00,0.0,0.0,0.0,0.0
2026-09-26T16:41:29.345140+00:00,0.0,0.0,0.0,0.0
2026-09-26T16:41:30.394391+00:00,0.0,0.0,0.0,0.0
2026-09-26T16:41:31.446967+00:00,0.0,0.0,0.0,0.0
2026-09-26T16:41:32.498456+00:00,0.0,0.0,0.0,0.0
2026-09-26T16:41:33.546109+00:00,0.0,0.0,0.0,0.0
2026-09-26T16:41:34.596983+00:00,0.0,0.0,0.0,0.0
2026-09-26T16:41:35.647614+00:00,0.0,0.0,0.0,0.0
2026-09-26T16:41:36.697636+00:00,0.0,0.0,0.0,0.0
2026-09-26T16:41:37.748325+00:00,0.0,0.0,0.0,0.0
2026-09-26T16:41:38.800022+00:00,0.0,0.0,0.0,0.0
2026-09-26T16:41:39.850846+00:00,0.0,0.0,0.0,0.0
2026-09-26T16:41:40.900120+00:00,0.0,0.0,0.0,0.0
2026-09-26T16:41:41.950512+00:00,0.0,0.0,0.0,0.0
2026-09-26T16:41:43.002499+00:00,0.0,0.0,0.0,0.0
2026-09-26T16:41:44.052796+00:00,0.0,0.0,0.0,0.0
2026-09-26T16:41:45.100655+00:00,0.0,0.0,0.0,0.0
2026-09-26T16:41:46.150159+00:00,0.0,0.0,0.0,0.0
2026-09-26T16:41:47.201012+00:00,0.0,0.0,0.0,0.0
2026-09-26T16:41:48.252110+00:00,0.0,0.0,0.0,0.0
2026-09-26T16:41:49.301660+00:00,0.0,0.0,0.0,0.0
2026-09-26T16:41:50.352555+00:00,0.0,0.0,0.0,0.0
2026-09-26T16:41:51.404665+00:00,0.0,0.0,0.0,0.0
2026-09-26T16:41:52.454702+00:00,0.0,0.0,0.0,0.0
2026-09-26T16:41:53.503730+00:00,0.0,0.0,0.0,0.0
2026-09-26T16:41:54.555551+00:00,0.0,0.0,0.0,0.0
2026-09-26T16:41:55.604870+00:00,0.0,0.0,0.0,0.0
2026-09-26T16:41:56.657816+00:00,0.0,0.0,0.0,0.0
2026-09-26T16:41:57.708938+00:00,0.0,0.0,0.0,0.0
2026-09-26T16:41:58.758669+00:00,0.0,0.0,0.0,0.0
2026-09-26T16:41:59.809694+00:00,0.0,0.0,0.0,0.0
2026-09-26T16:42:00.858423+00:00,0.0,0.0,0.0,0.0
2026-09-26T16:42:01.909068+00:00,0.0,0.0,0.0,0.0
2026-09-26T16:42:02.960357+00:00,0.0,0.0,0.0,0.0
2026-09-26T16:42:04.010602+00:00,0.0,0.0,0.0,0.0
2026-09-26T16:42:05.059430+00:00,0.0,0.0,0.0,0.0
2026-09-26T16:42:06.109744+00:00,0.0,0.0,0.0,0.0
2026-09-26T16:42:07.160653+00:00,0.0,0.0,0.0,0.0
2026-09-26T16:42:08.212277+00:00,0.0,0.0,0.0,0.0
2026-09-26T16:42:09.260112+00:00,0.0,0.0,0.0,0.0
2026-09-26T16:42:10.313415+00:00,0.0,0.0,0.0,0.0
2026-09-26T16:42:11.364606+00:00,0.0,0.0,0.0,0.0
2026-09-26T16:42:12.414926+00:00,0.0,0.0,0.0,0.0
2026-09-26T16:42:13.465496+00:00,0.0,0.0,0.0,0.0
2026-09-26T16:42:14.516975+00:00,0.0,0.0,0.0,0.0
2026-09-26T16:42:15.568207+00:00,0.0,0.0,0.0,0.0
2026-09-26T16:42:16.617268+00:00,0.0,0.0,0.0,0.0
2026-09-26T16:42:17.667413+00:00,0.0,0.0,0.0,0.0
2026-09-26T16:42:18.717202+00:00,0.0,0.0,0.0,0.0
2026-09-26T16:42:19.767915+00:00,0.0,0.0,0.0,0.0
2026-09-26T16:42:20.815697+00:00,0.0,0.0,0.0,0.0
2026-09-26T16:42:21.866265+00:00,0.0,0.0,0.0,0.0
2026-09-26T16:42:22.916688+00:00,0.0,0.0,0.0,0.0
2026-09-26T16:42:23.967678+00:00,0.0,0.0,0.0,0.0
2026-09-26T16:42:25.015863+00:00,0.0,0.0,0.0,0.0
2026-09-26T16:42:26.065244+00:00,0.0,0.0,0.0,0.0
2026-09-26T16:42:27.115994+00:00,0.0,0.0,0.0,0.0
2026-09-26T16:42:28.165791+00:00,0.0,0.0,0.0,0.0
2026-09-26T16:42:29.214537+00:00,0.0,0.0,0.0,0.0
2026-09-26T16:42:30.265148+00:00,0.0,0.0,0.0,0.0
2026-09-26T16:42:31.315624+00:00,0.0,0.0,0.0,0.0
2026-09-26T16:42:32.365459+00:00,0.0,0.0,0.0,0.0
2026-09-26T16:42:33.416359+00:00,0.0,0.0,0.0,0.0
2026-09-26T16:42:34.467617+00:00,0.0,0.0,0.0,0.0
2026-09-26T16:42:35.517855+00:00,0.0,0.0,0.0,0.0
2026-09-26T16:42:36.569722+00:00,0.0,0.0,0.0,0.0
2026-09-26T16:42:37.619288+00:00,0.0,0.0,0.0,0.0
2026-09-26T16:42:38.671185+00:00,0.0,0.0,0.0,0.0
2026-09-26T16:42:39.721553+00:00,0.0,0.0,0.0,0.0
2026-09-26T16:42:40.770512+00:00,0.0,0.0,0.0,0.0
2026-09-26T16:42:41.821498+00:00,0.0,0.0,0.0,0.0
2026-09-26T16:42:42.871217+00:00,0.0,0.0,0.0,0.0
2026-09-26T16:42:43.921707+00:00,0.0,0.0,0.0,0.0
2026-09-26T16:42:44.971344+00:00,0.0,0.0,0.0,0.0
2026-09-26T16:42:46.021146+00:00,0.0,0.0,0.0,0.0
2026-09-26T16:42:47.072674+00:00,0.0,0.0,0.0,0.0
2026-09-26T16:42:48.123523+00:00,0.0,0.0,0.0,0.0
2026-09-26T16:42:49.172730+00:00,0.0,0.0,0.0,0.0
2026-09-26T16:42:50.222634+00:00,0.0,0.0,0.0,0.0
2026-09-26T16:42:51.273086+00:00,0.0,0.0,0.0,0.0
2026-09-26T16:42:52.325557+00:00,0.0,0.0,0.0,0.0
2026-09-26T16:42:53.375188+00:00,0.0,0.0,0.0,0.0
2026-09-26T16:42:54.424910+00:00,0.0,0.0,0.0,0.0
2026-09-26T16:42:55.475729+00:00,0.0,0.0,0.0,0.0
2026-09-26T16:42:56.523166+00:00,0.0,0.0,0.0,0.0
2026-09-26T16:42:57.574862+00:00,0.0,0.0,0.0,0.0
2026-09-26T16:42:58.624782+00:00,0.0,0.0,0.0,0.0
2026-09-26T16:42:59.675779+00:00,0.0,0.0,0.0,0.0
2026-09-26T16:43:00.724923+00:00,0.0,0.0,0.0,0.0
2026-09-26T16:43:01.774424+00:00,0.0,0.0,0.0,0.0
2026-09-26T16:43:02.827101+00:00,0.0,0.0,0.0,0.0
2026-09-26T16:43:03.876720+00:00,0.0,0.0,0.0,0.0
2026-09-26T16:43:04.924432+00:00,0.0,0.0,0.0,0.0
2026-09-26T16:43:05.973916+00:00,0.0,0.0,0.0,0.0
2026-09-26T16:43:07.024166+00:00,0.0,0.0,0.0,0.0
2026-09-26T16:43:08.075321+00:00,0.0,0.0,0.0,0.0
2026-09-26T16:43:09.122967+00:00,0.0,0.0,0.0,0.0
2026-09-26T16:43:10.173336+00:00,0.0,0.0,0.0,0.0
2026-09-26T16:43:11.222484+00:00,0.0,0.0,0.0,0.0
2026-09-26T16:43:12.272649+00:00,0.0,0.0,0.0,0.0
2026-09-26T16:43:13.320670+00:00,0.0,0.0,0.0,0.0
2026-09-26T16:43:14.371306+00:00,0.0,0.0,0.0,0.0
2026-09-26T16:43:15.420348+00:00,0.0,0.0,0.0,0.0
2026-09-26T16:43:16.499730+00:00,0.0,0.0,0.0,0.0
2026-09-26T16:43:17.548853+00:00,0.0,0.0,0.0,0.0
2026-09-26T16:43:18.600459+00:00,0.0,0.0,0.0,0.0
2026-09-26T16:43:19.650548+00:00,0.0,0.0,0.0,0.0
2026-09-26T16:43:20.701870+00:00,0.0,0.0,0.0,0.0
2026-09-26T16:43:21.752498+00:00,0.0,0.0,0.0,0.0
2026-09-26T16:43:22.802342+00:00,0.0,0.0,0.0,0.0
2026-09-26T16:43:23.852226+00:00,0.0,0.0,0.0,0.0
2026-09-26T16:43:24.902220+00:00,0.0,0.0,0.0,0.0
2026-09-26T16:43:25.952070+00:00,0.0,0.0,0.0,0.0
2026-09-26T16:43:27.003477+00:00,0.0,0.0,0.0,0.0
2026-09-26T16:43:28.054111+00:00,0.0,0.0,0.0,0.0
2026-09-26T16:43:29.102649+00:00,0.0,0.0,0.0,0.0
2026-09-26T16:43:30.153981+00:00,0.0,0.0,0.0,0.0
2026-09-26T16:43:31.203880+00:00,0.0,0.0,0.0,0.0
2026-09-26T16:43:32.254000+00:00,0.0,0.0,0.0,0.0
2026-09-26T16:43:33.301400+00:00,0.0,0.0,0.0,0.0
2026-09-26T16:43:34.356316+00:00,0.0,0.0,0.0,0.0
2026-09-26T16:43:35.408682+00:00,0.0,0.0,0.0,0.0
2026-09-26T16:43:36.462106+00:00,0.0,0.0,0.0,0.0
2026-09-26T16:43:37.511559+00:00,0.0,0.0,0.0,0.0
2026-09-26T16:43:38.561780+00:00,0.0,0.0,0.0,0.0
2026-09-26T16:43:39.612565+00:00,0.0,0.0,0.0,0.0
2026-09-26T16:43:40.662807+00:00,0.0,0.0,0.0,0.0
2026-09-26T16:43:41.713838+00:00,0.0,0.0,0.0,0.0
2026-09-26T16:43:42.765961+00:00,0.0,0.0,0.0,0.0
2026-09-26T16:43:43.816120+00:00,0.0,0.0,0.0,0.0
2026-09-26T16:43:44.867153+00:00,0.0,0.0,0.0,0.0
2026-09-26T16:43:45.918519+00:00,0.0,0.0,0.0,0.0
2026-09-26T16:43:46.969537+00:00,0.0,0.0,0.0,0.0
2026-09-26T16:43:48.020363+00:00,0.0,0.0,0.0,0.0
2026-09-26T16:43:49.073332+00:00,0.0,0.0,0.0,0.0
2026-09-26T16:43:50.122494+00:00,0.0,0.0,0.0,0.0
2026-09-26T16:43:51.173084+00:00,0.0,0.0,0.0,0.0
2026-09-26T16:43:52.224717+00:00,0.0,0.0,0.0,0.0
2026-09-26T16:43:53.272479+00:00,0.0,0.0,0.0,0.0
2026-09-26T16:43:54.324273+00:00,0.0,0.0,0.0,0.0
2026-09-26T16:43:55.375814+00:00,0.0,0.0,0.0,0.0
2026-09-26T16:43:56.426195+00:00,0.0,0.0,0.0,0.0
2026-09-26T16:43:57.474966+00:00,0.0,0.0,0.0,0.0
2026-09-26T16:43:58.523368+00:00,0.0,0.0,0.0,0.0
2026-09-26T16:43:59.575287+00:00,0.0,0.0,0.0,0.0
2026-09-26T16:44:00.626027+00:00,0.0,0.0,0.0,0.0
2026-09-26T16:44:01.674741+00:00,0.0,0.0,0.0,0.0
2026-09-26T16:44:02.728381+00:00,0.0,0.0,0.0,0.0
2026-09-26T16:44:03.778622+00:00,0.0,0.0,0.0,0.0
2026-09-26T16:44:04.828416+00:00,0.0,0.0,0.0,0.0
2026-09-26T16:44:05.877706+00:00,0.0,0.0,0.0,0.0
2026-09-26T16:44:06.928655+00:00,0.0,0.0,0.0,0.0
2026-09-26T16:44:07.979798+00:00,0.0,0.0,0.0,0.0
2026-09-26T16:44:09.030348+00:00,0.0,0.0,0.0,0.0
2026-09-26T16:44:10.080076+00:00,0.0,0.0,0.0,0.0
2026-09-26T16:44:11.132446+00:00,0.0,0.0,0.0,0.0
2026-09-26T16:44:12.183976+00:00,0.0,0.0,0.0,0.0
2026-09-26T16:44:13.234682+00:00,0.0,0.0,0.0,0.0
2026-09-26T16:44:14.285323+00:00,0.0,0.0,0.0,0.0
2026-09-26T16:44:15.336843+00:00,0.0,0.0,0.0,0.0
2026-09-26T16:44:16.390369+00:00,0.0,0.0,0.0,0.0
2026-09-26T16:44:17.441687+00:00,0.0,0.0,0.0,0.0
2026-09-26T16:44:18.492171+00:00,0.0,0.0,0.0,0.0
2026-09-26T16:44:19.544147+00:00,0.0,0.0,0.0,0.0
2026-09-26T16:44:20.594065+00:00,0.0,0.0,0.0,0.0
2026-09-26T16:44:21.642994+00:00,0.0,0.0,0.0,0.0
2026-09-26T16:44:22.692875+00:00,0.0,0.0,0.0,0.0
2026-09-26T16:44:23.743761+00:00,0.0,0.0,0.0,0.0
2026-09-26T16:44:24.795748+00:00,0.0,0.0,0.0,0.0
2026-09-26T16:44:25.844272+00:00,0.0,0.0,0.0,0.0
2026-09-26T16:44:26.895082+00:00,0.0,0.0,0.0,0.0
2026-09-26T16:44:27.945897+00:00,0.0,0.0,0.0,0.0
2026-09-26T16:44:28.996501+00:00,0.0,0.0,0.0,0.0
2026-09-26T16:44:30.045698+00:00,0.0,0.0,0.0,0.0
2026-09-26T16:44:31.096681+00:00,0.0,0.0,0.0,0.0
2026-09-26T16:44:32.146694+00:00,0.0,0.0,0.0,0.0
2026-09-26T16:44:33.198012+00:00,0.0,0.0,0.0,0.0
2026-09-26T16:44:34.246061+00:00,0.0,0.0,0.0,0.0
2026-09-26T16:44:35.297040+00:00,0.0,0.0,0.0,0.0
2026-09-26T16:44:36.346748+00:00,0.0,0.0,0.0,0.0
2026-09-26T16:44:37.397064+00:00,0.0,0.0,0.0,0.0
2026-09-26T16:44:38.444977+00:00,0.0,0.0,0.0,0.0
2026-09-26T16:44:39.496438+00:00,0.0,0.0,0.0,0.0
2026-09-26T16:44:40.545626+00:00,0.0,0.0,0.0,0.0
2026-09-26T16:44:41.595913+00:00,0.0,0.0,0.0,0.0
2026-09-26T16:44:42.646430+00:00,0.0,0.0,0.0,0.0
2026-09-26T16:44:43.696076+00:00,0.0,0.0,0.0,0.0
2026-09-26T16:44:44.747866+00:00,0.0,0.0,0.0,0.0
2026-09-26T16:44:45.797116+00:00,0.0,0.0,0.0,0.0
2026-09-26T16:44:46.845033+00:00,0.0,0.0,0.0,0.0
2026-09-26T16:44:47.895092+00:00,0.0,0.0,0.0,0.0
2026-09-26T16:44:48.946084+00:00,0.0,0.0,0.0,0.0
2026-09-26T16:44:49.997753+00:00,0.0,0.0,0.0,0.0
2026-09-26T16:44:51.045325+00:00,0.0,0.0,0.0,0.0
2026-09-26T16:44:52.096075+00:00,0.0,0.0,0.0,0.0
2026-09-26T16:44:53.146448+00:00,0.0,0.0,0.0,0.0
2026-09-26T16:44:54.197408+00:00,0.0,0.0,0.0,0.0
2026-09-26T16:44:55.248440+00:00,0.0,0.0,0.0,0.0
2026-09-26T16:44:56.298524+00:00,0.0,0.0,0.0,0.0
2026-09-26T16:44:57.349557+00:00,0.0,0.0,0.0,0.0
2026-09-26T16:44:58.401901+00:00,0.0,0.0,0.0,0.0
2026-09-26T16:44:59.452066+00:00,0.0,0.0,0.0,0.0
2026-09-26T16:45:00.502480+00:00,0.0,0.0,0.0,0.0
2026-09-26T16:45:01.553783+00:00,0.0,0.0,0.0,0.0
2026-09-26T16:45:02.604124+00:00,0.0,0.0,0.0,0.0
2026-09-26T16:45:03.655230+00:00,0.0,0.0,0.0,0.0
2026-09-26T16:45:04.706535+00:00,0.0,0.0,0.0,0.0
2026-09-26T16:45:05.757117+00:00,0.0,0.0,0.0,0.0
2026-09-26T16:45:06.808029+00:00,0.0,0.0,0.0,0.0
2026-09-26T16:45:07.860546+00:00,0.0,0.0,0.0,0.0
2026-09-26T16:45:08.909647+00:00,0.0,0.0,0.0,0.0
2026-09-26T16:45:09.960280+00:00,0.0,0.0,0.0,0.0
2026-09-26T16:45:11.010574+00:00,0.0,0.0,0.0,0.0
2026-09-26T16:45:12.061022+00:00,0.0,0.0,0.0,0.0
2026-09-26T16:45:13.113492+00:00,0.0,0.0,0.0,0.0
2026-09-26T16:45:14.163567+00:00,0.0,0.0,0.0,0.0
2026-09-26T16:45:15.215042+00:00,0.0,0.0,0.0,0.0
2026-09-26T16:45:16.266014+00:00,0.0,0.0,0.0,0.0
2026-09-26T16:45:17.315873+00:00,0.0,0.0,0.0,0.0
2026-09-26T16:45:18.366102+00:00,0.0,0.0,0.0,0.0
2026-09-26T16:45:19.418728+00:00,0.0,0.0,0.0,0.0
2026-09-26T16:45:20.469641+00:00,0.0,0.0,0.0,0.0
2026-09-26T16:45:21.520106+00:00,0.0,0.0,0.0,0.0
2026-09-26T16:45:22.571764+00:00,0.0,0.0,0.0,0.0
2026-09-26T16:45:23.621415+00:00,0.0,0.0,0.0,0.0
2026-09-26T16:45:24.672647+00:00,0.0,0.0,0.0,0.0
2026-09-26T16:45:25.724168+00:00,0.0,0.0,0.0,0.0
2026-09-26T16:45:26.774093+00:00,0.0,0.0,0.0,0.0
2026-09-26T16:45:27.821715+00:00,0.0,0.0,0.0,0.0
2026-09-26T16:45:28.871031+00:00,0.0,0.0,0.0,0.0
2026-09-26T16:45:29.922391+00:00,0.0,0.0,0.0,0.0
2026-09-26T16:45:30.973703+00:00,0.0,0.0,0.0,0.0
2026-09-26T16:45:32.021844+00:00,0.0,0.0,0.0,0.0
2026-09-26T16:45:33.073555+00:00,0.0,0.0,0.0,0.0
2026-09-26T16:45:34.123860+00:00,0.0,0.0,0.0,0.0
2026-09-26T16:45:35.174789+00:00,0.0,0.0,0.0,0.0
2026-09-26T16:45:36.224311+00:00,0.0,0.0,0.0,0.0
2026-09-26T16:45:37.274841+00:00,0.0,0.0,0.0,0.0
2026-09-26T16:45:38.326139+00:00,0.0,0.0,0.0,0.0
2026-09-26T16:45:39.376441+00:00,0.0,0.0,0.0,0.0
2026-09-26T16:45:40.421510+00:00,0.0,0.0,0.0,0.0
2026-09-26T16:45:41.473696+00:00,0.0,0.0,0.0,0.0
2026-09-26T16:45:42.523735+00:00,0.0,0.0,0.0,0.0
2026-09-26T16:45:43.573115+00:00,0.0,0.0,0.0,0.0
2026-09-26T16:45:44.621673+00:00,0.0,0.0,0.0,0.0
2026-09-26T16:45:45.671259+00:00,0.0,0.0,0.0,0.0
2026-09-26T16:45:46.721799+00:00,0.0,0.0,0.0,0.0
2026-09-26T16:45:47.773191+00:00,0.0,0.0,0.0,0.0
2026-09-26T16:45:48.820858+00:00,0.0,0.0,0.0,0.0
2026-09-26T16:45:49.872287+00:00,0.0,0.0,0.0,0.0
2026-09-26T16:45:50.923002+00:00,0.0,0.0,0.0,0.0
2026-09-26T16:45:51.973483+00:00,0.0,0.0,0.0,0.0
2026-09-26T16:45:53.022787+00:00,0.0,0.0,0.0,0.0
2026-09-26T16:45:54.072176+00:00,0.0,0.0,0.0,0.0
2026-09-26T16:45:55.123319+00:00,0.0,0.0,0.0,0.0
2026-09-26T16:45:56.173083+00:00,0.0,0.0,0.0,0.0
2026-09-26T16:45:57.222916+00:00,0.0,0.0,0.0,0.0
2026-09-26T16:45:58.273056+00:00,0.0,0.0,0.0,0.0
2026-09-26T16:45:59.323374+00:00,0.0,0.0,0.0,0.0
2026-09-26T16:46:00.374551+00:00,0.0,0.0,0.0,0.0
2026-09-26T16:46:01.421647+00:00,0.0,0.0,0.0,0.0
2026-09-26T16:46:02.473248+00:00,0.0,0.0,0.0,0.0
2026-09-26T16:46:03.523279+00:00,0.0,0.0,0.0,0.0
2026-09-26T16:46:04.573455+00:00,0.0,0.0,0.0,0.0
2026-09-26T16:46:05.622596+00:00,0.0,0.0,0.0,0.0
2026-09-26T16:46:06.672927+00:00,0.0,0.0,0.0,0.0
2026-09-26T16:46:07.724377+00:00,0.0,0.0,0.0,0.0
2026-09-26T16:46:08.777553+00:00,0.0,0.0,0.0,0.0
2026-09-26T16:46:09.825833+00:00,0.0,0.0,0.0,0.0
2026-09-26T16:46:10.876688+00:00,0.0,0.0,0.0,0.0
2026-09-26T16:46:11.927707+00:00,0.0,0.0,0.0,0.0
2026-09-26T16:46:12.977796+00:00,0.0,0.0,0.0,0.0
2026-09-26T16:46:14.026236+00:00,0.0,0.0,0.0,0.0
2026-09-26T16:46:15.076339+00:00,0.0,0.0,0.0,0.0
2026-09-26T16:46:16.127598+00:00,0.0,0.0,0.0,0.0
2026-09-26T16:46:17.176872+00:00,0.0,0.0,0.0,0.0
2026-09-26T16:46:18.225795+00:00,0.0,0.0,0.0,0.0
2026-09-26T16:46:19.275554+00:00,0.0,0.0,0.0,0.0
2026-09-26T16:46:20.326056+00:00,0.0,0.0,0.0,0.0
2026-09-26T16:46:21.375528+00:00,0.0,0.0,0.0,0.0
2026-09-26T16:46:22.423597+00:00,0.0,0.0,0.0,0.0
2026-09-26T16:46:23.471419+00:00,0.0,0.0,0.0,0.0
2026-09-26T16:46:24.522936+00:00,0.0,0.0,0.0,0.0
2026-09-26T16:46:25.573313+00:00,0.0,0.0,0.0,0.0
2026-09-26T16:46:26.621546+00:00,0.0,0.0,0.0,0.0
2026-09-26T16:46:27.671009+00:00,0.0,0.0,0.0,0.0
2026-09-26T16:46:28.721648+00:00,0.0,0.0,0.0,0.0
2026-09-26T16:46:29.773266+00:00,0.0,0.0,0.0,0.0
2026-09-26T16:46:30.821527+00:00,0.0,0.0,0.0,0.0
2026-09-26T16:46:31.872478+00:00,0.0,0.0,0.0,0.0
2026-09-26T16:46:32.922629+00:00,0.0,0.0,0.0,0.0
2026-09-26T16:46:33.973646+00:00,0.0,0.0,0.0,0.0
2026-09-26T16:46:35.024386+00:00,0.0,0.0,0.0,0.0
2026-09-26T16:46:36.074050+00:00,0.0,0.0,0.0,0.0
2026-09-26T16:46:37.123411+00:00,0.0,0.0,0.0,0.0
2026-09-26T16:46:38.173559+00:00,0.0,0.0,0.0,0.0
2026-09-26T16:46:39.224093+00:00,0.0,0.0,0.0,0.0
2026-09-26T16:46:40.275171+00:00,0.0,0.0,0.0,0.0
2026-09-26T16:46:41.325268+00:00,0.0,0.0,0.0,0.0
2026-09-26T16:46:42.376613+00:00,0.0,0.0,0.0,0.0
2026-09-26T16:46:43.426768+00:00,0.0,0.0,0.0,0.0
2026-09-26T16:46:44.476526+00:00,0.0,0.0,0.0,0.0
2026-09-26T16:46:45.527935+00:00,0.0,0.0,0.0,0.0
2026-09-26T16:46:46.610028+00:00,0.0,0.0,0.0,0.0
2026-09-26T16:46:47.661005+00:00,0.0,0.0,0.0,0.0
2026-09-26T16:46:48.711293+00:00,0.0,0.0,0.0,0.0
2026-09-26T16:46:49.760800+00:00,0.0,0.0,0.0,0.0
2026-09-26T16:46:50.811993+00:00,0.0,0.0,0.0,0.0
2026-09-26T16:46:51.862635+00:00,0.0,0.0,0.0,0.0
2026-09-26T16:46:52.912012+00:00,0.0,0.0,0.0,0.0
2026-09-26T16:46:53.962641+00:00,0.0,0.0,0.0,0.0
2026-09-26T16:46:55.012764+00:00,0.0,0.0,0.0,0.0
2026-09-26T16:46:56.063402+00:00,0.0,0.0,0.0,0.0
2026-09-26T16:46:57.113054+00:00,0.0,0.0,0.0,0.0
2026-09-26T16:46:58.163126+00:00,0.0,0.0,0.0,0.0
2026-09-26T16:46:59.213987+00:00,0.0,0.0,0.0,0.0
2026-09-26T16:47:00.264708+00:00,0.0,0.0,0.0,0.0
2026-09-26T16:47:01.315120+00:00,0.0,0.0,0.0,0.0
2026-09-26T16:47:02.366952+00:00,0.0,0.0,0.0,0.0
2026-09-26T16:47:03.416813+00:00,0.0,0.0,0.0,0.0
2026-09-26T16:47:04.468035+00:00,0.0,0.0,0.0,0.0
2026-09-26T16:47:05.520029+00:00,0.0,0.0,0.0,0.0
2026-09-26T16:47:06.568822+00:00,0.0,0.0,0.0,0.0
2026-09-26T16:47:07.619869+00:00,0.0,0.0,0.0,0.0
2026-09-26T16:47:08.670358+00:00,0.0,0.0,0.0,0.0
2026-09-26T16:47:09.720984+00:00,0.0,0.0,0.0,0.0
2026-09-26T16:47:10.771839+00:00,0.0,0.0,0.0,0.0
2026-09-26T16:47:11.822548+00:00,0.0,0.0,0.0,0.0
2026-09-26T16:47:12.873304+00:00,0.0,0.0,0.0,0.0
2026-09-26T16:47:13.922923+00:00,0.0,0.0,0.0,0.0
2026-09-26T16:47:14.972747+00:00,0.0,0.0,0.0,0.0
2026-09-26T16:47:16.025048+00:00,0.0,0.0,0.0,0.0
2026-09-26T16:47:17.076966+00:00,0.0,0.0,0.0,0.0
2026-09-26T16:47:18.124596+00:00,0.0,0.0,0.0,0.0
2026-09-26T16:47:19.177972+00:00,0.0,0.0,0.0,0.0
2026-09-26T16:47:20.228264+00:00,0.0,0.0,0.0,0.0
2026-09-26T16:47:21.279228+00:00,0.0,0.0,0.0,0.0
2026-09-26T16:47:22.328442+00:00,0.0,0.0,0.0,0.0
2026-09-26T16:47:23.378811+00:00,0.0,0.0,0.0,0.0
2026-09-26T16:47:24.430176+00:00,0.0,0.0,0.0,0.0
2026-09-26T16:47:25.481871+00:00,0.0,0.0,0.0,0.0
2026-09-26T16:47:26.529682+00:00,0.0,0.0,0.0,0.0
2026-09-26T16:47:27.581338+00:00,0.0,0.0,0.0,0.0
2026-09-26T16:47:28.632748+00:00,0.0,0.0,0.0,0.0
2026-09-26T16:47:29.683258+00:00,0.0,0.0,0.0,0.0
2026-09-26T16:47:30.732330+00:00,0.0,0.0,0.0,0.0
2026-09-26T16:47:31.782552+00:00,0.0,0.0,0.0,0.0
2026-09-26T16:47:32.835172+00:00,0.0,0.0,0.0,0.0
2026-09-26T16:47:33.885703+00:00,0.0,0.0,0.0,0.0
2026-09-26T16:47:34.933744+00:00,0.0,0.0,0.0,0.0
2026-09-26T16:47:35.984767+00:00,0.0,0.0,0.0,0.0
2026-09-26T16:47:37.036040+00:00,0.0,0.0,0.0,0.0
2026-09-26T16:47:38.087403+00:00,0.0,0.0,0.0,0.0
2026-09-26T16:47:39.136526+00:00,0.0,0.0,0.0,0.0
2026-09-26T16:47:40.186907+00:00,0.0,0.0,0.0,0.0
2026-09-26T16:47:41.237730+00:00,0.0,0.0,0.0,0.0
2026-09-26T16:47:42.288477+00:00,0.0,0.0,0.0,0.0
2026-09-26T16:47:43.337975+00:00,0.0,0.0,0.0,0.0
2026-09-26T16:47:44.389278+00:00,0.0,0.0,0.0,0.0
2026-09-26T16:47:45.439724+00:00,0.0,0.0,0.0,0.0
2026-09-26T16:47:46.517500+00:00,0.0,0.0,0.0,0.0
2026-09-26T16:47:47.566447+00:00,0.0,0.0,0.0,0.0
2026-09-26T16:47:48.616863+00:00,0.0,0.0,0.0,0.0
2026-09-26T16:47:49.667859+00:00,0.0,0.0,0.0,0.0
2026-09-26T16:47:50.719418+00:00,0.0,0.0,0.0,0.0
2026-09-26T16:47:51.768993+00:00,0.0,0.0,0.0,0.0
2026-09-26T16:47:52.819209+00:00,0.0,0.0,0.0,0.0
2026-09-26T16:47:53.869167+00:00,0.0,0.0,0.0,0.0
2026-09-26T16:47:54.919984+00:00,0.0,0.0,0.0,0.0
2026-09-26T16:47:55.971309+00:00,0.0,0.0,0.0,0.0
2026-09-26T16:47:57.019879+00:00,0.0,0.0,0.0,0.0
2026-09-26T16:47:58.070792+00:00,0.0,0.0,0.0,0.0
2026-09-26T16:47:59.121619+00:00,0.0,0.0,0.0,0.0
2026-09-26T16:48:00.172521+00:00,0.0,0.0,0.0,0.0
2026-09-26T16:48:01.221142+00:00,0.0,0.0,0.0,0.0
2026-09-26T16:48:02.272632+00:00,0.0,0.0,0.0,0.0
2026-09-26T16:48:03.323498+00:00,0.0,0.0,0.0,0.0
2026-09-26T16:48:04.375787+00:00,0.0,0.0,0.0,0.0
2026-09-26T16:48:05.424630+00:00,0.0,0.0,0.0,0.0
2026-09-26T16:48:06.475374+00:00,0.0,0.0,0.0,0.0
2026-09-26T16:48:07.526962+00:00,0.0,0.0,0.0,0.0
2026-09-26T16:48:08.577566+00:00,0.0,0.0,0.0,0.0
2026-09-26T16:48:09.626408+00:00,0.0,0.0,0.0,0.0
2026-09-26T16:48:10.677325+00:00,0.0,0.0,0.0,0.0
2026-09-26T16:48:11.727874+00:00,0.0,0.0,0.0,0.0
2026-09-26T16:48:12.779485+00:00,0.0,0.0,0.0,0.0
2026-09-26T16:48:13.828833+00:00,0.0,0.0,0.0,0.0
2026-09-26T16:48:14.880812+00:00,0.0,0.0,0.0,0.0
2026-09-26T16:48:15.931466+00:00,0.0,0.0,0.0,0.0
2026-09-26T16:48:16.983265+00:00,0.0,0.0,0.0,0.0
2026-09-26T16:48:18.033344+00:00,0.0,0.0,0.0,0.0
2026-09-26T16:48:19.083896+00:00,0.0,0.0,0.0,0.0
2026-09-26T16:48:20.134459+00:00,0.0,0.0,0.0,0.0
2026-09-26T16:48:21.185416+00:00,0.0,0.0,0.0,0.0
2026-09-26T16:48:22.237074+00:00,0.0,0.0,0.0,0.0
2026-09-26T16:48:23.286670+00:00,0.0,0.0,0.0,0.0
2026-09-26T16:48:24.336730+00:00,0.0,0.0,0.0,0.0
2026-09-26T16:48:25.388304+00:00,0.0,0.0,0.0,0.0
2026-09-26T16:48:26.438685+00:00,0.0,0.0,0.0,0.0
2026-09-26T16:48:27.489235+00:00,0.0,0.0,0.0,0.0
2026-09-26T16:48:28.539959+00:00,0.0,0.0,0.0,0.0
2026-09-26T16:48:29.592199+00:00,0.0,0.0,0.0,0.0
2026-09-26T16:48:30.643054+00:00,0.0,0.0,0.0,0.0
2026-09-26T16:48:31.694366+00:00,0.0,0.0,0.0,0.0
2026-09-26T16:48:32.744528+00:00,0.0,0.0,0.0,0.0
2026-09-26T16:48:33.795261+00:00,0.0,0.0,0.0,0.0
2026-09-26T16:48:34.846372+00:00,0.0,0.0,0.0,0.0
2026-09-26T16:48:35.895068+00:00,0.0,0.0,0.0,0.0
2026-09-26T16:48:36.946428+00:00,0.0,0.0,0.0,0.0
2026-09-26T16:48:37.996529+00:00,0.0,0.0,0.0,0.0
2026-09-26T16:48:39.046477+00:00,0.0,0.0,0.0,0.0
2026-09-26T16:48:40.094421+00:00,0.0,0.0,0.0,0.0
2026-09-26T16:48:41.144797+00:00,0.0,0.0,0.0,0.0
2026-09-26T16:48:42.197064+00:00,0.0,0.0,0.0,0.0
2026-09-26T16:48:43.245955+00:00,0.0,0.0,0.0,0.0
2026-09-26T16:48:44.294683+00:00,0.0,0.0,0.0,0.0
2026-09-26T16:48:45.344652+00:00,0.0,0.0,0.0,0.0
2026-09-26T16:48:46.396464+00:00,0.0,0.0,0.0,0.0
2026-09-26T16:48:47.447414+00:00,0.0,0.0,0.0,0.0
2026-09-26T16:48:48.497539+00:00,0.0,0.0,0.0,0.0
2026-09-26T16:48:49.548083+00:00,0.0,0.0,0.0,0.0
2026-09-26T16:48:50.597844+00:00,0.0,0.0,0.0,0.0
2026-09-26T16:48:51.648955+00:00,0.0,0.0,0.0,0.0
2026-09-26T16:48:52.699729+00:00,0.0,0.0,0.0,0.0
2026-09-26T16:48:53.749682+00:00,0.0,0.0,0.0,0.0
2026-09-26T16:48:54.801005+00:00,0.0,0.0,0.0,0.0
2026-09-26T16:48:55.853244+00:00,0.0,0.0,0.0,0.0
2026-09-26T16:48:56.906260+00:00,0.0,0.0,0.0,0.0
2026-09-26T16:48:57.953928+00:00,0.0,0.0,0.0,0.0
2026-09-26T16:48:59.003768+00:00,0.0,0.0,0.0,0.0
2026-09-26T16:49:00.055066+00:00,0.0,0.0,0.0,0.0
2026-09-26T16:49:01.106566+00:00,0.0,0.0,0.0,0.0
2026-09-26T16:49:02.154787+00:00,0.0,0.0,0.0,0.0
2026-09-26T16:49:03.205308+00:00,0.0,0.0,0.0,0.0
2026-09-26T16:49:04.259059+00:00,0.0,0.0,0.0,0.0
2026-09-26T16:49:05.309273+00:00,0.0,0.0,0.0,0.0
2026-09-26T16:49:06.358227+00:00,0.0,0.0,0.0,0.0
2026-09-26T16:49:07.408559+00:00,0.0,0.0,0.0,0.0
2026-09-26T16:49:08.459051+00:00,0.0,0.0,0.0,0.0
2026-09-26T16:49:09.510483+00:00,0.0,0.0,0.0,0.0
2026-09-26T16:49:10.557704+00:00,0.0,0.0,0.0,0.0
2026-09-26T16:49:11.607119+00:00,0.0,0.0,0.0,0.0
2026-09-26T16:49:12.658750+00:00,0.0,0.0,0.0,0.0
2026-09-26T16:49:13.709241+00:00,0.0,0.0,0.0,0.0
2026-09-26T16:49:14.760618+00:00,0.0,0.0,0.0,0.0
2026-09-26T16:49:15.810399+00:00,0.0,0.0,0.0,0.0
2026-09-26T16:49:16.861972+00:00,0.0,0.0,0.0,0.0
2026-09-26T16:49:17.913108+00:00,0.0,0.0,0.0,0.0
2026-09-26T16:49:18.963681+00:00,0.0,0.0,0.0,0.0
2026-09-26T16:49:20.014286+00:00,0.0,0.0,0.0,0.0
2026-09-26T16:49:21.063791+00:00,0.0,0.0,0.0,0.0
2026-09-26T16:49:22.113025+00:00,0.0,0.0,0.0,0.0
2026-09-26T16:49:23.164030+00:00,0.0,0.0,0.0,0.0
2026-09-26T16:49:24.212049+00:00,0.0,0.0,0.0,0.0
2026-09-26T16:49:25.264072+00:00,0.0,0.0,0.0,0.0
2026-09-26T16:49:26.313654+00:00,0.0,0.0,0.0,0.0
2026-09-26T16:49:27.364167+00:00,0.0,0.0,0.0,0.0
2026-09-26T16:49:28.413135+00:00,0.0,0.0,0.0,0.0
2026-09-26T16:49:29.463854+00:00,0.0,0.0,0.0,0.0
2026-09-26T16:49:30.514948+00:00,0.0,0.0,0.0,0.0
2026-09-26T16:49:31.565134+00:00,0.0,0.0,0.0,0.0
2026-09-26T16:49:32.616036+00:00,0.0,0.0,0.0,0.0
2026-09-26T16:49:33.665537+00:00,0.0,0.0,0.0,0.0
2026-09-26T16:49:34.715456+00:00,0.0,0.0,0.0,0.0
2026-09-26T16:49:35.766799+00:00,0.0,0.0,0.0,0.0
2026-09-26T16:49:36.816785+00:00,0.0,0.0,0.0,0.0
2026-09-26T16:49:37.868687+00:00,0.0,0.0,0.0,0.0
2026-09-26T16:49:38.923346+00:00,0.0,0.0,0.0,0.0
2026-09-26T16:49:39.977317+00:00,0.0,0.0,0.0,0.0
2026-09-26T16:49:41.028273+00:00,0.0,0.0,0.0,0.0
2026-09-26T16:49:42.076971+00:00,0.0,0.0,0.0,0.0
2026-09-26T16:49:43.127488+00:00,0.0,0.0,0.0,0.0
2026-09-26T16:49:44.177045+00:00,0.0,0.0,0.0,0.0
2026-09-26T16:49:45.227956+00:00,0.0,0.0,0.0,0.0
2026-09-26T16:49:46.275988+00:00,0.0,0.0,0.0,0.0
2026-09-26T16:49:47.326419+00:00,0.0,0.0,0.0,0.0
2026-09-26T16:49:48.376289+00:00,0.0,0.0,0.0,0.0
2026-09-26T16:49:49.427689+00:00,0.0,0.0,0.0,0.0
2026-09-26T16:49:50.477288+00:00,0.0,0.0,0.0,0.0
2026-09-26T16:49:51.527308+00:00,0.0,0.0,0.0,0.0
2026-09-26T16:49:52.577975+00:00,0.0,0.0,0.0,0.0
2026-09-26T16:49:53.628134+00:00,0.0,0.0,0.0,0.0
2026-09-26T16:49:54.676832+00:00,0.0,0.0,0.0,0.0
2026-09-26T16:49:55.727302+00:00,0.0,0.0,0.0,0.0
2026-09-26T16:49:56.777813+00:00,0.0,0.0,0.0,0.0
2026-09-26T16:49:57.828974+00:00,0.0,0.0,0.0,0.0
2026-09-26T16:49:58.877752+00:00,0.0,0.0,0.0,0.0
2026-09-26T16:49:59.929251+00:00,0.0,0.0,0.0,0.0
2026-09-26T16:50:00.980333+00:00,0.0,0.0,0.0,0.0
2026-09-26T16:50:02.030727+00:00,0.0,0.0,0.0,0.0
2026-09-26T16:50:03.081169+00:00,0.0,0.0,0.0,0.0
2026-09-26T16:50:04.130838+00:00,0.0,0.0,0.0,0.0
2026-09-26T16:50:05.181347+00:00,0.0,0.0,0.0,0.0
2026-09-26T16:50:06.231999+00:00,0.0,0.0,0.0,0.0
2026-09-26T16:50:07.285655+00:00,0.0,0.0,0.0,0.0
2026-09-26T16:50:08.333367+00:00,0.0,0.0,0.0,0.0
2026-09-26T16:50:09.384450+00:00,0.0,0.0,0.0,0.0
2026-09-26T16:50:10.435281+00:00,0.0,0.0,0.0,0.0
2026-09-26T16:50:11.485952+00:00,0.0,0.0,0.0,0.0
2026-09-26T16:50:12.533787+00:00,0.0,0.0,0.0,0.0
2026-09-26T16:50:13.584884+00:00,0.0,0.0,0.0,0.0
2026-09-26T16:50:14.635751+00:00,0.0,0.0,0.0,0.0
2026-09-26T16:50:15.686442+00:00,0.0,0.0,0.0,0.0
2026-09-26T16:50:16.736464+00:00,0.0,0.0,0.0,0.0
2026-09-26T16:50:17.786486+00:00,0.0,0.0,0.0,0.0
2026-09-26T16:50:18.836395+00:00,0.0,0.0,0.0,0.0
2026-09-26T16:50:19.886291+00:00,0.0,0.0,0.0,0.0
2026-09-26T16:50:20.936993+00:00,0.0,0.0,0.0,0.0
2026-09-26T16:50:21.990081+00:00,0.0,0.0,0.0,0.0
2026-09-26T16:50:23.041073+00:00,0.0,0.0,0.0,0.0
2026-09-26T16:50:24.091256+00:00,0.0,0.0,0.0,0.0
2026-09-26T16:50:25.142350+00:00,0.0,0.0,0.0,0.0
2026-09-26T16:50:26.190098+00:00,0.0,0.0,0.0,0.0
2026-09-26T16:50:27.240103+00:00,0.0,0.0,0.0,0.0
2026-09-26T16:50:28.290691+00:00,0.0,0.0,0.0,0.0
2026-09-26T16:50:29.341858+00:00,0.0,0.0,0.0,0.0
2026-09-26T16:50:30.391416+00:00,0.0,0.0,0.0,0.0
2026-09-26T16:50:31.441848+00:00,0.0,0.0,0.0,0.0
2026-09-26T16:50:32.493662+00:00,0.0,0.0,0.0,0.0
2026-09-26T16:50:33.542753+00:00,0.0,0.0,0.0,0.0
2026-09-26T16:50:34.591351+00:00,0.0,0.0,0.0,0.0
2026-09-26T16:50:35.642251+00:00,0.0,0.0,0.0,0.0
2026-09-26T16:50:36.691019+00:00,0.0,0.0,0.0,0.0
2026-09-26T16:50:37.740782+00:00,0.0,0.0,0.0,0.0
2026-09-26T16:50:38.791369+00:00,0.0,0.0,0.0,0.0
2026-09-26T16:50:39.841828+00:00,0.0,0.0,0.0,0.0
2026-09-26T16:50:40.891384+00:00,0.0,0.0,0.0,0.0
2026-09-26T16:50:41.942395+00:00,0.0,0.0,0.0,0.0
2026-09-26T16:50:42.993708+00:00,0.0,0.0,0.0,0.0
2026-09-26T16:50:44.042200+00:00,0.0,0.0,0.0,0.0
2026-09-26T16:50:45.093275+00:00,0.0,0.0,0.0,0.0
2026-09-26T16:50:46.143768+00:00,0.0,0.0,0.0,0.0
2026-09-26T16:50:47.194558+00:00,0.0,0.0,0.0,0.0
2026-09-26T16:50:48.244280+00:00,0.0,0.0,0.0,0.0
2026-09-26T16:50:49.295547+00:00,0.0,0.0,0.0,0.0
2026-09-26T16:50:50.344922+00:00,0.0,0.0,0.0,0.0
2026-09-26T16:50:51.395904+00:00,0.0,0.0,0.0,0.0
2026-09-26T16:50:52.445544+00:00,0.0,0.0,0.0,0.0
2026-09-26T16:50:53.494901+00:00,0.0,0.0,0.0,0.0
2026-09-26T16:50:54.545416+00:00,0.0,0.0,0.0,0.0
2026-09-26T16:50:55.597106+00:00,0.0,0.0,0.0,0.0
2026-09-26T16:50:56.646937+00:00,0.0,0.0,0.0,0.0
2026-09-26T16:50:57.695267+00:00,0.0,0.0,0.0,0.0
2026-09-26T16:50:58.744670+00:00,0.0,0.0,0.0,0.0
2026-09-26T16:50:59.795110+00:00,0.0,0.0,0.0,0.0
2026-09-26T16:51:00.844746+00:00,0.0,0.0,0.0,0.0
2026-09-26T16:51:01.895516+00:00,0.0,0.0,0.0,0.0
2026-09-26T16:51:02.946195+00:00,0.0,0.0,0.0,0.0
2026-09-26T16:51:03.997756+00:00,0.0,0.0,0.0,0.0
2026-09-26T16:51:05.048000+00:00,0.0,0.0,0.0,0.0
2026-09-26T16:51:06.095564+00:00,0.0,0.0,0.0,0.0
2026-09-26T16:51:07.147019+00:00,0.0,0.0,0.0,0.0
2026-09-26T16:51:08.198326+00:00,0.0,0.0,0.0,0.0
2026-09-26T16:51:09.250445+00:00,0.0,0.0,0.0,0.0
2026-09-26T16:51:10.301363+00:00,0.0,0.0,0.0,0.0
2026-09-26T16:51:11.352330+00:00,0.0,0.0,0.0,0.0
2026-09-26T16:51:12.401897+00:00,0.0,0.0,0.0,0.0
2026-09-26T16:51:13.452484+00:00,0.0,0.0,0.0,0.0
2026-09-26T16:51:14.502420+00:00,0.0,0.0,0.0,0.0
2026-09-26T16:51:15.551011+00:00,0.0,0.0,0.0,0.0
2026-09-26T16:51:16.626900+00:00,0.0,0.0,0.0,0.0
2026-09-26T16:51:17.679007+00:00,0.0,0.0,0.0,0.0
2026-09-26T16:51:18.729986+00:00,0.0,0.0,0.0,0.0
2026-09-26T16:51:19.777430+00:00,0.0,0.0,0.0,0.0
2026-09-26T16:51:20.828869+00:00,0.0,0.0,0.0,0.0
2026-09-26T16:51:21.879491+00:00,0.0,0.0,0.0,0.0
2026-09-26T16:51:22.930616+00:00,0.0,0.0,0.0,0.0
2026-09-26T16:51:23.979858+00:00,0.0,0.0,0.0,0.0
2026-09-26T16:51:25.030496+00:00,0.0,0.0,0.0,0.0
2026-09-26T16:51:26.081839+00:00,0.0,0.0,0.0,0.0
2026-09-26T16:51:27.132367+00:00,0.0,0.0,0.0,0.0
2026-09-26T16:51:28.182985+00:00,0.0,0.0,0.0,0.0
2026-09-26T16:51:29.233562+00:00,0.0,0.0,0.0,0.0
2026-09-26T16:51:30.283415+00:00,0.0,0.0,0.0,0.0
2026-09-26T16:51:31.334707+00:00,0.0,0.0,0.0,0.0
2026-09-26T16:51:32.385056+00:00,0.0,0.0,0.0,0.0
2026-09-26T16:51:33.433182+00:00,0.0,0.0,0.0,0.0
2026-09-26T16:51:34.482545+00:00,0.0,0.0,0.0,0.0
2026-09-26T16:51:35.533305+00:00,0.0,0.0,0.0,0.0
2026-09-26T16:51:36.584405+00:00,0.0,0.0,0.0,0.0
2026-09-26T16:51:37.632662+00:00,0.0,0.0,0.0,0.0
2026-09-26T16:51:38.683421+00:00,0.0,0.0,0.0,0.0
2026-09-26T16:51:39.733130+00:00,0.0,0.0,0.0,0.0
2026-09-26T16:51:40.783501+00:00,0.0,0.0,0.0,0.0
2026-09-26T16:51:41.836339+00:00,0.0,0.0,0.0,0.0
2026-09-26T16:51:42.887172+00:00,0.0,0.0,0.0,0.0
2026-09-26T16:51:43.937270+00:00,0.0,0.0,0.0,0.0
2026-09-26T16:51:44.988065+00:00,0.0,0.0,0.0,0.0
2026-09-26T16:51:46.040284+00:00,0.0,0.0,0.0,0.0
2026-09-26T16:51:47.089605+00:00,0.0,0.0,0.0,0.0
2026-09-26T16:51:48.139892+00:00,0.0,0.0,0.0,0.0
2026-09-26T16:51:49.190375+00:00,0.0,0.0,0.0,0.0
2026-09-26T16:51:50.240869+00:00,0.0,0.0,0.0,0.0
2026-09-26T16:51:51.289533+00:00,0.0,0.0,0.0,0.0
2026-09-26T16:51:52.339633+00:00,0.0,0.0,0.0,0.0
2026-09-26T16:51:53.390356+00:00,0.0,0.0,0.0,0.0
2026-09-26T16:51:54.440493+00:00,0.0,0.0,0.0,0.0
2026-09-26T16:51:55.491452+00:00,0.0,0.0,0.0,0.0
2026-09-26T16:51:56.541719+00:00,0.0,0.0,0.0,0.0
2026-09-26T16:51:57.591664+00:00,0.0,0.0,0.0,0.0
2026-09-26T16:51:58.642751+00:00,0.0,0.0,0.0,0.0
2026-09-26T16:51:59.692601+00:00,0.0,0.0,0.0,0.0
2026-09-26T16:52:00.741238+00:00,0.0,0.0,0.0,0.0
2026-09-26T16:52:01.790417+00:00,0.0,0.0,0.0,0.0
2026-09-26T16:52:02.842096+00:00,0.0,0.0,0.0,0.0
2026-09-26T16:52:03.892238+00:00,0.0,0.0,0.0,0.0
2026-09-26T16:52:04.940004+00:00,0.0,0.0,0.0,0.0
2026-09-26T16:52:05.990281+00:00,0.0,0.0,0.0,0.0
2026-09-26T16:52:07.041324+00:00,0.0,0.0,0.0,0.0
2026-09-26T16:52:08.093441+00:00,0.0,0.0,0.0,0.0
2026-09-26T16:52:09.143356+00:00,0.0,0.0,0.0,0.0
2026-09-26T16:52:10.195710+00:00,0.0,0.0,0.0,0.0
2026-09-26T16:52:11.246950+00:00,0.0,0.0,0.0,0.0
2026-09-26T16:52:12.297016+00:00,0.0,0.0,0.0,0.0
2026-09-26T16:52:13.350432+00:00,0.0,0.0,0.0,0.0
2026-09-26T16:52:14.398660+00:00,0.0,0.0,0.0,0.0
2026-09-26T16:52:15.448575+00:00,0.0,0.0,0.0,0.0
2026-09-26T16:52:16.501479+00:00,0.0,0.0,0.0,0.0
2026-09-26T16:52:17.552546+00:00,0.0,0.0,0.0,0.0
2026-09-26T16:52:18.600567+00:00,0.0,0.0,0.0,0.0
2026-09-26T16:52:19.652071+00:00,0.0,0.0,0.0,0.0
2026-09-26T16:52:20.702431+00:00,0.0,0.0,0.0,0.0
2026-09-26T16:52:21.753686+00:00,0.0,0.0,0.0,0.0
2026-09-26T16:52:22.807003+00:00,0.0,0.0,0.0,0.0
2026-09-26T16:52:23.855624+00:00,0.0,0.0,0.0,0.0
2026-09-26T16:52:24.906510+00:00,0.0,0.0,0.0,0.0
2026-09-26T16:52:25.958193+00:00,0.0,0.0,0.0,0.0
2026-09-26T16:52:27.008347+00:00,0.0,0.0,0.0,0.0
2026-09-26T16:52:28.055477+00:00,0.0,0.0,0.0,0.0
2026-09-26T16:52:29.105274+00:00,0.0,0.0,0.0,0.0
2026-09-26T16:52:30.156871+00:00,0.0,0.0,0.0,0.0
2026-09-26T16:52:31.207344+00:00,0.0,0.0,0.0,0.0
2026-09-26T16:52:32.257432+00:00,0.0,0.0,0.0,0.0
2026-09-26T16:52:33.314134+00:00,0.0,0.0,0.0,0.0
2026-09-26T16:52:34.364159+00:00,0.0,0.0,0.0,0.0
2026-09-26T16:52:35.414874+00:00,0.0,0.0,0.0,0.0
2026-09-26T16:52:36.464676+00:00,0.0,0.0,0.0,0.0
2026-09-26T16:52:37.513915+00:00,0.0,0.0,0.0,0.0
2026-09-26T16:52:38.563204+00:00,0.0,0.0,0.0,0.0
2026-09-26T16:52:39.614551+00:00,0.0,0.0,0.0,0.0
2026-09-26T16:52:40.662747+00:00,0.0,0.0,0.0,0.0
2026-09-26T16:52:41.711780+00:00,0.0,0.0,0.0,0.0
2026-09-26T16:52:42.761025+00:00,0.0,0.0,0.0,0.0
2026-09-26T16:52:43.811078+00:00,0.0,0.0,0.0,0.0
2026-09-26T16:52:44.861467+00:00,0.0,0.0,0.0,0.0
2026-09-26T16:52:45.912351+00:00,0.0,0.0,0.0,0.0
2026-09-26T16:52:46.961375+00:00,0.0,0.0,0.0,0.0
2026-09-26T16:52:48.012335+00:00,0.0,0.0,0.0,0.0
2026-09-26T16:52:49.062746+00:00,0.0,0.0,0.0,0.0
2026-09-26T16:52:50.112830+00:00,0.0,0.0,0.0,0.0
2026-09-26T16:52:51.162100+00:00,0.0,0.0,0.0,0.0
2026-09-26T16:52:52.212284+00:00,0.0,0.0,0.0,0.0
2026-09-26T16:52:53.263258+00:00,0.0,0.0,0.0,0.0
2026-09-26T16:52:54.312682+00:00,0.0,0.0,0.0,0.0
2026-09-26T16:52:55.362935+00:00,0.0,0.0,0.0,0.0
2026-09-26T16:52:56.411819+00:00,0.0,0.0,0.0,0.0
2026-09-26T16:52:57.462304+00:00,0.0,0.0,0.0,0.0
2026-09-26T16:52:58.514400+00:00,0.0,0.0,0.0,0.0
2026-09-26T16:52:59.564718+00:00,0.0,0.0,0.0,0.0
2026-09-26T16:53:00.616084+00:00,0.0,0.0,0.0,0.0
2026-09-26T16:53:01.667556+00:00,0.0,0.0,0.0,0.0
2026-09-26T16:53:02.717562+00:00,0.0,0.0,0.0,0.0
2026-09-26T16:53:03.768596+00:00,0.0,0.0,0.0,0.0
2026-09-26T16:53:04.818001+00:00,0.0,0.0,0.0,0.0
2026-09-26T16:53:05.868604+00:00,0.0,0.0,0.0,0.0
2026-09-26T16:53:06.919532+00:00,0.0,0.0,0.0,0.0
2026-09-26T16:53:07.969809+00:00,0.0,0.0,0.0,0.0
2026-09-26T16:53:09.022112+00:00,0.0,0.0,0.0,0.0
2026-09-26T16:53:10.071164+00:00,0.0,0.0,0.0,0.0
2026-09-26T16:53:11.121762+00:00,0.0,0.0,0.0,0.0
2026-09-26T16:53:12.173179+00:00,0.0,0.0,0.0,0.0
2026-09-26T16:53:13.225007+00:00,0.0,0.0,0.0,0.0
2026-09-26T16:53:14.273214+00:00,0.0,0.0,0.0,0.0
2026-09-26T16:53:15.324560+00:00,0.0,0.0,0.0,0.0
2026-09-26T16:53:16.377008+00:00,0.0,0.0,0.0,0.0
2026-09-26T16:53:17.426274+00:00,0.0,0.0,0.0,0.0
2026-09-26T16:53:18.477253+00:00,0.0,0.0,0.0,0.0
2026-09-26T16:53:19.526009+00:00,0.0,0.0,0.0,0.0
2026-09-26T16:53:20.576576+00:00,0.0,0.0,0.0,0.0
2026-09-26T16:53:21.625552+00:00,0.0,0.0,0.0,0.0
2026-09-26T16:53:22.676337+00:00,0.0,0.0,0.0,0.0
2026-09-26T16:53:23.723132+00:00,0.0,0.0,0.0,0.0
2026-09-26T16:53:24.774056+00:00,0.0,0.0,0.0,0.0
2026-09-26T16:53:25.824088+00:00,0.0,0.0,0.0,0.0
2026-09-26T16:53:26.874436+00:00,0.0,0.0,0.0,0.0
2026-09-26T16:53:27.922884+00:00,0.0,0.0,0.0,0.0
2026-09-26T16:53:28.973295+00:00,0.0,0.0,0.0,0.0
2026-09-26T16:53:30.023940+00:00,0.0,0.0,0.0,0.0
2026-09-26T16:53:31.074167+00:00,0.0,0.0,0.0,0.0
2026-09-26T16:53:32.124725+00:00,0.0,0.0,0.0,0.0
2026-09-26T16:53:33.174653+00:00,0.0,0.0,0.0,0.0
2026-09-26T16:53:34.224549+00:00,0.0,0.0,0.0,0.0
2026-09-26T16:53:35.277935+00:00,0.0,0.0,0.0,0.0
2026-09-26T16:53:36.335313+00:00,0.0,0.0,0.0,0.0
2026-09-26T16:53:37.387286+00:00,0.0,0.0,0.0,0.0
2026-09-26T16:53:38.435978+00:00,0.0,0.0,0.0,0.0
2026-09-26T16:53:39.487486+00:00,0.0,0.0,0.0,0.0
2026-09-26T16:53:40.538665+00:00,0.0,0.0,0.0,0.0
2026-09-26T16:53:41.587422+00:00,0.0,0.0,0.0,0.0
2026-09-26T16:53:42.639112+00:00,0.0,0.0,0.0,0.0
2026-09-26T16:53:43.688361+00:00,0.0,0.0,0.0,0.0
2026-09-26T16:53:44.738884+00:00,0.0,0.0,0.0,0.0
2026-09-26T16:53:45.789570+00:00,0.0,0.0,0.0,0.0
2026-09-26T16:53:46.838324+00:00,0.0,0.0,0.0,0.0
2026-09-26T16:53:47.888490+00:00,0.0,0.0,0.0,0.0
2026-09-26T16:53:48.939737+00:00,0.0,0.0,0.0,0.0
2026-09-26T16:53:49.991919+00:00,0.0,0.0,0.0,0.0
2026-09-26T16:53:51.039125+00:00,0.0,0.0,0.0,0.0
2026-09-26T16:53:52.090288+00:00,0.0,0.0,0.0,0.0
2026-09-26T16:53:53.140935+00:00,0.0,0.0,0.0,0.0
2026-09-26T16:53:54.190551+00:00,0.0,0.0,0.0,0.0
2026-09-26T16:53:55.241505+00:00,0.0,0.0,0.0,0.0
2026-09-26T16:53:56.289438+00:00,0.0,0.0,0.0,0.0
2026-09-26T16:53:57.340649+00:00,0.0,0.0,0.0,0.0
2026-09-26T16:53:58.390240+00:00,0.0,0.0,0.0,0.0
2026-09-26T16:53:59.440312+00:00,0.0,0.0,0.0,0.0
2026-09-26T16:54:00.490064+00:00,0.0,0.0,0.0,0.0
2026-09-26T16:54:01.539960+00:00,0.0,0.0,0.0,0.0
2026-09-26T16:54:02.591511+00:00,0.0,0.0,0.0,0.0
2026-09-26T16:54:03.642603+00:00,0.0,0.0,0.0,0.0
2026-09-26T16:54:04.693050+00:00,0.0,0.0,0.0,0.0
2026-09-26T16:54:05.745031+00:00,0.0,0.0,0.0,0.0
2026-09-26T16:54:06.794120+00:00,0.0,0.0,0.0,0.0
2026-09-26T16:54:07.845055+00:00,0.0,0.0,0.0,0.0
2026-09-26T16:54:08.895760+00:00,0.0,0.0,0.0,0.0
2026-09-26T16:54:09.943662+00:00,0.0,0.0,0.0,0.0
2026-09-26T16:54:10.993490+00:00,0.0,0.0,0.0,0.0
2026-09-26T16:54:12.044263+00:00,0.0,0.0,0.0,0.0
2026-09-26T16:54:13.095658+00:00,0.0,0.0,0.0,0.0
2026-09-26T16:54:14.145518+00:00,0.0,0.0,0.0,0.0
2026-09-26T16:54:15.196697+00:00,0.0,0.0,0.0,0.0
2026-09-26T16:54:16.247482+00:00,0.0,0.0,0.0,0.0
2026-09-26T16:54:17.297299+00:00,0.0,0.0,0.0,0.0
2026-09-26T16:54:18.348495+00:00,0.0,0.0,0.0,0.0
2026-09-26T16:54:19.396336+00:00,0.0,0.0,0.0,0.0
2026-09-26T16:54:20.445813+00:00,0.0,0.0,0.0,0.0
2026-09-26T16:54:21.495974+00:00,0.0,0.0,0.0,0.0
2026-09-26T16:54:22.546422+00:00,0.0,0.0,0.0,0.0
2026-09-26T16:54:23.595533+00:00,0.0,0.0,0.0,0.0
2026-09-26T16:54:24.646168+00:00,0.0,0.0,0.0,0.0
2026-09-26T16:54:25.697819+00:00,0.0,0.0,0.0,0.0
2026-09-26T16:54:26.748251+00:00,0.0,0.0,0.0,0.0
2026-09-26T16:54:27.798973+00:00,0.0,0.0,0.0,0.0
2026-09-26T16:54:28.850225+00:00,0.0,0.0,0.0,0.0
2026-09-26T16:54:29.901233+00:00,0.0,0.0,0.0,0.0
2026-09-26T16:54:30.952252+00:00,0.0,0.0,0.0,0.0
2026-09-26T16:54:32.003892+00:00,0.0,0.0,0.0,0.0
2026-09-26T16:54:33.051072+00:00,0.0,0.0,0.0,0.0
2026-09-26T16:54:34.102045+00:00,0.0,0.0,0.0,0.0
2026-09-26T16:54:35.152477+00:00,0.0,0.0,0.0,0.0
2026-09-26T16:54:36.203479+00:00,0.0,0.0,0.0,0.0
2026-09-26T16:54:37.255341+00:00,0.0,0.0,0.0,0.0
2026-09-26T16:54:38.305444+00:00,0.0,0.0,0.0,0.0
2026-09-26T16:54:39.356725+00:00,0.0,0.0,0.0,0.0
2026-09-26T16:54:40.407702+00:00,0.0,0.0,0.0,0.0
2026-09-26T16:54:41.458611+00:00,0.0,0.0,0.0,0.0
2026-09-26T16:54:42.507609+00:00,0.0,0.0,0.0,0.0
2026-09-26T16:54:43.557921+00:00,0.0,0.0,0.0,0.0
2026-09-26T16:54:44.608425+00:00,0.0,0.0,0.0,0.0
2026-09-26T16:54:45.659903+00:00,0.0,0.0,0.0,0.0
2026-09-26T16:54:46.710669+00:00,0.0,0.0,0.0,0.0
2026-09-26T16:54:47.760690+00:00,0.0,0.0,0.0,0.0
2026-09-26T16:54:48.810998+00:00,0.0,0.0,0.0,0.0
2026-09-26T16:54:49.860713+00:00,0.0,0.0,0.0,0.0
2026-09-26T16:54:50.911461+00:00,0.0,0.0,0.0,0.0
2026-09-26T16:54:51.959459+00:00,0.0,0.0,0.0,0.0
2026-09-26T16:54:53.010444+00:00,0.0,0.0,0.0,0.0
2026-09-26T16:54:54.060761+00:00,0.0,0.0,0.0,0.0
2026-09-26T16:54:55.111316+00:00,0.0,0.0,0.0,0.0
2026-09-26T16:54:56.162618+00:00,0.0,0.0,0.0,0.0
2026-09-26T16:54:57.212457+00:00,0.0,0.0,0.0,0.0
2026-09-26T16:54:58.263784+00:00,0.0,0.0,0.0,0.0
2026-09-26T16:54:59.314946+00:00,0.0,0.0,0.0,0.0
2026-09-26T16:55:00.364778+00:00,0.0,0.0,0.0,0.0
2026-09-26T16:55:01.413234+00:00,0.0,0.0,0.0,0.0
2026-09-26T16:55:02.463045+00:00,0.0,0.0,0.0,0.0
2026-09-26T16:55:03.513159+00:00,0.0,0.0,0.0,0.0
2026-09-26T16:55:04.563242+00:00,0.0,0.0,0.0,0.0
2026-09-26T16:55:05.613553+00:00,0.0,0.0,0.0,0.0
2026-09-26T16:55:06.664967+00:00,0.0,0.0,0.0,0.0
2026-09-26T16:55:07.715260+00:00,0.0,0.0,0.0,0.0
2026-09-26T16:55:08.766299+00:00,0.0,0.0,0.0,0.0
2026-09-26T16:55:09.817082+00:00,0.0,0.0,0.0,0.0
2026-09-26T16:55:10.865496+00:00,0.0,0.0,0.0,0.0
2026-09-26T16:55:11.916792+00:00,0.0,0.0,0.0,0.0
2026-09-26T16:55:12.966489+00:00,0.0,0.0,0.0,0.0
2026-09-26T16:55:14.018189+00:00,0.0,0.0,0.0,0.0
2026-09-26T16:55:15.067295+00:00,0.0,0.0,0.0,0.0
2026-09-26T16:55:16.117751+00:00,0.0,0.0,0.0,0.0
2026-09-26T16:55:17.168917+00:00,0.0,0.0,0.0,0.0
2026-09-26T16:55:18.219193+00:00,0.0,0.0,0.0,0.0
2026-09-26T16:55:19.269912+00:00,0.0,0.0,0.0,0.0
2026-09-26T16:55:20.318405+00:00,0.0,0.0,0.0,0.0
2026-09-26T16:55:21.369339+00:00,0.0,0.0,0.0,0.0
2026-09-26T16:55:22.422868+00:00,0.0,0.0,0.0,0.0
2026-09-26T16:55:23.472833+00:00,0.0,0.0,0.0,0.0
2026-09-26T16:55:24.524024+00:00,0.0,0.0,0.0,0.0
2026-09-26T16:55:25.575337+00:00,0.0,0.0,0.0,0.0
2026-09-26T16:55:26.626301+00:00,0.0,0.0,0.0,0.0
2026-09-26T16:55:27.677637+00:00,0.0,0.0,0.0,0.0
2026-09-26T16:55:28.729352+00:00,0.0,0.0,0.0,0.0
2026-09-26T16:55:29.777785+00:00,0.0,0.0,0.0,0.0
2026-09-26T16:55:30.827005+00:00,0.0,0.0,0.0,0.0
2026-09-26T16:55:31.877476+00:00,0.0,0.0,0.0,0.0
2026-09-26T16:55:32.928378+00:00,0.0,0.0,0.0,0.0
2026-09-26T16:55:33.980760+00:00,0.0,0.0,0.0,0.0
2026-09-26T16:55:35.027915+00:00,0.0,0.0,0.0,0.0
2026-09-26T16:55:36.078722+00:00,0.0,0.0,0.0,0.0
2026-09-26T16:55:37.128291+00:00,0.0,0.0,0.0,0.0
2026-09-26T16:55:38.179066+00:00,0.0,0.0,0.0,0.0
2026-09-26T16:55:39.226949+00:00,0.0,0.0,0.0,0.0
2026-09-26T16:55:40.277829+00:00,0.0,0.0,0.0,0.0
2026-09-26T16:55:41.326998+00:00,0.0,0.0,0.0,0.0
2026-09-26T16:55:42.378013+00:00,0.0,0.0,0.0,0.0
2026-09-26T16:55:43.428319+00:00,0.0,0.0,0.0,0.0
2026-09-26T16:55:44.475862+00:00,0.0,0.0,0.0,0.0
2026-09-26T16:55:45.525328+00:00,0.0,0.0,0.0,0.0
2026-09-26T16:55:46.609144+00:00,0.0,0.0,0.0,0.0
2026-09-26T16:55:47.660054+00:00,0.0,0.0,0.0,0.0
2026-09-26T16:55:48.709558+00:00,0.0,0.0,0.0,0.0
2026-09-26T16:55:49.760001+00:00,0.0,0.0,0.0,0.0
2026-09-26T16:55:50.811607+00:00,0.0,0.0,0.0,0.0
2026-09-26T16:55:51.862013+00:00,0.0,0.0,0.0,0.0
2026-09-26T16:55:52.912764+00:00,0.0,0.0,0.0,0.0
2026-09-26T16:55:53.963159+00:00,0.0,0.0,0.0,0.0
2026-09-26T16:55:55.012125+00:00,0.0,0.0,0.0,0.0
2026-09-26T16:55:56.062199+00:00,0.0,0.0,0.0,0.0
2026-09-26T16:55:57.112741+00:00,0.0,0.0,0.0,0.0
2026-09-26T16:55:58.161051+00:00,0.0,0.0,0.0,0.0
2026-09-26T16:55:59.210876+00:00,0.0,0.0,0.0,0.0
2026-09-26T16:56:00.260777+00:00,0.0,0.0,0.0,0.0
2026-09-26T16:56:01.311301+00:00,0.0,0.0,0.0,0.0
2026-09-26T16:56:02.360841+00:00,0.0,0.0,0.0,0.0
2026-09-26T16:56:03.411532+00:00,0.0,0.0,0.0,0.0
2026-09-26T16:56:04.462208+00:00,0.0,0.0,0.0,0.0
2026-09-26T16:56:05.514373+00:00,0.0,0.0,0.0,0.0
2026-09-26T16:56:06.566368+00:00,0.0,0.0,0.0,0.0
2026-09-26T16:56:07.615136+00:00,0.0,0.0,0.0,0.0
2026-09-26T16:56:08.665358+00:00,0.0,0.0,0.0,0.0
2026-09-26T16:56:09.715308+00:00,0.0,0.0,0.0,0.0
2026-09-26T16:56:10.765829+00:00,0.0,0.0,0.0,0.0
2026-09-26T16:56:11.817466+00:00,0.0,0.0,0.0,0.0
2026-09-26T16:56:12.865021+00:00,0.0,0.0,0.0,0.0
2026-09-26T16:56:13.916114+00:00,0.0,0.0,0.0,0.0
2026-09-26T16:56:14.965391+00:00,0.0,0.0,0.0,0.0
2026-09-26T16:56:16.016626+00:00,0.0,0.0,0.0,0.0
2026-09-26T16:56:17.066771+00:00,0.0,0.0,0.0,0.0
2026-09-26T16:56:18.116253+00:00,0.0,0.0,0.0,0.0
2026-09-26T16:56:19.166889+00:00,0.0,0.0,0.0,0.0
2026-09-26T16:56:20.217115+00:00,0.0,0.0,0.0,0.0
2026-09-26T16:56:21.267712+00:00,0.0,0.0,0.0,0.0
2026-09-26T16:56:22.318033+00:00,0.0,0.0,0.0,0.0
2026-09-26T16:56:23.368030+00:00,0.0,0.0,0.0,0.0
2026-09-26T16:56:24.418728+00:00,0.0,0.0,0.0,0.0
2026-09-26T16:56:25.469502+00:00,0.0,0.0,0.0,0.0
2026-09-26T16:56:26.520194+00:00,0.0,0.0,0.0,0.0
2026-09-26T16:56:27.568702+00:00,0.0,0.0,0.0,0.0
2026-09-26T16:56:28.618825+00:00,0.0,0.0,0.0,0.0
2026-09-26T16:56:29.670404+00:00,0.0,0.0,0.0,0.0
2026-09-26T16:56:30.720400+00:00,0.0,0.0,0.0,0.0
2026-09-26T16:56:31.768768+00:00,0.0,0.0,0.0,0.0
2026-09-26T16:56:32.819510+00:00,0.0,0.0,0.0,0.0
2026-09-26T16:56:33.869933+00:00,0.0,0.0,0.0,0.0
2026-09-26T16:56:34.921644+00:00,0.0,0.0,0.0,0.0
2026-09-26T16:56:35.971417+00:00,0.0,0.0,0.0,0.0
2026-09-26T16:56:37.021596+00:00,0.0,0.0,0.0,0.0
2026-09-26T16:56:38.071295+00:00,0.0,0.0,0.0,0.0
2026-09-26T16:56:39.121570+00:00,0.0,0.0,0.0,0.0
2026-09-26T16:56:40.171359+00:00,0.0,0.0,0.0,0.0
2026-09-26T16:56:41.219231+00:00,0.0,0.0,0.0,0.0
2026-09-26T16:56:42.270461+00:00,0.0,0.0,0.0,0.0
2026-09-26T16:56:43.320599+00:00,0.0,0.0,0.0,0.0
2026-09-26T16:56:44.371255+00:00,0.0,0.0,0.0,0.0
2026-09-26T16:56:45.421472+00:00,0.0,0.0,0.0,0.0
2026-09-26T16:56:46.499006+00:00,0.0,0.0,0.0,0.0
2026-09-26T16:56:47.548999+00:00,0.0,0.0,0.0,0.0
2026-09-26T16:56:48.599747+00:00,0.0,0.0,0.0,0.0
2026-09-26T16:56:49.649770+00:00,0.0,0.0,0.0,0.0
2026-09-26T16:56:50.699106+00:00,0.0,0.0,0.0,0.0
2026-09-26T16:56:51.750042+00:00,0.0,0.0,0.0,0.0
2026-09-26T16:56:52.800271+00:00,0.0,0.0,0.0,0.0
2026-09-26T16:56:53.852780+00:00,0.0,0.0,0.0,0.0
2026-09-26T16:56:54.904076+00:00,0.0,0.0,0.0,0.0
2026-09-26T16:56:55.950936+00:00,0.0,0.0,0.0,0.0
2026-09-26T16:56:57.000347+00:00,0.0,0.0,0.0,0.0
2026-09-26T16:56:58.050008+00:00,0.0,0.0,0.0,0.0
2026-09-26T16:56:59.102683+00:00,0.0,0.0,0.0,0.0
2026-09-26T16:57:00.154105+00:00,0.0,0.0,0.0,0.0
2026-09-26T16:57:01.203497+00:00,0.0,0.0,0.0,0.0
2026-09-26T16:57:02.254698+00:00,0.0,0.0,0.0,0.0
2026-09-26T16:57:03.305737+00:00,0.0,0.0,0.0,0.0
2026-09-26T16:57:04.353675+00:00,0.0,0.0,0.0,0.0
2026-09-26T16:57:05.401901+00:00,0.0,0.0,0.0,0.0
2026-09-26T16:57:06.451905+00:00,0.0,0.0,0.0,0.0
2026-09-26T16:57:07.502714+00:00,0.0,0.0,0.0,0.0
2026-09-26T16:57:08.552354+00:00,0.0,0.0,0.0,0.0
2026-09-26T16:57:09.601852+00:00,0.0,0.0,0.0,0.0
2026-09-26T16:57:10.647403+00:00,0.0,0.0,0.0,0.0
2026-09-26T16:57:11.697348+00:00,0.0,0.0,0.0,0.0
2026-09-26T16:57:12.749760+00:00,0.0,0.0,0.0,0.0
2026-09-26T16:57:13.803845+00:00,0.0,0.0,0.0,0.0
2026-09-26T16:57:14.855568+00:00,0.0,0.0,0.0,0.0
2026-09-26T16:57:15.905275+00:00,0.0,0.0,0.0,0.0
2026-09-26T16:57:16.956042+00:00,0.0,0.0,0.0,0.0
2026-09-26T16:57:18.006709+00:00,0.0,0.0,0.0,0.0
2026-09-26T16:57:19.057365+00:00,0.0,0.0,0.0,0.0
2026-09-26T16:57:20.106147+00:00,0.0,0.0,0.0,0.0
2026-09-26T16:57:21.155631+00:00,0.0,0.0,0.0,0.0
2026-09-26T16:57:22.206276+00:00,0.0,0.0,0.0,0.0
2026-09-26T16:57:23.255368+00:00,0.0,0.0,0.0,0.0
2026-09-26T16:57:24.305711+00:00,0.0,0.0,0.0,0.0
2026-09-26T16:57:25.355787+00:00,0.0,0.0,0.0,0.0
2026-09-26T16:57:26.406213+00:00,0.0,0.0,0.0,0.0
2026-09-26T16:57:27.458696+00:00,0.0,0.0,0.0,0.0
2026-09-26T16:57:28.509408+00:00,0.0,0.0,0.0,0.0
2026-09-26T16:57:29.557746+00:00,0.0,0.0,0.0,0.0
2026-09-26T16:57:30.608635+00:00,0.0,0.0,0.0,0.0
2026-09-26T16:57:31.659008+00:00,0.0,0.0,0.0,0.0
2026-09-26T16:57:32.710272+00:00,0.0,0.0,0.0,0.0
2026-09-26T16:57:33.760434+00:00,0.0,0.0,0.0,0.0
2026-09-26T16:57:34.809250+00:00,0.0,0.0,0.0,0.0
2026-09-26T16:57:35.859434+00:00,0.0,0.0,0.0,0.0
2026-09-26T16:57:36.908686+00:00,0.0,0.0,0.0,0.0
2026-09-26T16:57:37.961909+00:00,0.0,0.0,0.0,0.0
2026-09-26T16:57:39.011816+00:00,0.0,0.0,0.0,0.0
2026-09-26T16:57:40.062555+00:00,0.0,0.0,0.0,0.0
2026-09-26T16:57:41.114965+00:00,0.0,0.0,0.0,0.0
2026-09-26T16:57:42.165506+00:00,0.0,0.0,0.0,0.0
2026-09-26T16:57:43.216703+00:00,0.0,0.0,0.0,0.0
2026-09-26T16:57:44.265612+00:00,0.0,0.0,0.0,0.0
2026-09-26T16:57:45.315428+00:00,0.0,0.0,0.0,0.0
2026-09-26T16:57:46.366844+00:00,0.0,0.0,0.0,0.0
2026-09-26T16:57:47.416599+00:00,0.0,0.0,0.0,0.0
2026-09-26T16:57:48.466531+00:00,0.0,0.0,0.0,0.0
2026-09-26T16:57:49.515010+00:00,0.0,0.0,0.0,0.0
2026-09-26T16:57:50.565631+00:00,0.0,0.0,0.0,0.0
2026-09-26T16:57:51.617160+00:00,0.0,0.0,0.0,0.0
2026-09-26T16:57:52.666474+00:00,0.0,0.0,0.0,0.0
2026-09-26T16:57:53.716123+00:00,0.0,0.0,0.0,0.0
2026-09-26T16:57:54.765388+00:00,0.0,0.0,0.0,0.0
2026-09-26T16:57:55.816080+00:00,0.0,0.0,0.0,0.0
2026-09-26T16:57:56.866767+00:00,0.0,0.0,0.0,0.0
2026-09-26T16:57:57.917465+00:00,0.0,0.0,0.0,0.0
2026-09-26T16:57:58.967020+00:00,0.0,0.0,0.0,0.0
2026-09-26T16:58:00.017192+00:00,0.0,0.0,0.0,0.0
2026-09-26T16:58:01.069169+00:00,0.0,0.0,0.0,0.0
2026-09-26T16:58:02.120676+00:00,0.0,0.0,0.0,0.0
2026-09-26T16:58:03.170564+00:00,0.0,0.0,0.0,0.0
2026-09-26T16:58:04.219669+00:00,0.0,0.0,0.0,0.0
2026-09-26T16:58:05.269692+00:00,0.0,0.0,0.0,0.0
2026-09-26T16:58:06.323027+00:00,0.0,0.0,0.0,0.0
2026-09-26T16:58:07.374392+00:00,0.0,0.0,0.0,0.0
2026-09-26T16:58:08.424551+00:00,0.0,0.0,0.0,0.0
2026-09-26T16:58:09.474591+00:00,0.0,0.0,0.0,0.0
2026-09-26T16:58:10.524802+00:00,0.0,0.0,0.0,0.0
2026-09-26T16:58:11.574811+00:00,0.0,0.0,0.0,0.0
2026-09-26T16:58:12.624556+00:00,0.0,0.0,0.0,0.0
2026-09-26T16:58:13.672900+00:00,0.0,0.0,0.0,0.0
2026-09-26T16:58:14.724276+00:00,0.0,0.0,0.0,0.0
2026-09-26T16:58:15.774378+00:00,0.0,0.0,0.0,0.0
2026-09-26T16:58:16.824899+00:00,0.0,0.0,0.0,0.0
2026-09-26T16:58:17.875718+00:00,0.0,0.0,0.0,0.0
2026-09-26T16:58:18.924310+00:00,0.0,0.0,0.0,0.0
2026-09-26T16:58:19.975538+00:00,0.0,0.0,0.0,0.0
2026-09-26T16:58:21.024177+00:00,0.0,0.0,0.0,0.0
2026-09-26T16:58:22.074844+00:00,0.0,0.0,0.0,0.0
2026-09-26T16:58:23.123723+00:00,0.0,0.0,0.0,0.0
2026-09-26T16:58:24.174238+00:00,0.0,0.0,0.0,0.0
2026-09-26T16:58:25.225459+00:00,0.0,0.0,0.0,0.0
2026-09-26T16:58:26.275309+00:00,0.0,0.0,0.0,0.0
2026-09-26T16:58:27.325413+00:00,0.0,0.0,0.0,0.0
2026-09-26T16:58:28.373132+00:00,0.0,0.0,0.0,0.0
2026-09-26T16:58:29.424519+00:00,0.0,0.0,0.0,0.0
2026-09-26T16:58:30.474655+00:00,0.0,0.0,0.0,0.0
2026-09-26T16:58:31.525702+00:00,0.0,0.0,0.0,0.0
2026-09-26T16:58:32.577191+00:00,0.0,0.0,0.0,0.0
2026-09-26T16:58:33.625632+00:00,0.0,0.0,0.0,0.0
2026-09-26T16:58:34.676386+00:00,0.0,0.0,0.0,0.0
2026-09-26T16:58:35.726081+00:00,0.0,0.0,0.0,0.0
2026-09-26T16:58:36.777416+00:00,0.0,0.0,0.0,0.0
2026-09-26T16:58:37.829026+00:00,0.0,0.0,0.0,0.0
2026-09-26T16:58:38.879129+00:00,0.0,0.0,0.0,0.0
2026-09-26T16:58:39.930025+00:00,0.0,0.0,0.0,0.0
2026-09-26T16:58:40.982229+00:00,0.0,0.0,0.0,0.0
2026-09-26T16:58:42.033812+00:00,0.0,0.0,0.0,0.0
2026-09-26T16:58:43.082361+00:00,0.0,0.0,0.0,0.0
2026-09-26T16:58:44.133544+00:00,0.0,0.0,0.0,0.0
2026-09-26T16:58:45.183224+00:00,0.0,0.0,0.0,0.0
2026-09-26T16:58:46.233917+00:00,0.0,0.0,0.0,0.0
2026-09-26T16:58:47.282620+00:00,0.0,0.0,0.0,0.0
2026-09-26T16:58:48.331471+00:00,0.0,0.0,0.0,0.0
2026-09-26T16:58:49.381145+00:00,0.0,0.0,0.0,0.0
2026-09-26T16:58:50.432176+00:00,0.0,0.0,0.0,0.0
2026-09-26T16:58:51.483431+00:00,0.0,0.0,0.0,0.0
2026-09-26T16:58:52.533778+00:00,0.0,0.0,0.0,0.0
2026-09-26T16:58:53.582893+00:00,0.0,0.0,0.0,0.0
2026-09-26T16:58:54.632668+00:00,0.0,0.0,0.0,0.0
2026-09-26T16:58:55.682935+00:00,0.0,0.0,0.0,0.0
2026-09-26T16:58:56.733336+00:00,0.0,0.0,0.0,0.0
2026-09-26T16:58:57.784048+00:00,0.0,0.0,0.0,0.0
2026-09-26T16:58:58.834962+00:00,0.0,0.0,0.0,0.0
2026-09-26T16:58:59.885856+00:00,0.0,0.0,0.0,0.0
2026-09-26T16:59:00.937788+00:00,0.0,0.0,0.0,0.0
2026-09-26T16:59:01.988596+00:00,0.0,0.0,0.0,0.0
2026-09-26T16:59:03.036075+00:00,0.0,0.0,0.0,0.0
2026-09-26T16:59:04.085849+00:00,0.0,0.0,0.0,0.0
2026-09-26T16:59:05.135489+00:00,0.0,0.0,0.0,0.0
2026-09-26T16:59:06.187130+00:00,0.0,0.0,0.0,0.0
2026-09-26T16:59:07.238671+00:00,0.0,0.0,0.0,0.0
2026-09-26T16:59:08.286304+00:00,0.0,0.0,0.0,0.0
2026-09-26T16:59:09.336519+00:00,0.0,0.0,0.0,0.0
2026-09-26T16:59:10.386683+00:00,0.0,0.0,0.0,0.0
2026-09-26T16:59:11.437640+00:00,0.0,0.0,0.0,0.0
2026-09-26T16:59:12.487736+00:00,0.0,0.0,0.0,0.0
2026-09-26T16:59:13.538221+00:00,0.0,0.0,0.0,0.0
2026-09-26T16:59:14.589107+00:00,0.0,0.0,0.0,0.0
2026-09-26T16:59:15.640080+00:00,0.0,0.0,0.0,0.0
2026-09-26T16:59:16.682335+00:00,0.0,0.0,0.0,0.0
2026-09-26T16:59:17.730853+00:00,0.0,0.0,0.0,0.0
2026-09-26T16:59:18.781232+00:00,0.0,0.0,0.0,0.0
2026-09-26T16:59:19.832905+00:00,0.0,0.0,0.0,0.0
2026-09-26T16:59:20.882799+00:00,0.0,0.0,0.0,0.0
2026-09-26T16:59:21.934093+00:00,0.0,0.0,0.0,0.0
2026-09-26T16:59:22.983352+00:00,0.0,0.0,0.0,0.0
2026-09-26T16:59:24.033365+00:00,0.0,0.0,0.0,0.0
2026-09-26T16:59:25.085188+00:00,0.0,0.0,0.0,0.0
2026-09-26T16:59:26.135933+00:00,0.0,0.0,0.0,0.0
2026-09-26T16:59:27.186472+00:00,0.0,0.0,0.0,0.0
2026-09-26T16:59:28.237360+00:00,0.0,0.0,0.0,0.0
2026-09-26T16:59:29.287625+00:00,0.0,0.0,0.0,0.0
2026-09-26T16:59:30.337612+00:00,0.0,0.0,0.0,0.0
2026-09-26T16:59:31.387796+00:00,0.0,0.0,0.0,0.0
2026-09-26T16:59:32.437319+00:00,0.0,0.0,0.0,0.0
2026-09-26T16:59:33.487785+00:00,0.0,0.0,0.0,0.0
2026-09-26T16:59:34.537229+00:00,0.0,0.0,0.0,0.0
2026-09-26T16:59:35.587920+00:00,0.0,0.0,0.0,0.0
2026-09-26T16:59:36.637490+00:00,0.0,0.0,0.0,0.0
2026-09-26T16:59:37.686203+00:00,0.0,0.0,0.0,0.0
2026-09-26T16:59:38.735018+00:00,0.0,0.0,0.0,0.0
2026-09-26T16:59:39.786388+00:00,0.0,0.0,0.0,0.0
2026-09-26T16:59:40.836799+00:00,0.0,0.0,0.0,0.0
2026-09-26T16:59:41.886516+00:00,0.0,0.0,0.0,0.0
2026-09-26T16:59:42.936590+00:00,0.0,0.0,0.0,0.0
2026-09-26T16:59:43.989530+00:00,0.0,0.0,0.0,0.0
2026-09-26T16:59:45.039646+00:00,0.0,0.0,0.0,0.0
2026-09-26T16:59:46.090817+00:00,0.0,0.0,0.0,0.0
2026-09-26T16:59:47.140005+00:00,0.0,0.0,0.0,0.0
2026-09-26T16:59:48.189416+00:00,0.0,0.0,0.0,0.0
2026-09-26T16:59:49.238835+00:00,0.0,0.0,0.0,0.0
2026-09-26T16:59:50.289249+00:00,0.0,0.0,0.0,0.0
2026-09-26T16:59:51.340948+00:00,0.0,0.0,0.0,0.0
2026-09-26T16:59:52.391075+00:00,0.0,0.0,0.0,0.0
2026-09-26T16:59:53.442553+00:00,0.0,0.0,0.0,0.0
2026-09-26T16:59:54.494750+00:00,0.0,0.0,0.0,0.0
2026-09-26T16:59:55.545565+00:00,0.0,0.0,0.0,0.0
2026-09-26T16:59:56.595707+00:00,0.0,0.0,0.0,0.0
2026-09-26T16:59:57.643792+00:00,0.0,0.0,0.0,0.0
2026-09-26T16:59:58.692298+00:00,0.0,0.0,0.0,0.0
2026-09-26T16:59:59.745108+00:00,0.0,0.0,0.0,0.0
2026-09-26T17:00:00.796072+00:00,0.0,0.0,0.0,0.0
2026-09-26T17:00:01.846720+00:00,0.0,0.0,0.0,0.0
2026-09-26T17:00:02.896062+00:00,0.0,0.0,0.0,0.0
2026-09-26T17:00:03.946123+00:00,0.0,0.0,0.0,0.0
2026-09-26T17:00:04.998350+00:00,0.0,0.0,0.0,0.0
2026-09-26T17:00:06.050306+00:00,0.0,0.0,0.0,0.0
2026-09-26T17:00:07.101487+00:00,0.0,0.0,0.0,0.0
2026-09-26T17:00:08.152081+00:00,0.0,0.0,0.0,0.0
2026-09-26T17:00:09.203361+00:00,0.0,0.0,0.0,0.0
2026-09-26T17:00:10.254786+00:00,0.0,0.0,0.0,0.0
2026-09-26T17:00:11.305301+00:00,0.0,0.0,0.0,0.0
2026-09-26T17:00:12.355073+00:00,0.0,0.0,0.0,0.0
2026-09-26T17:00:13.404782+00:00,0.0,0.0,0.0,0.0
2026-09-26T17:00:14.456685+00:00,0.0,0.0,0.0,0.0
2026-09-26T17:00:15.506660+00:00,0.0,0.0,0.0,0.0
2026-09-26T17:00:16.557272+00:00,0.0,0.0,0.0,0.0
2026-09-26T17:00:17.608098+00:00,0.0,0.0,0.0,0.0
2026-09-26T17:00:18.658653+00:00,0.0,0.0,0.0,0.0
2026-09-26T17:00:19.709702+00:00,0.0,0.0,0.0,0.0
2026-09-26T17:00:20.760667+00:00,0.0,0.0,0.0,0.0
2026-09-26T17:00:21.810884+00:00,0.0,0.0,0.0,0.0
2026-09-26T17:00:22.860316+00:00,0.0,0.0,0.0,0.0
2026-09-26T17:00:23.909891+00:00,0.0,0.0,0.0,0.0
2026-09-26T17:00:24.962521+00:00,0.0,0.0,0.0,0.0
2026-09-26T17:00:26.013949+00:00,0.0,0.0,0.0,0.0
2026-09-26T17:00:27.063989+00:00,0.0,0.0,0.0,0.0
2026-09-26T17:00:28.112891+00:00,0.0,0.0,0.0,0.0
2026-09-26T17:00:29.162006+00:00,0.0,0.0,0.0,0.0
2026-09-26T17:00:30.213446+00:00,0.0,0.0,0.0,0.0
2026-09-26T17:00:31.263572+00:00,0.0,0.0,0.0,0.0
2026-09-26T17:00:32.314375+00:00,0.0,0.0,0.0,0.0
2026-09-26T17:00:33.365982+00:00,0.0,0.0,0.0,0.0
2026-09-26T17:00:34.415640+00:00,0.0,0.0,0.0,0.0
2026-09-26T17:00:35.466912+00:00,0.0,0.0,0.0,0.0
2026-09-26T17:00:36.518380+00:00,0.0,0.0,0.0,0.0
2026-09-26T17:00:37.567286+00:00,0.0,0.0,0.0,0.0
2026-09-26T17:00:38.617872+00:00,0.0,0.0,0.0,0.0
2026-09-26T17:00:39.666201+00:00,0.0,0.0,0.0,0.0
2026-09-26T17:00:40.719804+00:00,0.0,0.0,0.0,0.0
2026-09-26T17:00:41.770338+00:00,0.0,0.0,0.0,0.0
2026-09-26T17:00:42.817344+00:00,0.0,0.0,0.0,0.0
2026-09-26T17:00:43.867461+00:00,0.0,0.0,0.0,0.0
2026-09-26T17:00:44.917985+00:00,0.0,0.0,0.0,0.0
2026-09-26T17:00:45.969454+00:00,0.0,0.0,0.0,0.0
2026-09-26T17:00:47.020417+00:00,0.0,0.0,0.0,0.0
2026-09-26T17:00:48.069032+00:00,0.0,0.0,0.0,0.0
2026-09-26T17:00:49.120273+00:00,0.0,0.0,0.0,0.0
2026-09-26T17:00:50.171562+00:00,0.0,0.0,0.0,0.0
2026-09-26T17:00:51.221431+00:00,0.0,0.0,0.0,0.0
2026-09-26T17:00:52.272437+00:00,0.0,0.0,0.0,0.0
2026-09-26T17:00:53.321882+00:00,0.0,0.0,0.0,0.0
2026-09-26T17:00:54.373909+00:00,0.0,0.0,0.0,0.0
2026-09-26T17:00:55.424526+00:00,0.0,0.0,0.0,0.0
2026-09-26T17:00:56.474835+00:00,0.0,0.0,0.0,0.0
2026-09-26T17:00:57.526766+00:00,0.0,0.0,0.0,0.0
2026-09-26T17:00:58.576911+00:00,0.0,0.0,0.0,0.0
2026-09-26T17:00:59.627173+00:00,0.0,0.0,0.0,0.0
2026-09-26T17:01:00.678456+00:00,0.0,0.0,0.0,0.0
2026-09-26T17:01:01.728280+00:00,0.0,0.0,0.0,0.0
2026-09-26T17:01:02.777293+00:00,0.0,0.0,0.0,0.0
2026-09-26T17:01:03.826816+00:00,0.0,0.0,0.0,0.0
2026-09-26T17:01:04.877557+00:00,0.0,0.0,0.0,0.0
2026-09-26T17:01:05.929394+00:00,0.0,0.0,0.0,0.0
2026-09-26T17:01:06.979376+00:00,0.0,0.0,0.0,0.0
2026-09-26T17:01:08.027805+00:00,0.0,0.0,0.0,0.0
2026-09-26T17:01:09.077178+00:00,0.0,0.0,0.0,0.0
2026-09-26T17:01:10.127712+00:00,0.0,0.0,0.0,0.0
2026-09-26T17:01:11.177000+00:00,0.0,0.0,0.0,0.0
2026-09-26T17:01:12.228003+00:00,0.0,0.0,0.0,0.0
2026-09-26T17:01:13.276961+00:00,0.0,0.0,0.0,0.0
2026-09-26T17:01:14.326024+00:00,0.0,0.0,0.0,0.0
2026-09-26T17:01:15.377972+00:00,0.0,0.0,0.0,0.0
2026-09-26T17:01:16.428216+00:00,0.0,0.0,0.0,0.0
2026-09-26T17:01:17.479475+00:00,0.0,0.0,0.0,0.0
2026-09-26T17:01:18.528630+00:00,0.0,0.0,0.0,0.0
2026-09-26T17:01:19.578672+00:00,0.0,0.0,0.0,0.0
2026-09-26T17:01:20.630021+00:00,0.0,0.0,0.0,0.0
2026-09-26T17:01:21.679647+00:00,0.0,0.0,0.0,0.0
2026-09-26T17:01:22.729707+00:00,0.0,0.0,0.0,0.0
2026-09-26T17:01:23.781052+00:00,0.0,0.0,0.0,0.0
2026-09-26T17:01:24.830449+00:00,0.0,0.0,0.0,0.0
2026-09-26T17:01:25.881261+00:00,0.0,0.0,0.0,0.0
2026-09-26T17:01:26.932202+00:00,0.0,0.0,0.0,0.0
2026-09-26T17:01:27.982901+00:00,0.0,0.0,0.0,0.0
2026-09-26T17:01:29.033866+00:00,0.0,0.0,0.0,0.0
2026-09-26T17:01:30.084099+00:00,0.0,0.0,0.0,0.0
2026-09-26T17:01:31.135436+00:00,0.0,0.0,0.0,0.0
2026-09-26T17:01:32.187139+00:00,0.0,0.0,0.0,0.0
2026-09-26T17:01:33.237197+00:00,0.0,0.0,0.0,0.0
2026-09-26T17:01:34.286704+00:00,0.0,0.0,0.0,0.0
2026-09-26T17:01:35.338335+00:00,0.0,0.0,0.0,0.0
2026-09-26T17:01:36.390085+00:00,0.0,0.0,0.0,0.0
2026-09-26T17:01:37.439491+00:00,0.0,0.0,0.0,0.0
2026-09-26T17:01:38.489302+00:00,0.0,0.0,0.0,0.0
2026-09-26T17:01:39.539492+00:00,0.0,0.0,0.0,0.0
2026-09-26T17:01:40.590295+00:00,0.0,0.0,0.0,0.0
2026-09-26T17:01:41.640865+00:00,0.0,0.0,0.0,0.0
2026-09-26T17:01:42.691938+00:00,0.0,0.0,0.0,0.0
2026-09-26T17:01:43.742899+00:00,0.0,0.0,0.0,0.0
2026-09-26T17:01:44.792523+00:00,0.0,0.0,0.0,0.0
2026-09-26T17:01:45.843790+00:00,0.0,0.0,0.0,0.0
2026-09-26T17:01:46.892754+00:00,0.0,0.0,0.0,0.0
2026-09-26T17:01:47.943267+00:00,0.0,0.0,0.0,0.0
2026-09-26T17:01:48.990694+00:00,0.0,0.0,0.0,0.0
2026-09-26T17:01:50.042533+00:00,0.0,0.0,0.0,0.0
2026-09-26T17:01:51.092803+00:00,0.0,0.0,0.0,0.0
2026-09-26T17:01:52.142916+00:00,0.0,0.0,0.0,0.0
2026-09-26T17:01:53.193122+00:00,0.0,0.0,0.0,0.0
2026-09-26T17:01:54.242883+00:00,0.0,0.0,0.0,0.0
2026-09-26T17:01:55.293647+00:00,0.0,0.0,0.0,0.0
2026-09-26T17:01:56.345236+00:00,0.0,0.0,0.0,0.0
2026-09-26T17:01:57.395719+00:00,0.0,0.0,0.0,0.0
2026-09-26T17:01:58.447086+00:00,0.0,0.0,0.0,0.0
2026-09-26T17:01:59.497053+00:00,0.0,0.0,0.0,0.0
2026-09-26T17:02:00.547644+00:00,0.0,0.0,0.0,0.0
2026-09-26T17:02:01.598738+00:00,0.0,0.0,0.0,0.0
2026-09-26T17:02:02.648990+00:00,0.0,0.0,0.0,0.0
2026-09-26T17:02:03.694838+00:00,0.0,0.0,0.0,0.0
2026-09-26T17:02:04.746506+00:00,0.0,0.0,0.0,0.0
2026-09-26T17:02:05.797864+00:00,0.0,0.0,0.0,0.0
2026-09-26T17:02:06.848502+00:00,0.0,0.0,0.0,0.0
2026-09-26T17:02:07.898784+00:00,0.0,0.0,0.0,0.0
2026-09-26T17:02:08.950949+00:00,0.0,0.0,0.0,0.0
2026-09-26T17:02:10.000658+00:00,0.0,0.0,0.0,0.0
2026-09-26T17:02:11.051102+00:00,0.0,0.0,0.0,0.0
2026-09-26T17:02:12.102269+00:00,0.0,0.0,0.0,0.0
2026-09-26T17:02:13.151594+00:00,0.0,0.0,0.0,0.0
2026-09-26T17:02:14.200555+00:00,0.0,0.0,0.0,0.0
2026-09-26T17:02:15.249779+00:00,0.0,0.0,0.0,0.0
2026-09-26T17:02:16.299745+00:00,0.0,0.0,0.0,0.0
2026-09-26T17:02:17.349636+00:00,0.0,0.0,0.0,0.0
2026-09-26T17:02:18.401558+00:00,0.0,0.0,0.0,0.0
2026-09-26T17:02:19.451119+00:00,0.0,0.0,0.0,0.0
2026-09-26T17:02:20.500501+00:00,0.0,0.0,0.0,0.0
2026-09-26T17:02:21.551711+00:00,0.0,0.0,0.0,0.0
2026-09-26T17:02:22.603654+00:00,0.0,0.0,0.0,0.0
2026-09-26T17:02:23.654151+00:00,0.0,0.0,0.0,0.0
2026-09-26T17:02:24.703268+00:00,0.0,0.0,0.0,0.0
2026-09-26T17:02:25.753710+00:00,0.0,0.0,0.0,0.0
2026-09-26T17:02:26.805332+00:00,0.0,0.0,0.0,0.0
2026-09-26T17:02:27.855702+00:00,0.0,0.0,0.0,0.0
2026-09-26T17:02:28.905563+00:00,0.0,0.0,0.0,0.0
2026-09-26T17:02:29.956830+00:00,0.0,0.0,0.0,0.0
2026-09-26T17:02:31.006199+00:00,0.0,0.0,0.0,0.0
2026-09-26T17:02:32.057474+00:00,0.0,0.0,0.0,0.0
2026-09-26T17:02:33.106389+00:00,0.0,0.0,0.0,0.0
2026-09-26T17:02:34.156261+00:00,0.0,0.0,0.0,0.0
2026-09-26T17:02:35.205563+00:00,0.0,0.0,0.0,0.0
2026-09-26T17:02:36.255458+00:00,0.0,0.0,0.0,0.0
2026-09-26T17:02:37.305942+00:00,0.0,0.0,0.0,0.0
2026-09-26T17:02:38.355749+00:00,0.0,0.0,0.0,0.0
2026-09-26T17:02:39.405253+00:00,0.0,0.0,0.0,0.0
2026-09-26T17:02:40.454916+00:00,0.0,0.0,0.0,0.0
2026-09-26T17:02:41.506532+00:00,0.0,0.0,0.0,0.0
2026-09-26T17:02:42.556522+00:00,0.0,0.0,0.0,0.0
2026-09-26T17:02:43.607944+00:00,0.0,0.0,0.0,0.0
2026-09-26T17:02:44.657196+00:00,0.0,0.0,0.0,0.0
2026-09-26T17:02:45.706861+00:00,0.0,0.0,0.0,0.0
2026-09-26T17:02:46.757797+00:00,0.0,0.0,0.0,0.0
2026-09-26T17:02:47.807340+00:00,0.0,0.0,0.0,0.0
2026-09-26T17:02:48.858644+00:00,0.0,0.0,0.0,0.0
2026-09-26T17:02:49.907680+00:00,0.0,0.0,0.0,0.0
2026-09-26T17:02:50.958310+00:00,0.0,0.0,0.0,0.0
2026-09-26T17:02:52.010041+00:00,0.0,0.0,0.0,0.0
2026-09-26T17:02:53.061414+00:00,0.0,0.0,0.0,0.0
2026-09-26T17:02:54.111775+00:00,0.0,0.0,0.0,0.0
2026-09-26T17:02:55.160916+00:00,0.0,0.0,0.0,0.0
2026-09-26T17:02:56.212169+00:00,0.0,0.0,0.0,0.0
2026-09-26T17:02:57.261815+00:00,0.0,0.0,0.0,0.0
2026-09-26T17:02:58.312614+00:00,0.0,0.0,0.0,0.0
2026-09-26T17:02:59.362760+00:00,0.0,0.0,0.0,0.0
2026-09-26T17:03:00.412033+00:00,0.0,0.0,0.0,0.0
2026-09-26T17:03:01.463160+00:00,0.0,0.0,0.0,0.0
2026-09-26T17:03:02.513420+00:00,0.0,0.0,0.0,0.0
2026-09-26T17:03:03.562311+00:00,0.0,0.0,0.0,0.0
2026-09-26T17:03:04.612756+00:00,0.0,0.0,0.0,0.0
2026-09-26T17:03:05.661314+00:00,0.0,0.0,0.0,0.0
2026-09-26T17:03:06.711753+00:00,0.0,0.0,0.0,0.0
2026-09-26T17:03:07.761755+00:00,0.0,0.0,0.0,0.0
2026-09-26T17:03:08.811516+00:00,0.0,0.0,0.0,0.0
2026-09-26T17:03:09.862815+00:00,0.0,0.0,0.0,0.0
2026-09-26T17:03:10.910219+00:00,0.0,0.0,0.0,0.0
2026-09-26T17:03:11.965309+00:00,0.0,0.0,0.0,0.0
2026-09-26T17:03:13.015347+00:00,0.0,0.0,0.0,0.0
2026-09-26T17:03:14.067244+00:00,0.0,0.0,0.0,0.0
2026-09-26T17:03:15.116824+00:00,0.0,0.0,0.0,0.0
2026-09-26T17:03:16.165756+00:00,0.0,0.0,0.0,0.0
2026-09-26T17:03:17.216208+00:00,0.0,0.0,0.0,0.0
2026-09-26T17:03:18.267631+00:00,0.0,0.0,0.0,0.0
2026-09-26T17:03:19.319167+00:00,0.0,0.0,0.0,0.0
2026-09-26T17:03:20.369376+00:00,0.0,0.0,0.0,0.0
2026-09-26T17:03:21.419755+00:00,0.0,0.0,0.0,0.0
2026-09-26T17:03:22.469501+00:00,0.0,0.0,0.0,0.0
2026-09-26T17:03:23.519820+00:00,0.0,0.0,0.0,0.0
2026-09-26T17:03:24.571374+00:00,0.0,0.0,0.0,0.0
2026-09-26T17:03:25.621487+00:00,0.0,0.0,0.0,0.0
2026-09-26T17:03:26.671567+00:00,0.0,0.0,0.0,0.0
2026-09-26T17:03:27.715942+00:00,0.0,0.0,0.0,0.0
2026-09-26T17:03:28.765786+00:00,0.0,0.0,0.0,0.0
2026-09-26T17:03:29.816613+00:00,0.0,0.0,0.0,0.0
2026-09-26T17:03:30.867824+00:00,0.0,0.0,0.0,0.0
2026-09-26T17:03:31.917746+00:00,0.0,0.0,0.0,0.0
2026-09-26T17:03:32.967986+00:00,0.0,0.0,0.0,0.0
2026-09-26T17:03:34.018246+00:00,0.0,0.0,0.0,0.0
2026-09-26T17:03:35.069698+00:00,0.0,0.0,0.0,0.0
2026-09-26T17:03:36.121365+00:00,0.0,0.0,0.0,0.0
2026-09-26T17:03:37.170919+00:00,0.0,0.0,0.0,0.0
2026-09-26T17:03:38.221735+00:00,0.0,0.0,0.0,0.0
2026-09-26T17:03:39.273294+00:00,0.0,0.0,0.0,0.0
2026-09-26T17:03:40.323668+00:00,0.0,0.0,0.0,0.0
2026-09-26T17:03:41.372987+00:00,0.0,0.0,0.0,0.0
2026-09-26T17:03:42.424815+00:00,0.0,0.0,0.0,0.0
2026-09-26T17:03:43.474445+00:00,0.0,0.0,0.0,0.0
2026-09-26T17:03:44.526060+00:00,0.0,0.0,0.0,0.0
2026-09-26T17:03:45.577040+00:00,0.0,0.0,0.0,0.0
2026-09-26T17:03:46.628049+00:00,0.0,0.0,0.0,0.0
2026-09-26T17:03:47.677941+00:00,0.0,0.0,0.0,0.0
2026-09-26T17:03:48.728357+00:00,0.0,0.0,0.0,0.0
2026-09-26T17:03:49.779891+00:00,0.0,0.0,0.0,0.0
2026-09-26T17:03:50.830770+00:00,0.0,0.0,0.0,0.0
2026-09-26T17:03:51.881968+00:00,0.0,0.0,0.0,0.0
2026-09-26T17:03:52.932480+00:00,0.0,0.0,0.0,0.0
2026-09-26T17:03:53.984168+00:00,0.0,0.0,0.0,0.0
2026-09-26T17:03:55.034347+00:00,0.0,0.0,0.0,0.0
2026-09-26T17:03:56.086108+00:00,0.0,0.0,0.0,0.0
2026-09-26T17:03:57.138889+00:00,0.0,0.0,0.0,0.0
2026-09-26T17:03:58.188975+00:00,0.0,0.0,0.0,0.0
2026-09-26T17:03:59.238713+00:00,0.0,0.0,0.0,0.0
2026-09-26T17:04:00.290109+00:00,0.0,0.0,0.0,0.0
2026-09-26T17:04:01.340483+00:00,0.0,0.0,0.0,0.0
2026-09-26T17:04:02.390531+00:00,0.0,0.0,0.0,0.0
2026-09-26T17:04:03.441302+00:00,0.0,0.0,0.0,0.0
2026-09-26T17:04:04.491830+00:00,0.0,0.0,0.0,0.0
2026-09-26T17:04:05.542202+00:00,0.0,0.0,0.0,0.0
2026-09-26T17:04:06.591901+00:00,0.0,0.0,0.0,0.0
2026-09-26T17:04:07.640694+00:00,0.0,0.0,0.0,0.0
2026-09-26T17:04:08.690971+00:00,0.0,0.0,0.0,0.0
2026-09-26T17:04:09.741287+00:00,0.0,0.0,0.0,0.0
2026-09-26T17:04:10.791174+00:00,0.0,0.0,0.0,0.0
2026-09-26T17:04:11.841757+00:00,0.0,0.0,0.0,0.0
2026-09-26T17:04:12.890937+00:00,0.0,0.0,0.0,0.0
2026-09-26T17:04:13.939954+00:00,0.0,0.0,0.0,0.0
2026-09-26T17:04:14.991074+00:00,0.0,0.0,0.0,0.0
2026-09-26T17:04:16.040609+00:00,0.0,0.0,0.0,0.0
2026-09-26T17:04:17.091717+00:00,0.0,0.0,0.0,0.0
2026-09-26T17:04:18.140695+00:00,0.0,0.0,0.0,0.0
2026-09-26T17:04:19.191700+00:00,0.0,0.0,0.0,0.0
2026-09-26T17:04:20.242094+00:00,0.0,0.0,0.0,0.0
2026-09-26T17:04:21.291808+00:00,0.0,0.0,0.0,0.0
2026-09-26T17:04:22.341974+00:00,0.0,0.0,0.0,0.0
2026-09-26T17:04:23.391450+00:00,0.0,0.0,0.0,0.0
2026-09-26T17:04:24.445210+00:00,0.0,0.0,0.0,0.0
2026-09-26T17:04:25.495645+00:00,0.0,0.0,0.0,0.0
2026-09-26T17:04:26.546142+00:00,0.0,0.0,0.0,0.0
2026-09-26T17:04:27.597111+00:00,0.0,0.0,0.0,0.0
2026-09-26T17:04:28.645978+00:00,0.0,0.0,0.0,0.0
2026-09-26T17:04:29.696140+00:00,0.0,0.0,0.0,0.0
2026-09-26T17:04:30.747501+00:00,0.0,0.0,0.0,0.0
2026-09-26T17:04:31.797194+00:00,0.0,0.0,0.0,0.0
2026-09-26T17:04:32.848435+00:00,0.0,0.0,0.0,0.0
2026-09-26T17:04:33.897874+00:00,0.0,0.0,0.0,0.0
2026-09-26T17:04:34.947393+00:00,0.0,0.0,0.0,0.0
2026-09-26T17:04:35.999082+00:00,0.0,0.0,0.0,0.0
2026-09-26T17:04:37.047786+00:00,0.0,0.0,0.0,0.0
2026-09-26T17:04:38.099365+00:00,0.0,0.0,0.0,0.0
2026-09-26T17:04:39.148140+00:00,0.0,0.0,0.0,0.0
2026-09-26T17:04:40.198668+00:00,0.0,0.0,0.0,0.0
2026-09-26T17:04:41.249346+00:00,0.0,0.0,0.0,0.0
2026-09-26T17:04:42.299661+00:00,0.0,0.0,0.0,0.0
2026-09-26T17:04:43.350555+00:00,0.0,0.0,0.0,0.0
2026-09-26T17:04:44.400044+00:00,0.0,0.0,0.0,0.0
2026-09-26T17:04:45.450701+00:00,0.0,0.0,0.0,0.0
2026-09-26T17:04:46.501630+00:00,0.0,0.0,0.0,0.0
2026-09-26T17:04:47.552080+00:00,0.0,0.0,0.0,0.0
2026-09-26T17:04:48.602012+00:00,0.0,0.0,0.0,0.0
2026-09-26T17:04:49.651867+00:00,0.0,0.0,0.0,0.0
2026-09-26T17:04:50.701223+00:00,0.0,0.0,0.0,0.0
2026-09-26T17:04:51.751076+00:00,0.0,0.0,0.0,0.0
2026-09-26T17:04:52.801487+00:00,0.0,0.0,0.0,0.0
2026-09-26T17:04:53.851927+00:00,0.0,0.0,0.0,0.0
2026-09-26T17:04:54.899902+00:00,0.0,0.0,0.0,0.0
2026-09-26T17:04:55.952170+00:00,0.0,0.0,0.0,0.0
2026-09-26T17:04:57.002364+00:00,0.0,0.0,0.0,0.0
2026-09-26T17:04:58.051951+00:00,0.0,0.0,0.0,0.0
2026-09-26T17:04:59.102183+00:00,0.0,0.0,0.0,0.0
2026-09-26T17:05:00.150615+00:00,0.0,0.0,0.0,0.0
2026-09-26T17:05:01.202004+00:00,0.0,0.0,0.0,0.0
2026-09-26T17:05:02.251344+00:00,0.0,0.0,0.0,0.0
2026-09-26T17:05:03.301644+00:00,0.0,0.0,0.0,0.0
2026-09-26T17:05:04.352742+00:00,0.0,0.0,0.0,0.0
2026-09-26T17:05:05.400677+00:00,0.0,0.0,0.0,0.0
2026-09-26T17:05:06.451661+00:00,0.0,0.0,0.0,0.0
2026-09-26T17:05:07.505166+00:00,0.0,0.0,0.0,0.0
2026-09-26T17:05:08.554601+00:00,0.0,0.0,0.0,0.0
2026-09-26T17:05:09.605456+00:00,0.0,0.0,0.0,0.0
2026-09-26T17:05:10.654422+00:00,0.0,0.0,0.0,0.0
2026-09-26T17:05:11.705982+00:00,0.0,0.0,0.0,0.0
2026-09-26T17:05:12.756156+00:00,0.0,0.0,0.0,0.0
2026-09-26T17:05:13.807276+00:00,0.0,0.0,0.0,0.0
2026-09-26T17:05:14.859083+00:00,0.0,0.0,0.0,0.0
2026-09-26T17:05:15.907247+00:00,0.0,0.0,0.0,0.0
2026-09-26T17:05:16.958348+00:00,0.0,0.0,0.0,0.0
2026-09-26T17:05:18.007779+00:00,0.0,0.0,0.0,0.0
2026-09-26T17:05:19.058677+00:00,0.0,0.0,0.0,0.0
2026-09-26T17:05:20.109925+00:00,0.0,0.0,0.0,0.0
2026-09-26T17:05:21.157964+00:00,0.0,0.0,0.0,0.0
2026-09-26T17:05:22.210590+00:00,0.0,0.0,0.0,0.0
2026-09-26T17:05:23.261242+00:00,0.0,0.0,0.0,0.0
2026-09-26T17:05:24.311655+00:00,0.0,0.0,0.0,0.0
2026-09-26T17:05:25.363315+00:00,0.0,0.0,0.0,0.0
2026-09-26T17:05:26.411544+00:00,0.0,0.0,0.0,0.0
2026-09-26T17:05:27.462873+00:00,0.0,0.0,0.0,0.0
2026-09-26T17:05:28.512571+00:00,0.0,0.0,0.0,0.0
2026-09-26T17:05:29.563811+00:00,0.0,0.0,0.0,0.0
2026-09-26T17:05:30.614868+00:00,0.0,0.0,0.0,0.0
2026-09-26T17:05:31.662654+00:00,0.0,0.0,0.0,0.0
2026-09-26T17:05:32.715218+00:00,0.0,0.0,0.0,0.0
2026-09-26T17:05:33.764287+00:00,0.0,0.0,0.0,0.0
2026-09-26T17:05:34.814933+00:00,0.0,0.0,0.0,0.0
2026-09-26T17:05:35.865541+00:00,0.0,0.0,0.0,0.0
2026-09-26T17:05:36.914112+00:00,0.0,0.0,0.0,0.0
2026-09-26T17:05:37.965204+00:00,0.0,0.0,0.0,0.0
2026-09-26T17:05:39.014923+00:00,0.0,0.0,0.0,0.0
2026-09-26T17:05:40.065890+00:00,0.0,0.0,0.0,0.0
2026-09-26T17:05:41.115713+00:00,0.0,0.0,0.0,0.0
2026-09-26T17:05:42.163874+00:00,0.0,0.0,0.0,0.0
2026-09-26T17:05:43.213259+00:00,0.0,0.0,0.0,0.0
2026-09-26T17:05:44.263319+00:00,0.0,0.0,0.0,0.0
2026-09-26T17:05:45.314344+00:00,0.0,0.0,0.0,0.0
2026-09-26T17:05:46.365166+00:00,0.0,0.0,0.0,0.0
2026-09-26T17:05:47.413823+00:00,0.0,0.0,0.0,0.0
2026-09-26T17:05:48.464200+00:00,0.0,0.0,0.0,0.0
2026-09-26T17:05:49.513396+00:00,0.0,0.0,0.0,0.0
2026-09-26T17:05:50.563230+00:00,0.0,0.0,0.0,0.0
2026-09-26T17:05:51.613106+00:00,0.0,0.0,0.0,0.0
2026-09-26T17:05:52.661524+00:00,0.0,0.0,0.0,0.0
2026-09-26T17:05:53.712117+00:00,0.0,0.0,0.0,0.0
2026-09-26T17:05:54.762482+00:00,0.0,0.0,0.0,0.0
2026-09-26T17:05:55.812190+00:00,0.0,0.0,0.0,0.0
2026-09-26T17:05:56.863335+00:00,0.0,0.0,0.0,0.0
2026-09-26T17:05:57.911454+00:00,0.0,0.0,0.0,0.0
2026-09-26T17:05:58.962499+00:00,0.0,0.0,0.0,0.0
2026-09-26T17:06:00.012272+00:00,0.0,0.0,0.0,0.0
2026-09-26T17:06:01.063361+00:00,0.0,0.0,0.0,0.0
2026-09-26T17:06:02.114726+00:00,0.0,0.0,0.0,0.0
2026-09-26T17:06:03.162645+00:00,0.0,0.0,0.0,0.0
2026-09-26T17:06:04.212998+00:00,0.0,0.0,0.0,0.0
2026-09-26T17:06:05.262034+00:00,0.0,0.0,0.0,0.0
2026-09-26T17:06:06.313110+00:00,0.0,0.0,0.0,0.0
2026-09-26T17:06:07.362657+00:00,0.0,0.0,0.0,0.0
2026-09-26T17:06:08.411888+00:00,0.0,0.0,0.0,0.0
2026-09-26T17:06:09.463331+00:00,0.0,0.0,0.0,0.0
2026-09-26T17:06:10.513824+00:00,0.0,0.0,0.0,0.0
2026-09-26T17:06:11.563546+00:00,0.0,0.0,0.0,0.0
2026-09-26T17:06:12.613623+00:00,0.0,0.0,0.0,0.0
2026-09-26T17:06:13.662782+00:00,0.0,0.0,0.0,0.0
2026-09-26T17:06:14.713557+00:00,0.0,0.0,0.0,0.0
2026-09-26T17:06:15.757520+00:00,0.0,0.0,0.0,0.0
2026-09-26T17:06:16.807046+00:00,0.0,0.0,0.0,0.0
2026-09-26T17:06:17.856559+00:00,0.0,0.0,0.0,0.0
2026-09-26T17:06:18.906198+00:00,0.0,0.0,0.0,0.0
2026-09-26T17:06:19.955687+00:00,0.0,0.0,0.0,0.0
2026-09-26T17:06:21.006122+00:00,0.0,0.0,0.0,0.0
2026-09-26T17:06:22.057026+00:00,0.0,0.0,0.0,0.0
2026-09-26T17:06:23.107415+00:00,0.0,0.0,0.0,0.0
2026-09-26T17:06:24.158310+00:00,0.0,0.0,0.0,0.0
2026-09-26T17:06:25.207981+00:00,0.0,0.0,0.0,0.0
2026-09-26T17:06:26.258222+00:00,0.0,0.0,0.0,0.0
2026-09-26T17:06:27.309418+00:00,0.0,0.0,0.0,0.0
2026-09-26T17:06:28.361430+00:00,0.0,0.0,0.0,0.0
2026-09-26T17:06:29.411229+00:00,0.0,0.0,0.0,0.0
2026-09-26T17:06:30.462805+00:00,0.0,0.0,0.0,0.0
2026-09-26T17:06:31.512637+00:00,0.0,0.0,0.0,0.0
2026-09-26T17:06:32.563211+00:00,0.0,0.0,0.0,0.0
2026-09-26T17:06:33.614039+00:00,0.0,0.0,0.0,0.0
2026-09-26T17:06:34.663597+00:00,0.0,0.0,0.0,0.0
2026-09-26T17:06:35.713435+00:00,0.0,0.0,0.0,0.0
2026-09-26T17:06:36.762413+00:00,0.0,0.0,0.0,0.0
2026-09-26T17:06:37.813352+00:00,0.0,0.0,0.0,0.0
2026-09-26T17:06:38.864967+00:00,0.0,0.0,0.0,0.0
2026-09-26T17:06:39.914464+00:00,0.0,0.0,0.0,0.0
2026-09-26T17:06:40.963136+00:00,0.0,0.0,0.0,0.0
2026-09-26T17:06:42.012548+00:00,0.0,0.0,0.0,0.0
2026-09-26T17:06:43.064066+00:00,0.0,0.0,0.0,0.0
2026-09-26T17:06:44.113729+00:00,0.0,0.0,0.0,0.0
2026-09-26T17:06:45.163864+00:00,0.0,0.0,0.0,0.0
2026-09-26T17:06:46.212526+00:00,0.0,0.0,0.0,0.0
2026-09-26T17:06:47.264242+00:00,0.0,0.0,0.0,0.0
2026-09-26T17:06:48.316486+00:00,0.0,0.0,0.0,0.0
2026-09-26T17:06:49.366560+00:00,0.0,0.0,0.0,0.0
2026-09-26T17:06:50.416231+00:00,0.0,0.0,0.0,0.0
2026-09-26T17:06:51.465994+00:00,0.0,0.0,0.0,0.0
2026-09-26T17:06:52.515166+00:00,0.0,0.0,0.0,0.0
2026-09-26T17:06:53.566530+00:00,0.0,0.0,0.0,0.0
2026-09-26T17:06:54.616808+00:00,0.0,0.0,0.0,0.0
2026-09-26T17:06:55.667568+00:00,0.0,0.0,0.0,0.0
2026-09-26T17:06:56.716674+00:00,0.0,0.0,0.0,0.0
2026-09-26T17:06:57.766541+00:00,0.0,0.0,0.0,0.0
2026-09-26T17:06:58.820012+00:00,0.0,0.0,0.0,0.0
2026-09-26T17:06:59.870851+00:00,0.0,0.0,0.0,0.0
2026-09-26T17:07:00.921414+00:00,0.0,0.0,0.0,0.0
2026-09-26T17:07:01.970431+00:00,0.0,0.0,0.0,0.0
2026-09-26T17:07:03.020207+00:00,0.0,0.0,0.0,0.0
2026-09-26T17:07:04.071213+00:00,0.0,0.0,0.0,0.0
2026-09-26T17:07:05.124015+00:00,0.0,0.0,0.0,0.0
2026-09-26T17:07:06.173820+00:00,0.0,0.0,0.0,0.0
2026-09-26T17:07:07.221479+00:00,0.0,0.0,0.0,0.0
2026-09-26T17:07:08.270759+00:00,0.0,0.0,0.0,0.0
2026-09-26T17:07:09.320644+00:00,0.0,0.0,0.0,0.0
2026-09-26T17:07:10.371533+00:00,0.0,0.0,0.0,0.0
2026-09-26T17:07:11.421633+00:00,0.0,0.0,0.0,0.0
2026-09-26T17:07:12.473100+00:00,0.0,0.0,0.0,0.0
2026-09-26T17:07:13.525679+00:00,0.0,0.0,0.0,0.0
2026-09-26T17:07:14.575158+00:00,0.0,0.0,0.0,0.0
2026-09-26T17:07:15.625956+00:00,0.0,0.0,0.0,0.0
2026-09-26T17:07:16.676715+00:00,0.0,0.0,0.0,0.0
2026-09-26T17:07:17.728298+00:00,0.0,0.0,0.0,0.0
2026-09-26T17:07:18.779343+00:00,0.0,0.0,0.0,0.0
2026-09-26T17:07:19.831898+00:00,0.0,0.0,0.0,0.0
2026-09-26T17:07:20.881466+00:00,0.0,0.0,0.0,0.0
2026-09-26T17:07:21.932151+00:00,0.0,0.0,0.0,0.0
2026-09-26T17:07:22.985093+00:00,0.0,0.0,0.0,0.0
2026-09-26T17:07:24.032592+00:00,0.0,0.0,0.0,0.0
2026-09-26T17:07:25.083919+00:00,0.0,0.0,0.0,0.0
2026-09-26T17:07:26.133471+00:00,0.0,0.0,0.0,0.0
2026-09-26T17:07:27.183165+00:00,0.0,0.0,0.0,0.0
2026-09-26T17:07:28.232702+00:00,0.0,0.0,0.0,0.0
2026-09-26T17:07:29.281150+00:00,0.0,0.0,0.0,0.0
2026-09-26T17:07:30.330098+00:00,0.0,0.0,0.0,0.0
2026-09-26T17:07:31.380732+00:00,0.0,0.0,0.0,0.0
2026-09-26T17:07:32.432119+00:00,0.0,0.0,0.0,0.0
2026-09-26T17:07:33.482356+00:00,0.0,0.0,0.0,0.0
2026-09-26T17:07:34.531132+00:00,0.0,0.0,0.0,0.0
2026-09-26T17:07:35.580820+00:00,0.0,0.0,0.0,0.0
2026-09-26T17:07:36.631911+00:00,0.0,0.0,0.0,0.0
2026-09-26T17:07:37.682526+00:00,0.0,0.0,0.0,0.0
2026-09-26T17:07:38.732897+00:00,0.0,0.0,0.0,0.0
2026-09-26T17:07:39.779793+00:00,0.0,0.0,0.0,0.0
2026-09-26T17:07:40.830761+00:00,0.0,0.0,0.0,0.0
2026-09-26T17:07:41.882728+00:00,0.0,0.0,0.0,0.0
2026-09-26T17:07:42.932480+00:00,0.0,0.0,0.0,0.0
2026-09-26T17:07:43.983672+00:00,0.0,0.0,0.0,0.0
2026-09-26T17:07:45.032793+00:00,0.0,0.0,0.0,0.0
2026-09-26T17:07:46.083323+00:00,0.0,0.0,0.0,0.0
2026-09-26T17:07:47.134443+00:00,0.0,0.0,0.0,0.0
2026-09-26T17:07:48.184054+00:00,0.0,0.0,0.0,0.0
2026-09-26T17:07:49.235392+00:00,0.0,0.0,0.0,0.0
2026-09-26T17:07:50.285740+00:00,0.0,0.0,0.0,0.0
2026-09-26T17:07:51.335180+00:00,0.0,0.0,0.0,0.0
2026-09-26T17:07:52.385611+00:00,0.0,0.0,0.0,0.0
2026-09-26T17:07:53.435611+00:00,0.0,0.0,0.0,0.0
2026-09-26T17:07:54.487072+00:00,0.0,0.0,0.0,0.0
2026-09-26T17:07:55.537545+00:00,0.0,0.0,0.0,0.0
2026-09-26T17:07:56.588063+00:00,0.0,0.0,0.0,0.0
2026-09-26T17:07:57.639135+00:00,0.0,0.0,0.0,0.0
2026-09-26T17:07:58.689875+00:00,0.0,0.0,0.0,0.0
2026-09-26T17:07:59.739505+00:00,0.0,0.0,0.0,0.0
2026-09-26T17:08:00.791006+00:00,0.0,0.0,0.0,0.0
2026-09-26T17:08:01.840812+00:00,0.0,0.0,0.0,0.0
2026-09-26T17:08:02.891483+00:00,0.0,0.0,0.0,0.0
2026-09-26T17:08:03.943677+00:00,0.0,0.0,0.0,0.0
2026-09-26T17:08:04.993305+00:00,0.0,0.0,0.0,0.0
2026-09-26T17:08:06.044770+00:00,0.0,0.0,0.0,0.0
2026-09-26T17:08:07.094305+00:00,0.0,0.0,0.0,0.0
2026-09-26T17:08:08.144051+00:00,0.0,0.0,0.0,0.0
2026-09-26T17:08:09.195245+00:00,0.0,0.0,0.0,0.0
2026-09-26T17:08:10.244785+00:00,0.0,0.0,0.0,0.0
2026-09-26T17:08:11.294123+00:00,0.0,0.0,0.0,0.0
2026-09-26T17:08:12.341233+00:00,0.0,0.0,0.0,0.0
2026-09-26T17:08:13.392346+00:00,0.0,0.0,0.0,0.0
2026-09-26T17:08:14.442178+00:00,0.0,0.0,0.0,0.0
2026-09-26T17:08:15.492691+00:00,0.0,0.0,0.0,0.0
2026-09-26T17:08:16.541797+00:00,0.0,0.0,0.0,0.0
2026-09-26T17:08:17.590553+00:00,0.0,0.0,0.0,0.0
2026-09-26T17:08:18.639498+00:00,0.0,0.0,0.0,0.0
2026-09-26T17:08:19.689429+00:00,0.0,0.0,0.0,0.0
2026-09-26T17:08:20.740228+00:00,0.0,0.0,0.0,0.0
2026-09-26T17:08:21.789921+00:00,0.0,0.0,0.0,0.0
2026-09-26T17:08:22.838743+00:00,0.0,0.0,0.0,0.0
2026-09-26T17:08:23.891027+00:00,0.0,0.0,0.0,0.0
2026-09-26T17:08:24.940786+00:00,0.0,0.0,0.0,0.0
2026-09-26T17:08:25.990296+00:00,0.0,0.0,0.0,0.0
2026-09-26T17:08:27.039942+00:00,0.0,0.0,0.0,0.0
2026-09-26T17:08:28.091046+00:00,0.0,0.0,0.0,0.0
2026-09-26T17:08:29.140279+00:00,0.0,0.0,0.0,0.0
2026-09-26T17:08:30.192964+00:00,0.0,0.0,0.0,0.0
2026-09-26T17:08:31.244550+00:00,0.0,0.0,0.0,0.0
2026-09-26T17:08:32.294310+00:00,0.0,0.0,0.0,0.0
2026-09-26T17:08:33.344784+00:00,0.0,0.0,0.0,0.0
2026-09-26T17:08:34.384958+00:00,0.0,0.0,0.0,0.0
2026-09-26T17:08:35.422281+00:00,0.0,0.0,0.0,0.0
2026-09-26T17:08:36.471486+00:00,0.0,0.0,0.0,0.0
2026-09-26T17:08:37.519002+00:00,0.0,0.0,0.0,0.0
2026-09-26T17:08:38.569004+00:00,0.0,0.0,0.0,0.0
2026-09-26T17:08:39.617709+00:00,0.0,0.0,0.0,0.0
2026-09-26T17:08:40.667576+00:00,0.0,0.0,0.0,0.0
2026-09-26T17:08:41.719509+00:00,0.0,0.0,0.0,0.0
2026-09-26T17:08:42.772132+00:00,0.0,0.0,0.0,0.0
2026-09-26T17:08:43.822907+00:00,0.0,0.0,0.0,0.0
2026-09-26T17:08:44.871187+00:00,0.0,0.0,0.0,0.0
2026-09-26T17:08:45.920284+00:00,0.0,0.0,0.0,0.0
2026-09-26T17:08:46.970843+00:00,0.0,0.0,0.0,0.0
2026-09-26T17:08:48.021754+00:00,0.0,0.0,0.0,0.0
2026-09-26T17:08:49.071127+00:00,0.0,0.0,0.0,0.0
2026-09-26T17:08:50.120445+00:00,0.0,0.0,0.0,0.0
2026-09-26T17:08:51.169958+00:00,0.0,0.0,0.0,0.0
2026-09-26T17:08:52.221645+00:00,0.0,0.0,0.0,0.0
2026-09-26T17:08:53.271694+00:00,0.0,0.0,0.0,0.0
2026-09-26T17:08:54.323546+00:00,0.0,0.0,0.0,0.0
2026-09-26T17:08:55.372374+00:00,0.0,0.0,0.0,0.0
2026-09-26T17:08:56.421801+00:00,0.0,0.0,0.0,0.0
2026-09-26T17:08:57.473750+00:00,0.0,0.0,0.0,0.0
2026-09-26T17:08:58.525374+00:00,0.0,0.0,0.0,0.0
2026-09-26T17:08:59.577626+00:00,0.0,0.0,0.0,0.0
2026-09-26T17:09:00.628066+00:00,0.0,0.0,0.0,0.0
2026-09-26T17:09:01.678958+00:00,0.0,0.0,0.0,0.0
2026-09-26T17:09:02.729416+00:00,0.0,0.0,0.0,0.0
2026-09-26T17:09:03.781783+00:00,0.0,0.0,0.0,0.0
2026-09-26T17:09:04.830714+00:00,0.0,0.0,0.0,0.0
2026-09-26T17:09:05.880849+00:00,0.0,0.0,0.0,0.0
2026-09-26T17:09:06.930160+00:00,0.0,0.0,0.0,0.0
2026-09-26T17:09:07.979057+00:00,0.0,0.0,0.0,0.0
2026-09-26T17:09:09.028748+00:00,0.0,0.0,0.0,0.0
2026-09-26T17:09:10.079905+00:00,0.0,0.0,0.0,0.0
2026-09-26T17:09:11.129856+00:00,0.0,0.0,0.0,0.0
2026-09-26T17:09:12.180330+00:00,0.0,0.0,0.0,0.0
2026-09-26T17:09:13.230131+00:00,0.0,0.0,0.0,0.0
2026-09-26T17:09:14.281301+00:00,0.0,0.0,0.0,0.0
2026-09-26T17:09:15.331878+00:00,0.0,0.0,0.0,0.0
2026-09-26T17:09:16.384941+00:00,0.0,0.0,0.0,0.0
2026-09-26T17:09:17.434596+00:00,0.0,0.0,0.0,0.0
2026-09-26T17:09:18.484145+00:00,0.0,0.0,0.0,0.0
2026-09-26T17:09:19.534516+00:00,0.0,0.0,0.0,0.0
2026-09-26T17:09:20.585356+00:00,0.0,0.0,0.0,0.0
2026-09-26T17:09:21.635055+00:00,0.0,0.0,0.0,0.0
2026-09-26T17:09:22.685193+00:00,0.0,0.0,0.0,0.0
2026-09-26T17:09:23.735448+00:00,0.0,0.0,0.0,0.0
2026-09-26T17:09:24.786303+00:00,0.0,0.0,0.0,0.0
2026-09-26T17:09:25.837236+00:00,0.0,0.0,0.0,0.0
2026-09-26T17:09:26.887612+00:00,0.0,0.0,0.0,0.0
2026-09-26T17:09:27.937621+00:00,0.0,0.0,0.0,0.0
2026-09-26T17:09:28.988891+00:00,0.0,0.0,0.0,0.0
2026-09-26T17:09:30.040273+00:00,0.0,0.0,0.0,0.0
2026-09-26T17:09:31.090531+00:00,0.0,0.0,0.0,0.0
2026-09-26T17:09:32.144125+00:00,0.0,0.0,0.0,0.0
2026-09-26T17:09:33.193647+00:00,0.0,0.0,0.0,0.0
2026-09-26T17:09:34.244374+00:00,0.0,0.0,0.0,0.0
2026-09-26T17:09:35.295460+00:00,0.0,0.0,0.0,0.0
2026-09-26T17:09:36.345593+00:00,0.0,0.0,0.0,0.0
2026-09-26T17:09:37.396431+00:00,0.0,0.0,0.0,0.0
2026-09-26T17:09:38.450436+00:00,0.0,0.0,0.0,0.0
2026-09-26T17:09:39.497976+00:00,0.0,0.0,0.0,0.0
2026-09-26T17:09:40.548692+00:00,0.0,0.0,0.0,0.0
2026-09-26T17:09:41.599453+00:00,0.0,0.0,0.0,0.0
2026-09-26T17:09:42.649814+00:00,0.0,0.0,0.0,0.0
2026-09-26T17:09:43.701030+00:00,0.0,0.0,0.0,0.0
2026-09-26T17:09:44.748530+00:00,0.0,0.0,0.0,0.0
2026-09-26T17:09:45.801273+00:00,0.0,0.0,0.0,0.0
2026-09-26T17:09:46.852627+00:00,0.0,0.0,0.0,0.0
2026-09-26T17:09:47.901763+00:00,0.0,0.0,0.0,0.0
2026-09-26T17:09:48.952895+00:00,0.0,0.0,0.0,0.0
2026-09-26T17:09:50.001483+00:00,0.0,0.0,0.0,0.0
2026-09-26T17:09:51.051771+00:00,0.0,0.0,0.0,0.0
2026-09-26T17:09:52.103039+00:00,0.0,0.0,0.0,0.0
2026-09-26T17:09:53.153161+00:00,0.0,0.0,0.0,0.0
2026-09-26T17:09:54.204474+00:00,0.0,0.0,0.0,0.0
2026-09-26T17:09:55.252506+00:00,0.0,0.0,0.0,0.0
2026-09-26T17:09:56.303841+00:00,0.0,0.0,0.0,0.0
2026-09-26T17:09:57.355469+00:00,0.0,0.0,0.0,0.0
2026-09-26T17:09:58.406296+00:00,0.0,0.0,0.0,0.0
2026-09-26T17:09:59.458605+00:00,0.0,0.0,0.0,0.0
2026-09-26T17:10:00.509593+00:00,0.0,0.0,0.0,0.0
2026-09-26T17:10:01.557386+00:00,0.0,0.0,0.0,0.0
2026-09-26T17:10:02.608242+00:00,0.0,0.0,0.0,0.0
2026-09-26T17:10:03.657388+00:00,0.0,0.0,0.0,0.0
2026-09-26T17:10:04.707442+00:00,0.0,0.0,0.0,0.0
2026-09-26T17:10:05.757115+00:00,0.0,0.0,0.0,0.0
2026-09-26T17:10:06.805783+00:00,0.0,0.0,0.0,0.0
2026-09-26T17:10:07.857404+00:00,0.0,0.0,0.0,0.0
2026-09-26T17:10:08.908141+00:00,0.0,0.0,0.0,0.0
2026-09-26T17:10:09.959023+00:00,0.0,0.0,0.0,0.0
2026-09-26T17:10:11.008732+00:00,0.0,0.0,0.0,0.0
2026-09-26T17:10:12.057084+00:00,0.0,0.0,0.0,0.0
2026-09-26T17:10:13.103376+00:00,0.0,0.0,0.0,0.0
2026-09-26T17:10:14.156635+00:00,0.0,0.0,0.0,0.0
2026-09-26T17:10:15.207019+00:00,0.0,0.0,0.0,0.0
2026-09-26T17:10:16.257538+00:00,0.0,0.0,0.0,0.0
2026-09-26T17:10:17.308425+00:00,0.0,0.0,0.0,0.0
2026-09-26T17:10:18.359254+00:00,0.0,0.0,0.0,0.0
2026-09-26T17:10:19.409119+00:00,0.0,0.0,0.0,0.0
2026-09-26T17:10:20.459792+00:00,0.0,0.0,0.0,0.0
2026-09-26T17:10:21.510141+00:00,0.0,0.0,0.0,0.0
2026-09-26T17:10:22.561421+00:00,0.0,0.0,0.0,0.0
2026-09-26T17:10:23.611080+00:00,0.0,0.0,0.0,0.0
2026-09-26T17:10:24.661687+00:00,0.0,0.0,0.0,0.0
2026-09-26T17:10:25.712970+00:00,0.0,0.0,0.0,0.0
2026-09-26T17:10:26.762952+00:00,0.0,0.0,0.0,0.0
2026-09-26T17:10:27.815441+00:00,0.0,0.0,0.0,0.0
2026-09-26T17:10:28.863957+00:00,0.0,0.0,0.0,0.0
2026-09-26T17:10:29.913652+00:00,0.0,0.0,0.0,0.0
2026-09-26T17:10:30.964848+00:00,0.0,0.0,0.0,0.0
2026-09-26T17:10:32.014165+00:00,0.0,0.0,0.0,0.0
2026-09-26T17:10:33.065042+00:00,0.0,0.0,0.0,0.0
2026-09-26T17:10:34.112957+00:00,0.0,0.0,0.0,0.0
2026-09-26T17:10:35.163841+00:00,0.0,0.0,0.0,0.0
2026-09-26T17:10:36.215102+00:00,0.0,0.0,0.0,0.0
2026-09-26T17:10:37.265402+00:00,0.0,0.0,0.0,0.0
2026-09-26T17:10:38.316731+00:00,0.0,0.0,0.0,0.0
2026-09-26T17:10:39.365350+00:00,0.0,0.0,0.0,0.0
2026-09-26T17:10:40.416017+00:00,0.0,0.0,0.0,0.0
2026-09-26T17:10:41.465313+00:00,0.0,0.0,0.0,0.0
2026-09-26T17:10:42.516700+00:00,0.0,0.0,0.0,0.0
2026-09-26T17:10:43.567396+00:00,0.0,0.0,0.0,0.0
2026-09-26T17:10:44.618013+00:00,0.0,0.0,0.0,0.0
2026-09-26T17:10:45.668792+00:00,0.0,0.0,0.0,0.0
2026-09-26T17:10:46.718610+00:00,0.0,0.0,0.0,0.0
2026-09-26T17:10:47.769385+00:00,0.0,0.0,0.0,0.0
2026-09-26T17:10:48.820871+00:00,0.0,0.0,0.0,0.0
2026-09-26T17:10:49.871032+00:00,0.0,0.0,0.0,0.0
2026-09-26T17:10:50.919239+00:00,0.0,0.0,0.0,0.0
2026-09-26T17:10:51.968369+00:00,0.0,0.0,0.0,0.0
2026-09-26T17:10:53.019727+00:00,0.0,0.0,0.0,0.0
2026-09-26T17:10:54.071686+00:00,0.0,0.0,0.0,0.0
2026-09-26T17:10:55.122002+00:00,0.0,0.0,0.0,0.0
2026-09-26T17:10:56.173103+00:00,0.0,0.0,0.0,0.0
2026-09-26T17:10:57.226778+00:00,0.0,0.0,0.0,0.0
2026-09-26T17:10:58.277891+00:00,0.0,0.0,0.0,0.0
2026-09-26T17:10:59.328374+00:00,0.0,0.0,0.0,0.0
2026-09-26T17:11:00.379513+00:00,0.0,0.0,0.0,0.0
2026-09-26T17:11:01.431107+00:00,0.0,0.0,0.0,0.0
2026-09-26T17:11:02.481471+00:00,0.0,0.0,0.0,0.0
2026-09-26T17:11:03.532702+00:00,0.0,0.0,0.0,0.0
2026-09-26T17:11:04.582649+00:00,0.0,0.0,0.0,0.0
2026-09-26T17:11:05.632996+00:00,0.0,0.0,0.0,0.0
2026-09-26T17:11:06.684071+00:00,0.0,0.0,0.0,0.0
2026-09-26T17:11:07.731598+00:00,0.0,0.0,0.0,0.0
2026-09-26T17:11:08.782565+00:00,0.0,0.0,0.0,0.0
2026-09-26T17:11:09.833428+00:00,0.0,0.0,0.0,0.0
2026-09-26T17:11:10.883996+00:00,0.0,0.0,0.0,0.0
2026-09-26T17:11:11.934380+00:00,0.0,0.0,0.0,0.0
2026-09-26T17:11:12.983182+00:00,0.0,0.0,0.0,0.0
2026-09-26T17:11:14.034910+00:00,0.0,0.0,0.0,0.0
2026-09-26T17:11:15.084627+00:00,0.0,0.0,0.0,0.0
2026-09-26T17:11:16.135720+00:00,0.0,0.0,0.0,0.0
2026-09-26T17:11:17.184798+00:00,0.0,0.0,0.0,0.0
2026-09-26T17:11:18.233564+00:00,0.0,0.0,0.0,0.0
2026-09-26T17:11:19.282761+00:00,0.0,0.0,0.0,0.0
2026-09-26T17:11:20.332482+00:00,0.0,0.0,0.0,0.0
2026-09-26T17:11:21.383188+00:00,0.0,0.0,0.0,0.0
2026-09-26T17:11:22.432873+00:00,0.0,0.0,0.0,0.0
2026-09-26T17:11:23.483331+00:00,0.0,0.0,0.0,0.0
2026-09-26T17:11:24.532685+00:00,0.0,0.0,0.0,0.0
2026-09-26T17:11:25.582930+00:00,0.0,0.0,0.0,0.0
2026-09-26T17:11:26.632785+00:00,0.0,0.0,0.0,0.0
2026-09-26T17:11:27.683464+00:00,0.0,0.0,0.0,0.0
2026-09-26T17:11:28.733665+00:00,0.0,0.0,0.0,0.0
2026-09-26T17:11:29.784780+00:00,0.0,0.0,0.0,0.0
2026-09-26T17:11:30.835360+00:00,0.0,0.0,0.0,0.0
2026-09-26T17:11:31.884532+00:00,0.0,0.0,0.0,0.0
2026-09-26T17:11:32.935273+00:00,0.0,0.0,0.0,0.0
2026-09-26T17:11:33.986974+00:00,0.0,0.0,0.0,0.0
2026-09-26T17:11:35.035340+00:00,0.0,0.0,0.0,0.0
2026-09-26T17:11:36.086308+00:00,0.0,0.0,0.0,0.0
2026-09-26T17:11:37.133076+00:00,0.0,0.0,0.0,0.0
2026-09-26T17:11:38.184365+00:00,0.0,0.0,0.0,0.0
2026-09-26T17:11:39.233618+00:00,0.0,0.0,0.0,0.0
2026-09-26T17:11:40.284476+00:00,0.0,0.0,0.0,0.0
2026-09-26T17:11:41.335988+00:00,0.0,0.0,0.0,0.0
2026-09-26T17:11:42.384926+00:00,0.0,0.0,0.0,0.0
2026-09-26T17:11:43.436204+00:00,0.0,0.0,0.0,0.0
2026-09-26T17:11:44.486787+00:00,0.0,0.0,0.0,0.0
2026-09-26T17:11:45.536837+00:00,0.0,0.0,0.0,0.0
2026-09-26T17:11:46.613746+00:00,0.0,0.0,0.0,0.0
2026-09-26T17:11:47.664157+00:00,0.0,0.0,0.0,0.0
2026-09-26T17:11:48.715328+00:00,0.0,0.0,0.0,0.0
2026-09-26T17:11:49.765099+00:00,0.0,0.0,0.0,0.0
2026-09-26T17:11:50.815662+00:00,0.0,0.0,0.0,0.0
2026-09-26T17:11:51.862586+00:00,0.0,0.0,0.0,0.0
2026-09-26T17:11:52.913630+00:00,0.0,0.0,0.0,0.0
2026-09-26T17:11:53.963038+00:00,0.0,0.0,0.0,0.0
2026-09-26T17:11:55.013321+00:00,0.0,0.0,0.0,0.0
2026-09-26T17:11:56.064505+00:00,0.0,0.0,0.0,0.0
2026-09-26T17:11:57.113868+00:00,0.0,0.0,0.0,0.0
2026-09-26T17:11:58.165110+00:00,0.0,0.0,0.0,0.0
2026-09-26T17:11:59.214876+00:00,0.0,0.0,0.0,0.0
2026-09-26T17:12:00.265529+00:00,0.0,0.0,0.0,0.0
2026-09-26T17:12:01.317130+00:00,0.0,0.0,0.0,0.0
2026-09-26T17:12:02.365875+00:00,0.0,0.0,0.0,0.0
2026-09-26T17:12:03.415349+00:00,0.0,0.0,0.0,0.0
2026-09-26T17:12:04.464011+00:00,0.0,0.0,0.0,0.0
2026-09-26T17:12:05.515387+00:00,0.0,0.0,0.0,0.0
2026-09-26T17:12:06.567668+00:00,0.0,0.0,0.0,0.0
2026-09-26T17:12:07.620924+00:00,0.0,0.0,0.0,0.0
2026-09-26T17:12:08.668750+00:00,0.0,0.0,0.0,0.0
2026-09-26T17:12:09.719082+00:00,0.0,0.0,0.0,0.0
2026-09-26T17:12:10.768990+00:00,0.0,0.0,0.0,0.0
2026-09-26T17:12:11.820935+00:00,0.0,0.0,0.0,0.0
2026-09-26T17:12:12.872308+00:00,0.0,0.0,0.0,0.0
2026-09-26T17:12:13.923818+00:00,0.0,0.0,0.0,0.0
2026-09-26T17:12:14.974049+00:00,0.0,0.0,0.0,0.0
2026-09-26T17:12:16.022953+00:00,0.0,0.0,0.0,0.0
2026-09-26T17:12:17.073574+00:00,0.0,0.0,0.0,0.0
2026-09-26T17:12:18.124052+00:00,0.0,0.0,0.0,0.0
2026-09-26T17:12:19.175246+00:00,0.0,0.0,0.0,0.0
2026-09-26T17:12:20.225488+00:00,0.0,0.0,0.0,0.0
2026-09-26T17:12:21.275068+00:00,0.0,0.0,0.0,0.0
2026-09-26T17:12:22.325333+00:00,0.0,0.0,0.0,0.0
2026-09-26T17:12:23.376753+00:00,0.0,0.0,0.0,0.0
2026-09-26T17:12:24.425949+00:00,0.0,0.0,0.0,0.0
2026-09-26T17:12:25.476440+00:00,0.0,0.0,0.0,0.0
2026-09-26T17:12:26.526692+00:00,0.0,0.0,0.0,0.0
2026-09-26T17:12:27.577351+00:00,0.0,0.0,0.0,0.0
2026-09-26T17:12:28.628715+00:00,0.0,0.0,0.0,0.0
2026-09-26T17:12:29.679257+00:00,0.0,0.0,0.0,0.0
2026-09-26T17:12:30.728523+00:00,0.0,0.0,0.0,0.0
2026-09-26T17:12:31.778930+00:00,0.0,0.0,0.0,0.0
2026-09-26T17:12:32.829322+00:00,0.0,0.0,0.0,0.0
2026-09-26T17:12:33.881413+00:00,0.0,0.0,0.0,0.0
2026-09-26T17:12:34.932172+00:00,0.0,0.0,0.0,0.0
2026-09-26T17:12:35.981684+00:00,0.0,0.0,0.0,0.0
2026-09-26T17:12:37.031567+00:00,0.0,0.0,0.0,0.0
2026-09-26T17:12:38.082428+00:00,0.0,0.0,0.0,0.0
2026-09-26T17:12:39.132808+00:00,0.0,0.0,0.0,0.0
2026-09-26T17:12:40.183495+00:00,0.0,0.0,0.0,0.0
2026-09-26T17:12:41.233698+00:00,0.0,0.0,0.0,0.0
2026-09-26T17:12:42.282257+00:00,0.0,0.0,0.0,0.0
2026-09-26T17:12:43.332602+00:00,0.0,0.0,0.0,0.0
2026-09-26T17:12:44.383536+00:00,0.0,0.0,0.0,0.0
2026-09-26T17:12:45.433387+00:00,0.0,0.0,0.0,0.0
2026-09-26T17:12:46.506750+00:00,0.0,0.0,0.0,0.0
2026-09-26T17:12:47.555651+00:00,0.0,0.0,0.0,0.0
2026-09-26T17:12:48.606962+00:00,0.0,0.0,0.0,0.0
2026-09-26T17:12:49.659792+00:00,0.0,0.0,0.0,0.0
2026-09-26T17:12:50.710140+00:00,0.0,0.0,0.0,0.0
2026-09-26T17:12:51.760051+00:00,0.0,0.0,0.0,0.0
2026-09-26T17:12:52.812160+00:00,0.0,0.0,0.0,0.0
2026-09-26T17:12:53.861293+00:00,0.0,0.0,0.0,0.0
2026-09-26T17:12:54.911458+00:00,0.0,0.0,0.0,0.0
2026-09-26T17:12:55.962427+00:00,0.0,0.0,0.0,0.0
2026-09-26T17:12:57.012072+00:00,0.0,0.0,0.0,0.0
2026-09-26T17:12:58.062603+00:00,0.0,0.0,0.0,0.0
2026-09-26T17:12:59.112257+00:00,0.0,0.0,0.0,0.0
2026-09-26T17:13:00.162633+00:00,0.0,0.0,0.0,0.0
2026-09-26T17:13:01.213368+00:00,0.0,0.0,0.0,0.0
2026-09-26T17:13:02.263715+00:00,0.0,0.0,0.0,0.0
2026-09-26T17:13:03.315433+00:00,0.0,0.0,0.0,0.0
2026-09-26T17:13:04.367503+00:00,0.0,0.0,0.0,0.0
2026-09-26T17:13:05.419911+00:00,0.0,0.0,0.0,0.0
2026-09-26T17:13:06.469385+00:00,0.0,0.0,0.0,0.0
2026-09-26T17:13:07.519456+00:00,0.0,0.0,0.0,0.0
2026-09-26T17:13:08.568532+00:00,0.0,0.0,0.0,0.0
2026-09-26T17:13:09.619550+00:00,0.0,0.0,0.0,0.0
2026-09-26T17:13:10.667177+00:00,0.0,0.0,0.0,0.0
2026-09-26T17:13:11.718276+00:00,0.0,0.0,0.0,0.0
2026-09-26T17:13:12.769759+00:00,0.0,0.0,0.0,0.0
2026-09-26T17:13:13.819845+00:00,0.0,0.0,0.0,0.0
2026-09-26T17:13:14.871715+00:00,0.0,0.0,0.0,0.0
2026-09-26T17:13:15.920265+00:00,0.0,0.0,0.0,0.0
2026-09-26T17:13:16.969912+00:00,0.0,0.0,0.0,0.0
2026-09-26T17:13:18.020974+00:00,0.0,0.0,0.0,0.0
2026-09-26T17:13:19.069407+00:00,0.0,0.0,0.0,0.0
2026-09-26T17:13:20.120859+00:00,0.0,0.0,0.0,0.0
2026-09-26T17:13:21.171061+00:00,0.0,0.0,0.0,0.0
2026-09-26T17:13:22.221669+00:00,0.0,0.0,0.0,0.0
2026-09-26T17:13:23.271998+00:00,0.0,0.0,0.0,0.0
2026-09-26T17:13:24.324010+00:00,0.0,0.0,0.0,0.0
2026-09-26T17:13:25.377839+00:00,0.0,0.0,0.0,0.0
2026-09-26T17:13:26.428698+00:00,0.0,0.0,0.0,0.0
2026-09-26T17:13:27.476632+00:00,0.0,0.0,0.0,0.0
2026-09-26T17:13:28.526975+00:00,0.0,0.0,0.0,0.0
2026-09-26T17:13:29.577401+00:00,0.0,0.0,0.0,0.0
2026-09-26T17:13:30.628441+00:00,0.0,0.0,0.0,0.0
2026-09-26T17:13:31.680937+00:00,0.0,0.0,0.0,0.0
2026-09-26T17:13:32.728296+00:00,0.0,0.0,0.0,0.0
2026-09-26T17:13:33.779407+00:00,0.0,0.0,0.0,0.0
2026-09-26T17:13:34.829397+00:00,0.0,0.0,0.0,0.0
2026-09-26T17:13:35.879528+00:00,0.0,0.0,0.0,0.0
2026-09-26T17:13:36.929932+00:00,0.0,0.0,0.0,0.0
2026-09-26T17:13:37.979677+00:00,0.0,0.0,0.0,0.0
2026-09-26T17:13:39.028097+00:00,0.0,0.0,0.0,0.0
2026-09-26T17:13:40.077393+00:00,0.0,0.0,0.0,0.0
2026-09-26T17:13:41.128885+00:00,0.0,0.0,0.0,0.0
2026-09-26T17:13:42.179160+00:00,0.0,0.0,0.0,0.0
2026-09-26T17:13:43.228874+00:00,0.0,0.0,0.0,0.0
2026-09-26T17:13:44.276233+00:00,0.0,0.0,0.0,0.0
2026-09-26T17:13:45.327850+00:00,0.0,0.0,0.0,0.0
2026-09-26T17:13:46.380456+00:00,0.0,0.0,0.0,0.0
2026-09-26T17:13:47.429492+00:00,0.0,0.0,0.0,0.0
2026-09-26T17:13:48.479818+00:00,0.0,0.0,0.0,0.0
2026-09-26T17:13:49.529346+00:00,0.0,0.0,0.0,0.0
2026-09-26T17:13:50.578206+00:00,0.0,0.0,0.0,0.0
2026-09-26T17:13:51.627653+00:00,0.0,0.0,0.0,0.0
2026-09-26T17:13:52.679087+00:00,0.0,0.0,0.0,0.0
2026-09-26T17:13:53.729284+00:00,0.0,0.0,0.0,0.0
2026-09-26T17:13:54.780085+00:00,0.0,0.0,0.0,0.0
2026-09-26T17:13:55.828136+00:00,0.0,0.0,0.0,0.0
2026-09-26T17:13:56.877636+00:00,0.0,0.0,0.0,0.0
2026-09-26T17:13:57.928441+00:00,0.0,0.0,0.0,0.0
2026-09-26T17:13:58.977779+00:00,0.0,0.0,0.0,0.0
2026-09-26T17:14:00.031065+00:00,0.0,0.0,0.0,0.0
2026-09-26T17:14:01.082493+00:00,0.0,0.0,0.0,0.0
2026-09-26T17:14:02.133049+00:00,0.0,0.0,0.0,0.0
2026-09-26T17:14:03.184345+00:00,0.0,0.0,0.0,0.0
2026-09-26T17:14:04.236073+00:00,0.0,0.0,0.0,0.0
2026-09-26T17:14:05.286390+00:00,0.0,0.0,0.0,0.0
2026-09-26T17:14:06.336493+00:00,0.0,0.0,0.0,0.0
2026-09-26T17:14:07.386212+00:00,0.0,0.0,0.0,0.0
2026-09-26T17:14:08.436597+00:00,0.0,0.0,0.0,0.0
2026-09-26T17:14:09.488488+00:00,0.0,0.0,0.0,0.0
2026-09-26T17:14:10.540223+00:00,0.0,0.0,0.0,0.0
2026-09-26T17:14:11.590306+00:00,0.0,0.0,0.0,0.0
2026-09-26T17:14:12.639517+00:00,0.0,0.0,0.0,0.0
2026-09-26T17:14:13.689745+00:00,0.0,0.0,0.0,0.0
2026-09-26T17:14:14.740352+00:00,0.0,0.0,0.0,0.0
2026-09-26T17:14:15.791116+00:00,0.0,0.0,0.0,0.0
2026-09-26T17:14:16.840564+00:00,0.0,0.0,0.0,0.0
2026-09-26T17:14:17.892684+00:00,0.0,0.0,0.0,0.0
2026-09-26T17:14:18.942182+00:00,0.0,0.0,0.0,0.0
2026-09-26T17:14:19.993816+00:00,0.0,0.0,0.0,0.0
2026-09-26T17:14:21.045591+00:00,0.0,0.0,0.0,0.0
2026-09-26T17:14:22.092933+00:00,0.0,0.0,0.0,0.0
2026-09-26T17:14:23.143389+00:00,0.0,0.0,0.0,0.0
2026-09-26T17:14:24.190193+00:00,0.0,0.0,0.0,0.0
2026-09-26T17:14:25.241540+00:00,0.0,0.0,0.0,0.0
2026-09-26T17:14:26.291669+00:00,0.0,0.0,0.0,0.0
2026-09-26T17:14:27.336799+00:00,0.0,0.0,0.0,0.0
2026-09-26T17:14:28.387412+00:00,0.0,0.0,0.0,0.0
2026-09-26T17:14:29.438543+00:00,0.0,0.0,0.0,0.0
2026-09-26T17:14:30.488592+00:00,0.0,0.0,0.0,0.0
2026-09-26T17:14:31.539708+00:00,0.0,0.0,0.0,0.0
2026-09-26T17:14:32.592826+00:00,0.0,0.0,0.0,0.0
2026-09-26T17:14:33.643538+00:00,0.0,0.0,0.0,0.0
2026-09-26T17:14:34.692519+00:00,0.0,0.0,0.0,0.0
2026-09-26T17:14:35.742456+00:00,0.0,0.0,0.0,0.0
2026-09-26T17:14:36.793520+00:00,0.0,0.0,0.0,0.0
2026-09-26T17:14:37.846489+00:00,0.0,0.0,0.0,0.0
2026-09-26T17:14:38.897501+00:00,0.0,0.0,0.0,0.0
2026-09-26T17:14:39.947280+00:00,0.0,0.0,0.0,0.0
2026-09-26T17:14:40.995122+00:00,0.0,0.0,0.0,0.0
2026-09-26T17:14:42.044094+00:00,0.0,0.0,0.0,0.0
2026-09-26T17:14:43.094831+00:00,0.0,0.0,0.0,0.0
2026-09-26T17:14:44.144528+00:00,0.0,0.0,0.0,0.0
2026-09-26T17:14:45.195200+00:00,0.0,0.0,0.0,0.0
2026-09-26T17:14:46.246812+00:00,0.0,0.0,0.0,0.0
2026-09-26T17:14:47.294007+00:00,0.0,0.0,0.0,0.0
2026-09-26T17:14:48.344085+00:00,0.0,0.0,0.0,0.0
2026-09-26T17:14:49.394546+00:00,0.0,0.0,0.0,0.0
2026-09-26T17:14:50.449597+00:00,0.0,0.0,0.0,0.0
2026-09-26T17:14:51.501746+00:00,0.0,0.0,0.0,0.0
2026-09-26T17:14:52.551845+00:00,0.0,0.0,0.0,0.0
2026-09-26T17:14:53.601671+00:00,0.0,0.0,0.0,0.0
2026-09-26T17:14:54.652889+00:00,0.0,0.0,0.0,0.0
2026-09-26T17:14:55.698139+00:00,0.0,0.0,0.0,0.0
2026-09-26T17:14:56.750991+00:00,0.0,0.0,0.0,0.0
2026-09-26T17:14:57.801257+00:00,0.0,0.0,0.0,0.0
2026-09-26T17:14:58.850302+00:00,0.0,0.0,0.0,0.0
2026-09-26T17:14:59.901012+00:00,0.0,0.0,0.0,0.0
2026-09-26T17:15:00.951621+00:00,0.0,0.0,0.0,0.0
2026-09-26T17:15:02.001490+00:00,0.0,0.0,0.0,0.0
2026-09-26T17:15:03.051020+00:00,0.0,0.0,0.0,0.0
2026-09-26T17:15:04.100311+00:00,0.0,0.0,0.0,0.0
2026-09-26T17:15:05.150432+00:00,0.0,0.0,0.0,0.0
2026-09-26T17:15:06.200630+00:00,0.0,0.0,0.0,0.0
2026-09-26T17:15:07.250446+00:00,0.0,0.0,0.0,0.0
2026-09-26T17:15:08.300815+00:00,0.0,0.0,0.0,0.0
2026-09-26T17:15:09.350828+00:00,0.0,0.0,0.0,0.0
2026-09-26T17:15:10.401513+00:00,0.0,0.0,0.0,0.0
2026-09-26T17:15:11.451775+00:00,0.0,0.0,0.0,0.0
2026-09-26T17:15:12.501933+00:00,0.0,0.0,0.0,0.0
2026-09-26T17:15:13.552307+00:00,0.0,0.0,0.0,0.0
2026-09-26T17:15:14.602495+00:00,0.0,0.0,0.0,0.0
2026-09-26T17:15:15.650884+00:00,0.0,0.0,0.0,0.0
2026-09-26T17:15:16.693335+00:00,0.0,0.0,0.0,0.0
2026-09-26T17:15:17.742135+00:00,0.0,0.0,0.0,0.0
2026-09-26T17:15:18.791805+00:00,0.0,0.0,0.0,0.0
2026-09-26T17:15:19.840660+00:00,0.0,0.0,0.0,0.0
2026-09-26T17:15:20.892059+00:00,0.0,0.0,0.0,0.0
2026-09-26T17:15:21.942337+00:00,0.0,0.0,0.0,0.0
2026-09-26T17:15:22.993002+00:00,0.0,0.0,0.0,0.0
2026-09-26T17:15:24.046476+00:00,0.0,0.0,0.0,0.0
2026-09-26T17:15:25.098000+00:00,0.0,0.0,0.0,0.0
2026-09-26T17:15:26.147409+00:00,0.0,0.0,0.0,0.0
2026-09-26T17:15:27.196699+00:00,0.0,0.0,0.0,0.0
2026-09-26T17:15:28.246938+00:00,0.0,0.0,0.0,0.0
2026-09-26T17:15:29.296842+00:00,0.0,0.0,0.0,0.0
2026-09-26T17:15:30.348443+00:00,0.0,0.0,0.0,0.0
2026-09-26T17:15:31.399003+00:00,0.0,0.0,0.0,0.0
2026-09-26T17:15:32.449979+00:00,0.0,0.0,0.0,0.0
2026-09-26T17:15:33.499927+00:00,0.0,0.0,0.0,0.0
2026-09-26T17:15:34.549357+00:00,0.0,0.0,0.0,0.0
2026-09-26T17:15:35.600814+00:00,0.0,0.0,0.0,0.0
2026-09-26T17:15:36.649699+00:00,0.0,0.0,0.0,0.0
2026-09-26T17:15:37.701953+00:00,0.0,0.0,0.0,0.0
2026-09-26T17:15:38.749671+00:00,0.0,0.0,0.0,0.0
2026-09-26T17:15:39.799964+00:00,0.0,0.0,0.0,0.0
2026-09-26T17:15:40.850812+00:00,0.0,0.0,0.0,0.0
2026-09-26T17:15:41.900118+00:00,0.0,0.0,0.0,0.0
2026-09-26T17:15:42.951218+00:00,0.0,0.0,0.0,0.0
2026-09-26T17:15:44.001241+00:00,0.0,0.0,0.0,0.0
2026-09-26T17:15:45.051691+00:00,0.0,0.0,0.0,0.0
2026-09-26T17:15:46.103291+00:00,0.0,0.0,0.0,0.0
2026-09-26T17:15:47.152495+00:00,0.0,0.0,0.0,0.0
2026-09-26T17:15:48.203687+00:00,0.0,0.0,0.0,0.0
2026-09-26T17:15:49.253532+00:00,0.0,0.0,0.0,0.0
2026-09-26T17:15:50.300848+00:00,0.0,0.0,0.0,0.0
2026-09-26T17:15:51.350024+00:00,0.0,0.0,0.0,0.0
2026-09-26T17:15:52.403460+00:00,0.0,0.0,0.0,0.0
2026-09-26T17:15:53.454200+00:00,0.0,0.0,0.0,0.0
2026-09-26T17:15:54.504392+00:00,0.0,0.0,0.0,0.0
2026-09-26T17:15:55.555052+00:00,0.0,0.0,0.0,0.0
2026-09-26T17:15:56.606039+00:00,0.0,0.0,0.0,0.0
2026-09-26T17:15:57.656181+00:00,0.0,0.0,0.0,0.0
2026-09-26T17:15:58.707983+00:00,0.0,0.0,0.0,0.0
2026-09-26T17:15:59.758535+00:00,0.0,0.0,0.0,0.0
2026-09-26T17:16:00.809051+00:00,0.0,0.0,0.0,0.0
2026-09-26T17:16:01.857503+00:00,0.0,0.0,0.0,0.0
2026-09-26T17:16:02.908198+00:00,0.0,0.0,0.0,0.0
2026-09-26T17:16:03.959782+00:00,0.0,0.0,0.0,0.0
2026-09-26T17:16:05.008986+00:00,0.0,0.0,0.0,0.0
2026-09-26T17:16:06.061699+00:00,0.0,0.0,0.0,0.0
2026-09-26T17:16:07.112037+00:00,0.0,0.0,0.0,0.0
2026-09-26T17:16:08.162009+00:00,0.0,0.0,0.0,0.0
2026-09-26T17:16:09.211364+00:00,0.0,0.0,0.0,0.0
2026-09-26T17:16:10.261421+00:00,0.0,0.0,0.0,0.0
2026-09-26T17:16:11.311877+00:00,0.0,0.0,0.0,0.0
2026-09-26T17:16:12.363414+00:00,0.0,0.0,0.0,0.0
2026-09-26T17:16:13.411930+00:00,0.0,0.0,0.0,0.0
2026-09-26T17:16:14.463765+00:00,0.0,0.0,0.0,0.0
2026-09-26T17:16:15.514523+00:00,0.0,0.0,0.0,0.0
2026-09-26T17:16:16.565007+00:00,0.0,0.0,0.0,0.0
2026-09-26T17:16:17.615212+00:00,0.0,0.0,0.0,0.0
2026-09-26T17:16:18.666409+00:00,0.0,0.0,0.0,0.0
2026-09-26T17:16:19.716678+00:00,0.0,0.0,0.0,0.0
2026-09-26T17:16:20.765665+00:00,0.0,0.0,0.0,0.0
2026-09-26T17:16:21.816310+00:00,0.0,0.0,0.0,0.0
2026-09-26T17:16:22.867000+00:00,0.0,0.0,0.0,0.0
2026-09-26T17:16:23.919058+00:00,0.0,0.0,0.0,0.0
2026-09-26T17:16:24.968015+00:00,0.0,0.0,0.0,0.0
2026-09-26T17:16:26.018308+00:00,0.0,0.0,0.0,0.0
2026-09-26T17:16:27.068939+00:00,0.0,0.0,0.0,0.0
2026-09-26T17:16:28.119684+00:00,0.0,0.0,0.0,0.0
2026-09-26T17:16:29.170758+00:00,0.0,0.0,0.0,0.0
2026-09-26T17:16:30.220326+00:00,0.0,0.0,0.0,0.0
2026-09-26T17:16:31.270671+00:00,0.0,0.0,0.0,0.0
2026-09-26T17:16:32.320781+00:00,0.0,0.0,0.0,0.0
2026-09-26T17:16:33.372077+00:00,0.0,0.0,0.0,0.0
2026-09-26T17:16:34.424811+00:00,0.0,0.0,0.0,0.0
2026-09-26T17:16:35.475226+00:00,0.0,0.0,0.0,0.0
2026-09-26T17:16:36.524120+00:00,0.0,0.0,0.0,0.0
2026-09-26T17:16:37.573998+00:00,0.0,0.0,0.0,0.0
2026-09-26T17:16:38.624747+00:00,0.0,0.0,0.0,0.0
2026-09-26T17:16:39.675279+00:00,0.0,0.0,0.0,0.0
2026-09-26T17:16:40.724797+00:00,0.0,0.0,0.0,0.0
2026-09-26T17:16:41.775231+00:00,0.0,0.0,0.0,0.0
2026-09-26T17:16:42.825634+00:00,0.0,0.0,0.0,0.0
2026-09-26T17:16:43.876562+00:00,0.0,0.0,0.0,0.0
2026-09-26T17:16:44.928142+00:00,0.0,0.0,0.0,0.0
2026-09-26T17:16:45.978424+00:00,0.0,0.0,0.0,0.0
2026-09-26T17:16:47.028879+00:00,0.0,0.0,0.0,0.0
2026-09-26T17:16:48.076055+00:00,0.0,0.0,0.0,0.0
2026-09-26T17:16:49.126165+00:00,0.0,0.0,0.0,0.0
2026-09-26T17:16:50.176305+00:00,0.0,0.0,0.0,0.0
2026-09-26T17:16:51.227627+00:00,0.0,0.0,0.0,0.0
2026-09-26T17:16:52.277843+00:00,0.0,0.0,0.0,0.0
2026-09-26T17:16:53.327965+00:00,0.0,0.0,0.0,0.0
2026-09-26T17:16:54.378868+00:00,0.0,0.0,0.0,0.0
2026-09-26T17:16:55.429498+00:00,0.0,0.0,0.0,0.0
2026-09-26T17:16:56.479999+00:00,0.0,0.0,0.0,0.0
2026-09-26T17:16:57.531715+00:00,0.0,0.0,0.0,0.0
2026-09-26T17:16:58.581380+00:00,0.0,0.0,0.0,0.0
2026-09-26T17:16:59.630591+00:00,0.0,0.0,0.0,0.0
2026-09-26T17:17:00.680606+00:00,0.0,0.0,0.0,0.0
2026-09-26T17:17:01.732126+00:00,0.0,0.0,0.0,0.0
2026-09-26T17:17:02.782879+00:00,0.0,0.0,0.0,0.0
2026-09-26T17:17:03.832139+00:00,0.0,0.0,0.0,0.0
2026-09-26T17:17:04.882361+00:00,0.0,0.0,0.0,0.0
2026-09-26T17:17:05.929843+00:00,0.0,0.0,0.0,0.0
2026-09-26T17:17:06.981366+00:00,0.0,0.0,0.0,0.0
2026-09-26T17:17:08.031147+00:00,0.0,0.0,0.0,0.0
2026-09-26T17:17:09.082139+00:00,0.0,0.0,0.0,0.0
2026-09-26T17:17:10.131741+00:00,0.0,0.0,0.0,0.0
2026-09-26T17:17:11.181238+00:00,0.0,0.0,0.0,0.0
2026-09-26T17:17:12.232036+00:00,0.0,0.0,0.0,0.0
2026-09-26T17:17:13.282384+00:00,0.0,0.0,0.0,0.0
2026-09-26T17:17:14.333364+00:00,0.0,0.0,0.0,0.0
2026-09-26T17:17:15.384669+00:00,0.0,0.0,0.0,0.0
2026-09-26T17:17:16.436856+00:00,0.0,0.0,0.0,0.0
2026-09-26T17:17:17.485391+00:00,0.0,0.0,0.0,0.0
2026-09-26T17:17:18.536957+00:00,0.0,0.0,0.0,0.0
2026-09-26T17:17:19.587249+00:00,0.0,0.0,0.0,0.0
2026-09-26T17:17:20.638536+00:00,0.0,0.0,0.0,0.0
2026-09-26T17:17:21.690330+00:00,0.0,0.0,0.0,0.0
2026-09-26T17:17:22.741686+00:00,0.0,0.0,0.0,0.0
2026-09-26T17:17:23.790880+00:00,0.0,0.0,0.0,0.0
2026-09-26T17:17:24.841354+00:00,0.0,0.0,0.0,0.0
2026-09-26T17:17:25.891999+00:00,0.0,0.0,0.0,0.0
2026-09-26T17:17:26.943740+00:00,0.0,0.0,0.0,0.0
2026-09-26T17:17:27.994698+00:00,0.0,0.0,0.0,0.0
2026-09-26T17:17:29.042693+00:00,0.0,0.0,0.0,0.0
2026-09-26T17:17:30.095836+00:00,0.0,0.0,0.0,0.0
2026-09-26T17:17:31.146808+00:00,0.0,0.0,0.0,0.0
2026-09-26T17:17:32.197448+00:00,0.0,0.0,0.0,0.0
2026-09-26T17:17:33.247895+00:00,0.0,0.0,0.0,0.0
2026-09-26T17:17:34.296931+00:00,0.0,0.0,0.0,0.0
2026-09-26T17:17:35.346216+00:00,0.0,0.0,0.0,0.0
2026-09-26T17:17:36.396054+00:00,0.0,0.0,0.0,0.0
2026-09-26T17:17:37.446857+00:00,0.0,0.0,0.0,0.0
2026-09-26T17:17:38.495879+00:00,0.0,0.0,0.0,0.0
2026-09-26T17:17:39.546634+00:00,0.0,0.0,0.0,0.0
2026-09-26T17:17:40.595699+00:00,0.0,0.0,0.0,0.0
2026-09-26T17:17:41.646626+00:00,0.0,0.0,0.0,0.0
2026-09-26T17:17:42.697390+00:00,0.0,0.0,0.0,0.0
2026-09-26T17:17:43.748080+00:00,0.0,0.0,0.0,0.0
2026-09-26T17:17:44.796806+00:00,0.0,0.0,0.0,0.0
2026-09-26T17:17:45.845483+00:00,0.0,0.0,0.0,0.0
2026-09-26T17:17:46.894927+00:00,0.0,0.0,0.0,0.0
2026-09-26T17:17:47.944121+00:00,0.0,0.0,0.0,0.0
2026-09-26T17:17:48.993430+00:00,0.0,0.0,0.0,0.0
2026-09-26T17:17:50.043574+00:00,0.0,0.0,0.0,0.0
2026-09-26T17:17:51.094363+00:00,0.0,0.0,0.0,0.0
2026-09-26T17:17:52.146828+00:00,0.0,0.0,0.0,0.0
2026-09-26T17:17:53.195917+00:00,0.0,0.0,0.0,0.0
2026-09-26T17:17:54.246238+00:00,0.0,0.0,0.0,0.0
2026-09-26T17:17:55.295727+00:00,0.0,0.0,0.0,0.0
2026-09-26T17:17:56.346537+00:00,0.0,0.0,0.0,0.0
2026-09-26T17:17:57.400309+00:00,0.0,0.0,0.0,0.0
2026-09-26T17:17:58.448302+00:00,0.0,0.0,0.0,0.0
2026-09-26T17:17:59.497338+00:00,0.0,0.0,0.0,0.0
2026-09-26T17:18:00.546439+00:00,0.0,0.0,0.0,0.0
2026-09-26T17:18:01.596829+00:00,0.0,0.0,0.0,0.0
2026-09-26T17:18:02.646548+00:00,0.0,0.0,0.0,0.0
2026-09-26T17:18:03.696741+00:00,0.0,0.0,0.0,0.0
2026-09-26T17:18:04.747547+00:00,0.0,0.0,0.0,0.0
2026-09-26T17:18:05.798163+00:00,0.0,0.0,0.0,0.0
2026-09-26T17:18:06.850665+00:00,0.0,0.0,0.0,0.0
2026-09-26T17:18:07.902334+00:00,0.0,0.0,0.0,0.0
2026-09-26T17:18:08.951917+00:00,0.0,0.0,0.0,0.0
2026-09-26T17:18:10.000497+00:00,0.0,0.0,0.0,0.0
2026-09-26T17:18:11.048959+00:00,0.0,0.0,0.0,0.0
2026-09-26T17:18:12.099772+00:00,0.0,0.0,0.0,0.0
2026-09-26T17:18:13.150724+00:00,0.0,0.0,0.0,0.0
2026-09-26T17:18:14.200509+00:00,0.0,0.0,0.0,0.0
2026-09-26T17:18:15.250501+00:00,0.0,0.0,0.0,0.0
2026-09-26T17:18:16.299987+00:00,0.0,0.0,0.0,0.0
2026-09-26T17:18:17.351124+00:00,0.0,0.0,0.0,0.0
2026-09-26T17:18:18.401884+00:00,0.0,0.0,0.0,0.0
2026-09-26T17:18:19.452350+00:00,0.0,0.0,0.0,0.0
2026-09-26T17:18:20.503932+00:00,0.0,0.0,0.0,0.0
2026-09-26T17:18:21.551515+00:00,0.0,0.0,0.0,0.0
2026-09-26T17:18:22.602727+00:00,0.0,0.0,0.0,0.0
2026-09-26T17:18:23.651758+00:00,0.0,0.0,0.0,0.0
2026-09-26T17:18:24.703440+00:00,0.0,0.0,0.0,0.0
2026-09-26T17:18:25.752405+00:00,0.0,0.0,0.0,0.0
2026-09-26T17:18:26.803518+00:00,0.0,0.0,0.0,0.0
2026-09-26T17:18:27.852406+00:00,0.0,0.0,0.0,0.0
2026-09-26T17:18:28.902240+00:00,0.0,0.0,0.0,0.0
2026-09-26T17:18:29.953506+00:00,0.0,0.0,0.0,0.0
2026-09-26T17:18:31.004219+00:00,0.0,0.0,0.0,0.0
2026-09-26T17:18:32.054550+00:00,0.0,0.0,0.0,0.0
2026-09-26T17:18:33.105679+00:00,0.0,0.0,0.0,0.0
2026-09-26T17:18:34.155823+00:00,0.0,0.0,0.0,0.0
2026-09-26T17:18:35.206198+00:00,0.0,0.0,0.0,0.0
2026-09-26T17:18:36.256785+00:00,0.0,0.0,0.0,0.0
2026-09-26T17:18:37.306850+00:00,0.0,0.0,0.0,0.0
2026-09-26T17:18:38.356970+00:00,0.0,0.0,0.0,0.0
2026-09-26T17:18:39.405535+00:00,0.0,0.0,0.0,0.0
2026-09-26T17:18:40.456382+00:00,0.0,0.0,0.0,0.0
2026-09-26T17:18:41.508612+00:00,0.0,0.0,0.0,0.0
2026-09-26T17:18:42.558157+00:00,0.0,0.0,0.0,0.0
2026-09-26T17:18:43.608562+00:00,0.0,0.0,0.0,0.0
2026-09-26T17:18:44.659019+00:00,0.0,0.0,0.0,0.0
2026-09-26T17:18:45.708836+00:00,0.0,0.0,0.0,0.0
2026-09-26T17:18:46.757679+00:00,0.0,0.0,0.0,0.0
2026-09-26T17:18:47.808183+00:00,0.0,0.0,0.0,0.0
2026-09-26T17:18:48.859574+00:00,0.0,0.0,0.0,0.0
2026-09-26T17:18:49.910283+00:00,0.0,0.0,0.0,0.0
2026-09-26T17:18:50.959734+00:00,0.0,0.0,0.0,0.0
2026-09-26T17:18:52.008967+00:00,0.0,0.0,0.0,0.0
2026-09-26T17:18:53.060670+00:00,0.0,0.0,0.0,0.0
2026-09-26T17:18:54.109805+00:00,0.0,0.0,0.0,0.0
2026-09-26T17:18:55.159569+00:00,0.0,0.0,0.0,0.0
2026-09-26T17:18:56.210009+00:00,0.0,0.0,0.0,0.0
2026-09-26T17:18:57.257615+00:00,0.0,0.0,0.0,0.0
2026-09-26T17:18:58.307511+00:00,0.0,0.0,0.0,0.0
2026-09-26T17:18:59.357298+00:00,0.0,0.0,0.0,0.0
2026-09-26T17:19:00.407454+00:00,0.0,0.0,0.0,0.0
2026-09-26T17:19:01.456681+00:00,0.0,0.0,0.0,0.0
2026-09-26T17:19:02.507155+00:00,0.0,0.0,0.0,0.0
2026-09-26T17:19:03.558741+00:00,0.0,0.0,0.0,0.0
2026-09-26T17:19:04.608328+00:00,0.0,0.0,0.0,0.0
2026-09-26T17:19:05.659048+00:00,0.0,0.0,0.0,0.0
2026-09-26T17:19:06.708773+00:00,0.0,0.0,0.0,0.0
2026-09-26T17:19:07.758804+00:00,0.0,0.0,0.0,0.0
2026-09-26T17:19:08.806956+00:00,0.0,0.0,0.0,0.0
2026-09-26T17:19:09.857293+00:00,0.0,0.0,0.0,0.0
2026-09-26T17:19:10.908990+00:00,0.0,0.0,0.0,0.0
2026-09-26T17:19:11.958795+00:00,0.0,0.0,0.0,0.0
2026-09-26T17:19:13.009346+00:00,0.0,0.0,0.0,0.0
2026-09-26T17:19:14.059723+00:00,0.0,0.0,0.0,0.0
2026-09-26T17:19:15.110135+00:00,0.0,0.0,0.0,0.0
2026-09-26T17:19:16.160378+00:00,0.0,0.0,0.0,0.0
2026-09-26T17:19:17.211083+00:00,0.0,0.0,0.0,0.0
2026-09-26T17:19:18.261799+00:00,0.0,0.0,0.0,0.0
2026-09-26T17:19:19.313358+00:00,0.0,0.0,0.0,0.0
2026-09-26T17:19:20.361152+00:00,0.0,0.0,0.0,0.0
2026-09-26T17:19:21.414154+00:00,0.0,0.0,0.0,0.0
2026-09-26T17:19:22.464194+00:00,0.0,0.0,0.0,0.0
2026-09-26T17:19:23.515174+00:00,0.0,0.0,0.0,0.0
2026-09-26T17:19:24.566356+00:00,0.0,0.0,0.0,0.0
2026-09-26T17:19:25.616428+00:00,0.0,0.0,0.0,0.0
2026-09-26T17:19:26.665671+00:00,0.0,0.0,0.0,0.0
2026-09-26T17:19:27.715056+00:00,0.0,0.0,0.0,0.0
2026-09-26T17:19:28.766888+00:00,0.0,0.0,0.0,0.0
2026-09-26T17:19:29.818252+00:00,0.0,0.0,0.0,0.0
2026-09-26T17:19:30.868775+00:00,0.0,0.0,0.0,0.0
2026-09-26T17:19:31.919921+00:00,0.0,0.0,0.0,0.0
2026-09-26T17:19:32.969688+00:00,0.0,0.0,0.0,0.0
2026-09-26T17:19:34.019151+00:00,0.0,0.0,0.0,0.0
2026-09-26T17:19:35.070855+00:00,0.0,0.0,0.0,0.0
2026-09-26T17:19:36.118297+00:00,0.0,0.0,0.0,0.0
2026-09-26T17:19:37.168174+00:00,0.0,0.0,0.0,0.0
2026-09-26T17:19:38.216834+00:00,0.0,0.0,0.0,0.0
2026-09-26T17:19:39.268495+00:00,0.0,0.0,0.0,0.0
2026-09-26T17:19:40.317599+00:00,0.0,0.0,0.0,0.0
2026-09-26T17:19:41.367603+00:00,0.0,0.0,0.0,0.0
2026-09-26T17:19:42.419382+00:00,0.0,0.0,0.0,0.0
2026-09-26T17:19:43.469688+00:00,0.0,0.0,0.0,0.0
2026-09-26T17:19:44.518090+00:00,0.0,0.0,0.0,0.0
2026-09-26T17:19:45.568147+00:00,0.0,0.0,0.0,0.0
2026-09-26T17:19:46.619304+00:00,0.0,0.0,0.0,0.0
2026-09-26T17:19:47.668033+00:00,0.0,0.0,0.0,0.0
2026-09-26T17:19:48.713016+00:00,0.0,0.0,0.0,0.0
2026-09-26T17:19:49.763835+00:00,0.0,0.0,0.0,0.0
2026-09-26T17:19:50.814657+00:00,0.0,0.0,0.0,0.0
2026-09-26T17:19:51.864243+00:00,0.0,0.0,0.0,0.0
2026-09-26T17:19:52.914596+00:00,0.0,0.0,0.0,0.0
2026-09-26T17:19:53.964218+00:00,0.0,0.0,0.0,0.0
2026-09-26T17:19:55.014116+00:00,0.0,0.0,0.0,0.0
2026-09-26T17:19:56.062926+00:00,0.0,0.0,0.0,0.0
2026-09-26T17:19:57.114523+00:00,0.0,0.0,0.0,0.0
2026-09-26T17:19:58.165149+00:00,0.0,0.0,0.0,0.0
2026-09-26T17:19:59.215863+00:00,0.0,0.0,0.0,0.0
2026-09-26T17:20:00.265130+00:00,0.0,0.0,0.0,0.0
2026-09-26T17:20:01.315965+00:00,0.0,0.0,0.0,0.0
2026-09-26T17:20:02.363747+00:00,0.0,0.0,0.0,0.0
2026-09-26T17:20:03.415799+00:00,0.0,0.0,0.0,0.0
2026-09-26T17:20:04.466649+00:00,0.0,0.0,0.0,0.0
2026-09-26T17:20:05.516758+00:00,0.0,0.0,0.0,0.0
2026-09-26T17:20:06.567931+00:00,0.0,0.0,0.0,0.0
2026-09-26T17:20:07.617891+00:00,0.0,0.0,0.0,0.0
2026-09-26T17:20:08.666663+00:00,0.0,0.0,0.0,0.0
2026-09-26T17:20:09.717575+00:00,0.0,0.0,0.0,0.0
2026-09-26T17:20:10.768683+00:00,0.0,0.0,0.0,0.0
2026-09-26T17:20:11.821310+00:00,0.0,0.0,0.0,0.0
2026-09-26T17:20:12.871734+00:00,0.0,0.0,0.0,0.0
2026-09-26T17:20:13.918767+00:00,0.0,0.0,0.0,0.0
2026-09-26T17:20:14.969803+00:00,0.0,0.0,0.0,0.0
2026-09-26T17:20:16.019712+00:00,0.0,0.0,0.0,0.0
2026-09-26T17:20:17.071702+00:00,0.0,0.0,0.0,0.0
2026-09-26T17:20:18.122362+00:00,0.0,0.0,0.0,0.0
2026-09-26T17:20:19.172429+00:00,0.0,0.0,0.0,0.0
2026-09-26T17:20:20.221595+00:00,0.0,0.0,0.0,0.0
2026-09-26T17:20:21.271308+00:00,0.0,0.0,0.0,0.0
2026-09-26T17:20:22.322231+00:00,0.0,0.0,0.0,0.0
2026-09-26T17:20:23.372041+00:00,0.0,0.0,0.0,0.0
2026-09-26T17:20:24.424160+00:00,0.0,0.0,0.0,0.0
2026-09-26T17:20:25.475832+00:00,0.0,0.0,0.0,0.0
2026-09-26T17:20:26.527004+00:00,0.0,0.0,0.0,0.0
2026-09-26T17:20:27.577965+00:00,0.0,0.0,0.0,0.0
2026-09-26T17:20:28.629140+00:00,0.0,0.0,0.0,0.0
2026-09-26T17:20:29.680718+00:00,0.0,0.0,0.0,0.0
2026-09-26T17:20:30.737700+00:00,0.0,0.0,0.0,0.0
2026-09-26T17:20:31.787673+00:00,0.0,0.0,0.0,0.0
2026-09-26T17:20:32.837273+00:00,0.0,0.0,0.0,0.0
2026-09-26T17:20:33.887506+00:00,0.0,0.0,0.0,0.0
2026-09-26T17:20:34.937192+00:00,0.0,0.0,0.0,0.0
2026-09-26T17:20:35.987366+00:00,0.0,0.0,0.0,0.0
2026-09-26T17:20:37.038371+00:00,0.0,0.0,0.0,0.0
2026-09-26T17:20:38.086250+00:00,0.0,0.0,0.0,0.0
2026-09-26T17:20:39.137057+00:00,0.0,0.0,0.0,0.0
2026-09-26T17:20:40.187109+00:00,0.0,0.0,0.0,0.0
2026-09-26T17:20:41.239809+00:00,0.0,0.0,0.0,0.0
2026-09-26T17:20:42.291413+00:00,0.0,0.0,0.0,0.0
2026-09-26T17:20:43.341861+00:00,0.0,0.0,0.0,0.0
2026-09-26T17:20:44.390016+00:00,0.0,0.0,0.0,0.0
2026-09-26T17:20:45.441237+00:00,0.0,0.0,0.0,0.0
2026-09-26T17:20:46.509788+00:00,0.0,0.0,0.0,0.0
2026-09-26T17:20:47.560929+00:00,0.0,0.0,0.0,0.0
2026-09-26T17:20:48.610289+00:00,0.0,0.0,0.0,0.0
2026-09-26T17:20:49.661455+00:00,0.0,0.0,0.0,0.0
2026-09-26T17:20:50.712756+00:00,0.0,0.0,0.0,0.0
2026-09-26T17:20:51.762155+00:00,0.0,0.0,0.0,0.0
2026-09-26T17:20:52.813228+00:00,0.0,0.0,0.0,0.0
2026-09-26T17:20:53.864217+00:00,0.0,0.0,0.0,0.0
2026-09-26T17:20:54.913551+00:00,0.0,0.0,0.0,0.0
2026-09-26T17:20:55.963179+00:00,0.0,0.0,0.0,0.0
2026-09-26T17:20:57.012966+00:00,0.0,0.0,0.0,0.0
2026-09-26T17:20:58.063460+00:00,0.0,0.0,0.0,0.0
2026-09-26T17:20:59.112816+00:00,0.0,0.0,0.0,0.0
2026-09-26T17:21:00.164225+00:00,0.0,0.0,0.0,0.0
2026-09-26T17:21:01.213702+00:00,0.0,0.0,0.0,0.0
2026-09-26T17:21:02.262442+00:00,0.0,0.0,0.0,0.0
2026-09-26T17:21:03.313207+00:00,0.0,0.0,0.0,0.0
2026-09-26T17:21:04.365101+00:00,0.0,0.0,0.0,0.0
2026-09-26T17:21:05.415346+00:00,0.0,0.0,0.0,0.0
2026-09-26T17:21:06.465910+00:00,0.0,0.0,0.0,0.0
2026-09-26T17:21:07.515806+00:00,0.0,0.0,0.0,0.0
2026-09-26T17:21:08.566304+00:00,0.0,0.0,0.0,0.0
2026-09-26T17:21:09.617014+00:00,0.0,0.0,0.0,0.0
2026-09-26T17:21:10.667665+00:00,0.0,0.0,0.0,0.0
2026-09-26T17:21:11.719657+00:00,0.0,0.0,0.0,0.0
2026-09-26T17:21:12.769497+00:00,0.0,0.0,0.0,0.0
2026-09-26T17:21:13.810353+00:00,0.0,0.0,0.0,0.0
2026-09-26T17:21:14.861791+00:00,0.0,0.0,0.0,0.0
2026-09-26T17:21:15.911765+00:00,0.0,0.0,0.0,0.0
2026-09-26T17:21:16.961957+00:00,0.0,0.0,0.0,0.0
2026-09-26T17:21:18.012409+00:00,0.0,0.0,0.0,0.0
2026-09-26T17:21:19.062572+00:00,0.0,0.0,0.0,0.0
2026-09-26T17:21:20.111978+00:00,0.0,0.0,0.0,0.0
2026-09-26T17:21:21.163408+00:00,0.0,0.0,0.0,0.0
2026-09-26T17:21:22.213681+00:00,0.0,0.0,0.0,0.0
2026-09-26T17:21:23.265370+00:00,0.0,0.0,0.0,0.0
2026-09-26T17:21:24.314854+00:00,0.0,0.0,0.0,0.0
2026-09-26T17:21:25.365422+00:00,0.0,0.0,0.0,0.0
2026-09-26T17:21:26.413422+00:00,0.0,0.0,0.0,0.0
2026-09-26T17:21:27.464033+00:00,0.0,0.0,0.0,0.0
2026-09-26T17:21:28.517298+00:00,0.0,0.0,0.0,0.0
2026-09-26T17:21:29.566529+00:00,0.0,0.0,0.0,0.0
2026-09-26T17:21:30.617656+00:00,0.0,0.0,0.0,0.0
2026-09-26T17:21:31.667388+00:00,0.0,0.0,0.0,0.0
2026-09-26T17:21:32.718631+00:00,0.0,0.0,0.0,0.0
2026-09-26T17:21:33.769292+00:00,0.0,0.0,0.0,0.0
2026-09-26T17:21:34.819672+00:00,0.0,0.0,0.0,0.0
2026-09-26T17:21:35.869711+00:00,0.0,0.0,0.0,0.0
2026-09-26T17:21:36.920461+00:00,0.0,0.0,0.0,0.0
2026-09-26T17:21:37.969104+00:00,0.0,0.0,0.0,0.0
2026-09-26T17:21:39.019941+00:00,0.0,0.0,0.0,0.0
2026-09-26T17:21:40.069432+00:00,0.0,0.0,0.0,0.0
2026-09-26T17:21:41.120624+00:00,0.0,0.0,0.0,0.0
2026-09-26T17:21:42.169853+00:00,0.0,0.0,0.0,0.0
2026-09-26T17:21:43.219875+00:00,0.0,0.0,0.0,0.0
2026-09-26T17:21:44.269196+00:00,0.0,0.0,0.0,0.0
2026-09-26T17:21:45.319666+00:00,0.0,0.0,0.0,0.0
2026-09-26T17:21:46.373463+00:00,0.0,0.0,0.0,0.0
2026-09-26T17:21:47.423878+00:00,0.0,0.0,0.0,0.0
2026-09-26T17:21:48.473488+00:00,0.0,0.0,0.0,0.0
2026-09-26T17:21:49.524331+00:00,0.0,0.0,0.0,0.0
2026-09-26T17:21:50.574354+00:00,0.0,0.0,0.0,0.0
2026-09-26T17:21:51.624020+00:00,0.0,0.0,0.0,0.0
2026-09-26T17:21:52.674079+00:00,0.0,0.0,0.0,0.0
2026-09-26T17:21:53.723983+00:00,0.0,0.0,0.0,0.0
2026-09-26T17:21:54.774575+00:00,0.0,0.0,0.0,0.0
2026-09-26T17:21:55.822468+00:00,0.0,0.0,0.0,0.0
2026-09-26T17:21:56.874723+00:00,0.0,0.0,0.0,0.0
2026-09-26T17:21:57.925102+00:00,0.0,0.0,0.0,0.0
2026-09-26T17:21:58.974348+00:00,0.0,0.0,0.0,0.0
2026-09-26T17:22:00.024368+00:00,0.0,0.0,0.0,0.0
2026-09-26T17:22:01.073333+00:00,0.0,0.0,0.0,0.0
2026-09-26T17:22:02.124238+00:00,0.0,0.0,0.0,0.0
2026-09-26T17:22:03.173945+00:00,0.0,0.0,0.0,0.0
2026-09-26T17:22:04.223875+00:00,0.0,0.0,0.0,0.0
2026-09-26T17:22:05.276778+00:00,0.0,0.0,0.0,0.0
2026-09-26T17:22:06.326497+00:00,0.0,0.0,0.0,0.0
2026-09-26T17:22:07.375608+00:00,0.0,0.0,0.0,0.0
2026-09-26T17:22:08.425568+00:00,0.0,0.0,0.0,0.0
2026-09-26T17:22:09.476669+00:00,0.0,0.0,0.0,0.0
2026-09-26T17:22:10.526382+00:00,0.0,0.0,0.0,0.0
2026-09-26T17:22:11.575705+00:00,0.0,0.0,0.0,0.0
2026-09-26T17:22:12.627659+00:00,0.0,0.0,0.0,0.0
2026-09-26T17:22:13.676101+00:00,0.0,0.0,0.0,0.0
2026-09-26T17:22:14.727758+00:00,0.0,0.0,0.0,0.0
2026-09-26T17:22:15.778176+00:00,0.0,0.0,0.0,0.0
2026-09-26T17:22:16.830680+00:00,0.0,0.0,0.0,0.0
2026-09-26T17:22:17.881206+00:00,0.0,0.0,0.0,0.0
2026-09-26T17:22:18.931362+00:00,0.0,0.0,0.0,0.0
2026-09-26T17:22:19.981197+00:00,0.0,0.0,0.0,0.0
2026-09-26T17:22:21.032769+00:00,0.0,0.0,0.0,0.0
2026-09-26T17:22:22.082894+00:00,0.0,0.0,0.0,0.0
2026-09-26T17:22:23.133510+00:00,0.0,0.0,0.0,0.0
2026-09-26T17:22:24.183052+00:00,0.0,0.0,0.0,0.0
2026-09-26T17:22:25.229944+00:00,0.0,0.0,0.0,0.0
2026-09-26T17:22:26.279032+00:00,0.0,0.0,0.0,0.0
2026-09-26T17:22:27.329675+00:00,0.0,0.0,0.0,0.0
2026-09-26T17:22:28.380070+00:00,0.0,0.0,0.0,0.0
2026-09-26T17:22:29.431173+00:00,0.0,0.0,0.0,0.0
2026-09-26T17:22:30.482769+00:00,0.0,0.0,0.0,0.0
2026-09-26T17:22:31.533387+00:00,0.0,0.0,0.0,0.0
2026-09-26T17:22:32.583097+00:00,0.0,0.0,0.0,0.0
2026-09-26T17:22:33.633090+00:00,0.0,0.0,0.0,0.0
2026-09-26T17:22:34.682063+00:00,0.0,0.0,0.0,0.0
2026-09-26T17:22:35.732227+00:00,0.0,0.0,0.0,0.0
2026-09-26T17:22:36.781887+00:00,0.0,0.0,0.0,0.0
2026-09-26T17:22:37.831807+00:00,0.0,0.0,0.0,0.0
2026-09-26T17:22:38.885678+00:00,0.0,0.0,0.0,0.0
2026-09-26T17:22:39.935339+00:00,0.0,0.0,0.0,0.0
2026-09-26T17:22:40.986295+00:00,0.0,0.0,0.0,0.0
2026-09-26T17:22:42.036607+00:00,0.0,0.0,0.0,0.0
2026-09-26T17:22:43.087209+00:00,0.0,0.0,0.0,0.0
2026-09-26T17:22:44.137811+00:00,0.0,0.0,0.0,0.0
2026-09-26T17:22:45.187058+00:00,0.0,0.0,0.0,0.0
2026-09-26T17:22:46.237859+00:00,0.0,0.0,0.0,0.0
2026-09-26T17:22:47.287134+00:00,0.0,0.0,0.0,0.0
2026-09-26T17:22:48.336991+00:00,0.0,0.0,0.0,0.0
2026-09-26T17:22:49.385595+00:00,0.0,0.0,0.0,0.0
2026-09-26T17:22:50.435968+00:00,0.0,0.0,0.0,0.0
2026-09-26T17:22:51.487834+00:00,0.0,0.0,0.0,0.0
2026-09-26T17:22:52.538482+00:00,0.0,0.0,0.0,0.0
2026-09-26T17:22:53.589119+00:00,0.0,0.0,0.0,0.0
2026-09-26T17:22:54.639543+00:00,0.0,0.0,0.0,0.0
2026-09-26T17:22:55.687683+00:00,0.0,0.0,0.0,0.0
2026-09-26T17:22:56.737210+00:00,0.0,0.0,0.0,0.0
2026-09-26T17:22:57.787901+00:00,0.0,0.0,0.0,0.0
2026-09-26T17:22:58.839634+00:00,0.0,0.0,0.0,0.0
2026-09-26T17:22:59.890825+00:00,0.0,0.0,0.0,0.0
2026-09-26T17:23:00.941650+00:00,0.0,0.0,0.0,0.0
2026-09-26T17:23:01.993545+00:00,0.0,0.0,0.0,0.0
2026-09-26T17:23:03.044082+00:00,0.0,0.0,0.0,0.0
2026-09-26T17:23:04.095245+00:00,0.0,0.0,0.0,0.0
2026-09-26T17:23:05.146294+00:00,0.0,0.0,0.0,0.0
2026-09-26T17:23:06.196572+00:00,0.0,0.0,0.0,0.0
2026-09-26T17:23:07.248143+00:00,0.0,0.0,0.0,0.0
2026-09-26T17:23:08.297897+00:00,0.0,0.0,0.0,0.0
2026-09-26T17:23:09.347312+00:00,0.0,0.0,0.0,0.0
2026-09-26T17:23:10.396874+00:00,0.0,0.0,0.0,0.0
2026-09-26T17:23:11.446373+00:00,0.0,0.0,0.0,0.0
2026-09-26T17:23:12.496059+00:00,0.0,0.0,0.0,0.0
2026-09-26T17:23:13.543705+00:00,0.0,0.0,0.0,0.0
2026-09-26T17:23:14.594091+00:00,0.0,0.0,0.0,0.0
2026-09-26T17:23:15.643971+00:00,0.0,0.0,0.0,0.0
2026-09-26T17:23:16.686852+00:00,0.0,0.0,0.0,0.0
2026-09-26T17:23:17.737459+00:00,0.0,0.0,0.0,0.0
2026-09-26T17:23:18.787313+00:00,0.0,0.0,0.0,0.0
2026-09-26T17:23:19.836104+00:00,0.0,0.0,0.0,0.0
2026-09-26T17:23:20.886864+00:00,0.0,0.0,0.0,0.0
2026-09-26T17:23:21.935643+00:00,0.0,0.0,0.0,0.0
2026-09-26T17:23:22.985597+00:00,0.0,0.0,0.0,0.0
2026-09-26T17:23:24.035768+00:00,0.0,0.0,0.0,0.0
2026-09-26T17:23:25.086372+00:00,0.0,0.0,0.0,0.0
2026-09-26T17:23:26.134411+00:00,0.0,0.0,0.0,0.0
2026-09-26T17:23:27.186546+00:00,0.0,0.0,0.0,0.0
2026-09-26T17:23:28.238097+00:00,0.0,0.0,0.0,0.0
2026-09-26T17:23:29.287687+00:00,0.0,0.0,0.0,0.0
2026-09-26T17:23:30.338712+00:00,0.0,0.0,0.0,0.0
2026-09-26T17:23:31.388179+00:00,0.0,0.0,0.0,0.0
2026-09-26T17:23:32.438621+00:00,0.0,0.0,0.0,0.0
2026-09-26T17:23:33.488121+00:00,0.0,0.0,0.0,0.0
2026-09-26T17:23:34.525408+00:00,0.0,0.0,0.0,0.0
2026-09-26T17:23:35.563611+00:00,0.0,0.0,0.0,0.0
2026-09-26T17:23:36.616865+00:00,0.0,0.0,0.0,0.0
2026-09-26T17:23:37.666934+00:00,0.0,0.0,0.0,0.0
2026-09-26T17:23:38.716146+00:00,0.0,0.0,0.0,0.0
2026-09-26T17:23:39.766240+00:00,0.0,0.0,0.0,0.0
2026-09-26T17:23:40.815632+00:00,0.0,0.0,0.0,0.0
2026-09-26T17:23:41.866617+00:00,0.0,0.0,0.0,0.0
2026-09-26T17:23:42.916475+00:00,0.0,0.0,0.0,0.0
2026-09-26T17:23:43.967068+00:00,0.0,0.0,0.0,0.0
2026-09-26T17:23:45.017825+00:00,0.0,0.0,0.0,0.0
2026-09-26T17:23:46.067640+00:00,0.0,0.0,0.0,0.0
2026-09-26T17:23:47.117667+00:00,0.0,0.0,0.0,0.0
2026-09-26T17:23:48.162824+00:00,0.0,0.0,0.0,0.0
2026-09-26T17:23:49.213861+00:00,0.0,0.0,0.0,0.0
2026-09-26T17:23:50.265474+00:00,0.0,0.0,0.0,0.0
2026-09-26T17:23:51.316496+00:00,0.0,0.0,0.0,0.0
2026-09-26T17:23:52.366737+00:00,0.0,0.0,0.0,0.0
2026-09-26T17:23:53.417917+00:00,0.0,0.0,0.0,0.0
2026-09-26T17:23:54.469080+00:00,0.0,0.0,0.0,0.0
2026-09-26T17:23:55.520943+00:00,0.0,0.0,0.0,0.0
2026-09-26T17:23:56.571374+00:00,0.0,0.0,0.0,0.0
2026-09-26T17:23:57.622523+00:00,0.0,0.0,0.0,0.0
2026-09-26T17:23:58.672970+00:00,0.0,0.0,0.0,0.0
2026-09-26T17:23:59.722676+00:00,0.0,0.0,0.0,0.0
2026-09-26T17:24:00.773526+00:00,0.0,0.0,0.0,0.0
2026-09-26T17:24:01.824011+00:00,0.0,0.0,0.0,0.0
2026-09-26T17:24:02.877263+00:00,0.0,0.0,0.0,0.0
2026-09-26T17:24:03.927083+00:00,0.0,0.0,0.0,0.0
2026-09-26T17:24:04.976221+00:00,0.0,0.0,0.0,0.0
2026-09-26T17:24:06.027537+00:00,0.0,0.0,0.0,0.0
2026-09-26T17:24:07.078139+00:00,0.0,0.0,0.0,0.0
2026-09-26T17:24:08.128918+00:00,0.0,0.0,0.0,0.0
2026-09-26T17:24:09.180105+00:00,0.0,0.0,0.0,0.0
2026-09-26T17:24:10.230122+00:00,0.0,0.0,0.0,0.0
2026-09-26T17:24:11.280295+00:00,0.0,0.0,0.0,0.0
2026-09-26T17:24:12.330513+00:00,0.0,0.0,0.0,0.0
2026-09-26T17:24:13.380550+00:00,0.0,0.0,0.0,0.0
2026-09-26T17:24:14.433103+00:00,0.0,0.0,0.0,0.0
2026-09-26T17:24:15.485076+00:00,0.0,0.0,0.0,0.0
2026-09-26T17:24:16.536540+00:00,0.0,0.0,0.0,0.0
2026-09-26T17:24:17.585359+00:00,0.0,0.0,0.0,0.0
2026-09-26T17:24:18.633824+00:00,0.0,0.0,0.0,0.0
2026-09-26T17:24:19.684231+00:00,0.0,0.0,0.0,0.0
2026-09-26T17:24:20.733799+00:00,0.0,0.0,0.0,0.0
2026-09-26T17:24:21.783465+00:00,0.0,0.0,0.0,0.0
2026-09-26T17:24:22.833071+00:00,0.0,0.0,0.0,0.0
2026-09-26T17:24:23.883187+00:00,0.0,0.0,0.0,0.0
2026-09-26T17:24:24.933673+00:00,0.0,0.0,0.0,0.0
2026-09-26T17:24:25.983121+00:00,0.0,0.0,0.0,0.0
2026-09-26T17:24:27.033568+00:00,0.0,0.0,0.0,0.0
2026-09-26T17:24:28.082986+00:00,0.0,0.0,0.0,0.0
2026-09-26T17:24:29.133868+00:00,0.0,0.0,0.0,0.0
2026-09-26T17:24:30.184251+00:00,0.0,0.0,0.0,0.0
2026-09-26T17:24:31.233858+00:00,0.0,0.0,0.0,0.0
2026-09-26T17:24:32.284542+00:00,0.0,0.0,0.0,0.0
2026-09-26T17:24:33.334345+00:00,0.0,0.0,0.0,0.0
2026-09-26T17:24:34.385160+00:00,0.0,0.0,0.0,0.0
2026-09-26T17:24:35.436064+00:00,0.0,0.0,0.0,0.0
2026-09-26T17:24:36.487525+00:00,0.0,0.0,0.0,0.0
2026-09-26T17:24:37.538158+00:00,0.0,0.0,0.0,0.0
2026-09-26T17:24:38.588167+00:00,0.0,0.0,0.0,0.0
2026-09-26T17:24:39.638572+00:00,0.0,0.0,0.0,0.0
2026-09-26T17:24:40.689969+00:00,0.0,0.0,0.0,0.0
2026-09-26T17:24:41.739865+00:00,0.0,0.0,0.0,0.0
2026-09-26T17:24:42.791608+00:00,0.0,0.0,0.0,0.0
2026-09-26T17:24:43.840692+00:00,0.0,0.0,0.0,0.0
2026-09-26T17:24:44.892835+00:00,0.0,0.0,0.0,0.0
2026-09-26T17:24:45.944198+00:00,0.0,0.0,0.0,0.0
2026-09-26T17:24:46.994529+00:00,0.0,0.0,0.0,0.0
2026-09-26T17:24:48.044262+00:00,0.0,0.0,0.0,0.0
2026-09-26T17:24:49.095300+00:00,0.0,0.0,0.0,0.0
2026-09-26T17:24:50.145071+00:00,0.0,0.0,0.0,0.0
2026-09-26T17:24:51.196016+00:00,0.0,0.0,0.0,0.0
2026-09-26T17:24:52.246639+00:00,0.0,0.0,0.0,0.0
2026-09-26T17:24:53.296716+00:00,0.0,0.0,0.0,0.0
2026-09-26T17:24:54.347717+00:00,0.0,0.0,0.0,0.0
2026-09-26T17:24:55.397497+00:00,0.0,0.0,0.0,0.0
2026-09-26T17:24:56.448350+00:00,0.0,0.0,0.0,0.0
2026-09-26T17:24:57.499910+00:00,0.0,0.0,0.0,0.0
2026-09-26T17:24:58.549817+00:00,0.0,0.0,0.0,0.0
2026-09-26T17:24:59.597848+00:00,0.0,0.0,0.0,0.0
2026-09-26T17:25:00.647220+00:00,0.0,0.0,0.0,0.0
2026-09-26T17:25:01.699236+00:00,0.0,0.0,0.0,0.0
2026-09-26T17:25:02.749494+00:00,0.0,0.0,0.0,0.0
2026-09-26T17:25:03.799352+00:00,0.0,0.0,0.0,0.0
2026-09-26T17:25:04.849778+00:00,0.0,0.0,0.0,0.0
2026-09-26T17:25:05.899659+00:00,0.0,0.0,0.0,0.0
2026-09-26T17:25:06.950211+00:00,0.0,0.0,0.0,0.0
2026-09-26T17:25:08.000666+00:00,0.0,0.0,0.0,0.0
2026-09-26T17:25:09.050862+00:00,0.0,0.0,0.0,0.0
2026-09-26T17:25:10.101623+00:00,0.0,0.0,0.0,0.0
2026-09-26T17:25:11.151226+00:00,0.0,0.0,0.0,0.0
2026-09-26T17:25:12.201785+00:00,0.0,0.0,0.0,0.0
2026-09-26T17:25:13.253351+00:00,0.0,0.0,0.0,0.0
2026-09-26T17:25:14.302531+00:00,0.0,0.0,0.0,0.0
2026-09-26T17:25:15.352947+00:00,0.0,0.0,0.0,0.0
2026-09-26T17:25:16.397619+00:00,0.0,0.0,0.0,0.0
2026-09-26T17:25:17.448669+00:00,0.0,0.0,0.0,0.0
2026-09-26T17:25:18.499554+00:00,0.0,0.0,0.0,0.0
2026-09-26T17:25:19.536792+00:00,0.0,0.0,0.0,0.0
2026-09-26T17:25:20.589322+00:00,0.0,0.0,0.0,0.0
2026-09-26T17:25:21.639987+00:00,0.0,0.0,0.0,0.0
2026-09-26T17:25:22.690019+00:00,0.0,0.0,0.0,0.0
2026-09-26T17:25:23.740185+00:00,0.0,0.0,0.0,0.0
2026-09-26T17:25:24.791861+00:00,0.0,0.0,0.0,0.0
2026-09-26T17:25:25.842508+00:00,0.0,0.0,0.0,0.0
2026-09-26T17:25:26.894455+00:00,0.0,0.0,0.0,0.0
2026-09-26T17:25:27.944873+00:00,0.0,0.0,0.0,0.0
2026-09-26T17:25:28.995537+00:00,0.0,0.0,0.0,0.0
2026-09-26T17:25:30.047251+00:00,0.0,0.0,0.0,0.0
2026-09-26T17:25:31.097736+00:00,0.0,0.0,0.0,0.0
2026-09-26T17:25:32.149062+00:00,0.0,0.0,0.0,0.0
2026-09-26T17:25:33.199501+00:00,0.0,0.0,0.0,0.0
2026-09-26T17:25:34.249184+00:00,0.0,0.0,0.0,0.0
2026-09-26T17:25:35.299229+00:00,0.0,0.0,0.0,0.0
2026-09-26T17:25:36.349743+00:00,0.0,0.0,0.0,0.0
2026-09-26T17:25:37.399796+00:00,0.0,0.0,0.0,0.0
2026-09-26T17:25:38.449425+00:00,0.0,0.0,0.0,0.0
2026-09-26T17:25:39.492671+00:00,0.0,0.0,0.0,0.0
2026-09-26T17:25:40.541924+00:00,0.0,0.0,0.0,0.0
2026-09-26T17:25:41.593031+00:00,0.0,0.0,0.0,0.0
2026-09-26T17:25:42.643362+00:00,0.0,0.0,0.0,0.0
2026-09-26T17:25:43.693427+00:00,0.0,0.0,0.0,0.0
2026-09-26T17:25:44.745248+00:00,0.0,0.0,0.0,0.0
2026-09-26T17:25:45.794521+00:00,0.0,0.0,0.0,0.0
2026-09-26T17:25:46.845220+00:00,0.0,0.0,0.0,0.0
2026-09-26T17:25:47.895524+00:00,0.0,0.0,0.0,0.0
2026-09-26T17:25:48.945426+00:00,0.0,0.0,0.0,0.0
2026-09-26T17:25:49.997970+00:00,0.0,0.0,0.0,0.0
2026-09-26T17:25:51.049434+00:00,0.0,0.0,0.0,0.0
2026-09-26T17:25:52.098528+00:00,0.0,0.0,0.0,0.0
2026-09-26T17:25:53.149449+00:00,0.0,0.0,0.0,0.0
2026-09-26T17:25:54.200539+00:00,0.0,0.0,0.0,0.0
2026-09-26T17:25:55.249396+00:00,0.0,0.0,0.0,0.0
2026-09-26T17:25:56.299651+00:00,0.0,0.0,0.0,0.0
2026-09-26T17:25:57.349686+00:00,0.0,0.0,0.0,0.0
2026-09-26T17:25:58.400609+00:00,0.0,0.0,0.0,0.0
2026-09-26T17:25:59.450444+00:00,0.0,0.0,0.0,0.0
2026-09-26T17:26:00.501061+00:00,0.0,0.0,0.0,0.0
2026-09-26T17:26:01.551710+00:00,0.0,0.0,0.0,0.0
2026-09-26T17:26:02.601611+00:00,0.0,0.0,0.0,0.0
2026-09-26T17:26:03.652279+00:00,0.0,0.0,0.0,0.0
2026-09-26T17:26:04.701919+00:00,0.0,0.0,0.0,0.0
2026-09-26T17:26:05.751671+00:00,0.0,0.0,0.0,0.0
2026-09-26T17:26:06.801639+00:00,0.0,0.0,0.0,0.0
2026-09-26T17:26:07.851554+00:00,0.0,0.0,0.0,0.0
2026-09-26T17:26:08.900575+00:00,0.0,0.0,0.0,0.0
2026-09-26T17:26:09.950306+00:00,0.0,0.0,0.0,0.0
2026-09-26T17:26:11.001472+00:00,0.0,0.0,0.0,0.0
2026-09-26T17:26:12.053320+00:00,0.0,0.0,0.0,0.0
2026-09-26T17:26:13.103077+00:00,0.0,0.0,0.0,0.0
2026-09-26T17:26:14.153021+00:00,0.0,0.0,0.0,0.0
2026-09-26T17:26:15.201660+00:00,0.0,0.0,0.0,0.0
2026-09-26T17:26:16.252220+00:00,0.0,0.0,0.0,0.0
2026-09-26T17:26:17.303719+00:00,0.0,0.0,0.0,0.0
2026-09-26T17:26:18.354089+00:00,0.0,0.0,0.0,0.0
2026-09-26T17:26:19.405704+00:00,0.0,0.0,0.0,0.0
2026-09-26T17:26:20.457325+00:00,0.0,0.0,0.0,0.0
2026-09-26T17:26:21.506543+00:00,0.0,0.0,0.0,0.0
2026-09-26T17:26:22.557396+00:00,0.0,0.0,0.0,0.0
2026-09-26T17:26:23.607019+00:00,0.0,0.0,0.0,0.0
2026-09-26T17:26:24.656818+00:00,0.0,0.0,0.0,0.0
2026-09-26T17:26:25.709080+00:00,0.0,0.0,0.0,0.0
2026-09-26T17:26:26.758792+00:00,0.0,0.0,0.0,0.0
2026-09-26T17:26:27.810208+00:00,0.0,0.0,0.0,0.0
2026-09-26T17:26:28.860088+00:00,0.0,0.0,0.0,0.0
2026-09-26T17:26:29.910889+00:00,0.0,0.0,0.0,0.0
2026-09-26T17:26:30.961385+00:00,0.0,0.0,0.0,0.0
2026-09-26T17:26:32.011904+00:00,0.0,0.0,0.0,0.0
2026-09-26T17:26:33.062830+00:00,0.0,0.0,0.0,0.0
2026-09-26T17:26:34.112887+00:00,0.0,0.0,0.0,0.0
2026-09-26T17:26:35.163715+00:00,0.0,0.0,0.0,0.0
2026-09-26T17:26:36.216596+00:00,0.0,0.0,0.0,0.0
2026-09-26T17:26:37.266338+00:00,0.0,0.0,0.0,0.0
2026-09-26T17:26:38.317073+00:00,0.0,0.0,0.0,0.0
2026-09-26T17:26:39.367783+00:00,0.0,0.0,0.0,0.0
2026-09-26T17:26:40.417469+00:00,0.0,0.0,0.0,0.0
2026-09-26T17:26:41.468997+00:00,0.0,0.0,0.0,0.0
2026-09-26T17:26:42.519058+00:00,0.0,0.0,0.0,0.0
2026-09-26T17:26:43.568996+00:00,0.0,0.0,0.0,0.0
2026-09-26T17:26:44.620228+00:00,0.0,0.0,0.0,0.0
2026-09-26T17:26:45.669658+00:00,0.0,0.0,0.0,0.0
2026-09-26T17:26:46.719912+00:00,0.0,0.0,0.0,0.0
2026-09-26T17:26:47.769654+00:00,0.0,0.0,0.0,0.0
2026-09-26T17:26:48.819789+00:00,0.0,0.0,0.0,0.0
2026-09-26T17:26:49.871228+00:00,0.0,0.0,0.0,0.0
2026-09-26T17:26:50.921125+00:00,0.0,0.0,0.0,0.0
2026-09-26T17:26:51.972622+00:00,0.0,0.0,0.0,0.0
2026-09-26T17:26:53.024035+00:00,0.0,0.0,0.0,0.0
2026-09-26T17:26:54.074067+00:00,0.0,0.0,0.0,0.0
2026-09-26T17:26:55.125715+00:00,0.0,0.0,0.0,0.0
2026-09-26T17:26:56.176939+00:00,0.0,0.0,0.0,0.0
2026-09-26T17:26:57.226565+00:00,0.0,0.0,0.0,0.0
2026-09-26T17:26:58.277428+00:00,0.0,0.0,0.0,0.0
2026-09-26T17:26:59.328104+00:00,0.0,0.0,0.0,0.0
2026-09-26T17:27:00.378230+00:00,0.0,0.0,0.0,0.0
2026-09-26T17:27:01.428467+00:00,0.0,0.0,0.0,0.0
2026-09-26T17:27:02.478089+00:00,0.0,0.0,0.0,0.0
2026-09-26T17:27:03.529976+00:00,0.0,0.0,0.0,0.0
2026-09-26T17:27:04.582266+00:00,0.0,0.0,0.0,0.0
2026-09-26T17:27:05.632556+00:00,0.0,0.0,0.0,0.0
2026-09-26T17:27:06.683669+00:00,0.0,0.0,0.0,0.0
2026-09-26T17:27:07.734380+00:00,0.0,0.0,0.0,0.0
2026-09-26T17:27:08.784139+00:00,0.0,0.0,0.0,0.0
2026-09-26T17:27:09.833712+00:00,0.0,0.0,0.0,0.0
2026-09-26T17:27:10.883391+00:00,0.0,0.0,0.0,0.0
2026-09-26T17:27:11.932481+00:00,0.0,0.0,0.0,0.0
2026-09-26T17:27:12.982881+00:00,0.0,0.0,0.0,0.0
2026-09-26T17:27:14.033080+00:00,0.0,0.0,0.0,0.0
2026-09-26T17:27:15.088710+00:00,0.0,0.0,0.0,0.0
2026-09-26T17:27:16.139508+00:00,0.0,0.0,0.0,0.0
2026-09-26T17:27:17.188235+00:00,0.0,0.0,0.0,0.0
2026-09-26T17:27:18.238133+00:00,0.0,0.0,0.0,0.0
2026-09-26T17:27:19.288710+00:00,0.0,0.0,0.0,0.0
2026-09-26T17:27:20.338652+00:00,0.0,0.0,0.0,0.0
2026-09-26T17:27:21.389986+00:00,0.0,0.0,0.0,0.0
2026-09-26T17:27:22.440046+00:00,0.0,0.0,0.0,0.0
2026-09-26T17:27:23.491079+00:00,0.0,0.0,0.0,0.0
2026-09-26T17:27:24.542297+00:00,0.0,0.0,0.0,0.0
2026-09-26T17:27:25.591567+00:00,0.0,0.0,0.0,0.0
2026-09-26T17:27:26.643605+00:00,0.0,0.0,0.0,0.0
2026-09-26T17:27:27.693824+00:00,0.0,0.0,0.0,0.0
2026-09-26T17:27:28.743666+00:00,0.0,0.0,0.0,0.0
2026-09-26T17:27:29.794445+00:00,0.0,0.0,0.0,0.0
2026-09-26T17:27:30.844314+00:00,0.0,0.0,0.0,0.0
2026-09-26T17:27:31.894341+00:00,0.0,0.0,0.0,0.0
2026-09-26T17:27:32.944790+00:00,0.0,0.0,0.0,0.0
2026-09-26T17:27:33.995530+00:00,0.0,0.0,0.0,0.0
2026-09-26T17:27:35.046004+00:00,0.0,0.0,0.0,0.0
2026-09-26T17:27:36.095362+00:00,0.0,0.0,0.0,0.0
2026-09-26T17:27:37.147262+00:00,0.0,0.0,0.0,0.0
2026-09-26T17:27:38.198515+00:00,0.0,0.0,0.0,0.0
2026-09-26T17:27:39.248801+00:00,0.0,0.0,0.0,0.0
2026-09-26T17:27:40.299124+00:00,0.0,0.0,0.0,0.0
2026-09-26T17:27:41.351553+00:00,0.0,0.0,0.0,0.0
2026-09-26T17:27:42.401450+00:00,0.0,0.0,0.0,0.0
2026-09-26T17:27:43.451680+00:00,0.0,0.0,0.0,0.0
2026-09-26T17:27:44.501170+00:00,0.0,0.0,0.0,0.0
2026-09-26T17:27:45.554966+00:00,0.0,0.0,0.0,0.0
2026-09-26T17:27:46.623556+00:00,0.0,0.0,0.0,0.0
2026-09-26T17:27:47.673167+00:00,0.0,0.0,0.0,0.0
2026-09-26T17:27:48.723403+00:00,0.0,0.0,0.0,0.0
2026-09-26T17:27:49.774668+00:00,0.0,0.0,0.0,0.0
2026-09-26T17:27:50.823970+00:00,0.0,0.0,0.0,0.0
2026-09-26T17:27:51.875123+00:00,0.0,0.0,0.0,0.0
2026-09-26T17:27:52.924935+00:00,0.0,0.0,0.0,0.0
2026-09-26T17:27:53.974322+00:00,0.0,0.0,0.0,0.0
2026-09-26T17:27:55.025160+00:00,0.0,0.0,0.0,0.0
2026-09-26T17:27:56.075300+00:00,0.0,0.0,0.0,0.0
2026-09-26T17:27:57.126188+00:00,0.0,0.0,0.0,0.0
2026-09-26T17:27:58.176464+00:00,0.0,0.0,0.0,0.0
2026-09-26T17:27:59.227407+00:00,0.0,0.0,0.0,0.0
2026-09-26T17:28:00.280141+00:00,0.0,0.0,0.0,0.0
2026-09-26T17:28:01.328807+00:00,0.0,0.0,0.0,0.0
2026-09-26T17:28:02.379692+00:00,0.0,0.0,0.0,0.0
2026-09-26T17:28:03.428863+00:00,0.0,0.0,0.0,0.0
2026-09-26T17:28:04.479711+00:00,0.0,0.0,0.0,0.0
2026-09-26T17:28:05.530447+00:00,0.0,0.0,0.0,0.0
2026-09-26T17:28:06.580304+00:00,0.0,0.0,0.0,0.0
2026-09-26T17:28:07.630723+00:00,0.0,0.0,0.0,0.0
2026-09-26T17:28:08.680425+00:00,0.0,0.0,0.0,0.0
2026-09-26T17:28:09.730359+00:00,0.0,0.0,0.0,0.0
2026-09-26T17:28:10.781226+00:00,0.0,0.0,0.0,0.0
2026-09-26T17:28:11.831063+00:00,0.0,0.0,0.0,0.0
2026-09-26T17:28:12.882545+00:00,0.0,0.0,0.0,0.0
2026-09-26T17:28:13.933602+00:00,0.0,0.0,0.0,0.0
2026-09-26T17:28:14.982749+00:00,0.0,0.0,0.0,0.0
