timestamp_utc,mem_total_kib,mem_available_kib,swap_total_kib,swap_used_kib,pswpin,pswpout,pgmajfault,gemma_rss_kib,gemma_pss_kib,gemma_swap_kib,ornith_rss_kib,ornith_pss_kib,ornith_swap_kib
2026-09-26T16:14:08.308155+00:00,64060288,43551900,4194300,51000,113586,1787527,120227,0,0,0,0,0,0
2026-09-26T16:14:09.310381+00:00,64060288,43523868,4194300,51000,113596,1787527,120236,0,0,0,0,0,0
2026-09-26T16:14:10.311561+00:00,64060288,43513956,4194300,51000,113597,1787527,120237,0,0,0,0,0,0
2026-09-26T16:14:11.312698+00:00,64060288,43514200,4194300,51000,113597,1787527,120237,0,0,0,0,0,0
2026-09-26T16:14:12.313807+00:00,64060288,43509652,4194300,51000,113603,1787527,120242,0,0,0,0,0,0
2026-09-26T16:14:13.315538+00:00,64060288,43480036,4194300,51000,113603,1787527,120329,0,0,0,0,0,0
2026-09-26T16:14:14.316318+00:00,64060288,43471740,4194300,51000,113603,1787527,120447,0,0,0,0,0,0
2026-09-26T16:14:15.317167+00:00,64060288,43498972,4194300,51000,113603,1787527,120534,0,0,0,0,0,0
2026-09-26T16:14:16.317914+00:00,64060288,43506900,4194300,51000,113603,1787527,120551,0,0,0,0,0,0
2026-09-26T16:14:17.318658+00:00,64060288,43466684,4194300,51000,113603,1787527,120576,0,0,0,0,0,0
2026-09-26T16:14:18.319432+00:00,64060288,43472492,4194300,51000,113603,1787527,120619,0,0,0,0,0,0
2026-09-26T16:14:19.320208+00:00,64060288,43493356,4194300,51000,113603,1787527,120720,0,0,0,0,0,0
2026-09-26T16:14:20.320957+00:00,64060288,43481156,4194300,51000,113603,1787527,120914,0,0,0,0,0,0
2026-09-26T16:14:21.321695+00:00,64060288,43446396,4194300,51000,113603,1787527,120998,0,0,0,0,0,0
2026-09-26T16:14:22.322468+00:00,64060288,43443900,4194300,51000,113603,1787527,121020,0,0,0,0,0,0
2026-09-26T16:14:23.323193+00:00,64060288,43436876,4194300,51000,113603,1787527,121030,0,0,0,0,0,0
2026-09-26T16:14:24.323888+00:00,64060288,43455516,4194300,51000,113603,1787527,121030,0,0,0,0,0,0
2026-09-26T16:14:25.324645+00:00,64060288,43478508,4194300,51000,113603,1787527,121030,0,0,0,0,0,0
2026-09-26T16:14:26.325393+00:00,64060288,43453660,4194300,51000,113603,1787527,121052,0,0,0,0,0,0
2026-09-26T16:14:27.326170+00:00,64060288,43467844,4194300,51000,113603,1787527,121084,0,0,0,0,0,0
2026-09-26T16:14:28.326923+00:00,64060288,43459680,4194300,51000,113603,1787527,121121,0,0,0,0,0,0
2026-09-26T16:14:29.327637+00:00,64060288,43463736,4194300,51000,113603,1787527,121125,0,0,0,0,0,0
2026-09-26T16:14:30.328364+00:00,64060288,43472684,4194300,51000,113603,1787527,121137,0,0,0,0,0,0
2026-09-26T16:14:31.329164+00:00,64060288,43479788,4194300,51000,113603,1787527,121147,0,0,0,0,0,0
2026-09-26T16:14:32.329959+00:00,64060288,43481480,4194300,51000,113603,1787527,121147,0,0,0,0,0,0
2026-09-26T16:14:33.330646+00:00,64060288,43495428,4194300,51000,113603,1787527,121151,0,0,0,0,0,0
2026-09-26T16:14:34.331424+00:00,64060288,43510132,4194300,51000,113603,1787527,121154,0,0,0,0,0,0
2026-09-26T16:14:35.332112+00:00,64060288,43513284,4194300,51000,113603,1787527,121161,0,0,0,0,0,0
2026-09-26T16:14:36.332895+00:00,64060288,43503172,4194300,51000,113603,1787527,121180,0,0,0,0,0,0
2026-09-26T16:14:37.333686+00:00,64060288,43497252,4194300,51000,113603,1787527,121180,0,0,0,0,0,0
2026-09-26T16:14:38.334533+00:00,64060288,43493312,4194300,51000,113603,1787527,121188,0,0,0,0,0,0
2026-09-26T16:14:39.335303+00:00,64060288,43503440,4194300,51000,113603,1787527,121190,0,0,0,0,0,0
2026-09-26T16:14:40.336043+00:00,64060288,43505220,4194300,51000,113603,1787527,121192,0,0,0,0,0,0
2026-09-26T16:14:41.336783+00:00,64060288,43492008,4194300,51000,113603,1787527,121192,0,0,0,0,0,0
2026-09-26T16:14:42.337519+00:00,64060288,43508388,4194300,51000,113603,1787527,121192,0,0,0,0,0,0
2026-09-26T16:14:43.338321+00:00,64060288,43499740,4194300,51000,113603,1787527,121201,0,0,0,0,0,0
2026-09-26T16:14:44.339080+00:00,64060288,43482720,4194300,51000,113603,1787527,121215,0,0,0,0,0,0
2026-09-26T16:14:45.339767+00:00,64060288,43486956,4194300,51000,113603,1787527,121215,0,0,0,0,0,0
2026-09-26T16:14:46.340529+00:00,64060288,43496772,4194300,51000,113603,1787527,121215,0,0,0,0,0,0
2026-09-26T16:14:47.341301+00:00,64060288,43480168,4194300,51000,113603,1787527,121215,0,0,0,0,0,0
2026-09-26T16:14:48.342104+00:00,64060288,43494304,4194300,51000,113603,1787527,121215,0,0,0,0,0,0
2026-09-26T16:14:49.342872+00:00,64060288,43512880,4194300,51000,113603,1787527,121215,0,0,0,0,0,0
2026-09-26T16:14:50.343625+00:00,64060288,43480168,4194300,51000,113603,1787527,121219,0,0,0,0,0,0
2026-09-26T16:14:51.344371+00:00,64060288,43465628,4194300,51000,113603,1787527,121219,0,0,0,0,0,0
2026-09-26T16:14:52.345128+00:00,64060288,43475956,4194300,51000,113603,1787527,121227,0,0,0,0,0,0
2026-09-26T16:14:53.345929+00:00,64060288,43461900,4194300,51000,113603,1787527,121227,0,0,0,0,0,0
2026-09-26T16:14:54.346671+00:00,64060288,43477620,4194300,51000,113603,1787527,121231,0,0,0,0,0,0
2026-09-26T16:14:55.347498+00:00,64060288,43468072,4194300,51000,113603,1787527,121235,0,0,0,0,0,0
2026-09-26T16:14:56.348297+00:00,64060288,43446296,4194300,51000,113603,1787527,121235,0,0,0,0,0,0
2026-09-26T16:14:57.349068+00:00,64060288,43468644,4194300,51000,113603,1787527,121235,0,0,0,0,0,0
2026-09-26T16:14:58.349821+00:00,64060288,43482208,4194300,51000,113603,1787527,121235,0,0,0,0,0,0
2026-09-26T16:14:59.350533+00:00,64060288,43473212,4194300,51000,113603,1787527,121235,0,0,0,0,0,0
2026-09-26T16:15:00.351278+00:00,64060288,43467100,4194300,51000,113603,1787527,121235,0,0,0,0,0,0
2026-09-26T16:15:01.352066+00:00,64060288,43490372,4194300,51000,113603,1787527,121239,0,0,0,0,0,0
2026-09-26T16:15:02.352853+00:00,64060288,43484340,4194300,51000,113603,1787527,121239,0,0,0,0,0,0
2026-09-26T16:15:03.353632+00:00,64060288,43481976,4194300,51000,113603,1787527,121239,0,0,0,0,0,0
2026-09-26T16:15:04.354403+00:00,64060288,43510164,4194300,51000,113603,1787527,121241,0,0,0,0,0,0
2026-09-26T16:15:05.355167+00:00,64060288,43505424,4194300,51000,113603,1787527,121241,0,0,0,0,0,0
2026-09-26T16:15:06.355916+00:00,64060288,43487408,4194300,51000,113603,1787527,121241,0,0,0,0,0,0
2026-09-26T16:15:07.356624+00:00,64060288,43503916,4194300,51000,113603,1787527,121245,0,0,0,0,0,0
2026-09-26T16:15:08.357455+00:00,64060288,43529512,4194300,51000,113603,1787527,121245,0,0,0,0,0,0
2026-09-26T16:15:09.358263+00:00,64060288,43512844,4194300,51000,113603,1787527,121245,0,0,0,0,0,0
2026-09-26T16:15:10.358987+00:00,64060288,43500152,4194300,51000,113603,1787527,121257,0,0,0,0,0,0
2026-09-26T16:15:11.359740+00:00,64060288,43513644,4194300,51000,113603,1787527,121261,0,0,0,0,0,0
2026-09-26T16:15:12.360480+00:00,64060288,43504016,4194300,51000,113603,1787527,121261,0,0,0,0,0,0
2026-09-26T16:15:13.361228+00:00,64060288,43504912,4194300,51000,113603,1787527,121261,0,0,0,0,0,0
2026-09-26T16:15:14.361925+00:00,64060288,43507284,4194300,51000,113603,1787527,121261,0,0,0,0,0,0
2026-09-26T16:15:15.362661+00:00,64060288,43518284,4194300,51000,113603,1787527,121261,0,0,0,0,0,0
2026-09-26T16:15:16.363411+00:00,64060288,43505992,4194300,51000,113603,1787527,121261,0,0,0,0,0,0
2026-09-26T16:15:17.364206+00:00,64060288,43506128,4194300,51000,113603,1787527,121261,0,0,0,0,0,0
2026-09-26T16:15:18.364981+00:00,64060288,43484072,4194300,51000,113603,1787527,121266,0,0,0,0,0,0
2026-09-26T16:15:19.365770+00:00,64060288,43481200,4194300,51000,113603,1787527,121266,0,0,0,0,0,0
2026-09-26T16:15:20.366505+00:00,64060288,43490748,4194300,51000,113603,1787527,121266,0,0,0,0,0,0
2026-09-26T16:15:21.367269+00:00,64060288,43490068,4194300,51000,113603,1787527,121266,0,0,0,0,0,0
2026-09-26T16:15:22.368065+00:00,64060288,43505844,4194300,51000,113603,1787527,121266,0,0,0,0,0,0
2026-09-26T16:15:23.368825+00:00,64060288,43489008,4194300,51000,113603,1787527,121271,0,0,0,0,0,0
2026-09-26T16:15:24.369567+00:00,64060288,43492016,4194300,51000,113603,1787527,121271,0,0,0,0,0,0
2026-09-26T16:15:25.370367+00:00,64060288,43474476,4194300,51000,113603,1787527,121271,0,0,0,0,0,0
2026-09-26T16:15:26.371175+00:00,64060288,43496452,4194300,51000,113603,1787527,121271,0,0,0,0,0,0
2026-09-26T16:15:27.371983+00:00,64060288,43487976,4194300,51000,113603,1787527,121271,0,0,0,0,0,0
2026-09-26T16:15:28.372772+00:00,64060288,43512580,4194300,51000,113603,1787527,121271,0,0,0,0,0,0
2026-09-26T16:15:29.373521+00:00,64060288,43483772,4194300,51000,113603,1787527,121271,0,0,0,0,0,0
2026-09-26T16:15:30.374289+00:00,64060288,43498620,4194300,51000,113603,1787527,121271,0,0,0,0,0,0
2026-09-26T16:15:31.375087+00:00,64060288,43482012,4194300,51000,113603,1787527,121271,0,0,0,0,0,0
2026-09-26T16:15:32.375878+00:00,64060288,43497424,4194300,51000,113603,1787527,121271,0,0,0,0,0,0
2026-09-26T16:15:33.376652+00:00,64060288,43510168,4194300,51000,113603,1787527,121271,0,0,0,0,0,0
2026-09-26T16:15:34.377383+00:00,64060288,43513224,4194300,51000,113603,1787527,121271,0,0,0,0,0,0
2026-09-26T16:15:35.378165+00:00,64060288,43485752,4194300,51000,113603,1787527,121271,0,0,0,0,0,0
2026-09-26T16:15:36.378898+00:00,64060288,43476824,4194300,51000,113603,1787527,121271,0,0,0,0,0,0
2026-09-26T16:15:37.379636+00:00,64060288,43493600,4194300,51000,113603,1787527,121271,0,0,0,0,0,0
2026-09-26T16:15:38.380384+00:00,64060288,43494392,4194300,51000,113603,1787527,121271,0,0,0,0,0,0
2026-09-26T16:15:39.381056+00:00,64060288,43497756,4194300,51000,113603,1787527,121271,0,0,0,0,0,0
2026-09-26T16:15:40.381865+00:00,64060288,43475648,4194300,51000,113608,1787527,121275,0,0,0,0,0,0
2026-09-26T16:15:41.382696+00:00,64060288,43479776,4194300,51000,113608,1787527,121275,0,0,0,0,0,0
2026-09-26T16:15:42.383500+00:00,64060288,43470760,4194300,51000,113608,1787527,121275,0,0,0,0,0,0
2026-09-26T16:15:43.384311+00:00,64060288,43461884,4194300,51000,113608,1787527,121280,0,0,0,0,0,0
2026-09-26T16:15:44.385102+00:00,64060288,43444860,4194300,51000,113608,1787527,121280,0,0,0,0,0,0
2026-09-26T16:15:45.385905+00:00,64060288,43485888,4194300,51000,113608,1787527,121280,0,0,0,0,0,0
2026-09-26T16:15:46.386686+00:00,64060288,43468984,4194300,51000,113608,1787527,121280,0,0,0,0,0,0
2026-09-26T16:15:47.387452+00:00,64060288,43477316,4194300,51000,113608,1787527,121280,0,0,0,0,0,0
2026-09-26T16:15:48.388232+00:00,64060288,43479688,4194300,51000,113608,1787527,121282,0,0,0,0,0,0
2026-09-26T16:15:49.389015+00:00,64060288,43470640,4194300,51000,113608,1787527,121282,0,0,0,0,0,0
2026-09-26T16:15:50.389811+00:00,64060288,43475572,4194300,51000,113608,1787527,121282,0,0,0,0,0,0
2026-09-26T16:15:51.390540+00:00,64060288,43471652,4194300,51000,113608,1787527,121282,0,0,0,0,0,0
2026-09-26T16:15:52.391302+00:00,64060288,43456668,4194300,51000,113608,1787527,121283,0,0,0,0,0,0
2026-09-26T16:15:53.392069+00:00,64060288,43474892,4194300,51000,113608,1787527,121283,0,0,0,0,0,0
2026-09-26T16:15:54.392875+00:00,64060288,43426052,4194300,51000,113608,1787527,121283,0,0,0,0,0,0
2026-09-26T16:15:55.393627+00:00,64060288,43451028,4194300,51000,113608,1787527,121283,0,0,0,0,0,0
2026-09-26T16:15:56.394385+00:00,64060288,43430496,4194300,51000,113608,1787527,121283,0,0,0,0,0,0
2026-09-26T16:15:57.395240+00:00,64060288,43430696,4194300,51000,113608,1787527,121283,0,0,0,0,0,0
2026-09-26T16:15:58.395986+00:00,64060288,43394820,4194300,51000,113608,1787527,121283,0,0,0,0,0,0
2026-09-26T16:15:59.396798+00:00,64060288,43411852,4194300,51000,113608,1787527,121283,0,0,0,0,0,0
2026-09-26T16:16:00.397596+00:00,64060288,43434304,4194300,51000,113608,1787527,121283,0,0,0,0,0,0
2026-09-26T16:16:01.398420+00:00,64060288,43477064,4194300,51000,113608,1787527,121283,0,0,0,0,0,0
2026-09-26T16:16:02.399185+00:00,64060288,43492892,4194300,51000,113608,1787527,121283,0,0,0,0,0,0
2026-09-26T16:16:03.399950+00:00,64060288,43489708,4194300,51000,113608,1787527,121283,0,0,0,0,0,0
2026-09-26T16:16:04.400677+00:00,64060288,43482476,4194300,51000,113608,1787527,121283,0,0,0,0,0,0
2026-09-26T16:16:05.401412+00:00,64060288,43450784,4194300,51000,113612,1787527,121287,0,0,0,0,0,0
2026-09-26T16:16:06.402192+00:00,64060288,43449988,4194300,51000,113612,1787527,121287,0,0,0,0,0,0
2026-09-26T16:16:07.402997+00:00,64060288,43433552,4194300,51000,113612,1787527,121287,0,0,0,0,0,0
2026-09-26T16:16:08.403746+00:00,64060288,43412384,4194300,51000,113612,1787527,121287,0,0,0,0,0,0
2026-09-26T16:16:09.404501+00:00,64060288,43410208,4194300,51000,113613,1787527,121288,0,0,0,0,0,0
2026-09-26T16:16:10.405309+00:00,64060288,43422328,4194300,51000,113613,1787527,121288,0,0,0,0,0,0
2026-09-26T16:16:11.406119+00:00,64060288,43450660,4194300,51000,113613,1787527,121288,0,0,0,0,0,0
2026-09-26T16:16:12.406947+00:00,64060288,43456372,4194300,51000,113613,1787527,121288,0,0,0,0,0,0
2026-09-26T16:16:13.407708+00:00,64060288,43472056,4194300,51000,113613,1787527,121288,0,0,0,0,0,0
2026-09-26T16:16:14.408472+00:00,64060288,43467292,4194300,51000,113613,1787527,121288,0,0,0,0,0,0
2026-09-26T16:16:15.409261+00:00,64060288,43462264,4194300,51000,113613,1787527,121288,0,0,0,0,0,0
2026-09-26T16:16:16.409976+00:00,64060288,43460684,4194300,51000,113613,1787527,121288,0,0,0,0,0,0
2026-09-26T16:16:17.410765+00:00,64060288,43467220,4194300,51000,113613,1787527,121288,0,0,0,0,0,0
2026-09-26T16:16:18.411518+00:00,64060288,43470988,4194300,51000,113613,1787527,121288,0,0,0,0,0,0
2026-09-26T16:16:19.412268+00:00,64060288,43462224,4194300,51000,113613,1787527,121288,0,0,0,0,0,0
2026-09-26T16:16:20.413025+00:00,64060288,43477688,4194300,51000,113613,1787527,121288,0,0,0,0,0,0
2026-09-26T16:16:21.413777+00:00,64060288,43496188,4194300,51000,113613,1787527,121288,0,0,0,0,0,0
2026-09-26T16:16:22.414521+00:00,64060288,43512484,4194300,51000,113613,1787527,121288,0,0,0,0,0,0
2026-09-26T16:16:23.415397+00:00,64060288,43493632,4194300,51000,113613,1787527,121288,0,0,0,0,0,0
2026-09-26T16:16:24.416145+00:00,64060288,43465512,4194300,51000,113613,1787527,121288,0,0,0,0,0,0
2026-09-26T16:16:25.416948+00:00,64060288,43465672,4194300,51000,113613,1787527,121288,0,0,0,0,0,0
2026-09-26T16:16:26.417762+00:00,64060288,43470900,4194300,51000,113613,1787527,121288,0,0,0,0,0,0
2026-09-26T16:16:27.418561+00:00,64060288,43477204,4194300,51000,113613,1787527,121288,0,0,0,0,0,0
2026-09-26T16:16:28.419341+00:00,64060288,43480700,4194300,51000,113613,1787527,121288,0,0,0,0,0,0
2026-09-26T16:16:29.420096+00:00,64060288,43496304,4194300,51000,113613,1787527,121288,0,0,0,0,0,0
2026-09-26T16:16:30.420845+00:00,64060288,43490032,4194300,51000,113613,1787527,121288,0,0,0,0,0,0
2026-09-26T16:16:31.421612+00:00,64060288,43518596,4194300,51000,113613,1787527,121288,0,0,0,0,0,0
2026-09-26T16:16:32.422409+00:00,64060288,43520868,4194300,51000,113613,1787527,121288,0,0,0,0,0,0
2026-09-26T16:16:33.423196+00:00,64060288,43530104,4194300,51000,113613,1787527,121288,0,0,0,0,0,0
2026-09-26T16:16:34.423965+00:00,64060288,43531348,4194300,51000,113613,1787527,121288,0,0,0,0,0,0
2026-09-26T16:16:35.424779+00:00,64060288,43525664,4194300,51000,113613,1787527,121288,0,0,0,0,0,0
2026-09-26T16:16:36.425543+00:00,64060288,43535880,4194300,51000,113613,1787527,121292,0,0,0,0,0,0
2026-09-26T16:16:37.426187+00:00,64060288,43535472,4194300,51000,113613,1787527,121292,0,0,0,0,0,0
2026-09-26T16:16:38.426985+00:00,64060288,43506856,4194300,51000,113613,1787527,121292,0,0,0,0,0,0
2026-09-26T16:16:39.427784+00:00,64060288,43523504,4194300,51000,113613,1787527,121292,0,0,0,0,0,0
2026-09-26T16:16:40.428522+00:00,64060288,43502204,4194300,51000,113613,1787527,121292,0,0,0,0,0,0
2026-09-26T16:16:41.429246+00:00,64060288,43516736,4194300,51000,113613,1787527,121292,0,0,0,0,0,0
2026-09-26T16:16:42.429988+00:00,64060288,43496144,4194300,51000,113613,1787527,121292,0,0,0,0,0,0
2026-09-26T16:16:43.430711+00:00,64060288,43508352,4194300,51000,113613,1787527,121292,0,0,0,0,0,0
2026-09-26T16:16:44.431467+00:00,64060288,43533528,4194300,51000,113613,1787527,121292,0,0,0,0,0,0
2026-09-26T16:16:45.432248+00:00,64060288,43517348,4194300,51000,113613,1787527,121296,0,0,0,0,0,0
2026-09-26T16:16:46.433047+00:00,64060288,43499488,4194300,51000,113614,1787527,121297,0,0,0,0,0,0
2026-09-26T16:16:47.433817+00:00,64060288,43489956,4194300,51000,113614,1787527,121297,0,0,0,0,0,0
2026-09-26T16:16:48.434981+00:00,64060288,43489024,4194300,51000,113614,1787527,121297,0,0,0,0,0,0
2026-09-26T16:16:49.435775+00:00,64060288,43486104,4194300,51000,113614,1787527,121297,0,0,0,0,0,0
2026-09-26T16:16:50.436613+00:00,64060288,43477336,4194300,51000,113614,1787527,121297,0,0,0,0,0,0
2026-09-26T16:16:51.437390+00:00,64060288,43488044,4194300,51000,113614,1787527,121297,0,0,0,0,0,0
2026-09-26T16:16:52.438147+00:00,64060288,43482056,4194300,51000,113614,1787527,121297,0,0,0,0,0,0
2026-09-26T16:16:53.438876+00:00,64060288,43507776,4194300,51000,113614,1787527,121297,0,0,0,0,0,0
2026-09-26T16:16:54.439608+00:00,64060288,43509968,4194300,51000,113614,1787527,121297,0,0,0,0,0,0
2026-09-26T16:16:55.440400+00:00,64060288,43502808,4194300,51000,113614,1787527,121297,0,0,0,0,0,0
2026-09-26T16:16:56.441241+00:00,64060288,43505476,4194300,51000,113614,1787527,121297,0,0,0,0,0,0
2026-09-26T16:16:57.442017+00:00,64060288,43491832,4194300,51000,113614,1787527,121297,0,0,0,0,0,0
2026-09-26T16:16:58.442788+00:00,64060288,43477696,4194300,51000,113614,1787527,121297,0,0,0,0,0,0
2026-09-26T16:16:59.443531+00:00,64060288,43495824,4194300,51000,113614,1787527,121297,0,0,0,0,0,0
2026-09-26T16:17:00.444279+00:00,64060288,43495468,4194300,51000,113614,1787527,121297,0,0,0,0,0,0
2026-09-26T16:17:01.445094+00:00,64060288,43504628,4194300,51000,113614,1787527,121297,0,0,0,0,0,0
2026-09-26T16:17:02.445812+00:00,64060288,43505572,4194300,51000,113614,1787527,121297,0,0,0,0,0,0
2026-09-26T16:17:03.446553+00:00,64060288,43506872,4194300,51000,113614,1787527,121297,0,0,0,0,0,0
2026-09-26T16:17:04.447308+00:00,64060288,43484436,4194300,51000,113614,1787527,121297,0,0,0,0,0,0
2026-09-26T16:17:05.448088+00:00,64060288,43490368,4194300,51000,113614,1787527,121297,0,0,0,0,0,0
2026-09-26T16:17:06.448889+00:00,64060288,43473784,4194300,51000,113614,1787527,121297,0,0,0,0,0,0
2026-09-26T16:17:07.449634+00:00,64060288,43472484,4194300,51000,113614,1787527,121297,0,0,0,0,0,0
2026-09-26T16:17:08.450400+00:00,64060288,43469340,4194300,51000,113614,1787527,121297,0,0,0,0,0,0
2026-09-26T16:17:09.451198+00:00,64060288,43454404,4194300,51000,113614,1787527,121297,0,0,0,0,0,0
2026-09-26T16:17:10.452003+00:00,64060288,43458140,4194300,51000,113614,1787527,121297,0,0,0,0,0,0
2026-09-26T16:17:11.452812+00:00,64060288,43481196,4194300,51000,113614,1787527,121297,0,0,0,0,0,0
2026-09-26T16:17:12.453539+00:00,64060288,43488588,4194300,51000,113614,1787527,121297,0,0,0,0,0,0
2026-09-26T16:17:13.454309+00:00,64060288,43484040,4194300,51000,113614,1787527,121297,0,0,0,0,0,0
2026-09-26T16:17:14.455146+00:00,64060288,43485784,4194300,51000,113615,1787527,121298,0,0,0,0,0,0
2026-09-26T16:17:15.455941+00:00,64060288,43502344,4194300,51000,113615,1787527,121298,0,0,0,0,0,0
2026-09-26T16:17:16.456694+00:00,64060288,43489720,4194300,51000,113615,1787527,121298,0,0,0,0,0,0
2026-09-26T16:17:17.457414+00:00,64060288,43513540,4194300,51000,113616,1787527,121299,0,0,0,0,0,0
2026-09-26T16:17:18.458201+00:00,64060288,43501384,4194300,51000,113616,1787527,121299,0,0,0,0,0,0
2026-09-26T16:17:19.459031+00:00,64060288,43494780,4194300,51000,113616,1787527,121299,0,0,0,0,0,0
2026-09-26T16:17:20.459808+00:00,64060288,43482008,4194300,51000,113616,1787527,121299,0,0,0,0,0,0
2026-09-26T16:17:21.460548+00:00,64060288,43485340,4194300,51000,113616,1787527,121299,0,0,0,0,0,0
2026-09-26T16:17:22.461195+00:00,64060288,43481336,4194300,51000,113616,1787527,121299,0,0,0,0,0,0
2026-09-26T16:17:23.462000+00:00,64060288,43471332,4194300,51000,113616,1787527,121299,0,0,0,0,0,0
2026-09-26T16:17:24.462781+00:00,64060288,43494288,4194300,51000,113616,1787527,121303,0,0,0,0,0,0
2026-09-26T16:17:25.463488+00:00,64060288,43459812,4194300,51000,113616,1787527,121303,0,0,0,0,0,0
2026-09-26T16:17:26.464300+00:00,64060288,43438204,4194300,51000,113616,1787527,121303,0,0,0,0,0,0
2026-09-26T16:17:27.465313+00:00,64060288,43438404,4194300,51000,113616,1787527,121303,0,0,0,0,0,0
2026-09-26T16:17:28.466180+00:00,64060288,43446160,4194300,51000,113616,1787527,121303,0,0,0,0,0,0
2026-09-26T16:17:29.466945+00:00,64060288,43429252,4194300,51000,113616,1787527,121303,0,0,0,0,0,0
2026-09-26T16:17:30.467739+00:00,64060288,43447632,4194300,51000,113616,1787527,121303,0,0,0,0,0,0
2026-09-26T16:17:31.468527+00:00,64060288,43446104,4194300,51000,113616,1787527,121303,0,0,0,0,0,0
2026-09-26T16:17:32.469276+00:00,64060288,43436868,4194300,51000,113616,1787527,121303,0,0,0,0,0,0
2026-09-26T16:17:33.470059+00:00,64060288,43466356,4194300,51000,113616,1787527,121303,0,0,0,0,0,0
2026-09-26T16:17:34.470847+00:00,64060288,43466336,4194300,51000,113616,1787527,121303,0,0,0,0,0,0
2026-09-26T16:17:35.471676+00:00,64060288,43460240,4194300,51000,113616,1787527,121303,0,0,0,0,0,0
2026-09-26T16:17:36.472449+00:00,64060288,43454660,4194300,51000,113616,1787527,121303,0,0,0,0,0,0
2026-09-26T16:17:37.473181+00:00,64060288,43456628,4194300,51000,113616,1787527,121303,0,0,0,0,0,0
2026-09-26T16:17:38.474015+00:00,64060288,43470864,4194300,51000,113616,1787527,121308,0,0,0,0,0,0
2026-09-26T16:17:39.474856+00:00,64060288,43462092,4194300,51000,113616,1787527,121308,0,0,0,0,0,0
2026-09-26T16:17:40.475622+00:00,64060288,43460096,4194300,51000,113616,1787527,121308,0,0,0,0,0,0
2026-09-26T16:17:41.476420+00:00,64060288,43451328,4194300,51000,113616,1787527,121308,0,0,0,0,0,0
2026-09-26T16:17:42.477219+00:00,64060288,43461964,4194300,51000,113616,1787527,121308,0,0,0,0,0,0
2026-09-26T16:17:43.477996+00:00,64060288,43481780,4194300,51000,113616,1787527,121308,0,0,0,0,0,0
2026-09-26T16:17:44.478745+00:00,64060288,43489764,4194300,51000,113616,1787527,121308,0,0,0,0,0,0
2026-09-26T16:17:45.479533+00:00,64060288,43494880,4194300,51000,113616,1787527,121308,0,0,0,0,0,0
2026-09-26T16:17:46.480327+00:00,64060288,43477548,4194300,51000,113616,1787527,121308,0,0,0,0,0,0
2026-09-26T16:17:47.481075+00:00,64060288,43485700,4194300,51000,113616,1787527,121308,0,0,0,0,0,0
2026-09-26T16:17:48.481802+00:00,64060288,43482372,4194300,51000,113616,1787527,121308,0,0,0,0,0,0
2026-09-26T16:17:49.482556+00:00,64060288,43479664,4194300,51000,113616,1787527,121308,0,0,0,0,0,0
2026-09-26T16:17:50.483331+00:00,64060288,43437388,4194300,51000,113616,1787527,121308,0,0,0,0,0,0
2026-09-26T16:17:51.484096+00:00,64060288,43459888,4194300,51000,113616,1787527,121308,0,0,0,0,0,0
2026-09-26T16:17:52.484851+00:00,64060288,43438312,4194300,51000,113616,1787527,121308,0,0,0,0,0,0
2026-09-26T16:17:53.485656+00:00,64060288,43458688,4194300,51000,113616,1787527,121312,0,0,0,0,0,0
2026-09-26T16:17:54.486474+00:00,64060288,43463080,4194300,51000,113616,1787527,121312,0,0,0,0,0,0
2026-09-26T16:17:55.487256+00:00,64060288,43452740,4194300,51000,113616,1787527,121312,0,0,0,0,0,0
2026-09-26T16:17:56.488082+00:00,64060288,43453928,4194300,51000,113616,1787527,121312,0,0,0,0,0,0
2026-09-26T16:17:57.488877+00:00,64060288,43457056,4194300,51000,113616,1787527,121312,0,0,0,0,0,0
2026-09-26T16:17:58.489648+00:00,64060288,43464756,4194300,51000,113616,1787527,121312,0,0,0,0,0,0
2026-09-26T16:17:59.490445+00:00,64060288,43442816,4194300,51000,113616,1787527,121312,0,0,0,0,0,0
2026-09-26T16:18:00.491267+00:00,64060288,43445024,4194300,51000,113616,1787527,121312,0,0,0,0,0,0
2026-09-26T16:18:01.492018+00:00,64060288,43430988,4194300,51000,113616,1787527,121312,0,0,0,0,0,0
2026-09-26T16:18:02.492759+00:00,64060288,43449628,4194300,51000,113616,1787527,121312,0,0,0,0,0,0
2026-09-26T16:18:03.493583+00:00,64060288,43459908,4194300,51000,113616,1787527,121312,0,0,0,0,0,0
2026-09-26T16:18:04.494401+00:00,64060288,43442556,4194300,51000,113616,1787527,121312,0,0,0,0,0,0
2026-09-26T16:18:05.495220+00:00,64060288,43456172,4194300,51000,113616,1787527,121312,0,0,0,0,0,0
2026-09-26T16:18:06.496031+00:00,64060288,43458076,4194300,51000,113616,1787527,121312,0,0,0,0,0,0
2026-09-26T16:18:07.496861+00:00,64060288,43461536,4194300,51000,113617,1787527,121313,0,0,0,0,0,0
2026-09-26T16:18:08.497620+00:00,64060288,43455172,4194300,51000,113617,1787527,121313,0,0,0,0,0,0
2026-09-26T16:18:09.498404+00:00,64060288,43457268,4194300,51000,113617,1787527,121313,0,0,0,0,0,0
2026-09-26T16:18:10.499198+00:00,64060288,43447808,4194300,51000,113617,1787527,121313,0,0,0,0,0,0
2026-09-26T16:18:11.499968+00:00,64060288,43452016,4194300,51000,113617,1787527,121313,0,0,0,0,0,0
2026-09-26T16:18:12.500812+00:00,64060288,43452216,4194300,51000,113617,1787527,121313,0,0,0,0,0,0
2026-09-26T16:18:13.501626+00:00,64060288,43456360,4194300,51000,113617,1787527,121313,0,0,0,0,0,0
2026-09-26T16:18:14.502360+00:00,64060288,43451716,4194300,51000,113617,1787527,121313,0,0,0,0,0,0
2026-09-26T16:18:15.503124+00:00,64060288,43464100,4194300,51000,113617,1787527,121313,0,0,0,0,0,0
2026-09-26T16:18:16.503971+00:00,64060288,43465656,4194300,51000,113618,1787527,121314,0,0,0,0,0,0
2026-09-26T16:18:17.504802+00:00,64060288,43458996,4194300,51000,113618,1787527,121314,0,0,0,0,0,0
2026-09-26T16:18:18.505555+00:00,64060288,43449980,4194300,51000,113618,1787527,121314,0,0,0,0,0,0
2026-09-26T16:18:19.506364+00:00,64060288,43444028,4194300,51000,113618,1787527,121314,0,0,0,0,0,0
2026-09-26T16:18:20.507172+00:00,64060288,43435904,4194300,51000,113618,1787527,121314,0,0,0,0,0,0
2026-09-26T16:18:21.507918+00:00,64060288,43444148,4194300,51000,113618,1787527,121314,0,0,0,0,0,0
2026-09-26T16:18:22.508725+00:00,64060288,43443828,4194300,51000,113618,1787527,121314,0,0,0,0,0,0
2026-09-26T16:18:23.509493+00:00,64060288,43427912,4194300,51000,113618,1787527,121314,0,0,0,0,0,0
2026-09-26T16:18:24.510225+00:00,64060288,43434352,4194300,51000,113620,1787527,121316,0,0,0,0,0,0
2026-09-26T16:18:25.511049+00:00,64060288,43441992,4194300,51000,113620,1787527,121316,0,0,0,0,0,0
2026-09-26T16:18:26.511894+00:00,64060288,43431504,4194300,51000,113620,1787527,121316,0,0,0,0,0,0
2026-09-26T16:18:27.512620+00:00,64060288,43450136,4194300,51000,113620,1787527,121316,0,0,0,0,0,0
2026-09-26T16:18:28.513421+00:00,64060288,43452724,4194300,51000,113620,1787527,121316,0,0,0,0,0,0
2026-09-26T16:18:29.514258+00:00,64060288,43456684,4194300,51000,113620,1787527,121316,0,0,0,0,0,0
2026-09-26T16:18:30.515003+00:00,64060288,43461540,4194300,51000,113620,1787527,121316,0,0,0,0,0,0
2026-09-26T16:18:31.515816+00:00,64060288,43448260,4194300,51000,113620,1787527,121316,0,0,0,0,0,0
2026-09-26T16:18:32.516603+00:00,64060288,43428680,4194300,51000,113620,1787527,121316,0,0,0,0,0,0
2026-09-26T16:18:33.517289+00:00,64060288,43436448,4194300,51000,113620,1787527,121316,0,0,0,0,0,0
2026-09-26T16:18:34.518146+00:00,64060288,43449828,4194300,51000,113620,1787527,121324,0,0,0,0,0,0
2026-09-26T16:18:35.519011+00:00,64060288,43426596,4194300,51000,113620,1787527,121325,0,0,0,0,0,0
2026-09-26T16:18:36.519795+00:00,64060288,43437396,4194300,51000,113620,1787527,121325,0,0,0,0,0,0
2026-09-26T16:18:37.520624+00:00,64060288,43440632,4194300,51000,113620,1787527,121325,0,0,0,0,0,0
2026-09-26T16:18:38.521428+00:00,64060288,43447136,4194300,51000,113620,1787527,121325,0,0,0,0,0,0
2026-09-26T16:18:39.522175+00:00,64060288,43442556,4194300,51000,113620,1787527,121325,0,0,0,0,0,0
2026-09-26T16:18:40.523047+00:00,64060288,43444452,4194300,51000,113620,1787527,121331,0,0,0,0,0,0
2026-09-26T16:18:41.524454+00:00,64060288,43436548,4194300,51000,113620,1787527,121331,0,0,0,0,0,0
2026-09-26T16:18:42.525223+00:00,64060288,43439840,4194300,51000,113620,1787527,121331,0,0,0,0,0,0
2026-09-26T16:18:43.526063+00:00,64060288,43441792,4194300,51000,113620,1787527,121331,0,0,0,0,0,0
2026-09-26T16:18:44.526797+00:00,64060288,43417724,4194300,51000,113620,1787527,121332,0,0,0,0,0,0
2026-09-26T16:18:45.527591+00:00,64060288,43425752,4194300,51000,113620,1787527,121332,0,0,0,0,0,0
2026-09-26T16:18:46.528423+00:00,64060288,43403220,4194300,51000,113620,1787527,121332,0,0,0,0,0,0
2026-09-26T16:18:47.529161+00:00,64060288,43431000,4194300,51000,113620,1787527,121332,0,0,0,0,0,0
2026-09-26T16:18:48.529952+00:00,64060288,43448324,4194300,51000,113620,1787527,121332,0,0,0,0,0,0
2026-09-26T16:18:49.530790+00:00,64060288,43421236,4194300,51000,113620,1787527,121332,0,0,0,0,0,0
2026-09-26T16:18:50.531542+00:00,64060288,43418936,4194300,51000,113620,1787527,121332,0,0,0,0,0,0
2026-09-26T16:18:51.532301+00:00,64060288,43398808,4194300,51000,113621,1787527,121333,0,0,0,0,0,0
2026-09-26T16:18:52.533144+00:00,64060288,43397844,4194300,51000,113621,1787527,121333,0,0,0,0,0,0
2026-09-26T16:18:53.533908+00:00,64060288,43403072,4194300,51000,113621,1787527,121333,0,0,0,0,0,0
2026-09-26T16:18:54.534734+00:00,64060288,43394640,4194300,51000,113621,1787527,121333,0,0,0,0,0,0
2026-09-26T16:18:55.535554+00:00,64060288,43417360,4194300,51000,113621,1787527,121333,0,0,0,0,0,0
2026-09-26T16:18:56.536335+00:00,64060288,43426040,4194300,51000,113621,1787527,121333,0,0,0,0,0,0
2026-09-26T16:18:57.537173+00:00,64060288,43415308,4194300,51000,113621,1787527,121333,0,0,0,0,0,0
2026-09-26T16:18:58.538011+00:00,64060288,43438156,4194300,51000,113621,1787527,121333,0,0,0,0,0,0
2026-09-26T16:18:59.538775+00:00,64060288,43409000,4194300,51000,113621,1787527,121333,0,0,0,0,0,0
2026-09-26T16:19:00.539600+00:00,64060288,43417188,4194300,51000,113621,1787527,121333,0,0,0,0,0,0
2026-09-26T16:19:01.540365+00:00,64060288,43408164,4194300,51000,113621,1787527,121333,0,0,0,0,0,0
2026-09-26T16:19:02.541130+00:00,64060288,43411524,4194300,51000,113621,1787527,121333,0,0,0,0,0,0
2026-09-26T16:19:03.541959+00:00,64060288,43402164,4194300,51000,113621,1787527,121333,0,0,0,0,0,0
2026-09-26T16:19:04.542667+00:00,64060288,43382532,4194300,51000,113621,1787527,121333,0,0,0,0,0,0
2026-09-26T16:19:05.543509+00:00,64060288,43413312,4194300,51000,113621,1787527,121333,0,0,0,0,0,0
2026-09-26T16:19:06.544352+00:00,64060288,43404412,4194300,51000,113621,1787527,121333,0,0,0,0,0,0
2026-09-26T16:19:07.545108+00:00,64060288,43403500,4194300,51000,113621,1787527,121333,0,0,0,0,0,0
2026-09-26T16:19:08.545958+00:00,64060288,43418708,4194300,51000,113621,1787527,121333,0,0,0,0,0,0
2026-09-26T16:19:09.546726+00:00,64060288,43414328,4194300,51000,113621,1787527,121333,0,0,0,0,0,0
2026-09-26T16:19:10.547545+00:00,64060288,43419036,4194300,51000,113621,1787527,121333,0,0,0,0,0,0
2026-09-26T16:19:11.548384+00:00,64060288,43402452,4194300,51000,113621,1787527,121333,0,0,0,0,0,0
2026-09-26T16:19:12.549156+00:00,64060288,43425776,4194300,51000,113621,1787527,121333,0,0,0,0,0,0
2026-09-26T16:19:13.550003+00:00,64060288,43431888,4194300,51000,113621,1787527,121333,0,0,0,0,0,0
2026-09-26T16:19:14.550839+00:00,64060288,43435380,4194300,51000,113621,1787527,121333,0,0,0,0,0,0
2026-09-26T16:19:15.551597+00:00,64060288,43433168,4194300,51000,113621,1787527,121333,0,0,0,0,0,0
2026-09-26T16:19:16.552393+00:00,64060288,43424156,4194300,51000,113621,1787527,121333,0,0,0,0,0,0
2026-09-26T16:19:17.553162+00:00,64060288,43418656,4194300,51000,113621,1787527,121333,0,0,0,0,0,0
2026-09-26T16:19:18.553940+00:00,64060288,43390288,4194300,51000,113621,1787527,121333,0,0,0,0,0,0
2026-09-26T16:19:19.554786+00:00,64060288,43382532,4194300,51000,113621,1787527,121333,0,0,0,0,0,0
2026-09-26T16:19:20.555571+00:00,64060288,43424256,4194300,51000,113621,1787527,121333,0,0,0,0,0,0
2026-09-26T16:19:21.556399+00:00,64060288,43418704,4194300,51000,113621,1787527,121333,0,0,0,0,0,0
2026-09-26T16:19:22.557216+00:00,64060288,43413204,4194300,51000,113621,1787527,121333,0,0,0,0,0,0
2026-09-26T16:19:23.557962+00:00,64060288,43419660,4194300,51000,113621,1787527,121333,0,0,0,0,0,0
2026-09-26T16:19:24.558815+00:00,64060288,43424988,4194300,51000,113621,1787527,121333,0,0,0,0,0,0
2026-09-26T16:19:25.559587+00:00,64060288,43421404,4194300,51000,113621,1787527,121333,0,0,0,0,0,0
2026-09-26T16:19:26.560425+00:00,64060288,43426108,4194300,51000,113621,1787527,121333,0,0,0,0,0,0
2026-09-26T16:19:27.561276+00:00,64060288,43429132,4194300,51000,113621,1787527,121333,0,0,0,0,0,0
2026-09-26T16:19:28.562187+00:00,64060288,43413528,4194300,51000,113621,1787527,121333,0,0,0,0,0,0
2026-09-26T16:19:29.563035+00:00,64060288,43422584,4194300,51000,113621,1787527,121333,0,0,0,0,0,0
2026-09-26T16:19:30.563805+00:00,64060288,43432428,4194300,51000,113621,1787527,121333,0,0,0,0,0,0
2026-09-26T16:19:31.564642+00:00,64060288,43408596,4194300,51000,113621,1787527,121333,0,0,0,0,0,0
2026-09-26T16:19:32.565480+00:00,64060288,43442404,4194300,51000,113621,1787527,121333,0,0,0,0,0,0
2026-09-26T16:19:33.566265+00:00,64060288,43437276,4194300,51000,113621,1787527,121333,0,0,0,0,0,0
2026-09-26T16:19:34.567129+00:00,64060288,43420736,4194300,51000,113621,1787527,121333,0,0,0,0,0,0
2026-09-26T16:19:35.567979+00:00,64060288,43435092,4194300,51000,113621,1787527,121333,0,0,0,0,0,0
2026-09-26T16:19:36.568715+00:00,64060288,43432316,4194300,51000,113621,1787527,121333,0,0,0,0,0,0
2026-09-26T16:19:37.569516+00:00,64060288,43413816,4194300,51000,113621,1787527,121333,0,0,0,0,0,0
2026-09-26T16:19:38.570267+00:00,64060288,43422968,4194300,51000,113621,1787527,121333,0,0,0,0,0,0
2026-09-26T16:19:39.571130+00:00,64060288,43405988,4194300,51000,113621,1787527,121333,0,0,0,0,0,0
2026-09-26T16:19:40.571916+00:00,64060288,43409612,4194300,51000,113621,1787527,121333,0,0,0,0,0,0
2026-09-26T16:19:41.572768+00:00,64060288,43391012,4194300,51000,113621,1787527,121333,0,0,0,0,0,0
2026-09-26T16:19:42.573619+00:00,64060288,43387768,4194300,51000,113621,1787527,121333,0,0,0,0,0,0
2026-09-26T16:19:43.574365+00:00,64060288,43386240,4194300,51000,113621,1787527,121333,0,0,0,0,0,0
2026-09-26T16:19:44.575210+00:00,64060288,43413368,4194300,51000,113621,1787527,121333,0,0,0,0,0,0
2026-09-26T16:19:45.575974+00:00,64060288,43383084,4194300,51000,113621,1787527,121333,0,0,0,0,0,0
2026-09-26T16:19:46.576818+00:00,64060288,43372440,4194300,51000,113621,1787527,121333,0,0,0,0,0,0
2026-09-26T16:19:47.577640+00:00,64060288,43385736,4194300,51000,113621,1787527,121333,0,0,0,0,0,0
2026-09-26T16:19:48.578419+00:00,64060288,43388364,4194300,51000,113621,1787527,121333,0,0,0,0,0,0
2026-09-26T16:19:49.579277+00:00,64060288,43384236,4194300,51000,113621,1787527,121333,0,0,0,0,0,0
2026-09-26T16:19:50.580037+00:00,64060288,43394428,4194300,51000,113621,1787527,121333,0,0,0,0,0,0
2026-09-26T16:19:51.580897+00:00,64060288,43404028,4194300,51000,113621,1787527,121333,0,0,0,0,0,0
2026-09-26T16:19:52.581740+00:00,64060288,43415660,4194300,51000,113621,1787527,121333,0,0,0,0,0,0
2026-09-26T16:19:53.582566+00:00,64060288,43417848,4194300,51000,113621,1787527,121333,0,0,0,0,0,0
2026-09-26T16:19:54.583402+00:00,64060288,43419584,4194300,51000,113621,1787527,121333,0,0,0,0,0,0
2026-09-26T16:19:55.584174+00:00,64060288,43414376,4194300,51000,113621,1787527,121333,0,0,0,0,0,0
2026-09-26T16:19:56.585028+00:00,64060288,43420716,4194300,51000,113621,1787527,121333,0,0,0,0,0,0
2026-09-26T16:19:57.585783+00:00,64060288,43418512,4194300,51000,113621,1787527,121333,0,0,0,0,0,0
2026-09-26T16:19:58.586607+00:00,64060288,43408756,4194300,51000,113621,1787527,121333,0,0,0,0,0,0
2026-09-26T16:19:59.587380+00:00,64060288,43410652,4194300,51000,113621,1787527,121333,0,0,0,0,0,0
2026-09-26T16:20:00.588312+00:00,64060288,43391920,4194300,51000,113621,1787527,121333,0,0,0,0,0,0
2026-09-26T16:20:01.589196+00:00,64060288,43393572,4194300,51000,113621,1787527,121333,0,0,0,0,0,0
2026-09-26T16:20:02.589994+00:00,64060288,43383120,4194300,51000,113621,1787527,121333,0,0,0,0,0,0
2026-09-26T16:20:03.590852+00:00,64060288,43594080,4194300,51000,113621,1787527,121333,0,0,0,0,0,0
2026-09-26T16:20:04.591613+00:00,64060288,43590048,4194300,51000,113621,1787527,121333,0,0,0,0,0,0
2026-09-26T16:20:05.592446+00:00,64060288,43592096,4194300,51000,113621,1787527,121333,0,0,0,0,0,0
2026-09-26T16:20:06.593180+00:00,64060288,43597876,4194300,51000,113621,1787527,121333,0,0,0,0,0,0
2026-09-26T16:20:07.594052+00:00,64060288,43600796,4194300,51000,113621,1787527,121333,0,0,0,0,0,0
2026-09-26T16:20:08.594898+00:00,64060288,43587916,4194300,51000,113621,1787527,121333,0,0,0,0,0,0
2026-09-26T16:20:09.595743+00:00,64060288,43572752,4194300,51000,113621,1787527,121333,0,0,0,0,0,0
2026-09-26T16:20:10.596595+00:00,64060288,43587084,4194300,51000,113621,1787527,121333,0,0,0,0,0,0
2026-09-26T16:20:11.597333+00:00,64060288,43570052,4194300,51000,113621,1787527,121333,0,0,0,0,0,0
2026-09-26T16:20:12.598175+00:00,64060288,43573912,4194300,51000,113621,1787527,121333,0,0,0,0,0,0
2026-09-26T16:20:13.598931+00:00,64060288,43554488,4194300,51000,113621,1787527,121333,0,0,0,0,0,0
2026-09-26T16:20:14.599780+00:00,64060288,43555416,4194300,51000,113621,1787527,121333,0,0,0,0,0,0
2026-09-26T16:20:15.600571+00:00,64060288,43561736,4194300,51000,113621,1787527,121333,0,0,0,0,0,0
2026-09-26T16:20:16.601426+00:00,64060288,43518776,4194300,51000,113621,1787527,121333,0,0,0,0,0,0
2026-09-26T16:20:17.602211+00:00,64060288,43556716,4194300,51000,113621,1787527,121333,0,0,0,0,0,0
2026-09-26T16:20:18.603072+00:00,64060288,43560912,4194300,51000,113621,1787527,121333,0,0,0,0,0,0
2026-09-26T16:20:19.603933+00:00,64060288,43559912,4194300,51000,113621,1787527,121333,0,0,0,0,0,0
2026-09-26T16:20:20.604772+00:00,64060288,43556420,4194300,51000,113621,1787527,121333,0,0,0,0,0,0
2026-09-26T16:20:21.605606+00:00,64060288,43566956,4194300,51000,113621,1787527,121333,0,0,0,0,0,0
2026-09-26T16:20:22.606357+00:00,64060288,43580728,4194300,51000,113621,1787527,121333,0,0,0,0,0,0
2026-09-26T16:20:23.607196+00:00,64060288,43577320,4194300,51000,113621,1787527,121333,0,0,0,0,0,0
2026-09-26T16:20:24.607959+00:00,64060288,43571696,4194300,51000,113621,1787527,121333,0,0,0,0,0,0
2026-09-26T16:20:25.608807+00:00,64060288,43551352,4194300,51000,113621,1787527,121333,0,0,0,0,0,0
2026-09-26T16:20:26.609550+00:00,64060288,43555292,4194300,51000,113621,1787527,121333,0,0,0,0,0,0
2026-09-26T16:20:27.610407+00:00,64060288,43564856,4194300,51000,113621,1787527,121333,0,0,0,0,0,0
2026-09-26T16:20:28.611248+00:00,64060288,43542756,4194300,51000,113621,1787527,121333,0,0,0,0,0,0
2026-09-26T16:20:29.612098+00:00,64060288,43572468,4194300,51000,113621,1787527,121333,0,0,0,0,0,0
2026-09-26T16:20:30.612961+00:00,64060288,43581236,4194300,51000,113621,1787527,121333,0,0,0,0,0,0
2026-09-26T16:20:31.613814+00:00,64060288,43577832,4194300,51000,113621,1787527,121333,0,0,0,0,0,0
2026-09-26T16:20:32.614652+00:00,64060288,43579144,4194300,51000,113621,1787527,121333,0,0,0,0,0,0
2026-09-26T16:20:33.615407+00:00,64060288,43585608,4194300,51000,113621,1787527,121333,0,0,0,0,0,0
2026-09-26T16:20:34.616249+00:00,64060288,43582624,4194300,51000,113621,1787527,121333,0,0,0,0,0,0
2026-09-26T16:20:35.617014+00:00,64060288,43581020,4194300,51000,113621,1787527,121333,0,0,0,0,0,0
2026-09-26T16:20:36.617869+00:00,64060288,43566084,4194300,51000,113621,1787527,121333,0,0,0,0,0,0
2026-09-26T16:20:37.618642+00:00,64060288,43572928,4194300,51000,113621,1787527,121333,0,0,0,0,0,0
2026-09-26T16:20:38.619476+00:00,64060288,43570068,4194300,51000,113621,1787527,121333,0,0,0,0,0,0
2026-09-26T16:20:39.620231+00:00,64060288,43560960,4194300,51000,113621,1787527,121333,0,0,0,0,0,0
2026-09-26T16:20:40.621084+00:00,64060288,43549380,4194300,51000,113621,1787527,121333,0,0,0,0,0,0
2026-09-26T16:20:41.621834+00:00,64060288,43544224,4194300,51000,113621,1787527,121333,0,0,0,0,0,0
2026-09-26T16:20:42.622647+00:00,64060288,43527240,4194300,51000,113621,1787527,121333,0,0,0,0,0,0
2026-09-26T16:20:43.623342+00:00,64060288,43506404,4194300,51000,113621,1787527,121333,0,0,0,0,0,0
2026-09-26T16:20:44.624182+00:00,64060288,43528780,4194300,51000,113621,1787527,121333,0,0,0,0,0,0
2026-09-26T16:20:45.624962+00:00,64060288,43547672,4194300,51000,113621,1787527,121333,0,0,0,0,0,0
2026-09-26T16:20:46.625817+00:00,64060288,43538884,4194300,51000,113621,1787527,121333,0,0,0,0,0,0
2026-09-26T16:20:47.626601+00:00,64060288,43557668,4194300,51000,113621,1787527,121333,0,0,0,0,0,0
2026-09-26T16:20:48.627430+00:00,64060288,43551296,4194300,51000,113621,1787527,121333,0,0,0,0,0,0
2026-09-26T16:20:49.628276+00:00,64060288,43529472,4194300,51000,113621,1787527,121333,0,0,0,0,0,0
2026-09-26T16:20:50.629141+00:00,64060288,43526788,4194300,51000,113621,1787527,121333,0,0,0,0,0,0
2026-09-26T16:20:51.629999+00:00,64060288,43526040,4194300,51000,113621,1787527,121333,0,0,0,0,0,0
2026-09-26T16:20:52.630783+00:00,64060288,43527952,4194300,51000,113621,1787527,121333,0,0,0,0,0,0
2026-09-26T16:20:53.631619+00:00,64060288,43545072,4194300,51000,113621,1787527,121333,0,0,0,0,0,0
2026-09-26T16:20:54.632393+00:00,64060288,43522756,4194300,51000,113621,1787527,121333,0,0,0,0,0,0
2026-09-26T16:20:55.633254+00:00,64060288,43503680,4194300,51000,113621,1787527,121333,0,0,0,0,0,0
2026-09-26T16:20:56.634129+00:00,64060288,43510312,4194300,51000,113621,1787527,121333,0,0,0,0,0,0
2026-09-26T16:20:57.634982+00:00,64060288,43517548,4194300,51000,113621,1787527,121333,0,0,0,0,0,0
2026-09-26T16:20:58.635839+00:00,64060288,43520968,4194300,51000,113621,1787527,121333,0,0,0,0,0,0
2026-09-26T16:20:59.636674+00:00,64060288,43503204,4194300,51000,113621,1787527,121333,0,0,0,0,0,0
2026-09-26T16:21:00.637520+00:00,64060288,43516784,4194300,51000,113621,1787527,121333,0,0,0,0,0,0
2026-09-26T16:21:01.638378+00:00,64060288,43500552,4194300,51000,113621,1787527,121333,0,0,0,0,0,0
2026-09-26T16:21:02.639164+00:00,64060288,43523336,4194300,51000,113621,1787527,121333,0,0,0,0,0,0
2026-09-26T16:21:03.640011+00:00,64060288,43520944,4194300,51000,113621,1787527,121333,0,0,0,0,0,0
2026-09-26T16:21:04.640817+00:00,64060288,43516768,4194300,51000,113621,1787527,121333,0,0,0,0,0,0
2026-09-26T16:21:05.641663+00:00,64060288,43507756,4194300,51000,113621,1787527,121333,0,0,0,0,0,0
2026-09-26T16:21:06.642416+00:00,64060288,43500888,4194300,51000,113621,1787527,121333,0,0,0,0,0,0
2026-09-26T16:21:07.643269+00:00,64060288,43515540,4194300,51000,113621,1787527,121333,0,0,0,0,0,0
2026-09-26T16:21:08.644024+00:00,64060288,43515800,4194300,51000,113621,1787527,121333,0,0,0,0,0,0
2026-09-26T16:21:09.644864+00:00,64060288,43523220,4194300,51000,113621,1787527,121333,0,0,0,0,0,0
2026-09-26T16:21:10.645666+00:00,64060288,43531260,4194300,51000,113621,1787527,121333,0,0,0,0,0,0
2026-09-26T16:21:11.646497+00:00,64060288,43518264,4194300,51000,113621,1787527,121333,0,0,0,0,0,0
2026-09-26T16:21:12.647274+00:00,64060288,43507728,4194300,51000,113621,1787527,121333,0,0,0,0,0,0
2026-09-26T16:21:13.648340+00:00,64060288,43515804,4194300,51000,113621,1787527,121333,0,0,0,0,0,0
2026-09-26T16:21:14.649403+00:00,64060288,43522696,4194300,51000,113621,1787527,121333,0,0,0,0,0,0
2026-09-26T16:21:15.650250+00:00,64060288,43543436,4194300,51000,113621,1787527,121333,0,0,0,0,0,0
2026-09-26T16:21:16.651030+00:00,64060288,43525552,4194300,51000,113621,1787527,121333,0,0,0,0,0,0
2026-09-26T16:21:17.651887+00:00,64060288,43507632,4194300,51000,113621,1787527,121333,0,0,0,0,0,0
2026-09-26T16:21:18.652649+00:00,64060288,43509280,4194300,51000,113621,1787527,121333,0,0,0,0,0,0
2026-09-26T16:21:19.653500+00:00,64060288,43516228,4194300,51000,113621,1787527,121333,0,0,0,0,0,0
2026-09-26T16:21:20.654281+00:00,64060288,43513304,4194300,51000,113621,1787527,121333,0,0,0,0,0,0
2026-09-26T16:21:21.655127+00:00,64060288,43515148,4194300,51000,113621,1787527,121333,0,0,0,0,0,0
2026-09-26T16:21:22.655885+00:00,64060288,43520844,4194300,51000,113621,1787527,121333,0,0,0,0,0,0
2026-09-26T16:21:23.656732+00:00,64060288,43495780,4194300,51000,113621,1787527,121333,0,0,0,0,0,0
2026-09-26T16:21:24.657568+00:00,64060288,43496752,4194300,51000,113621,1787527,121333,0,0,0,0,0,0
2026-09-26T16:21:25.658406+00:00,64060288,43510460,4194300,51000,113621,1787527,121333,0,0,0,0,0,0
2026-09-26T16:21:26.659159+00:00,64060288,43513264,4194300,51000,113621,1787527,121333,0,0,0,0,0,0
2026-09-26T16:21:27.660004+00:00,64060288,43518328,4194300,51000,113621,1787527,121333,0,0,0,0,0,0
2026-09-26T16:21:28.660791+00:00,64060288,43507172,4194300,51000,113621,1787527,121333,0,0,0,0,0,0
2026-09-26T16:21:29.661642+00:00,64060288,43527844,4194300,51000,113621,1787527,121333,0,0,0,0,0,0
2026-09-26T16:21:30.662422+00:00,64060288,43505008,4194300,51000,113621,1787527,121333,0,0,0,0,0,0
2026-09-26T16:21:31.663270+00:00,64060288,43525804,4194300,51000,113621,1787527,121333,0,0,0,0,0,0
2026-09-26T16:21:32.664065+00:00,64060288,43517572,4194300,51000,113621,1787527,121333,0,0,0,0,0,0
2026-09-26T16:21:33.664914+00:00,64060288,43499144,4194300,51000,113621,1787527,121333,0,0,0,0,0,0
2026-09-26T16:21:34.665707+00:00,64060288,43472588,4194300,51000,113621,1787527,121337,0,0,0,0,0,0
2026-09-26T16:21:35.666565+00:00,64060288,43498112,4194300,51000,113621,1787527,121337,0,0,0,0,0,0
2026-09-26T16:21:36.667420+00:00,64060288,43483856,4194300,51000,113621,1787527,121337,0,0,0,0,0,0
2026-09-26T16:21:37.668282+00:00,64060288,43451000,4194300,51000,113621,1787527,121337,0,0,0,0,0,0
2026-09-26T16:21:38.669134+00:00,64060288,43427924,4194300,51000,113621,1787527,121337,0,0,0,0,0,0
2026-09-26T16:21:39.669937+00:00,64060288,43439552,4194300,51000,113621,1787527,121337,0,0,0,0,0,0
2026-09-26T16:21:40.670792+00:00,64060288,43464976,4194300,51000,113621,1787527,121337,0,0,0,0,0,0
2026-09-26T16:21:41.671548+00:00,64060288,43479876,4194300,51000,113621,1787527,121337,0,0,0,0,0,0
2026-09-26T16:21:42.672379+00:00,64060288,43475048,4194300,51000,113621,1787527,121337,0,0,0,0,0,0
2026-09-26T16:21:43.673160+00:00,64060288,43496788,4194300,51000,113621,1787527,121337,0,0,0,0,0,0
2026-09-26T16:21:44.674009+00:00,64060288,43500480,4194300,51000,113621,1787527,121337,0,0,0,0,0,0
2026-09-26T16:21:45.674771+00:00,64060288,43495812,4194300,51000,113621,1787527,121337,0,0,0,0,0,0
2026-09-26T16:21:46.675586+00:00,64060288,43493000,4194300,51000,113621,1787527,121337,0,0,0,0,0,0
2026-09-26T16:21:47.676311+00:00,64060288,43504080,4194300,51000,113621,1787527,121337,0,0,0,0,0,0
2026-09-26T16:21:48.677155+00:00,64060288,43489404,4194300,51000,113621,1787527,121337,0,0,0,0,0,0
2026-09-26T16:21:49.677867+00:00,64060288,43503500,4194300,51000,113621,1787527,121337,0,0,0,0,0,0
2026-09-26T16:21:50.678721+00:00,64060288,43501080,4194300,51000,113621,1787527,121337,0,0,0,0,0,0
2026-09-26T16:21:51.679459+00:00,64060288,43496368,4194300,51000,113621,1787527,121337,0,0,0,0,0,0
2026-09-26T16:21:52.680312+00:00,64060288,43492908,4194300,51000,113621,1787527,121337,0,0,0,0,0,0
2026-09-26T16:21:53.681075+00:00,64060288,43507792,4194300,51000,113621,1787527,121341,0,0,0,0,0,0
2026-09-26T16:21:54.681927+00:00,64060288,43508644,4194300,51000,113621,1787527,121341,0,0,0,0,0,0
2026-09-26T16:21:55.682649+00:00,64060288,43510332,4194300,51000,113621,1787527,121341,0,0,0,0,0,0
2026-09-26T16:21:56.683504+00:00,64060288,43513600,4194300,51000,113621,1787527,121341,0,0,0,0,0,0
2026-09-26T16:21:57.684357+00:00,64060288,43517032,4194300,51000,113621,1787527,121341,0,0,0,0,0,0
2026-09-26T16:21:58.685218+00:00,64060288,43497692,4194300,51000,113621,1787527,121341,0,0,0,0,0,0
2026-09-26T16:21:59.686076+00:00,64060288,43507192,4194300,51000,113621,1787527,121341,0,0,0,0,0,0
2026-09-26T16:22:00.686850+00:00,64060288,43503912,4194300,51000,113621,1787527,121341,0,0,0,0,0,0
2026-09-26T16:22:01.687709+00:00,64060288,43493332,4194300,51000,113621,1787527,121341,0,0,0,0,0,0
2026-09-26T16:22:02.688483+00:00,64060288,43495820,4194300,51000,113621,1787527,121341,0,0,0,0,0,0
2026-09-26T16:22:03.689335+00:00,64060288,43513260,4194300,51000,113621,1787527,121341,0,0,0,0,0,0
2026-09-26T16:22:04.690145+00:00,64060288,43504156,4194300,51000,113621,1787527,121341,0,0,0,0,0,0
2026-09-26T16:22:05.691025+00:00,64060288,43483324,4194300,51000,113621,1787527,121341,0,0,0,0,0,0
2026-09-26T16:22:06.691782+00:00,64060288,43494384,4194300,51000,113621,1787527,121341,0,0,0,0,0,0
2026-09-26T16:22:07.692609+00:00,64060288,43475588,4194300,51000,113621,1787527,121341,0,0,0,0,0,0
2026-09-26T16:22:08.693346+00:00,64060288,43442876,4194300,51000,113621,1787527,121341,0,0,0,0,0,0
2026-09-26T16:22:09.694195+00:00,64060288,43488760,4194300,51000,113621,1787527,121341,0,0,0,0,0,0
2026-09-26T16:22:10.695074+00:00,64060288,43474784,4194300,51000,113621,1787527,121341,0,0,0,0,0,0
2026-09-26T16:22:11.695943+00:00,64060288,43489548,4194300,51000,113621,1787527,121341,0,0,0,0,0,0
2026-09-26T16:22:12.696815+00:00,64060288,43491168,4194300,51000,113621,1787527,121341,0,0,0,0,0,0
2026-09-26T16:22:13.697650+00:00,64060288,43493876,4194300,51000,113621,1787527,121341,0,0,0,0,0,0
2026-09-26T16:22:14.698616+00:00,64060288,43488212,4194300,51000,113621,1787527,121341,0,0,0,0,0,0
2026-09-26T16:22:15.699406+00:00,64060288,43480584,4194300,51000,113621,1787527,121341,0,0,0,0,0,0
2026-09-26T16:22:16.700248+00:00,64060288,43468520,4194300,51000,113621,1787527,121341,0,0,0,0,0,0
2026-09-26T16:22:17.701022+00:00,64060288,43475160,4194300,51000,113621,1787527,121341,0,0,0,0,0,0
2026-09-26T16:22:18.701896+00:00,64060288,43475228,4194300,51000,113621,1787527,121341,0,0,0,0,0,0
2026-09-26T16:22:19.702639+00:00,64060288,43456472,4194300,51000,113621,1787527,121341,0,0,0,0,0,0
2026-09-26T16:22:20.703476+00:00,64060288,43460912,4194300,51000,113621,1787527,121341,0,0,0,0,0,0
2026-09-26T16:22:21.704325+00:00,64060288,43474768,4194300,51000,113621,1787527,121341,0,0,0,0,0,0
2026-09-26T16:22:22.705186+00:00,64060288,43458468,4194300,51000,113621,1787527,121341,0,0,0,0,0,0
2026-09-26T16:22:23.706036+00:00,64060288,43444996,4194300,51000,113621,1787527,121341,0,0,0,0,0,0
2026-09-26T16:22:24.706894+00:00,64060288,43448496,4194300,51000,113621,1787527,121341,0,0,0,0,0,0
2026-09-26T16:22:25.707743+00:00,64060288,43454756,4194300,51000,113621,1787527,121341,0,0,0,0,0,0
2026-09-26T16:22:26.708588+00:00,64060288,43479836,4194300,51000,113621,1787527,121341,0,0,0,0,0,0
2026-09-26T16:22:27.709415+00:00,64060288,43477456,4194300,51000,113621,1787527,121341,0,0,0,0,0,0
2026-09-26T16:22:28.710202+00:00,64060288,43462080,4194300,51000,113621,1787527,121341,0,0,0,0,0,0
2026-09-26T16:22:29.711041+00:00,64060288,43459632,4194300,51000,113621,1787527,121341,0,0,0,0,0,0
2026-09-26T16:22:30.711772+00:00,64060288,43477088,4194300,51000,113621,1787527,121341,0,0,0,0,0,0
2026-09-26T16:22:31.712623+00:00,64060288,43471508,4194300,51000,113621,1787527,121341,0,0,0,0,0,0
2026-09-26T16:22:32.713364+00:00,64060288,43453412,4194300,51000,113621,1787527,121341,0,0,0,0,0,0
2026-09-26T16:22:33.714222+00:00,64060288,43436576,4194300,51000,113621,1787527,121341,0,0,0,0,0,0
2026-09-26T16:22:34.715104+00:00,64060288,43452388,4194300,51000,113621,1787527,121341,0,0,0,0,0,0
2026-09-26T16:22:35.715966+00:00,64060288,43435376,4194300,51000,113621,1787527,121341,0,0,0,0,0,0
2026-09-26T16:22:36.716828+00:00,64060288,43463896,4194300,51000,113621,1787527,121341,0,0,0,0,0,0
2026-09-26T16:22:37.717759+00:00,64060288,43449444,4194300,51000,113621,1787527,121341,0,0,0,0,0,0
2026-09-26T16:22:38.718616+00:00,64060288,43483144,4194300,51000,113621,1787527,121344,0,0,0,0,0,0
2026-09-26T16:22:39.719409+00:00,64060288,43521240,4194300,51000,113621,1787527,121344,0,0,0,0,0,0
2026-09-26T16:22:40.720257+00:00,64060288,43503944,4194300,51000,113621,1787527,121344,0,0,0,0,0,0
2026-09-26T16:22:41.721116+00:00,64060288,43497904,4194300,51000,113621,1787527,121344,0,0,0,0,0,0
2026-09-26T16:22:42.721983+00:00,64060288,43508952,4194300,51000,113621,1787527,121344,0,0,0,0,0,0
2026-09-26T16:22:43.722842+00:00,64060288,43492368,4194300,51000,113621,1787527,121344,0,0,0,0,0,0
2026-09-26T16:22:44.723692+00:00,64060288,43467816,4194300,51000,113621,1787527,121344,0,0,0,0,0,0
2026-09-26T16:22:45.724530+00:00,64060288,43477352,4194300,51000,113621,1787527,121344,0,0,0,0,0,0
2026-09-26T16:22:46.725320+00:00,64060288,43453920,4194300,51000,113621,1787527,121344,0,0,0,0,0,0
2026-09-26T16:22:47.726173+00:00,64060288,43458336,4194300,51000,113621,1787527,121344,0,0,0,0,0,0
2026-09-26T16:22:48.726952+00:00,64060288,43457956,4194300,51000,113621,1787527,121344,0,0,0,0,0,0
2026-09-26T16:22:49.727796+00:00,64060288,43447564,4194300,51000,113621,1787527,121344,0,0,0,0,0,0
2026-09-26T16:22:50.728531+00:00,64060288,43453952,4194300,51000,113621,1787527,121344,0,0,0,0,0,0
2026-09-26T16:22:51.729384+00:00,64060288,43447012,4194300,51000,113621,1787527,121344,0,0,0,0,0,0
2026-09-26T16:22:52.730235+00:00,64060288,43465332,4194300,51000,113621,1787527,121344,0,0,0,0,0,0
2026-09-26T16:22:53.731093+00:00,64060288,43466428,4194300,51000,113621,1787527,121344,0,0,0,0,0,0
2026-09-26T16:22:54.731942+00:00,64060288,43482396,4194300,51000,113621,1787527,121344,0,0,0,0,0,0
2026-09-26T16:22:55.732726+00:00,64060288,43475196,4194300,51000,113621,1787527,121344,0,0,0,0,0,0
2026-09-26T16:22:56.733553+00:00,64060288,43483268,4194300,51000,113621,1787527,121344,0,0,0,0,0,0
2026-09-26T16:22:57.734237+00:00,64060288,43488652,4194300,51000,113621,1787527,121344,0,0,0,0,0,0
2026-09-26T16:22:58.735093+00:00,64060288,43485148,4194300,51000,113621,1787527,121344,0,0,0,0,0,0
2026-09-26T16:22:59.735869+00:00,64060288,43489344,4194300,51000,113621,1787527,121344,0,0,0,0,0,0
2026-09-26T16:23:00.736725+00:00,64060288,43476072,4194300,51000,113621,1787527,121344,0,0,0,0,0,0
2026-09-26T16:23:01.737559+00:00,64060288,43451564,4194300,51000,113621,1787527,121344,0,0,0,0,0,0
2026-09-26T16:23:02.738319+00:00,64060288,43445572,4194300,51000,113621,1787527,121344,0,0,0,0,0,0
2026-09-26T16:23:03.739163+00:00,64060288,43444612,4194300,51000,113621,1787527,121344,0,0,0,0,0,0
2026-09-26T16:23:04.739966+00:00,64060288,43461532,4194300,51000,113621,1787527,121344,0,0,0,0,0,0
2026-09-26T16:23:05.740824+00:00,64060288,43464476,4194300,51000,113621,1787527,121344,0,0,0,0,0,0
2026-09-26T16:23:06.741605+00:00,64060288,43480076,4194300,51000,113621,1787527,121344,0,0,0,0,0,0
2026-09-26T16:23:07.742442+00:00,64060288,43474592,4194300,51000,113621,1787527,121344,0,0,0,0,0,0
2026-09-26T16:23:08.743285+00:00,64060288,43482484,4194300,51000,113621,1787527,121344,0,0,0,0,0,0
2026-09-26T16:23:09.744131+00:00,64060288,43478944,4194300,51000,113621,1787527,121344,0,0,0,0,0,0
2026-09-26T16:23:10.744986+00:00,64060288,43485096,4194300,51000,113621,1787527,121344,0,0,0,0,0,0
2026-09-26T16:23:11.745834+00:00,64060288,43483596,4194300,51000,113621,1787527,121344,0,0,0,0,0,0
2026-09-26T16:23:12.746667+00:00,64060288,43468380,4194300,51000,113621,1787527,121344,0,0,0,0,0,0
2026-09-26T16:23:13.747463+00:00,64060288,43479416,4194300,51000,113621,1787527,121344,0,0,0,0,0,0
2026-09-26T16:23:14.748307+00:00,64060288,43491128,4194300,51000,113621,1787527,121344,0,0,0,0,0,0
2026-09-26T16:23:15.749171+00:00,64060288,43469340,4194300,51000,113621,1787527,121344,0,0,0,0,0,0
2026-09-26T16:23:16.750023+00:00,64060288,43428512,4194300,51000,113621,1787527,121344,0,0,0,0,0,0
2026-09-26T16:23:17.750893+00:00,64060288,43438904,4194300,51000,113621,1787527,121344,0,0,0,0,0,0
2026-09-26T16:23:18.751756+00:00,64060288,43468168,4194300,51000,113621,1787527,121344,0,0,0,0,0,0
2026-09-26T16:23:19.752576+00:00,64060288,43462932,4194300,51000,113621,1787527,121344,0,0,0,0,0,0
2026-09-26T16:23:20.753312+00:00,64060288,43480896,4194300,51000,113621,1787527,121344,0,0,0,0,0,0
2026-09-26T16:23:21.754202+00:00,64060288,43467200,4194300,51000,113621,1787527,121344,0,0,0,0,0,0
2026-09-26T16:23:22.754972+00:00,64060288,43469044,4194300,51000,113621,1787527,121344,0,0,0,0,0,0
2026-09-26T16:23:23.755832+00:00,64060288,43475756,4194300,51000,113621,1787527,121344,0,0,0,0,0,0
2026-09-26T16:23:24.756686+00:00,64060288,43475372,4194300,51000,113621,1787527,121344,0,0,0,0,0,0
2026-09-26T16:23:25.757458+00:00,64060288,43442416,4194300,51000,113621,1787527,121344,0,0,0,0,0,0
2026-09-26T16:23:26.758326+00:00,64060288,43452596,4194300,51000,113621,1787527,121344,0,0,0,0,0,0
2026-09-26T16:23:27.759111+00:00,64060288,43460684,4194300,51000,113621,1787527,121344,0,0,0,0,0,0
2026-09-26T16:23:28.759987+00:00,64060288,43448636,4194300,51000,113621,1787527,121344,0,0,0,0,0,0
2026-09-26T16:23:29.760863+00:00,64060288,43465616,4194300,51000,113621,1787527,121344,0,0,0,0,0,0
2026-09-26T16:23:30.761718+00:00,64060288,43461184,4194300,51000,113621,1787527,121344,0,0,0,0,0,0
2026-09-26T16:23:31.762544+00:00,64060288,43451504,4194300,51000,113621,1787527,121344,0,0,0,0,0,0
2026-09-26T16:23:32.763285+00:00,64060288,43459864,4194300,51000,113621,1787527,121344,0,0,0,0,0,0
2026-09-26T16:23:33.764110+00:00,64060288,43461896,4194300,51000,113621,1787527,121344,0,0,0,0,0,0
2026-09-26T16:23:34.764849+00:00,64060288,43442772,4194300,51000,113621,1787527,121344,0,0,0,0,0,0
2026-09-26T16:23:35.765590+00:00,64060288,43448356,4194300,51000,113621,1787527,121344,0,0,0,0,0,0
2026-09-26T16:23:36.766404+00:00,64060288,43416032,4194300,51000,113621,1787527,121344,0,0,0,0,0,0
2026-09-26T16:23:37.767298+00:00,64060288,43419052,4194300,51000,113621,1787527,121344,0,0,0,0,0,0
2026-09-26T16:23:38.768167+00:00,64060288,43426864,4194300,51000,113621,1787527,121344,0,0,0,0,0,0
2026-09-26T16:23:39.768953+00:00,64060288,43444220,4194300,51000,113621,1787527,121344,0,0,0,0,0,0
2026-09-26T16:23:40.769824+00:00,64060288,43441812,4194300,51000,113621,1787527,121344,0,0,0,0,0,0
2026-09-26T16:23:41.770571+00:00,64060288,43424796,4194300,51000,113621,1787527,121344,0,0,0,0,0,0
2026-09-26T16:23:42.771437+00:00,64060288,43427668,4194300,51000,113621,1787527,121344,0,0,0,0,0,0
2026-09-26T16:23:43.772310+00:00,64060288,43439092,4194300,51000,113621,1787527,121344,0,0,0,0,0,0
2026-09-26T16:23:44.773182+00:00,64060288,43454616,4194300,51000,113621,1787527,121344,0,0,0,0,0,0
2026-09-26T16:23:45.774040+00:00,64060288,43453712,4194300,51000,113621,1787527,121344,0,0,0,0,0,0
2026-09-26T16:23:46.774811+00:00,64060288,43435012,4194300,51000,113621,1787527,121344,0,0,0,0,0,0
2026-09-26T16:23:47.775643+00:00,64060288,43446504,4194300,51000,113621,1787527,121344,0,0,0,0,0,0
2026-09-26T16:23:48.776323+00:00,64060288,43451648,4194300,51000,113621,1787527,121344,0,0,0,0,0,0
2026-09-26T16:23:49.777160+00:00,64060288,43446360,4194300,51000,113621,1787527,121344,0,0,0,0,0,0
2026-09-26T16:23:50.777971+00:00,64060288,43455060,4194300,51000,113621,1787527,121344,0,0,0,0,0,0
2026-09-26T16:23:51.778713+00:00,64060288,43454576,4194300,51000,113621,1787527,121344,0,0,0,0,0,0
2026-09-26T16:23:52.779547+00:00,64060288,43437800,4194300,51000,113621,1787527,121344,0,0,0,0,0,0
2026-09-26T16:23:53.780330+00:00,64060288,43437780,4194300,51000,113621,1787527,121344,0,0,0,0,0,0
2026-09-26T16:23:54.781194+00:00,64060288,43450264,4194300,51000,113621,1787527,121344,0,0,0,0,0,0
2026-09-26T16:23:55.782063+00:00,64060288,43443484,4194300,51000,113621,1787527,121344,0,0,0,0,0,0
2026-09-26T16:23:56.782922+00:00,64060288,43454036,4194300,51000,113621,1787527,121344,0,0,0,0,0,0
2026-09-26T16:23:57.783779+00:00,64060288,43453776,4194300,51000,113621,1787527,121344,0,0,0,0,0,0
2026-09-26T16:23:58.784540+00:00,64060288,43450460,4194300,51000,113621,1787527,121344,0,0,0,0,0,0
2026-09-26T16:23:59.785395+00:00,64060288,43446396,4194300,51000,113621,1787527,121344,0,0,0,0,0,0
2026-09-26T16:24:00.786171+00:00,64060288,43445924,4194300,51000,113621,1787527,121344,0,0,0,0,0,0
2026-09-26T16:24:01.787019+00:00,64060288,43449140,4194300,51000,113621,1787527,121344,0,0,0,0,0,0
2026-09-26T16:24:02.787882+00:00,64060288,43453732,4194300,51000,113621,1787527,121344,0,0,0,0,0,0
2026-09-26T16:24:03.788716+00:00,64060288,43430888,4194300,51000,113621,1787527,121344,0,0,0,0,0,0
2026-09-26T16:24:04.789575+00:00,64060288,43453572,4194300,51000,113621,1787527,121344,0,0,0,0,0,0
2026-09-26T16:24:05.790343+00:00,64060288,43455824,4194300,51000,113621,1787527,121344,0,0,0,0,0,0
2026-09-26T16:24:06.791219+00:00,64060288,43441024,4194300,51000,113621,1787527,121344,0,0,0,0,0,0
2026-09-26T16:24:07.792087+00:00,64060288,43443560,4194300,51000,113621,1787527,121344,0,0,0,0,0,0
2026-09-26T16:24:08.792964+00:00,64060288,43434360,4194300,51000,113621,1787527,121344,0,0,0,0,0,0
2026-09-26T16:24:09.793846+00:00,64060288,43435348,4194300,51000,113621,1787527,121344,0,0,0,0,0,0
2026-09-26T16:24:10.794645+00:00,64060288,43424316,4194300,51000,113621,1787527,121344,0,0,0,0,0,0
2026-09-26T16:24:11.795488+00:00,64060288,43406928,4194300,51000,113621,1787527,121344,0,0,0,0,0,0
2026-09-26T16:24:12.796253+00:00,64060288,43408376,4194300,51000,113621,1787527,121344,0,0,0,0,0,0
2026-09-26T16:24:13.797112+00:00,64060288,43410480,4194300,51000,113621,1787527,121344,0,0,0,0,0,0
2026-09-26T16:24:14.797976+00:00,64060288,43426760,4194300,51000,113621,1787527,121344,0,0,0,0,0,0
2026-09-26T16:24:15.798735+00:00,64060288,43421188,4194300,51000,113621,1787527,121344,0,0,0,0,0,0
2026-09-26T16:24:16.799561+00:00,64060288,43439812,4194300,51000,113622,1787527,121345,0,0,0,0,0,0
2026-09-26T16:24:17.800302+00:00,64060288,43438304,4194300,51000,113622,1787527,121345,0,0,0,0,0,0
2026-09-26T16:24:18.801172+00:00,64060288,43444984,4194300,51000,113622,1787527,121345,0,0,0,0,0,0
2026-09-26T16:24:19.802014+00:00,64060288,43410420,4194300,51000,113622,1787527,121345,0,0,0,0,0,0
2026-09-26T16:24:20.802740+00:00,64060288,43437176,4194300,51000,113622,1787527,121345,0,0,0,0,0,0
2026-09-26T16:24:21.803604+00:00,64060288,43443560,4194300,51000,113622,1787527,121345,0,0,0,0,0,0
2026-09-26T16:24:22.804358+00:00,64060288,43433676,4194300,51000,113622,1787527,121345,0,0,0,0,0,0
2026-09-26T16:24:23.805217+00:00,64060288,43433656,4194300,51000,113622,1787527,121345,0,0,0,0,0,0
2026-09-26T16:24:24.806097+00:00,64060288,43424100,4194300,51000,113622,1787527,121345,0,0,0,0,0,0
2026-09-26T16:24:25.806964+00:00,64060288,43391388,4194300,51000,113622,1787527,121345,0,0,0,0,0,0
2026-09-26T16:24:26.807833+00:00,64060288,43383504,4194300,51000,113622,1787527,121345,0,0,0,0,0,0
2026-09-26T16:24:27.808592+00:00,64060288,43395364,4194300,51000,113622,1787527,121345,0,0,0,0,0,0
2026-09-26T16:24:28.809421+00:00,64060288,43394416,4194300,51000,113622,1787527,121345,0,0,0,0,0,0
2026-09-26T16:24:29.810283+00:00,64060288,43412804,4194300,51000,113622,1787527,121345,0,0,0,0,0,0
2026-09-26T16:24:30.811155+00:00,64060288,43417136,4194300,51000,113622,1787527,121345,0,0,0,0,0,0
2026-09-26T16:24:31.812016+00:00,64060288,43418072,4194300,51000,113622,1787527,121345,0,0,0,0,0,0
2026-09-26T16:24:32.812773+00:00,64060288,43413792,4194300,51000,113622,1787527,121345,0,0,0,0,0,0
2026-09-26T16:24:33.813639+00:00,64060288,43412468,4194300,51000,113622,1787527,121345,0,0,0,0,0,0
2026-09-26T16:24:34.814418+00:00,64060288,43413856,4194300,51000,113622,1787527,121345,0,0,0,0,0,0
2026-09-26T16:24:35.815279+00:00,64060288,43404264,4194300,51000,113622,1787527,121345,0,0,0,0,0,0
2026-09-26T16:24:36.816138+00:00,64060288,43406568,4194300,51000,113622,1787527,121345,0,0,0,0,0,0
2026-09-26T16:24:37.816900+00:00,64060288,43421800,4194300,51000,113622,1787527,121345,0,0,0,0,0,0
2026-09-26T16:24:38.817759+00:00,64060288,43413752,4194300,51000,113622,1787527,121345,0,0,0,0,0,0
2026-09-26T16:24:39.818621+00:00,64060288,43413908,4194300,51000,113622,1787527,121345,0,0,0,0,0,0
2026-09-26T16:24:40.819466+00:00,64060288,43376208,4194300,51000,113622,1787527,121345,0,0,0,0,0,0
2026-09-26T16:24:41.820313+00:00,64060288,43401864,4194300,51000,113622,1787527,121345,0,0,0,0,0,0
2026-09-26T16:24:42.821110+00:00,64060288,43425436,4194300,51000,113622,1787527,121345,0,0,0,0,0,0
2026-09-26T16:24:43.821983+00:00,64060288,43403816,4194300,51000,113622,1787527,121345,0,0,0,0,0,0
2026-09-26T16:24:44.822882+00:00,64060288,43411228,4194300,51000,113622,1787527,121345,0,0,0,0,0,0
2026-09-26T16:24:45.823736+00:00,64060288,43409540,4194300,51000,113622,1787527,121345,0,0,0,0,0,0
2026-09-26T16:24:46.824589+00:00,64060288,43404552,4194300,51000,113622,1787527,121345,0,0,0,0,0,0
2026-09-26T16:24:47.825408+00:00,64060288,43399488,4194300,51000,113622,1787527,121345,0,0,0,0,0,0
2026-09-26T16:24:48.826266+00:00,64060288,43398560,4194300,51000,113622,1787527,121345,0,0,0,0,0,0
2026-09-26T16:24:49.827124+00:00,64060288,43401844,4194300,51000,113622,1787527,121345,0,0,0,0,0,0
2026-09-26T16:24:50.827959+00:00,64060288,43412580,4194300,51000,113622,1787527,121345,0,0,0,0,0,0
2026-09-26T16:24:51.828773+00:00,64060288,43386812,4194300,51000,113622,1787527,121345,0,0,0,0,0,0
2026-09-26T16:24:52.829680+00:00,64060288,43397940,4194300,51000,113622,1787527,121345,0,0,0,0,0,0
2026-09-26T16:24:53.830529+00:00,64060288,43396268,4194300,51000,113622,1787527,121345,0,0,0,0,0,0
2026-09-26T16:24:54.831309+00:00,64060288,43398416,4194300,51000,113622,1787527,121345,0,0,0,0,0,0
2026-09-26T16:24:55.832165+00:00,64060288,43396892,4194300,51000,113622,1787527,121345,0,0,0,0,0,0
2026-09-26T16:24:56.833018+00:00,64060288,43396876,4194300,51000,113622,1787527,121345,0,0,0,0,0,0
2026-09-26T16:24:57.833789+00:00,64060288,43375692,4194300,51000,113622,1787527,121345,0,0,0,0,0,0
2026-09-26T16:24:58.834622+00:00,64060288,43383512,4194300,51000,113622,1787527,121345,0,0,0,0,0,0
2026-09-26T16:24:59.835368+00:00,64060288,43402204,4194300,51000,113622,1787527,121345,0,0,0,0,0,0
2026-09-26T16:25:00.836243+00:00,64060288,43417840,4194300,51000,113622,1787527,121345,0,0,0,0,0,0
2026-09-26T16:25:01.837112+00:00,64060288,43415612,4194300,51000,113622,1787527,121345,0,0,0,0,0,0
2026-09-26T16:25:02.837915+00:00,64060288,43408200,4194300,51000,113622,1787527,121345,0,0,0,0,0,0
2026-09-26T16:25:03.838798+00:00,64060288,43407384,4194300,51000,113622,1787527,121345,0,0,0,0,0,0
2026-09-26T16:25:04.839657+00:00,64060288,43392572,4194300,51000,113622,1787527,121345,0,0,0,0,0,0
2026-09-26T16:25:05.840502+00:00,64060288,43409484,4194300,51000,113622,1787527,121345,0,0,0,0,0,0
2026-09-26T16:25:06.841354+00:00,64060288,43376548,4194300,51000,113622,1787527,121345,0,0,0,0,0,0
2026-09-26T16:25:07.842151+00:00,64060288,43343836,4194300,51000,113622,1787527,121345,0,0,0,0,0,0
2026-09-26T16:25:08.843017+00:00,64060288,43352348,4194300,51000,113622,1787527,121345,0,0,0,0,0,0
2026-09-26T16:25:09.843892+00:00,64060288,43346696,4194300,51000,113622,1787527,121345,0,0,0,0,0,0
2026-09-26T16:25:10.844728+00:00,64060288,43357296,4194300,51000,113622,1787527,121345,0,0,0,0,0,0
2026-09-26T16:25:11.845562+00:00,64060288,43370128,4194300,51000,113622,1787527,121345,0,0,0,0,0,0
2026-09-26T16:25:12.846306+00:00,64060288,43375992,4194300,51000,113622,1787527,121345,0,0,0,0,0,0
2026-09-26T16:25:13.847165+00:00,64060288,43364160,4194300,51000,113622,1787527,121345,0,0,0,0,0,0
2026-09-26T16:25:14.848026+00:00,64060288,43377448,4194300,51000,113622,1787527,121345,0,0,0,0,0,0
2026-09-26T16:25:15.848902+00:00,64060288,43396884,4194300,51000,113622,1787527,121345,0,0,0,0,0,0
2026-09-26T16:25:16.849760+00:00,64060288,43371872,4194300,51000,113622,1787527,121345,0,0,0,0,0,0
2026-09-26T16:25:17.850501+00:00,64060288,43368176,4194300,51000,113622,1787527,121345,0,0,0,0,0,0
2026-09-26T16:25:18.851354+00:00,64060288,43367784,4194300,51000,113622,1787527,121345,0,0,0,0,0,0
2026-09-26T16:25:19.852200+00:00,64060288,43386660,4194300,51000,113622,1787527,121345,0,0,0,0,0,0
2026-09-26T16:25:20.853065+00:00,64060288,43370144,4194300,51000,113622,1787527,121345,0,0,0,0,0,0
2026-09-26T16:25:21.853879+00:00,64060288,43374296,4194300,51000,113622,1787527,121345,0,0,0,0,0,0
2026-09-26T16:25:22.854663+00:00,64060288,43375732,4194300,51000,113622,1787527,121345,0,0,0,0,0,0
2026-09-26T16:25:23.855506+00:00,64060288,43380444,4194300,51000,113622,1787527,121345,0,0,0,0,0,0
2026-09-26T16:25:24.856377+00:00,64060288,43397312,4194300,51000,113622,1787527,121345,0,0,0,0,0,0
2026-09-26T16:25:25.857242+00:00,64060288,43394392,4194300,51000,113622,1787527,121345,0,0,0,0,0,0
2026-09-26T16:25:26.858103+00:00,64060288,43377540,4194300,51000,113622,1787527,121345,0,0,0,0,0,0
2026-09-26T16:25:27.858832+00:00,64060288,43403080,4194300,51000,113622,1787527,121345,0,0,0,0,0,0
2026-09-26T16:25:28.859674+00:00,64060288,43392768,4194300,51000,113622,1787527,121345,0,0,0,0,0,0
2026-09-26T16:25:29.860503+00:00,64060288,43376648,4194300,51000,113622,1787527,121345,0,0,0,0,0,0
2026-09-26T16:25:30.861259+00:00,64060288,43395144,4194300,51000,113622,1787527,121345,0,0,0,0,0,0
2026-09-26T16:25:31.862112+00:00,64060288,43409188,4194300,51000,113622,1787527,121345,0,0,0,0,0,0
2026-09-26T16:25:32.862982+00:00,64060288,43386504,4194300,51000,113622,1787527,121345,0,0,0,0,0,0
2026-09-26T16:25:33.863850+00:00,64060288,43382092,4194300,51000,113622,1787527,121345,0,0,0,0,0,0
2026-09-26T16:25:34.864729+00:00,64060288,43356572,4194300,51000,113622,1787527,121345,0,0,0,0,0,0
2026-09-26T16:25:35.865481+00:00,64060288,43387852,4194300,51000,113622,1787527,121345,0,0,0,0,0,0
2026-09-26T16:25:36.866337+00:00,64060288,43369748,4194300,51000,113622,1787527,121345,0,0,0,0,0,0
2026-09-26T16:25:37.867186+00:00,64060288,43361472,4194300,51000,113622,1787527,121345,0,0,0,0,0,0
2026-09-26T16:25:38.868030+00:00,64060288,43366036,4194300,51000,113622,1787527,121345,0,0,0,0,0,0
2026-09-26T16:25:39.868880+00:00,64060288,43369280,4194300,51000,113622,1787527,121345,0,0,0,0,0,0
2026-09-26T16:25:40.869628+00:00,64060288,43372564,4194300,51000,113622,1787527,121345,0,0,0,0,0,0
2026-09-26T16:25:41.870458+00:00,64060288,43402180,4194300,51000,113622,1787527,121345,0,0,0,0,0,0
2026-09-26T16:25:42.871285+00:00,64060288,43397472,4194300,51000,113622,1787527,121345,0,0,0,0,0,0
2026-09-26T16:25:43.872067+00:00,64060288,43402736,4194300,51000,113622,1787527,121345,0,0,0,0,0,0
2026-09-26T16:25:44.872921+00:00,64060288,43385496,4194300,51000,113622,1787527,121345,0,0,0,0,0,0
2026-09-26T16:25:45.873682+00:00,64060288,43384976,4194300,51000,113622,1787527,121345,0,0,0,0,0,0
2026-09-26T16:25:46.874514+00:00,64060288,43369748,4194300,51000,113622,1787527,121345,0,0,0,0,0,0
2026-09-26T16:25:47.875398+00:00,64060288,43378436,4194300,51000,113622,1787527,121345,0,0,0,0,0,0
2026-09-26T16:25:48.876158+00:00,64060288,43369628,4194300,51000,113622,1787527,121345,0,0,0,0,0,0
2026-09-26T16:25:49.877014+00:00,64060288,43379140,4194300,51000,113622,1787527,121345,0,0,0,0,0,0
2026-09-26T16:25:50.877803+00:00,64060288,43392728,4194300,51000,113622,1787527,121345,0,0,0,0,0,0
2026-09-26T16:25:51.878640+00:00,64060288,43383072,4194300,51000,113622,1787527,121345,0,0,0,0,0,0
2026-09-26T16:25:52.879494+00:00,64060288,43386912,4194300,51000,113622,1787527,121345,0,0,0,0,0,0
2026-09-26T16:25:53.880274+00:00,64060288,43389396,4194300,51000,113622,1787527,121345,0,0,0,0,0,0
2026-09-26T16:25:54.881170+00:00,64060288,43389096,4194300,51000,113622,1787527,121345,0,0,0,0,0,0
2026-09-26T16:25:55.882024+00:00,64060288,43391840,4194300,51000,113622,1787527,121345,0,0,0,0,0,0
2026-09-26T16:25:56.882800+00:00,64060288,43390632,4194300,51000,113622,1787527,121345,0,0,0,0,0,0
2026-09-26T16:25:57.883666+00:00,64060288,43387020,4194300,51000,113622,1787527,121345,0,0,0,0,0,0
2026-09-26T16:25:58.884499+00:00,64060288,43387228,4194300,51000,113622,1787527,121345,0,0,0,0,0,0
2026-09-26T16:25:59.885352+00:00,64060288,43385168,4194300,51000,113622,1787527,121345,0,0,0,0,0,0
2026-09-26T16:26:00.886200+00:00,64060288,43391392,4194300,51000,113622,1787527,121345,0,0,0,0,0,0
2026-09-26T16:26:01.886945+00:00,64060288,43390176,4194300,51000,113622,1787527,121345,0,0,0,0,0,0
2026-09-26T16:26:02.887787+00:00,64060288,43374184,4194300,51000,113622,1787527,121345,0,0,0,0,0,0
2026-09-26T16:26:03.888628+00:00,64060288,43366224,4194300,51000,113622,1787527,121345,0,0,0,0,0,0
2026-09-26T16:26:04.889470+00:00,64060288,43359636,4194300,51000,113622,1787527,121345,0,0,0,0,0,0
2026-09-26T16:26:05.890329+00:00,64060288,43351212,4194300,51000,113622,1787527,121345,0,0,0,0,0,0
2026-09-26T16:26:06.891112+00:00,64060288,43392016,4194300,51000,113622,1787527,121345,0,0,0,0,0,0
2026-09-26T16:26:07.891985+00:00,64060288,43355336,4194300,51000,113622,1787527,121345,0,0,0,0,0,0
2026-09-26T16:26:08.892844+00:00,64060288,43370944,4194300,51000,113622,1787527,121345,0,0,0,0,0,0
2026-09-26T16:26:09.893614+00:00,64060288,43377336,4194300,51000,113623,1787527,121346,0,0,0,0,0,0
2026-09-26T16:26:10.894471+00:00,64060288,43369236,4194300,51000,113623,1787527,121346,0,0,0,0,0,0
2026-09-26T16:26:11.895369+00:00,64060288,43375184,4194300,51000,113623,1787527,121346,0,0,0,0,0,0
2026-09-26T16:26:12.896232+00:00,64060288,43380304,4194300,51000,113623,1787527,121346,0,0,0,0,0,0
2026-09-26T16:26:13.897105+00:00,64060288,43378552,4194300,51000,113623,1787527,121346,0,0,0,0,0,0
2026-09-26T16:26:14.897882+00:00,64060288,43365896,4194300,51000,113623,1787527,121346,0,0,0,0,0,0
2026-09-26T16:26:15.898754+00:00,64060288,43316404,4194300,51000,113623,1787527,121348,0,0,0,0,0,0
2026-09-26T16:26:16.899627+00:00,64060288,43287944,4194300,51000,113623,1787527,121348,0,0,0,0,0,0
2026-09-26T16:26:17.900405+00:00,64060288,43280624,4194300,51000,113623,1787527,121348,0,0,0,0,0,0
2026-09-26T16:26:18.901243+00:00,64060288,43311696,4194300,51000,113623,1787527,121348,0,0,0,0,0,0
2026-09-26T16:26:19.902022+00:00,64060288,43303816,4194300,51000,113623,1787527,121348,0,0,0,0,0,0
2026-09-26T16:26:20.902887+00:00,64060288,43322956,4194300,51000,113623,1787527,121348,0,0,0,0,0,0
2026-09-26T16:26:21.903750+00:00,64060288,43330484,4194300,51000,113623,1787527,121348,0,0,0,0,0,0
2026-09-26T16:26:22.904512+00:00,64060288,43314764,4194300,51000,113623,1787527,121348,0,0,0,0,0,0
2026-09-26T16:26:23.905360+00:00,64060288,43329012,4194300,51000,113623,1787527,121348,0,0,0,0,0,0
2026-09-26T16:26:24.906228+00:00,64060288,43325876,4194300,51000,113623,1787527,121348,0,0,0,0,0,0
2026-09-26T16:26:25.906981+00:00,64060288,43337276,4194300,51000,113623,1787527,121348,0,0,0,0,0,0
2026-09-26T16:26:26.907842+00:00,64060288,43335876,4194300,51000,113623,1787527,121348,0,0,0,0,0,0
2026-09-26T16:26:27.908687+00:00,64060288,43340160,4194300,51000,113623,1787527,121348,0,0,0,0,0,0
2026-09-26T16:26:28.909529+00:00,64060288,43343888,4194300,51000,113623,1787527,121348,0,0,0,0,0,0
2026-09-26T16:26:29.910389+00:00,64060288,43346644,4194300,51000,113623,1787527,121348,0,0,0,0,0,0
2026-09-26T16:26:30.911181+00:00,64060288,43360004,4194300,51000,113623,1787527,121348,0,0,0,0,0,0
2026-09-26T16:26:31.912055+00:00,64060288,43329156,4194300,51000,113623,1787527,121348,0,0,0,0,0,0
2026-09-26T16:26:32.912913+00:00,64060288,43327960,4194300,51000,113623,1787527,121348,0,0,0,0,0,0
2026-09-26T16:26:33.913687+00:00,64060288,43331688,4194300,51000,113623,1787527,121348,0,0,0,0,0,0
2026-09-26T16:26:34.914535+00:00,64060288,43330024,4194300,51000,113623,1787527,121348,0,0,0,0,0,0
2026-09-26T16:26:35.915402+00:00,64060288,43333848,4194300,51000,113623,1787527,121348,0,0,0,0,0,0
2026-09-26T16:26:36.916271+00:00,64060288,43496140,4194300,64140,113623,1789628,121348,0,0,0,0,0,0
2026-09-26T16:26:37.917211+00:00,64060288,43457528,4194300,64140,113623,1789628,121348,0,0,0,0,0,0
2026-09-26T16:26:38.918326+00:00,64060288,43456008,4194300,64140,113623,1789628,121348,0,0,0,0,0,0
2026-09-26T16:26:39.919183+00:00,64060288,43454996,4194300,64140,113623,1789628,121348,0,0,0,0,0,0
2026-09-26T16:26:40.920371+00:00,64060288,43447664,4194300,64140,113623,1789628,121348,0,0,0,0,0,0
2026-09-26T16:26:41.921153+00:00,64060288,43451092,4194300,64140,113623,1789628,121348,0,0,0,0,0,0
2026-09-26T16:26:42.922025+00:00,64060288,43463024,4194300,64140,113623,1789628,121348,0,0,0,0,0,0
2026-09-26T16:26:43.922883+00:00,64060288,43461992,4194300,64140,113623,1789628,121348,0,0,0,0,0,0
2026-09-26T16:26:44.923614+00:00,64060288,43456436,4194300,64140,113623,1789628,121348,0,0,0,0,0,0
2026-09-26T16:26:45.924463+00:00,64060288,43447984,4194300,64140,113623,1789628,121348,0,0,0,0,0,0
2026-09-26T16:26:46.925449+00:00,64060288,43403980,4194300,64140,113623,1789628,121348,0,0,0,0,0,0
2026-09-26T16:26:47.926330+00:00,64060288,43422168,4194300,64140,113623,1789628,121348,0,0,0,0,0,0
2026-09-26T16:26:48.927201+00:00,64060288,43419716,4194300,64140,113623,1789628,121348,0,0,0,0,0,0
2026-09-26T16:26:49.928082+00:00,64060288,43423272,4194300,64140,113623,1789628,121348,0,0,0,0,0,0
2026-09-26T16:26:50.928965+00:00,64060288,43428300,4194300,64140,113623,1789628,121348,0,0,0,0,0,0
2026-09-26T16:26:51.929828+00:00,64060288,43430308,4194300,64140,113623,1789628,121348,0,0,0,0,0,0
2026-09-26T16:26:52.930610+00:00,64060288,43429320,4194300,64140,113623,1789628,121348,0,0,0,0,0,0
2026-09-26T16:26:53.931450+00:00,64060288,43445480,4194300,64140,113623,1789628,121348,0,0,0,0,0,0
2026-09-26T16:26:54.932293+00:00,64060288,43437008,4194300,64140,113623,1789628,121348,0,0,0,0,0,0
2026-09-26T16:26:55.933065+00:00,64060288,43440888,4194300,64140,113623,1789628,121348,0,0,0,0,0,0
2026-09-26T16:26:56.933926+00:00,64060288,43436440,4194300,64140,113623,1789628,121348,0,0,0,0,0,0
2026-09-26T16:26:57.934779+00:00,64060288,43445160,4194300,64140,113623,1789628,121348,0,0,0,0,0,0
2026-09-26T16:26:58.935834+00:00,64060288,43419132,4194300,64140,113623,1789628,121348,0,0,0,0,0,0
2026-09-26T16:26:59.936675+00:00,64060288,43439984,4194300,64140,113623,1789628,121348,0,0,0,0,0,0
2026-09-26T16:27:00.937440+00:00,64060288,43440704,4194300,64140,113623,1789628,121348,0,0,0,0,0,0
2026-09-26T16:27:01.938299+00:00,64060288,43429540,4194300,64140,113623,1789628,121348,0,0,0,0,0,0
2026-09-26T16:27:02.939137+00:00,64060288,43435208,4194300,64140,113624,1789628,121349,0,0,0,0,0,0
2026-09-26T16:27:03.939907+00:00,64060288,43439680,4194300,64140,113624,1789628,121349,0,0,0,0,0,0
2026-09-26T16:27:04.940943+00:00,64060288,43433024,4194300,64140,113624,1789628,121349,0,0,0,0,0,0
2026-09-26T16:27:05.941831+00:00,64060288,43426444,4194300,64140,113624,1789628,121349,0,0,0,0,0,0
2026-09-26T16:27:06.942695+00:00,64060288,43413488,4194300,64140,113624,1789628,121349,0,0,0,0,0,0
2026-09-26T16:27:07.943527+00:00,64060288,43421944,4194300,64140,113624,1789628,121349,0,0,0,0,0,0
2026-09-26T16:27:08.944392+00:00,64060288,43411240,4194300,64140,113624,1789628,121349,0,0,0,0,0,0
2026-09-26T16:27:09.945263+00:00,64060288,43402788,4194300,64140,113624,1789628,121349,0,0,0,0,0,0
2026-09-26T16:27:10.946503+00:00,64060288,43426460,4194300,64140,113624,1789628,121349,0,0,0,0,0,0
2026-09-26T16:27:11.947292+00:00,64060288,43434940,4194300,64140,113624,1789628,121349,0,0,0,0,0,0
2026-09-26T16:27:12.948152+00:00,64060288,43440488,4194300,64140,113624,1789628,121349,0,0,0,0,0,0
2026-09-26T16:27:13.949011+00:00,64060288,43447260,4194300,64140,113624,1789628,121349,0,0,0,0,0,0
2026-09-26T16:27:14.949802+00:00,64060288,43423976,4194300,64140,113624,1789628,121349,0,0,0,0,0,0
2026-09-26T16:27:15.950629+00:00,64060288,43425380,4194300,64140,113624,1789628,121349,0,0,0,0,0,0
2026-09-26T16:27:16.951480+00:00,64060288,43418436,4194300,64140,113624,1789628,121349,0,0,0,0,0,0
2026-09-26T16:27:17.952241+00:00,64060288,43417728,4194300,64140,113624,1789628,121349,0,0,0,0,0,0
2026-09-26T16:27:18.953088+00:00,64060288,43421880,4194300,64140,113624,1789628,121349,0,0,0,0,0,0
2026-09-26T16:27:19.953946+00:00,64060288,43433012,4194300,64140,113624,1789628,121349,0,0,0,0,0,0
2026-09-26T16:27:20.954806+00:00,64060288,43432924,4194300,64140,113624,1789628,121349,0,0,0,0,0,0
2026-09-26T16:27:21.955629+00:00,64060288,43425344,4194300,64140,113624,1789628,121349,0,0,0,0,0,0
2026-09-26T16:27:22.956337+00:00,64060288,43428424,4194300,64140,113624,1789628,121349,0,0,0,0,0,0
2026-09-26T16:27:23.957191+00:00,64060288,43431728,4194300,64140,113624,1789628,121349,0,0,0,0,0,0
2026-09-26T16:27:24.958059+00:00,64060288,43436844,4194300,64140,113624,1789628,121349,0,0,0,0,0,0
2026-09-26T16:27:25.958823+00:00,64060288,43425812,4194300,64140,113624,1789628,121349,0,0,0,0,0,0
2026-09-26T16:27:26.959656+00:00,64060288,43423848,4194300,64140,113624,1789628,121349,0,0,0,0,0,0
2026-09-26T16:27:27.960482+00:00,64060288,43411332,4194300,64140,113624,1789628,121349,0,0,0,0,0,0
2026-09-26T16:27:28.961204+00:00,64060288,43417116,4194300,64140,113624,1789628,121349,0,0,0,0,0,0
2026-09-26T16:27:29.962071+00:00,64060288,43424176,4194300,64140,113624,1789628,121349,0,0,0,0,0,0
2026-09-26T16:27:30.962940+00:00,64060288,43432364,4194300,64140,113624,1789628,121349,0,0,0,0,0,0
2026-09-26T16:27:31.963827+00:00,64060288,43430284,4194300,64140,113624,1789628,121349,0,0,0,0,0,0
2026-09-26T16:27:32.964644+00:00,64060288,43424012,4194300,64140,113624,1789628,121349,0,0,0,0,0,0
2026-09-26T16:27:33.965407+00:00,64060288,43419888,4194300,64140,113624,1789628,121349,0,0,0,0,0,0
2026-09-26T16:27:34.966247+00:00,64060288,43421136,4194300,64140,113624,1789628,121349,0,0,0,0,0,0
2026-09-26T16:27:35.967099+00:00,64060288,43419036,4194300,64140,113624,1789628,121349,0,0,0,0,0,0
2026-09-26T16:27:36.967876+00:00,64060288,43421220,4194300,64140,113624,1789628,121349,0,0,0,0,0,0
2026-09-26T16:27:37.968735+00:00,64060288,43423468,4194300,64140,113624,1789628,121349,0,0,0,0,0,0
2026-09-26T16:27:38.969582+00:00,64060288,43425428,4194300,64140,113624,1789628,121349,0,0,0,0,0,0
2026-09-26T16:27:39.970326+00:00,64060288,43374996,4194300,64140,113624,1789628,121349,0,0,0,0,0,0
2026-09-26T16:27:40.971213+00:00,64060288,43364712,4194300,64140,113624,1789628,121349,0,0,0,0,0,0
2026-09-26T16:27:41.972063+00:00,64060288,43388936,4194300,64140,113624,1789628,121349,0,0,0,0,0,0
2026-09-26T16:27:42.972823+00:00,64060288,43404500,4194300,64140,113624,1789628,121349,0,0,0,0,0,0
2026-09-26T16:27:43.973683+00:00,64060288,43397956,4194300,64140,113624,1789628,121349,0,0,0,0,0,0
2026-09-26T16:27:44.974551+00:00,64060288,43409852,4194300,64140,113624,1789628,121349,0,0,0,0,0,0
2026-09-26T16:27:45.975394+00:00,64060288,43410260,4194300,64140,113624,1789628,121349,0,0,0,0,0,0
2026-09-26T16:27:46.976273+00:00,64060288,43383472,4194300,64140,113624,1789628,121349,0,0,0,0,0,0
2026-09-26T16:27:47.977136+00:00,64060288,43383572,4194300,64140,113624,1789628,121349,0,0,0,0,0,0
2026-09-26T16:27:48.977982+00:00,64060288,43395564,4194300,64140,113624,1789628,121349,0,0,0,0,0,0
2026-09-26T16:27:49.978822+00:00,64060288,43372948,4194300,64140,113624,1789628,121349,0,0,0,0,0,0
2026-09-26T16:27:50.979598+00:00,64060288,43397048,4194300,64140,113624,1789628,121349,0,0,0,0,0,0
2026-09-26T16:27:51.980435+00:00,64060288,43402584,4194300,64140,113624,1789628,121349,0,0,0,0,0,0
2026-09-26T16:27:52.981304+00:00,64060288,43406868,4194300,64140,113624,1789628,121349,0,0,0,0,0,0
2026-09-26T16:27:53.982092+00:00,64060288,43409236,4194300,64140,113624,1789628,121349,0,0,0,0,0,0
2026-09-26T16:27:54.982944+00:00,64060288,43378368,4194300,64140,113624,1789628,121349,0,0,0,0,0,0
2026-09-26T16:27:55.983809+00:00,64060288,43378332,4194300,64140,113624,1789628,121349,0,0,0,0,0,0
2026-09-26T16:27:56.984563+00:00,64060288,43410128,4194300,64140,113624,1789628,121349,0,0,0,0,0,0
2026-09-26T16:27:57.985420+00:00,64060288,43382568,4194300,64140,113624,1789628,121349,0,0,0,0,0,0
2026-09-26T16:27:58.986291+00:00,64060288,43390536,4194300,64140,113624,1789628,121349,0,0,0,0,0,0
2026-09-26T16:27:59.987136+00:00,64060288,43400872,4194300,64140,113624,1789628,121349,0,0,0,0,0,0
2026-09-26T16:28:00.987989+00:00,64060288,43398172,4194300,64140,113624,1789628,121349,0,0,0,0,0,0
2026-09-26T16:28:01.988856+00:00,64060288,43395416,4194300,64140,113624,1789628,121349,0,0,0,0,0,0
2026-09-26T16:28:02.989725+00:00,64060288,43403504,4194300,64140,113624,1789628,121349,0,0,0,0,0,0
2026-09-26T16:28:03.990602+00:00,64060288,43392636,4194300,64140,113624,1789628,121349,0,0,0,0,0,0
2026-09-26T16:28:04.991869+00:00,64060288,43353860,4194300,64140,113624,1789628,121349,0,0,0,0,0,0
2026-09-26T16:28:05.992749+00:00,64060288,43359648,4194300,64140,113626,1789628,121355,0,0,0,0,0,0
2026-09-26T16:28:06.993599+00:00,64060288,43357304,4194300,64140,113626,1789628,121355,0,0,0,0,0,0
2026-09-26T16:28:07.994382+00:00,64060288,43371952,4194300,64140,113626,1789628,121355,0,0,0,0,0,0
2026-09-26T16:28:08.995239+00:00,64060288,43352220,4194300,64140,113626,1789628,121355,0,0,0,0,0,0
2026-09-26T16:28:09.996112+00:00,64060288,43340408,4194300,64140,113626,1789628,121355,0,0,0,0,0,0
2026-09-26T16:28:10.996918+00:00,64060288,43345976,4194300,64140,113626,1789628,121355,0,0,0,0,0,0
2026-09-26T16:28:11.997775+00:00,64060288,43356440,4194300,64140,113626,1789628,121355,0,0,0,0,0,0
2026-09-26T16:28:12.998631+00:00,64060288,43627412,4194300,64140,113626,1789628,121355,0,0,0,0,0,0
2026-09-26T16:28:13.999383+00:00,64060288,43617480,4194300,64140,113626,1789628,121355,0,0,0,0,0,0
2026-09-26T16:28:15.000231+00:00,64060288,43623692,4194300,64140,113626,1789628,121355,0,0,0,0,0,0
2026-09-26T16:28:16.001072+00:00,64060288,43603892,4194300,64140,113626,1789628,121355,0,0,0,0,0,0
2026-09-26T16:28:17.001811+00:00,64060288,43600580,4194300,64140,113626,1789628,121355,0,0,0,0,0,0
2026-09-26T16:28:18.002683+00:00,64060288,43587060,4194300,64140,113626,1789628,121355,0,0,0,0,0,0
2026-09-26T16:28:19.003548+00:00,64060288,43586496,4194300,64140,113626,1789628,121355,0,0,0,0,0,0
2026-09-26T16:28:20.004290+00:00,64060288,43579932,4194300,64140,113626,1789628,121355,0,0,0,0,0,0
2026-09-26T16:28:21.005141+00:00,64060288,43573504,4194300,64140,113626,1789628,121355,0,0,0,0,0,0
2026-09-26T16:28:22.006002+00:00,64060288,43567744,4194300,64140,113626,1789628,121355,0,0,0,0,0,0
2026-09-26T16:28:23.006854+00:00,64060288,43568808,4194300,64140,113626,1789628,121355,0,0,0,0,0,0
2026-09-26T16:28:24.007718+00:00,64060288,43571108,4194300,64140,113626,1789628,121355,0,0,0,0,0,0
2026-09-26T16:28:25.008597+00:00,64060288,43567828,4194300,64140,113626,1789628,121355,0,0,0,0,0,0
2026-09-26T16:28:26.009435+00:00,64060288,43562628,4194300,64140,113626,1789628,121355,0,0,0,0,0,0
2026-09-26T16:28:27.010285+00:00,64060288,43581148,4194300,64140,113626,1789628,121355,0,0,0,0,0,0
2026-09-26T16:28:28.011050+00:00,64060288,43569412,4194300,64140,113626,1789628,121355,0,0,0,0,0,0
2026-09-26T16:28:29.011990+00:00,64060288,43568628,4194300,64140,113626,1789628,121355,0,0,0,0,0,0
2026-09-26T16:28:30.012859+00:00,64060288,43572664,4194300,64140,113626,1789628,121355,0,0,0,0,0,0
2026-09-26T16:28:31.013631+00:00,64060288,43586788,4194300,64140,113626,1789628,121355,0,0,0,0,0,0
2026-09-26T16:28:32.014479+00:00,64060288,43571448,4194300,64140,113626,1789628,121355,0,0,0,0,0,0
2026-09-26T16:28:33.015334+00:00,64060288,43591536,4194300,64140,113626,1789628,121355,0,0,0,0,0,0
2026-09-26T16:28:34.016106+00:00,64060288,43575500,4194300,64140,113626,1789628,121355,0,0,0,0,0,0
2026-09-26T16:28:35.017067+00:00,64060288,43573080,4194300,64140,113626,1789628,121355,0,0,0,0,0,0
2026-09-26T16:28:36.017977+00:00,64060288,43567200,4194300,64140,113626,1789628,121355,0,0,0,0,0,0
2026-09-26T16:28:37.018744+00:00,64060288,43558740,4194300,64140,113626,1789628,121355,0,0,0,0,0,0
2026-09-26T16:28:38.019604+00:00,64060288,43567488,4194300,64140,113626,1789628,121355,0,0,0,0,0,0
2026-09-26T16:28:39.020445+00:00,64060288,43573248,4194300,64140,113626,1789628,121355,0,0,0,0,0,0
2026-09-26T16:28:40.021187+00:00,64060288,43584540,4194300,64140,113626,1789628,121355,0,0,0,0,0,0
2026-09-26T16:28:41.022035+00:00,64060288,43581080,4194300,64140,113626,1789628,121355,0,0,0,0,0,0
2026-09-26T16:28:42.022898+00:00,64060288,43575300,4194300,64140,113626,1789628,121355,0,0,0,0,0,0
2026-09-26T16:28:43.023669+00:00,64060288,43563732,4194300,64140,113626,1789628,121355,0,0,0,0,0,0
2026-09-26T16:28:44.024511+00:00,64060288,43564552,4194300,64140,113626,1789628,121355,0,0,0,0,0,0
2026-09-26T16:28:45.025359+00:00,64060288,43556004,4194300,64140,113626,1789628,121355,0,0,0,0,0,0
2026-09-26T16:28:46.026132+00:00,64060288,43572216,4194300,64140,113626,1789628,121355,0,0,0,0,0,0
2026-09-26T16:28:47.026988+00:00,64060288,43560056,4194300,64140,113626,1789628,121355,0,0,0,0,0,0
2026-09-26T16:28:48.027868+00:00,64060288,43565504,4194300,64140,113626,1789628,121355,0,0,0,0,0,0
2026-09-26T16:28:49.028727+00:00,64060288,43567356,4194300,64140,113626,1789628,121355,0,0,0,0,0,0
2026-09-26T16:28:50.029553+00:00,64060288,43557732,4194300,64140,113626,1789628,121355,0,0,0,0,0,0
2026-09-26T16:28:51.030402+00:00,64060288,43560328,4194300,64140,113626,1789628,121355,0,0,0,0,0,0
2026-09-26T16:28:52.031239+00:00,64060288,43566028,4194300,64140,113626,1789628,121355,0,0,0,0,0,0
2026-09-26T16:28:53.032093+00:00,64060288,43544848,4194300,64140,113626,1789628,121355,0,0,0,0,0,0
2026-09-26T16:28:54.032940+00:00,64060288,43546180,4194300,64140,113626,1789628,121355,0,0,0,0,0,0
2026-09-26T16:28:55.033783+00:00,64060288,43541776,4194300,64140,113626,1789628,121355,0,0,0,0,0,0
2026-09-26T16:28:56.034633+00:00,64060288,43553180,4194300,64140,113626,1789628,121355,0,0,0,0,0,0
2026-09-26T16:28:57.035485+00:00,64060288,43542780,4194300,64140,113626,1789628,121355,0,0,0,0,0,0
2026-09-26T16:28:58.036332+00:00,64060288,43552548,4194300,64140,113626,1789628,121355,0,0,0,0,0,0
2026-09-26T16:28:59.037173+00:00,64060288,43549416,4194300,64140,113626,1789628,121355,0,0,0,0,0,0
2026-09-26T16:29:00.037949+00:00,64060288,43554112,4194300,64140,113626,1789628,121355,0,0,0,0,0,0
2026-09-26T16:29:01.038833+00:00,64060288,43548524,4194300,64140,113626,1789628,121355,0,0,0,0,0,0
2026-09-26T16:29:02.039684+00:00,64060288,43549588,4194300,64140,113626,1789628,121355,0,0,0,0,0,0
2026-09-26T16:29:03.040434+00:00,64060288,43539160,4194300,64140,113626,1789628,121355,0,0,0,0,0,0
2026-09-26T16:29:04.041283+00:00,64060288,43536008,4194300,64140,113626,1789628,121355,0,0,0,0,0,0
2026-09-26T16:29:05.042145+00:00,64060288,43558124,4194300,64140,113626,1789628,121355,0,0,0,0,0,0
2026-09-26T16:29:06.042956+00:00,64060288,43557052,4194300,64140,113626,1789628,121355,0,0,0,0,0,0
2026-09-26T16:29:07.043842+00:00,64060288,43560284,4194300,64140,113626,1789628,121355,0,0,0,0,0,0
2026-09-26T16:29:08.044703+00:00,64060288,43564892,4194300,64140,113626,1789628,121355,0,0,0,0,0,0
2026-09-26T16:29:09.045632+00:00,64060288,43562396,4194300,64140,113626,1789628,121355,0,0,0,0,0,0
2026-09-26T16:29:10.046472+00:00,64060288,43559304,4194300,64140,113626,1789628,121355,0,0,0,0,0,0
2026-09-26T16:29:11.047322+00:00,64060288,43542068,4194300,64140,113626,1789628,121355,0,0,0,0,0,0
2026-09-26T16:29:12.048105+00:00,64060288,43552384,4194300,64140,113626,1789628,121355,0,0,0,0,0,0
2026-09-26T16:29:13.048972+00:00,64060288,43554532,4194300,64140,113626,1789628,121355,0,0,0,0,0,0
2026-09-26T16:29:14.049839+00:00,64060288,43558248,4194300,64140,113627,1789628,121356,0,0,0,0,0,0
2026-09-26T16:29:15.050615+00:00,64060288,43557800,4194300,64140,113627,1789628,121356,0,0,0,0,0,0
2026-09-26T16:29:16.051460+00:00,64060288,43563532,4194300,64140,113627,1789628,121356,0,0,0,0,0,0
2026-09-26T16:29:17.052309+00:00,64060288,43558528,4194300,64140,113628,1789628,121357,0,0,0,0,0,0
2026-09-26T16:29:18.053099+00:00,64060288,43541480,4194300,64140,113628,1789628,121358,0,0,0,0,0,0
2026-09-26T16:29:19.053966+00:00,64060288,43534432,4194300,64140,113628,1789628,121358,0,0,0,0,0,0
2026-09-26T16:29:20.054816+00:00,64060288,43527664,4194300,64140,113628,1789628,121358,0,0,0,0,0,0
2026-09-26T16:29:21.055589+00:00,64060288,43542884,4194300,64140,113628,1789628,121358,0,0,0,0,0,0
2026-09-26T16:29:22.056428+00:00,64060288,43529720,4194300,64140,113628,1789628,121358,0,0,0,0,0,0
2026-09-26T16:29:23.057286+00:00,64060288,43548312,4194300,64140,113628,1789628,121358,0,0,0,0,0,0
2026-09-26T16:29:24.058051+00:00,64060288,43541532,4194300,64140,113628,1789628,121358,0,0,0,0,0,0
2026-09-26T16:29:25.058923+00:00,64060288,43545932,4194300,64140,113628,1789628,121358,0,0,0,0,0,0
2026-09-26T16:29:26.059778+00:00,64060288,43553724,4194300,64140,113628,1789628,121358,0,0,0,0,0,0
2026-09-26T16:29:27.060533+00:00,64060288,43543332,4194300,64140,113628,1789628,121358,0,0,0,0,0,0
2026-09-26T16:29:28.061391+00:00,64060288,43532312,4194300,64140,113628,1789628,121358,0,0,0,0,0,0
2026-09-26T16:29:29.062245+00:00,64060288,43545080,4194300,64140,113628,1789628,121358,0,0,0,0,0,0
2026-09-26T16:29:30.063121+00:00,64060288,43543976,4194300,64140,113628,1789628,121358,0,0,0,0,0,0
2026-09-26T16:29:31.064001+00:00,64060288,43531484,4194300,64140,113628,1789628,121358,0,0,0,0,0,0
2026-09-26T16:29:32.064878+00:00,64060288,43514236,4194300,64140,113628,1789628,121358,0,0,0,0,0,0
2026-09-26T16:29:33.065725+00:00,64060288,43544824,4194300,64140,113628,1789628,121358,0,0,0,0,0,0
2026-09-26T16:29:34.066586+00:00,64060288,43521360,4194300,64140,113628,1789628,121358,0,0,0,0,0,0
2026-09-26T16:29:35.067426+00:00,64060288,43539196,4194300,64140,113628,1789628,121358,0,0,0,0,0,0
2026-09-26T16:29:36.068290+00:00,64060288,43527380,4194300,64140,113628,1789628,121358,0,0,0,0,0,0
2026-09-26T16:29:37.069144+00:00,64060288,43540396,4194300,64140,113628,1789628,121358,0,0,0,0,0,0
2026-09-26T16:29:38.070007+00:00,64060288,43544056,4194300,64140,113628,1789628,121358,0,0,0,0,0,0
2026-09-26T16:29:39.070796+00:00,64060288,43551176,4194300,64140,113628,1789628,121358,0,0,0,0,0,0
2026-09-26T16:29:40.071637+00:00,64060288,43517788,4194300,64140,113628,1789628,121358,0,0,0,0,0,0
2026-09-26T16:29:41.072453+00:00,64060288,43544924,4194300,64140,113628,1789628,121358,0,0,0,0,0,0
2026-09-26T16:29:42.073218+00:00,64060288,43526016,4194300,64140,113628,1789628,121358,0,0,0,0,0,0
2026-09-26T16:29:43.074083+00:00,64060288,43527120,4194300,64140,113628,1789628,121358,0,0,0,0,0,0
2026-09-26T16:29:44.074940+00:00,64060288,43527448,4194300,64140,113628,1789628,121358,0,0,0,0,0,0
2026-09-26T16:29:45.075728+00:00,64060288,43534948,4194300,64140,113628,1789628,121358,0,0,0,0,0,0
2026-09-26T16:29:46.076552+00:00,64060288,43508296,4194300,64140,113628,1789628,121358,0,0,0,0,0,0
2026-09-26T16:29:47.077399+00:00,64060288,43489548,4194300,64140,113628,1789628,121358,0,0,0,0,0,0
2026-09-26T16:29:48.078281+00:00,64060288,43467428,4194300,64140,113628,1789628,121358,0,0,0,0,0,0
2026-09-26T16:29:49.079141+00:00,64060288,43487928,4194300,64140,113628,1789628,121358,0,0,0,0,0,0
2026-09-26T16:29:50.080020+00:00,64060288,43515400,4194300,64140,113628,1789628,121358,0,0,0,0,0,0
2026-09-26T16:29:51.080881+00:00,64060288,43491100,4194300,64140,113628,1789628,121358,0,0,0,0,0,0
2026-09-26T16:29:52.081748+00:00,64060288,43516088,4194300,64140,113628,1789628,121358,0,0,0,0,0,0
2026-09-26T16:29:53.082588+00:00,64060288,43517384,4194300,64140,113628,1789628,121358,0,0,0,0,0,0
2026-09-26T16:29:54.083428+00:00,64060288,43528808,4194300,64140,113628,1789628,121358,0,0,0,0,0,0
2026-09-26T16:29:55.084273+00:00,64060288,43528644,4194300,64140,113628,1789628,121358,0,0,0,0,0,0
2026-09-26T16:29:56.085117+00:00,64060288,43524856,4194300,64140,113628,1789628,121358,0,0,0,0,0,0
2026-09-26T16:29:57.085991+00:00,64060288,43520880,4194300,64140,113628,1789628,121358,0,0,0,0,0,0
2026-09-26T16:29:58.086851+00:00,64060288,43511592,4194300,64140,113628,1789628,121358,0,0,0,0,0,0
2026-09-26T16:29:59.087735+00:00,64060288,43518348,4194300,64140,113628,1789628,121358,0,0,0,0,0,0
2026-09-26T16:30:00.088592+00:00,64060288,43516164,4194300,64140,113628,1789628,121358,0,0,0,0,0,0
2026-09-26T16:30:01.089443+00:00,64060288,43509560,4194300,64140,113628,1789628,121358,0,0,0,0,0,0
2026-09-26T16:30:02.090306+00:00,64060288,43524164,4194300,64140,113628,1789628,121358,0,0,0,0,0,0
2026-09-26T16:30:03.091168+00:00,64060288,43518460,4194300,64140,113628,1789628,121358,0,0,0,0,0,0
2026-09-26T16:30:04.092019+00:00,64060288,43520788,4194300,64140,113628,1789628,121358,0,0,0,0,0,0
2026-09-26T16:30:05.092895+00:00,64060288,43489948,4194300,64140,113628,1789628,121358,0,0,0,0,0,0
2026-09-26T16:30:06.093785+00:00,64060288,43479844,4194300,64140,113628,1789628,121358,0,0,0,0,0,0
2026-09-26T16:30:07.094645+00:00,64060288,43509800,4194300,64140,113628,1789628,121358,0,0,0,0,0,0
2026-09-26T16:30:08.095484+00:00,64060288,43505804,4194300,64140,113628,1789628,121358,0,0,0,0,0,0
2026-09-26T16:30:09.096248+00:00,64060288,43507684,4194300,64140,113628,1789628,121358,0,0,0,0,0,0
2026-09-26T16:30:10.097111+00:00,64060288,43510512,4194300,64140,113628,1789628,121358,0,0,0,0,0,0
2026-09-26T16:30:11.097984+00:00,64060288,43514004,4194300,64140,113628,1789628,121358,0,0,0,0,0,0
2026-09-26T16:30:12.098731+00:00,64060288,43523796,4194300,64140,113628,1789628,121358,0,0,0,0,0,0
2026-09-26T16:30:13.099593+00:00,64060288,43523216,4194300,64140,113628,1789628,121358,0,0,0,0,0,0
2026-09-26T16:30:14.100463+00:00,64060288,43510368,4194300,64140,113628,1789628,121358,0,0,0,0,0,0
2026-09-26T16:30:15.101334+00:00,64060288,43479676,4194300,64140,113628,1789628,121358,0,0,0,0,0,0
2026-09-26T16:30:16.102190+00:00,64060288,43488232,4194300,64140,113628,1789628,121358,0,0,0,0,0,0
2026-09-26T16:30:17.103045+00:00,64060288,43471232,4194300,64140,113628,1789628,121358,0,0,0,0,0,0
2026-09-26T16:30:18.103809+00:00,64060288,43491672,4194300,64140,113628,1789628,121358,0,0,0,0,0,0
2026-09-26T16:30:19.104639+00:00,64060288,43515084,4194300,64140,113628,1789628,121358,0,0,0,0,0,0
2026-09-26T16:30:20.105485+00:00,64060288,43507980,4194300,64140,113628,1789628,121358,0,0,0,0,0,0
2026-09-26T16:30:21.106251+00:00,64060288,43504588,4194300,64140,113628,1789628,121358,0,0,0,0,0,0
2026-09-26T16:30:22.107112+00:00,64060288,43512272,4194300,64140,113628,1789628,121358,0,0,0,0,0,0
2026-09-26T16:30:23.107985+00:00,64060288,43509032,4194300,64140,113628,1789628,121358,0,0,0,0,0,0
2026-09-26T16:30:24.108752+00:00,64060288,43509244,4194300,64140,113628,1789628,121358,0,0,0,0,0,0
2026-09-26T16:30:25.109593+00:00,64060288,43504348,4194300,64140,113628,1789628,121358,0,0,0,0,0,0
2026-09-26T16:30:26.110430+00:00,64060288,43517416,4194300,64140,113628,1789628,121358,0,0,0,0,0,0
2026-09-26T16:30:27.111217+00:00,64060288,43522512,4194300,64140,113628,1789628,121358,0,0,0,0,0,0
2026-09-26T16:30:28.112068+00:00,64060288,43521820,4194300,64140,113628,1789628,121358,0,0,0,0,0,0
2026-09-26T16:30:29.112950+00:00,64060288,43502772,4194300,64140,113628,1789628,121358,0,0,0,0,0,0
2026-09-26T16:30:30.113724+00:00,64060288,43488560,4194300,64140,113628,1789628,121358,0,0,0,0,0,0
2026-09-26T16:30:31.114603+00:00,64060288,43492780,4194300,64140,113628,1789628,121358,0,0,0,0,0,0
2026-09-26T16:30:32.115445+00:00,64060288,43510632,4194300,64140,113628,1789628,121358,0,0,0,0,0,0
2026-09-26T16:30:33.116227+00:00,64060288,43508556,4194300,64140,113628,1789628,121358,0,0,0,0,0,0
2026-09-26T16:30:34.117075+00:00,64060288,43519756,4194300,64140,113628,1789628,121358,0,0,0,0,0,0
2026-09-26T16:30:35.117911+00:00,64060288,43514504,4194300,64140,113628,1789628,121358,0,0,0,0,0,0
2026-09-26T16:30:36.118646+00:00,64060288,43505060,4194300,64140,113628,1789628,121358,0,0,0,0,0,0
2026-09-26T16:30:37.119493+00:00,64060288,43515684,4194300,64140,113628,1789628,121358,0,0,0,0,0,0
2026-09-26T16:30:38.120357+00:00,64060288,43491952,4194300,64140,113628,1789628,121358,0,0,0,0,0,0
2026-09-26T16:30:39.121450+00:00,64060288,43497392,4194300,64140,113628,1789628,121358,0,0,0,0,0,0
2026-09-26T16:30:40.122308+00:00,64060288,43500944,4194300,64140,113628,1789628,121358,0,0,0,0,0,0
2026-09-26T16:30:41.123139+00:00,64060288,43500488,4194300,64140,113628,1789628,121358,0,0,0,0,0,0
2026-09-26T16:30:42.123938+00:00,64060288,43507568,4194300,64140,113628,1789628,121358,0,0,0,0,0,0
2026-09-26T16:30:43.124828+00:00,64060288,43490296,4194300,64140,113628,1789628,121358,0,0,0,0,0,0
2026-09-26T16:30:44.125690+00:00,64060288,43482588,4194300,64140,113628,1789628,121358,0,0,0,0,0,0
2026-09-26T16:30:45.126546+00:00,64060288,43451124,4194300,64140,113628,1789628,121358,0,0,0,0,0,0
2026-09-26T16:30:46.127395+00:00,64060288,43467900,4194300,64140,113628,1789628,121358,0,0,0,0,0,0
2026-09-26T16:30:47.128273+00:00,64060288,43467572,4194300,64140,113628,1789628,121358,0,0,0,0,0,0
2026-09-26T16:30:48.129133+00:00,64060288,43463276,4194300,64140,113628,1789628,121358,0,0,0,0,0,0
2026-09-26T16:30:49.129998+00:00,64060288,43465324,4194300,64140,113628,1789628,121358,0,0,0,0,0,0
2026-09-26T16:30:50.130868+00:00,64060288,43484448,4194300,64140,113628,1789628,121358,0,0,0,0,0,0
2026-09-26T16:30:51.131726+00:00,64060288,43478324,4194300,64140,113628,1789628,121358,0,0,0,0,0,0
2026-09-26T16:30:52.132572+00:00,64060288,43454184,4194300,64140,113628,1789628,121358,0,0,0,0,0,0
2026-09-26T16:30:53.133453+00:00,64060288,43467040,4194300,64140,113628,1789628,121358,0,0,0,0,0,0
2026-09-26T16:30:54.134311+00:00,64060288,43458900,4194300,64140,113628,1789628,121358,0,0,0,0,0,0
2026-09-26T16:30:55.135168+00:00,64060288,43483628,4194300,64140,113628,1789628,121358,0,0,0,0,0,0
2026-09-26T16:30:56.136019+00:00,64060288,43485536,4194300,64140,113628,1789628,121358,0,0,0,0,0,0
2026-09-26T16:30:57.136865+00:00,64060288,43463604,4194300,64140,113628,1789628,121358,0,0,0,0,0,0
2026-09-26T16:30:58.137617+00:00,64060288,43491264,4194300,64140,113628,1789628,121358,0,0,0,0,0,0
2026-09-26T16:30:59.138458+00:00,64060288,43485576,4194300,64140,113628,1789628,121358,0,0,0,0,0,0
2026-09-26T16:31:00.139297+00:00,64060288,43471004,4194300,64140,113628,1789628,121358,0,0,0,0,0,0
2026-09-26T16:31:01.140036+00:00,64060288,43484248,4194300,64140,113628,1789628,121358,0,0,0,0,0,0
2026-09-26T16:31:02.140931+00:00,64060288,43476780,4194300,64140,113628,1789628,121358,0,0,0,0,0,0
2026-09-26T16:31:03.141801+00:00,64060288,43466344,4194300,64140,113628,1789628,121358,0,0,0,0,0,0
2026-09-26T16:31:04.142545+00:00,64060288,43466944,4194300,64140,113628,1789628,121358,0,0,0,0,0,0
2026-09-26T16:31:05.143404+00:00,64060288,43486804,4194300,64140,113628,1789628,121358,0,0,0,0,0,0
2026-09-26T16:31:06.144303+00:00,64060288,43487812,4194300,64140,113628,1789628,121358,0,0,0,0,0,0
2026-09-26T16:31:07.145092+00:00,64060288,43477988,4194300,64140,113628,1789628,121358,0,0,0,0,0,0
2026-09-26T16:31:08.145986+00:00,64060288,43466500,4194300,64140,113628,1789628,121358,0,0,0,0,0,0
2026-09-26T16:31:09.146857+00:00,64060288,43464828,4194300,64140,113628,1789628,121358,0,0,0,0,0,0
2026-09-26T16:31:10.147931+00:00,64060288,43465468,4194300,64140,113628,1789628,121358,0,0,0,0,0,0
2026-09-26T16:31:11.148808+00:00,64060288,43461204,4194300,64140,113628,1789628,121358,0,0,0,0,0,0
2026-09-26T16:31:12.149677+00:00,64060288,43466256,4194300,64140,113628,1789628,121358,0,0,0,0,0,0
2026-09-26T16:31:13.150533+00:00,64060288,43482264,4194300,64140,113628,1789628,121358,0,0,0,0,0,0
2026-09-26T16:31:14.151399+00:00,64060288,43481128,4194300,64140,113628,1789628,121358,0,0,0,0,0,0
2026-09-26T16:31:15.152259+00:00,64060288,43479252,4194300,64140,113628,1789628,121358,0,0,0,0,0,0
2026-09-26T16:31:16.153118+00:00,64060288,43469200,4194300,64140,113628,1789628,121358,0,0,0,0,0,0
2026-09-26T16:31:17.153972+00:00,64060288,43434480,4194300,64140,113628,1789628,121358,0,0,0,0,0,0
2026-09-26T16:31:18.154842+00:00,64060288,43454868,4194300,64140,113628,1789628,121358,0,0,0,0,0,0
2026-09-26T16:31:19.155684+00:00,64060288,43456272,4194300,64140,113628,1789628,121358,0,0,0,0,0,0
2026-09-26T16:31:20.156547+00:00,64060288,43450132,4194300,64140,113628,1789628,121358,0,0,0,0,0,0
2026-09-26T16:31:21.157386+00:00,64060288,43460076,4194300,64140,113628,1789628,121358,0,0,0,0,0,0
2026-09-26T16:31:22.158222+00:00,64060288,43475940,4194300,64140,113628,1789628,121358,0,0,0,0,0,0
2026-09-26T16:31:23.158995+00:00,64060288,43455628,4194300,64140,113628,1789628,121358,0,0,0,0,0,0
2026-09-26T16:31:24.159858+00:00,64060288,43482848,4194300,64140,113628,1789628,121358,0,0,0,0,0,0
2026-09-26T16:31:25.160712+00:00,64060288,43477192,4194300,64140,113628,1789628,121358,0,0,0,0,0,0
2026-09-26T16:31:26.161462+00:00,64060288,43484504,4194300,64140,113628,1789628,121358,0,0,0,0,0,0
2026-09-26T16:31:27.162320+00:00,64060288,43483092,4194300,64140,113628,1789628,121358,0,0,0,0,0,0
2026-09-26T16:31:28.163167+00:00,64060288,43493016,4194300,64140,113628,1789628,121358,0,0,0,0,0,0
2026-09-26T16:31:29.163912+00:00,64060288,43463844,4194300,64140,113628,1789628,121358,0,0,0,0,0,0
2026-09-26T16:31:30.164817+00:00,64060288,43468644,4194300,64140,113628,1789628,121358,0,0,0,0,0,0
2026-09-26T16:31:31.165650+00:00,64060288,43454916,4194300,64140,113628,1789628,121358,0,0,0,0,0,0
2026-09-26T16:31:32.166468+00:00,64060288,43472136,4194300,64140,113628,1789628,121358,0,0,0,0,0,0
2026-09-26T16:31:33.167324+00:00,64060288,43478156,4194300,64140,113628,1789628,121358,0,0,0,0,0,0
2026-09-26T16:31:34.168204+00:00,64060288,43473680,4194300,64140,113628,1789628,121358,0,0,0,0,0,0
2026-09-26T16:31:35.169304+00:00,64060288,43454888,4194300,64140,113628,1789628,121358,0,0,0,0,0,0
2026-09-26T16:31:36.170666+00:00,64060288,43469900,4194300,64140,113628,1789628,121358,0,0,0,0,0,0
2026-09-26T16:31:37.171892+00:00,64060288,43461140,4194300,64140,113628,1789628,121358,0,0,0,0,0,0
2026-09-26T16:31:38.173094+00:00,64060288,43458920,4194300,64140,113628,1789628,121358,0,0,0,0,0,0
2026-09-26T16:31:39.174372+00:00,64060288,43451828,4194300,64140,113628,1789628,121358,0,0,0,0,0,0
2026-09-26T16:31:40.175617+00:00,64060288,43465704,4194300,64140,113628,1789628,121358,0,0,0,0,0,0
2026-09-26T16:31:41.176753+00:00,64060288,43463368,4194300,64140,113628,1789628,121358,0,0,0,0,0,0
2026-09-26T16:31:42.178100+00:00,64060288,43464860,4194300,64140,113628,1789628,121358,0,0,0,0,0,0
2026-09-26T16:31:43.179301+00:00,64060288,43454744,4194300,64140,113628,1789628,121358,0,0,0,0,0,0
2026-09-26T16:31:44.180169+00:00,64060288,43471620,4194300,64140,113628,1789628,121358,0,0,0,0,0,0
2026-09-26T16:31:45.180932+00:00,64060288,43463232,4194300,64140,113628,1789628,121358,0,0,0,0,0,0
2026-09-26T16:31:46.181803+00:00,64060288,43476240,4194300,64140,113628,1789628,121358,0,0,0,0,0,0
2026-09-26T16:31:47.182622+00:00,64060288,43480292,4194300,64140,113628,1789628,121359,0,0,0,0,0,0
2026-09-26T16:31:48.183317+00:00,64060288,43468772,4194300,64140,113628,1789628,121359,0,0,0,0,0,0
2026-09-26T16:31:49.184212+00:00,64060288,43464124,4194300,64140,113628,1789628,121359,0,0,0,0,0,0
2026-09-26T16:31:50.185069+00:00,64060288,43464836,4194300,64140,113628,1789628,121359,0,0,0,0,0,0
2026-09-26T16:31:51.185855+00:00,64060288,43474052,4194300,64140,113628,1789628,121359,0,0,0,0,0,0
2026-09-26T16:31:52.186706+00:00,64060288,43478440,4194300,64140,113628,1789628,121359,0,0,0,0,0,0
2026-09-26T16:31:53.187566+00:00,64060288,43440912,4194300,64140,113628,1789628,121359,0,0,0,0,0,0
2026-09-26T16:31:54.188420+00:00,64060288,43417536,4194300,64140,113628,1789628,121359,0,0,0,0,0,0
2026-09-26T16:31:55.189274+00:00,64060288,43407628,4194300,64140,113628,1789628,121359,0,0,0,0,0,0
2026-09-26T16:31:56.190140+00:00,64060288,43411476,4194300,64140,113628,1789628,121359,0,0,0,0,0,0
2026-09-26T16:31:57.191011+00:00,64060288,43422192,4194300,64140,113628,1789628,121359,0,0,0,0,0,0
2026-09-26T16:31:58.191888+00:00,64060288,43444228,4194300,64140,113628,1789628,121359,0,0,0,0,0,0
2026-09-26T16:31:59.192724+00:00,64060288,43452296,4194300,64140,113628,1789628,121359,0,0,0,0,0,0
2026-09-26T16:32:00.193566+00:00,64060288,43440472,4194300,64140,113628,1789628,121359,0,0,0,0,0,0
2026-09-26T16:32:01.194316+00:00,64060288,43450320,4194300,64140,113628,1789628,121359,0,0,0,0,0,0
2026-09-26T16:32:02.195187+00:00,64060288,43465360,4194300,64140,113628,1789628,121359,0,0,0,0,0,0
2026-09-26T16:32:03.196033+00:00,64060288,43448732,4194300,64140,113628,1789628,121359,0,0,0,0,0,0
2026-09-26T16:32:04.196790+00:00,64060288,43424908,4194300,64140,113628,1789628,121359,0,0,0,0,0,0
2026-09-26T16:32:05.197714+00:00,64060288,43441100,4194300,64140,113628,1789628,121359,0,0,0,0,0,0
2026-09-26T16:32:06.198920+00:00,64060288,43446724,4194300,64140,113628,1789628,121359,0,0,0,0,0,0
2026-09-26T16:32:07.200100+00:00,64060288,43426032,4194300,64140,113628,1789628,121359,0,0,0,0,0,0
2026-09-26T16:32:08.201376+00:00,64060288,43421400,4194300,64140,113628,1789628,121359,0,0,0,0,0,0
2026-09-26T16:32:09.202620+00:00,64060288,43440204,4194300,64140,113628,1789628,121359,0,0,0,0,0,0
2026-09-26T16:32:10.203851+00:00,64060288,43447676,4194300,64140,113628,1789628,121359,0,0,0,0,0,0
2026-09-26T16:32:11.205111+00:00,64060288,43447112,4194300,64140,113628,1789628,121359,0,0,0,0,0,0
2026-09-26T16:32:12.206353+00:00,64060288,43462344,4194300,64140,113628,1789628,121359,0,0,0,0,0,0
2026-09-26T16:32:13.207605+00:00,64060288,43428016,4194300,64140,113628,1789628,121363,0,0,0,0,0,0
2026-09-26T16:32:14.208770+00:00,64060288,43417544,4194300,64140,113628,1789628,121363,0,0,0,0,0,0
2026-09-26T16:32:15.210014+00:00,64060288,43433908,4194300,64140,113628,1789628,121363,0,0,0,0,0,0
2026-09-26T16:32:16.211297+00:00,64060288,43430376,4194300,64140,113628,1789628,121363,0,0,0,0,0,0
2026-09-26T16:32:17.212484+00:00,64060288,43420204,4194300,64140,113628,1789628,121363,0,0,0,0,0,0
2026-09-26T16:32:18.213721+00:00,64060288,43415696,4194300,64140,113628,1789628,121363,0,0,0,0,0,0
2026-09-26T16:32:19.214946+00:00,64060288,43410956,4194300,64140,113628,1789628,121363,0,0,0,0,0,0
2026-09-26T16:32:20.216134+00:00,64060288,43420424,4194300,64140,113628,1789628,121363,0,0,0,0,0,0
2026-09-26T16:32:21.217391+00:00,64060288,43395748,4194300,64140,113628,1789628,121363,0,0,0,0,0,0
2026-09-26T16:32:22.218646+00:00,64060288,43409244,4194300,64140,113628,1789628,121363,0,0,0,0,0,0
2026-09-26T16:32:23.219900+00:00,64060288,43411296,4194300,64140,113628,1789628,121363,0,0,0,0,0,0
2026-09-26T16:32:24.221155+00:00,64060288,43406432,4194300,64140,113628,1789628,121363,0,0,0,0,0,0
2026-09-26T16:32:25.222394+00:00,64060288,43399844,4194300,64140,113628,1789628,121363,0,0,0,0,0,0
2026-09-26T16:32:26.227157+00:00,64060288,43409716,4194300,64140,113628,1789628,121363,0,0,0,0,0,0
2026-09-26T16:32:27.228950+00:00,64060288,43440556,4194300,64140,113628,1789628,121363,0,0,0,0,0,0
2026-09-26T16:32:28.230244+00:00,64060288,43417736,4194300,64140,113628,1789628,121363,0,0,0,0,0,0
2026-09-26T16:32:29.231458+00:00,64060288,43402468,4194300,64140,113628,1789628,121363,0,0,0,0,0,0
2026-09-26T16:32:30.232643+00:00,64060288,43419564,4194300,64140,113628,1789628,121363,0,0,0,0,0,0
2026-09-26T16:32:31.234259+00:00,64060288,43426432,4194300,64140,113628,1789628,121363,0,0,0,0,0,0
2026-09-26T16:32:32.235479+00:00,64060288,43429904,4194300,64140,113628,1789628,121363,0,0,0,0,0,0
2026-09-26T16:32:33.236653+00:00,64060288,43431408,4194300,64140,113628,1789628,121363,0,0,0,0,0,0
2026-09-26T16:32:34.237850+00:00,64060288,43435832,4194300,64140,113628,1789628,121363,0,0,0,0,0,0
2026-09-26T16:32:35.239087+00:00,64060288,43412572,4194300,64140,113628,1789628,121363,0,0,0,0,0,0
2026-09-26T16:32:36.240211+00:00,64060288,43404040,4194300,64140,113628,1789628,121363,0,0,0,0,0,0
2026-09-26T16:32:37.241105+00:00,64060288,43389156,4194300,64140,113628,1789628,121363,0,0,0,0,0,0
2026-09-26T16:32:38.241978+00:00,64060288,43397892,4194300,64140,113628,1789628,121363,0,0,0,0,0,0
2026-09-26T16:32:39.242835+00:00,64060288,43437280,4194300,64140,113628,1789628,121363,0,0,0,0,0,0
2026-09-26T16:32:40.243683+00:00,64060288,43435812,4194300,64140,113628,1789628,121363,0,0,0,0,0,0
2026-09-26T16:32:41.244530+00:00,64060288,43435904,4194300,64140,113628,1789628,121363,0,0,0,0,0,0
2026-09-26T16:32:42.245383+00:00,64060288,43433852,4194300,64140,113628,1789628,121363,0,0,0,0,0,0
2026-09-26T16:32:43.246171+00:00,64060288,43442024,4194300,64140,113628,1789628,121363,0,0,0,0,0,0
2026-09-26T16:32:44.247045+00:00,64060288,43446104,4194300,64140,113628,1789628,121363,0,0,0,0,0,0
2026-09-26T16:32:45.247918+00:00,64060288,43444416,4194300,64140,113629,1789628,121364,0,0,0,0,0,0
2026-09-26T16:32:46.248642+00:00,64060288,43453912,4194300,64140,113629,1789628,121364,0,0,0,0,0,0
2026-09-26T16:32:47.249485+00:00,64060288,43409692,4194300,64140,113629,1789628,121364,0,0,0,0,0,0
2026-09-26T16:32:48.250345+00:00,64060288,43402632,4194300,64140,113629,1789628,121364,0,0,0,0,0,0
2026-09-26T16:32:49.251132+00:00,64060288,43414412,4194300,64140,113629,1789628,121364,0,0,0,0,0,0
2026-09-26T16:32:50.252001+00:00,64060288,43413736,4194300,64140,113629,1789628,121364,0,0,0,0,0,0
2026-09-26T16:32:51.252867+00:00,64060288,43398176,4194300,64140,113629,1789628,121364,0,0,0,0,0,0
2026-09-26T16:32:52.253739+00:00,64060288,43395004,4194300,64140,113629,1789628,121364,0,0,0,0,0,0
2026-09-26T16:32:53.254586+00:00,64060288,43392764,4194300,64140,113629,1789628,121364,0,0,0,0,0,0
2026-09-26T16:32:54.255435+00:00,64060288,43376420,4194300,64140,113629,1789628,121364,0,0,0,0,0,0
2026-09-26T16:32:55.256266+00:00,64060288,43399220,4194300,64140,113629,1789628,121364,0,0,0,0,0,0
2026-09-26T16:32:56.257051+00:00,64060288,43408928,4194300,64140,113629,1789628,121364,0,0,0,0,0,0
2026-09-26T16:32:57.257914+00:00,64060288,43408840,4194300,64140,113629,1789628,121364,0,0,0,0,0,0
2026-09-26T16:32:58.258759+00:00,64060288,43407020,4194300,64140,113629,1789628,121364,0,0,0,0,0,0
2026-09-26T16:32:59.259541+00:00,64060288,43412800,4194300,64140,113629,1789628,121364,0,0,0,0,0,0
2026-09-26T16:33:00.260387+00:00,64060288,43396104,4194300,64140,113629,1789628,121364,0,0,0,0,0,0
2026-09-26T16:33:01.261217+00:00,64060288,43417764,4194300,64140,113629,1789628,121364,0,0,0,0,0,0
2026-09-26T16:33:02.262006+00:00,64060288,43417080,4194300,64140,113629,1789628,121364,0,0,0,0,0,0
2026-09-26T16:33:03.262878+00:00,64060288,43402292,4194300,64140,113629,1789628,121364,0,0,0,0,0,0
2026-09-26T16:33:04.263716+00:00,64060288,43400556,4194300,64140,113629,1789628,121364,0,0,0,0,0,0
2026-09-26T16:33:05.264557+00:00,64060288,43393376,4194300,64140,113629,1789628,121364,0,0,0,0,0,0
2026-09-26T16:33:06.265413+00:00,64060288,43396636,4194300,64140,113629,1789628,121364,0,0,0,0,0,0
2026-09-26T16:33:07.266264+00:00,64060288,43403604,4194300,64140,113629,1789628,121364,0,0,0,0,0,0
2026-09-26T16:33:08.267108+00:00,64060288,43408452,4194300,64140,113629,1789628,121364,0,0,0,0,0,0
2026-09-26T16:33:09.267833+00:00,64060288,43424032,4194300,64140,113629,1789628,121364,0,0,0,0,0,0
2026-09-26T16:33:10.268675+00:00,64060288,43425924,4194300,64140,113629,1789628,121364,0,0,0,0,0,0
2026-09-26T16:33:11.269509+00:00,64060288,43412636,4194300,64140,113629,1789628,121364,0,0,0,0,0,0
2026-09-26T16:33:12.270271+00:00,64060288,43411996,4194300,64140,113629,1789628,121364,0,0,0,0,0,0
2026-09-26T16:33:13.271126+00:00,64060288,43431528,4194300,64140,113629,1789628,121364,0,0,0,0,0,0
2026-09-26T16:33:14.272011+00:00,64060288,43433240,4194300,64140,113629,1789628,121364,0,0,0,0,0,0
2026-09-26T16:33:15.272776+00:00,64060288,43415964,4194300,64140,113629,1789628,121364,0,0,0,0,0,0
2026-09-26T16:33:16.273627+00:00,64060288,43366928,4194300,64140,113629,1789628,121364,0,0,0,0,0,0
2026-09-26T16:33:17.274474+00:00,64060288,43364836,4194300,64140,113629,1789628,121364,0,0,0,0,0,0
2026-09-26T16:33:18.275314+00:00,64060288,43355360,4194300,64140,113629,1789628,121364,0,0,0,0,0,0
2026-09-26T16:33:19.276048+00:00,64060288,43360268,4194300,64140,113629,1789628,121364,0,0,0,0,0,0
2026-09-26T16:33:20.276925+00:00,64060288,43358748,4194300,64140,113629,1789628,121364,0,0,0,0,0,0
2026-09-26T16:33:21.277797+00:00,64060288,43389636,4194300,64140,113629,1789628,121364,0,0,0,0,0,0
2026-09-26T16:33:22.278561+00:00,64060288,43392968,4194300,64140,113629,1789628,121364,0,0,0,0,0,0
2026-09-26T16:33:23.279421+00:00,64060288,43377084,4194300,64140,113629,1789628,121364,0,0,0,0,0,0
2026-09-26T16:33:24.280270+00:00,64060288,43393072,4194300,64140,113629,1789628,121364,0,0,0,0,0,0
2026-09-26T16:33:25.281141+00:00,64060288,43384180,4194300,64140,113629,1789628,121368,0,0,0,0,0,0
2026-09-26T16:33:26.282015+00:00,64060288,43384920,4194300,64140,113629,1789628,121368,0,0,0,0,0,0
2026-09-26T16:33:27.282876+00:00,64060288,43393800,4194300,64140,113629,1789628,121368,0,0,0,0,0,0
2026-09-26T16:33:28.283738+00:00,64060288,43390952,4194300,64140,113629,1789628,121368,0,0,0,0,0,0
2026-09-26T16:33:29.284509+00:00,64060288,43381524,4194300,64140,113629,1789628,121368,0,0,0,0,0,0
2026-09-26T16:33:30.285352+00:00,64060288,43387052,4194300,64140,113629,1789628,121368,0,0,0,0,0,0
2026-09-26T16:33:31.286197+00:00,64060288,43390056,4194300,64140,113629,1789628,121368,0,0,0,0,0,0
2026-09-26T16:33:32.286969+00:00,64060288,43386016,4194300,64140,113629,1789628,121368,0,0,0,0,0,0
2026-09-26T16:33:33.287843+00:00,64060288,43393940,4194300,64140,113629,1789628,121368,0,0,0,0,0,0
2026-09-26T16:33:34.288634+00:00,64060288,43391152,4194300,64140,113629,1789628,121368,0,0,0,0,0,0
2026-09-26T16:33:35.289476+00:00,64060288,43395160,4194300,64140,113629,1789628,121368,0,0,0,0,0,0
2026-09-26T16:33:36.290322+00:00,64060288,43376976,4194300,64140,113629,1789628,121368,0,0,0,0,0,0
2026-09-26T16:33:37.291185+00:00,64060288,43374016,4194300,64140,113629,1789628,121368,0,0,0,0,0,0
2026-09-26T16:33:38.292044+00:00,64060288,43382760,4194300,64140,113629,1789628,121368,0,0,0,0,0,0
2026-09-26T16:33:39.292823+00:00,64060288,43377584,4194300,64140,113629,1789628,121368,0,0,0,0,0,0
2026-09-26T16:33:40.293675+00:00,64060288,43384904,4194300,64140,113629,1789628,121368,0,0,0,0,0,0
2026-09-26T16:33:41.294524+00:00,64060288,43379928,4194300,64140,113629,1789628,121368,0,0,0,0,0,0
2026-09-26T16:33:42.295261+00:00,64060288,43395204,4194300,64140,113629,1789628,121368,0,0,0,0,0,0
2026-09-26T16:33:43.296129+00:00,64060288,43391632,4194300,64140,113629,1789628,121368,0,0,0,0,0,0
2026-09-26T16:33:44.296982+00:00,64060288,43398760,4194300,64140,113629,1789628,121368,0,0,0,0,0,0
2026-09-26T16:33:45.297731+00:00,64060288,43379404,4194300,64140,113629,1789628,121368,0,0,0,0,0,0
2026-09-26T16:33:46.298594+00:00,64060288,43380348,4194300,64140,113629,1789628,121368,0,0,0,0,0,0
2026-09-26T16:33:47.299431+00:00,64060288,43359712,4194300,64140,113629,1789628,121368,0,0,0,0,0,0
2026-09-26T16:33:48.300298+00:00,64060288,43357192,4194300,64140,113629,1789628,121368,0,0,0,0,0,0
2026-09-26T16:33:49.301068+00:00,64060288,43366484,4194300,64140,113629,1789628,121368,0,0,0,0,0,0
2026-09-26T16:33:50.301940+00:00,64060288,43373316,4194300,64140,113629,1789628,121368,0,0,0,0,0,0
2026-09-26T16:33:51.302787+00:00,64060288,43368916,4194300,64140,113629,1789628,121368,0,0,0,0,0,0
2026-09-26T16:33:52.303620+00:00,64060288,43373840,4194300,64140,113629,1789628,121368,0,0,0,0,0,0
2026-09-26T16:33:53.304459+00:00,64060288,43364932,4194300,64140,113629,1789628,121368,0,0,0,0,0,0
2026-09-26T16:33:54.305314+00:00,64060288,43364900,4194300,64140,113629,1789628,121368,0,0,0,0,0,0
2026-09-26T16:33:55.306193+00:00,64060288,43360848,4194300,64140,113629,1789628,121368,0,0,0,0,0,0
2026-09-26T16:33:56.307041+00:00,64060288,43369956,4194300,64140,113629,1789628,121368,0,0,0,0,0,0
2026-09-26T16:33:57.307901+00:00,64060288,43379316,4194300,64140,113629,1789628,121368,0,0,0,0,0,0
2026-09-26T16:33:58.308753+00:00,64060288,43378656,4194300,64140,113629,1789628,121368,0,0,0,0,0,0
2026-09-26T16:33:59.309509+00:00,64060288,43383296,4194300,64140,113629,1789628,121368,0,0,0,0,0,0
2026-09-26T16:34:00.310344+00:00,64060288,43350584,4194300,64140,113629,1789628,121368,0,0,0,0,0,0
2026-09-26T16:34:01.311202+00:00,64060288,43361632,4194300,64140,113629,1789628,121368,0,0,0,0,0,0
2026-09-26T16:34:02.311948+00:00,64060288,43374100,4194300,64140,113629,1789628,121368,0,0,0,0,0,0
2026-09-26T16:34:03.312806+00:00,64060288,43369236,4194300,64140,113629,1789628,121368,0,0,0,0,0,0
2026-09-26T16:34:04.313652+00:00,64060288,43366656,4194300,64140,113629,1789628,121368,0,0,0,0,0,0
2026-09-26T16:34:05.314504+00:00,64060288,43372424,4194300,64140,113629,1789628,121368,0,0,0,0,0,0
2026-09-26T16:34:06.315356+00:00,64060288,43380512,4194300,64140,113629,1789628,121368,0,0,0,0,0,0
2026-09-26T16:34:07.316212+00:00,64060288,43369908,4194300,64140,113629,1789628,121368,0,0,0,0,0,0
2026-09-26T16:34:08.317077+00:00,64060288,43396620,4194300,64140,113629,1789628,121368,0,0,0,0,0,0
2026-09-26T16:34:09.317846+00:00,64060288,43377564,4194300,64140,113629,1789628,121368,0,0,0,0,0,0
2026-09-26T16:34:10.318709+00:00,64060288,43351900,4194300,64140,113629,1789628,121368,0,0,0,0,0,0
2026-09-26T16:34:11.319535+00:00,64060288,43358008,4194300,64140,113629,1789628,121368,0,0,0,0,0,0
2026-09-26T16:34:12.320307+00:00,64060288,43350156,4194300,64140,113629,1789628,121368,0,0,0,0,0,0
2026-09-26T16:34:13.321196+00:00,64060288,43356544,4194300,64140,113629,1789628,121368,0,0,0,0,0,0
2026-09-26T16:34:14.322057+00:00,64060288,43359352,4194300,64140,113629,1789628,121368,0,0,0,0,0,0
2026-09-26T16:34:15.322923+00:00,64060288,43350524,4194300,64140,113629,1789628,121368,0,0,0,0,0,0
2026-09-26T16:34:16.323796+00:00,64060288,43363628,4194300,64140,113629,1789628,121368,0,0,0,0,0,0
2026-09-26T16:34:17.324995+00:00,64060288,43358552,4194300,64140,113629,1789628,121368,0,0,0,0,0,0
2026-09-26T16:34:18.326146+00:00,64060288,43356568,4194300,64140,113629,1789628,121368,0,0,0,0,0,0
2026-09-26T16:34:19.327228+00:00,64060288,43365972,4194300,64140,113629,1789628,121368,0,0,0,0,0,0
2026-09-26T16:34:20.328389+00:00,64060288,43364052,4194300,64140,113629,1789628,121368,0,0,0,0,0,0
2026-09-26T16:34:21.329632+00:00,64060288,43370012,4194300,64140,113629,1789628,121368,0,0,0,0,0,0
2026-09-26T16:34:22.330750+00:00,64060288,43368460,4194300,64140,113629,1789628,121368,0,0,0,0,0,0
2026-09-26T16:34:23.331908+00:00,64060288,43377568,4194300,64140,113629,1789628,121368,0,0,0,0,0,0
2026-09-26T16:34:24.332769+00:00,64060288,43372512,4194300,64140,113629,1789628,121368,0,0,0,0,0,0
2026-09-26T16:34:25.333627+00:00,64060288,43368992,4194300,64140,113629,1789628,121368,0,0,0,0,0,0
2026-09-26T16:34:26.334407+00:00,64060288,43369648,4194300,64140,113629,1789628,121368,0,0,0,0,0,0
2026-09-26T16:34:27.335271+00:00,64060288,43358032,4194300,64140,113629,1789628,121368,0,0,0,0,0,0
2026-09-26T16:34:28.336134+00:00,64060288,43352956,4194300,64140,113629,1789628,121368,0,0,0,0,0,0
2026-09-26T16:34:29.336937+00:00,64060288,43354268,4194300,64140,113629,1789628,121368,0,0,0,0,0,0
2026-09-26T16:34:30.337803+00:00,64060288,43362100,4194300,64140,113629,1789628,121368,0,0,0,0,0,0
2026-09-26T16:34:31.338657+00:00,64060288,43360168,4194300,64140,113629,1789628,121368,0,0,0,0,0,0
2026-09-26T16:34:32.339482+00:00,64060288,43367132,4194300,64140,113629,1789628,121368,0,0,0,0,0,0
2026-09-26T16:34:33.340283+00:00,64060288,43344100,4194300,64140,113629,1789628,121368,0,0,0,0,0,0
2026-09-26T16:34:34.341151+00:00,64060288,43366312,4194300,64140,113629,1789628,121368,0,0,0,0,0,0
2026-09-26T16:34:35.342000+00:00,64060288,43325788,4194300,64140,113629,1789628,121368,0,0,0,0,0,0
2026-09-26T16:34:36.342791+00:00,64060288,43308340,4194300,64140,113629,1789628,121368,0,0,0,0,0,0
2026-09-26T16:34:37.343631+00:00,64060288,43315524,4194300,64140,113629,1789628,121368,0,0,0,0,0,0
2026-09-26T16:34:38.344472+00:00,64060288,43330904,4194300,64140,113629,1789628,121368,0,0,0,0,0,0
2026-09-26T16:34:39.345341+00:00,64060288,43331324,4194300,64140,113629,1789628,121368,0,0,0,0,0,0
2026-09-26T16:34:40.346211+00:00,64060288,43314740,4194300,64140,113629,1789628,121368,0,0,0,0,0,0
2026-09-26T16:34:41.347082+00:00,64060288,43337312,4194300,64140,113629,1789628,121368,0,0,0,0,0,0
2026-09-26T16:34:42.347933+00:00,64060288,43353712,4194300,64140,113629,1789628,121368,0,0,0,0,0,0
2026-09-26T16:34:43.348679+00:00,64060288,43357676,4194300,64140,113629,1789628,121368,0,0,0,0,0,0
2026-09-26T16:34:44.349512+00:00,64060288,43358948,4194300,64140,113629,1789628,121368,0,0,0,0,0,0
2026-09-26T16:34:45.350384+00:00,64060288,43385156,4194300,64140,113629,1789628,121368,0,0,0,0,0,0
2026-09-26T16:34:46.351171+00:00,64060288,43362844,4194300,64140,113629,1789628,121368,0,0,0,0,0,0
2026-09-26T16:34:47.352010+00:00,64060288,43359560,4194300,64140,113629,1789628,121368,0,0,0,0,0,0
2026-09-26T16:34:48.352870+00:00,64060288,43376588,4194300,64140,113629,1789628,121368,0,0,0,0,0,0
2026-09-26T16:34:49.353738+00:00,64060288,43380384,4194300,64140,113629,1789628,121368,0,0,0,0,0,0
2026-09-26T16:34:50.354591+00:00,64060288,43388080,4194300,64140,113629,1789628,121368,0,0,0,0,0,0
2026-09-26T16:34:51.355431+00:00,64060288,43382268,4194300,64140,113629,1789628,121368,0,0,0,0,0,0
2026-09-26T16:34:52.356285+00:00,64060288,43385504,4194300,64140,113629,1789628,121368,0,0,0,0,0,0
2026-09-26T16:34:53.357076+00:00,64060288,43392440,4194300,64140,113629,1789628,121368,0,0,0,0,0,0
2026-09-26T16:34:54.357937+00:00,64060288,43370420,4194300,64140,113629,1789628,121368,0,0,0,0,0,0
2026-09-26T16:34:55.358825+00:00,64060288,43391120,4194300,64140,113629,1789628,121368,0,0,0,0,0,0
2026-09-26T16:34:56.359677+00:00,64060288,43368516,4194300,64140,113629,1789628,121368,0,0,0,0,0,0
2026-09-26T16:34:57.360548+00:00,64060288,43370524,4194300,64140,113629,1789628,121368,0,0,0,0,0,0
2026-09-26T16:34:58.361434+00:00,64060288,43389244,4194300,64140,113629,1789628,121368,0,0,0,0,0,0
2026-09-26T16:34:59.362305+00:00,64060288,43391036,4194300,64140,113629,1789628,121368,0,0,0,0,0,0
2026-09-26T16:35:00.363096+00:00,64060288,43388928,4194300,64140,113629,1789628,121368,0,0,0,0,0,0
2026-09-26T16:35:01.363960+00:00,64060288,43386116,4194300,64140,113629,1789628,121368,0,0,0,0,0,0
2026-09-26T16:35:02.364824+00:00,64060288,43388940,4194300,64140,113629,1789628,121368,0,0,0,0,0,0
2026-09-26T16:35:03.365678+00:00,64060288,43394324,4194300,64140,113629,1789628,121368,0,0,0,0,0,0
2026-09-26T16:35:04.366533+00:00,64060288,43393212,4194300,64140,113629,1789628,121371,0,0,0,0,0,0
2026-09-26T16:35:05.367415+00:00,64060288,43368904,4194300,64140,113629,1789628,121371,0,0,0,0,0,0
2026-09-26T16:35:06.368275+00:00,64060288,43378380,4194300,64140,113629,1789628,121371,0,0,0,0,0,0
2026-09-26T16:35:07.369025+00:00,64060288,43383876,4194300,64140,113629,1789628,121371,0,0,0,0,0,0
2026-09-26T16:35:08.369882+00:00,64060288,43391044,4194300,64140,113629,1789628,121371,0,0,0,0,0,0
2026-09-26T16:35:09.370741+00:00,64060288,43376300,4194300,64140,113629,1789628,121371,0,0,0,0,0,0
2026-09-26T16:35:10.371596+00:00,64060288,43361588,4194300,64140,113629,1789628,121371,0,0,0,0,0,0
2026-09-26T16:35:11.372427+00:00,64060288,43362776,4194300,64140,113629,1789628,121371,0,0,0,0,0,0
2026-09-26T16:35:12.373281+00:00,64060288,43355344,4194300,64140,113629,1789628,121371,0,0,0,0,0,0
2026-09-26T16:35:13.374114+00:00,64060288,43376152,4194300,64140,113629,1789628,121371,0,0,0,0,0,0
2026-09-26T16:35:14.374839+00:00,64060288,43361908,4194300,64140,113629,1789628,121371,0,0,0,0,0,0
2026-09-26T16:35:15.375683+00:00,64060288,43347284,4194300,64140,113629,1789628,121371,0,0,0,0,0,0
2026-09-26T16:35:16.376585+00:00,64060288,43364120,4194300,64140,113629,1789628,121371,0,0,0,0,0,0
2026-09-26T16:35:17.377463+00:00,64060288,43347940,4194300,64140,113629,1789628,121371,0,0,0,0,0,0
2026-09-26T16:35:18.378326+00:00,64060288,43633996,4194300,64140,113629,1789628,121371,0,0,0,0,0,0
2026-09-26T16:35:19.379180+00:00,64060288,43629520,4194300,64140,113629,1789628,121371,0,0,0,0,0,0
2026-09-26T16:35:20.380061+00:00,64060288,43626592,4194300,64140,113629,1789628,121371,0,0,0,0,0,0
2026-09-26T16:35:21.380845+00:00,64060288,43637928,4194300,64140,113629,1789628,121371,0,0,0,0,0,0
2026-09-26T16:35:22.381687+00:00,64060288,43626084,4194300,64140,113629,1789628,121371,0,0,0,0,0,0
2026-09-26T16:35:23.382517+00:00,64060288,43613028,4194300,64140,113629,1789628,121371,0,0,0,0,0,0
2026-09-26T16:35:24.383285+00:00,64060288,43601008,4194300,64140,113629,1789628,121371,0,0,0,0,0,0
2026-09-26T16:35:25.384139+00:00,64060288,43597764,4194300,64140,113629,1789628,121371,0,0,0,0,0,0
2026-09-26T16:35:26.385017+00:00,64060288,43586276,4194300,64140,113629,1789628,121371,0,0,0,0,0,0
2026-09-26T16:35:27.385868+00:00,64060288,43613692,4194300,64140,113629,1789628,121371,0,0,0,0,0,0
2026-09-26T16:35:28.386647+00:00,64060288,43610856,4194300,64140,113629,1789628,121371,0,0,0,0,0,0
2026-09-26T16:35:29.387491+00:00,64060288,43604744,4194300,64140,113629,1789628,121371,0,0,0,0,0,0
2026-09-26T16:35:30.388330+00:00,64060288,43608972,4194300,64140,113629,1789628,121371,0,0,0,0,0,0
2026-09-26T16:35:31.389098+00:00,64060288,43603688,4194300,64140,113629,1789628,121371,0,0,0,0,0,0
2026-09-26T16:35:32.389986+00:00,64060288,43605948,4194300,64140,113629,1789628,121371,0,0,0,0,0,0
2026-09-26T16:35:33.390868+00:00,64060288,43612860,4194300,64140,113629,1789628,121371,0,0,0,0,0,0
2026-09-26T16:35:34.391720+00:00,64060288,43597908,4194300,64140,113629,1789628,121371,0,0,0,0,0,0
2026-09-26T16:35:35.392499+00:00,64060288,43584528,4194300,64140,113629,1789628,121371,0,0,0,0,0,0
2026-09-26T16:35:36.393340+00:00,64060288,43585576,4194300,64140,113629,1789628,121371,0,0,0,0,0,0
2026-09-26T16:35:37.394170+00:00,64060288,43577580,4194300,64140,113629,1789628,121371,0,0,0,0,0,0
2026-09-26T16:35:38.395015+00:00,64060288,43562160,4194300,64140,113629,1789628,121371,0,0,0,0,0,0
2026-09-26T16:35:39.395887+00:00,64060288,43561216,4194300,64140,113629,1789628,121371,0,0,0,0,0,0
2026-09-26T16:35:40.396745+00:00,64060288,43544404,4194300,64140,113629,1789628,121371,0,0,0,0,0,0
2026-09-26T16:35:41.397617+00:00,64060288,43555672,4194300,64140,113629,1789628,121371,0,0,0,0,0,0
2026-09-26T16:35:42.398366+00:00,64060288,43564764,4194300,64140,113629,1789628,121371,0,0,0,0,0,0
2026-09-26T16:35:43.399232+00:00,64060288,43547544,4194300,64140,113629,1789628,121371,0,0,0,0,0,0
2026-09-26T16:35:44.400113+00:00,64060288,43564056,4194300,64140,113629,1789628,121371,0,0,0,0,0,0
2026-09-26T16:35:45.400989+00:00,64060288,43563612,4194300,64140,113629,1789628,121371,0,0,0,0,0,0
2026-09-26T16:35:46.401843+00:00,64060288,43577480,4194300,64140,113629,1789628,121371,0,0,0,0,0,0
2026-09-26T16:35:47.402692+00:00,64060288,43571936,4194300,64140,113629,1789628,121371,0,0,0,0,0,0
2026-09-26T16:35:48.403513+00:00,64060288,43564044,4194300,64140,113629,1789628,121371,0,0,0,0,0,0
2026-09-26T16:35:49.404256+00:00,64060288,43557348,4194300,64140,113629,1789628,121371,0,0,0,0,0,0
2026-09-26T16:35:50.405116+00:00,64060288,43570432,4194300,64140,113629,1789628,121371,0,0,0,0,0,0
2026-09-26T16:35:51.405977+00:00,64060288,43577152,4194300,64140,113629,1789628,121371,0,0,0,0,0,0
2026-09-26T16:35:52.406770+00:00,64060288,43578956,4194300,64140,113629,1789628,121371,0,0,0,0,0,0
2026-09-26T16:35:53.407621+00:00,64060288,43574836,4194300,64140,113629,1789628,121371,0,0,0,0,0,0
2026-09-26T16:35:54.408446+00:00,64060288,43591176,4194300,64140,113629,1789628,121371,0,0,0,0,0,0
2026-09-26T16:35:55.409290+00:00,64060288,43574592,4194300,64140,113629,1789628,121371,0,0,0,0,0,0
2026-09-26T16:35:56.410037+00:00,64060288,43592568,4194300,64140,113629,1789628,121371,0,0,0,0,0,0
2026-09-26T16:35:57.410884+00:00,64060288,43575220,4194300,64140,113629,1789628,121371,0,0,0,0,0,0
2026-09-26T16:35:58.411746+00:00,64060288,43581612,4194300,64140,113629,1789628,121371,0,0,0,0,0,0
2026-09-26T16:35:59.412471+00:00,64060288,43574212,4194300,64140,113629,1789628,121371,0,0,0,0,0,0
2026-09-26T16:36:00.413337+00:00,64060288,43576152,4194300,64140,113629,1789628,121371,0,0,0,0,0,0
2026-09-26T16:36:01.414200+00:00,64060288,43554708,4194300,64140,113629,1789628,121371,0,0,0,0,0,0
2026-09-26T16:36:02.415058+00:00,64060288,43579776,4194300,64140,113629,1789628,121371,0,0,0,0,0,0
2026-09-26T16:36:03.415872+00:00,64060288,43580904,4194300,64140,113629,1789628,121371,0,0,0,0,0,0
2026-09-26T16:36:04.416740+00:00,64060288,43582712,4194300,64140,113629,1789628,121371,0,0,0,0,0,0
2026-09-26T16:36:05.417617+00:00,64060288,43574900,4194300,64140,113629,1789628,121371,0,0,0,0,0,0
2026-09-26T16:36:06.418367+00:00,64060288,43578992,4194300,64140,113629,1789628,121371,0,0,0,0,0,0
2026-09-26T16:36:07.419219+00:00,64060288,43560008,4194300,64140,113629,1789628,121371,0,0,0,0,0,0
2026-09-26T16:36:08.420068+00:00,64060288,43583872,4194300,64140,113629,1789628,121371,0,0,0,0,0,0
2026-09-26T16:36:09.420919+00:00,64060288,43581612,4194300,64140,113629,1789628,121371,0,0,0,0,0,0
2026-09-26T16:36:10.421743+00:00,64060288,43577656,4194300,64140,113629,1789628,121371,0,0,0,0,0,0
2026-09-26T16:36:11.422589+00:00,64060288,43576404,4194300,64140,113629,1789628,121371,0,0,0,0,0,0
2026-09-26T16:36:12.423449+00:00,64060288,43588428,4194300,64140,113629,1789628,121371,0,0,0,0,0,0
2026-09-26T16:36:13.424315+00:00,64060288,43556480,4194300,64140,113629,1789628,121371,0,0,0,0,0,0
2026-09-26T16:36:14.425180+00:00,64060288,43574840,4194300,64140,113629,1789628,121371,0,0,0,0,0,0
2026-09-26T16:36:15.426035+00:00,64060288,43569624,4194300,64140,113629,1789628,121371,0,0,0,0,0,0
2026-09-26T16:36:16.426872+00:00,64060288,43551528,4194300,64140,113629,1789628,121371,0,0,0,0,0,0
2026-09-26T16:36:17.427608+00:00,64060288,43553940,4194300,64140,113629,1789628,121371,0,0,0,0,0,0
2026-09-26T16:36:18.428443+00:00,64060288,43554236,4194300,64140,113629,1789628,121371,0,0,0,0,0,0
2026-09-26T16:36:19.429317+00:00,64060288,43521908,4194300,64140,113629,1789628,121371,0,0,0,0,0,0
2026-09-26T16:36:20.430179+00:00,64060288,43540636,4194300,64140,113629,1789628,121371,0,0,0,0,0,0
2026-09-26T16:36:21.431034+00:00,64060288,43527196,4194300,64140,113629,1789628,121371,0,0,0,0,0,0
2026-09-26T16:36:22.431894+00:00,64060288,43566916,4194300,64140,113629,1789628,121371,0,0,0,0,0,0
2026-09-26T16:36:23.432751+00:00,64060288,43552700,4194300,64140,113629,1789628,121371,0,0,0,0,0,0
2026-09-26T16:36:24.433548+00:00,64060288,43554108,4194300,64140,113629,1789628,121371,0,0,0,0,0,0
2026-09-26T16:36:25.434419+00:00,64060288,43550392,4194300,64140,113629,1789628,121371,0,0,0,0,0,0
2026-09-26T16:36:26.435270+00:00,64060288,43559580,4194300,64140,113629,1789628,121371,0,0,0,0,0,0
2026-09-26T16:36:27.436138+00:00,64060288,43560604,4194300,64140,113629,1789628,121371,0,0,0,0,0,0
2026-09-26T16:36:28.437008+00:00,64060288,43563732,4194300,64140,113629,1789628,121371,0,0,0,0,0,0
2026-09-26T16:36:29.437882+00:00,64060288,43565440,4194300,64140,113629,1789628,121371,0,0,0,0,0,0
2026-09-26T16:36:30.438747+00:00,64060288,43562108,4194300,64140,113629,1789628,121371,0,0,0,0,0,0
2026-09-26T16:36:31.439556+00:00,64060288,43515204,4194300,64140,113629,1789628,121371,0,0,0,0,0,0
2026-09-26T16:36:32.440423+00:00,64060288,43501876,4194300,64140,113629,1789628,121371,0,0,0,0,0,0
2026-09-26T16:36:33.441292+00:00,64060288,43472420,4194300,64140,113629,1789628,121371,0,0,0,0,0,0
2026-09-26T16:36:34.442158+00:00,64060288,43473324,4194300,64140,113629,1789628,121371,0,0,0,0,0,0
2026-09-26T16:36:35.443036+00:00,64060288,43472404,4194300,64140,113629,1789628,121371,0,0,0,0,0,0
2026-09-26T16:36:36.443895+00:00,64060288,43489412,4194300,64140,113631,1789628,121376,0,0,0,0,0,0
2026-09-26T16:36:37.444752+00:00,64060288,43490212,4194300,64140,113632,1789628,121377,0,0,0,0,0,0
2026-09-26T16:36:38.445471+00:00,64060288,43506924,4194300,64140,113633,1789628,121378,0,0,0,0,0,0
2026-09-26T16:36:39.446344+00:00,64060288,43505712,4194300,64140,113633,1789628,121378,0,0,0,0,0,0
2026-09-26T16:36:40.447213+00:00,64060288,43512696,4194300,64140,113633,1789628,121378,0,0,0,0,0,0
2026-09-26T16:36:41.448086+00:00,64060288,43537044,4194300,64140,113633,1789628,121378,0,0,0,0,0,0
2026-09-26T16:36:42.448947+00:00,64060288,43546348,4194300,64140,113633,1789628,121378,0,0,0,0,0,0
2026-09-26T16:36:43.449823+00:00,64060288,43533032,4194300,64140,113633,1789628,121378,0,0,0,0,0,0
2026-09-26T16:36:44.450715+00:00,64060288,43536448,4194300,64140,113633,1789628,121378,0,0,0,0,0,0
2026-09-26T16:36:45.451467+00:00,64060288,43552960,4194300,64140,113633,1789628,121378,0,0,0,0,0,0
2026-09-26T16:36:46.452332+00:00,64060288,43537508,4194300,64140,113633,1789628,121378,0,0,0,0,0,0
2026-09-26T16:36:47.453202+00:00,64060288,43531600,4194300,64140,113633,1789628,121378,0,0,0,0,0,0
2026-09-26T16:36:48.454060+00:00,64060288,43498888,4194300,64140,113633,1789628,121378,0,0,0,0,0,0
2026-09-26T16:36:49.454853+00:00,64060288,43515476,4194300,64140,113633,1789628,121378,0,0,0,0,0,0
2026-09-26T16:36:50.455718+00:00,64060288,43516556,4194300,64140,113633,1789628,121378,0,0,0,0,0,0
2026-09-26T16:36:51.456568+00:00,64060288,43518052,4194300,64140,113633,1789628,121378,0,0,0,0,0,0
2026-09-26T16:36:52.457414+00:00,64060288,43530920,4194300,64140,113633,1789628,121378,0,0,0,0,0,0
2026-09-26T16:36:53.458255+00:00,64060288,43532944,4194300,64140,113633,1789628,121378,0,0,0,0,0,0
2026-09-26T16:36:54.459119+00:00,64060288,43530600,4194300,64140,113633,1789628,121378,0,0,0,0,0,0
2026-09-26T16:36:55.459972+00:00,64060288,43535236,4194300,64140,113633,1789628,121378,0,0,0,0,0,0
2026-09-26T16:36:56.460874+00:00,64060288,43530536,4194300,64140,113633,1789628,121378,0,0,0,0,0,0
2026-09-26T16:36:57.461739+00:00,64060288,43530244,4194300,64140,113633,1789628,121378,0,0,0,0,0,0
2026-09-26T16:36:58.462590+00:00,64060288,43529116,4194300,64140,113633,1789628,121378,0,0,0,0,0,0
2026-09-26T16:36:59.463442+00:00,64060288,43534288,4194300,64140,113633,1789628,121378,0,0,0,0,0,0
2026-09-26T16:37:00.464312+00:00,64060288,43534592,4194300,64140,113633,1789628,121378,0,0,0,0,0,0
2026-09-26T16:37:01.465165+00:00,64060288,43521332,4194300,64140,113633,1789628,121378,0,0,0,0,0,0
2026-09-26T16:37:02.466000+00:00,64060288,43521448,4194300,64140,113633,1789628,121378,0,0,0,0,0,0
2026-09-26T16:37:03.466781+00:00,64060288,43532200,4194300,64140,113633,1789628,121378,0,0,0,0,0,0
2026-09-26T16:37:04.467630+00:00,64060288,43509092,4194300,64140,113633,1789628,121378,0,0,0,0,0,0
2026-09-26T16:37:05.468483+00:00,64060288,43516452,4194300,64140,113633,1789628,121378,0,0,0,0,0,0
2026-09-26T16:37:06.469338+00:00,64060288,43513768,4194300,64140,113633,1789628,121378,0,0,0,0,0,0
2026-09-26T16:37:07.470126+00:00,64060288,43514480,4194300,64140,113633,1789628,121378,0,0,0,0,0,0
2026-09-26T16:37:08.470991+00:00,64060288,43524608,4194300,64140,113634,1789628,121379,0,0,0,0,0,0
2026-09-26T16:37:09.471868+00:00,64060288,43516048,4194300,64140,113634,1789628,121379,0,0,0,0,0,0
2026-09-26T16:37:10.472677+00:00,64060288,43527552,4194300,64140,113634,1789628,121379,0,0,0,0,0,0
2026-09-26T16:37:11.473531+00:00,64060288,43523772,4194300,64140,113634,1789628,121379,0,0,0,0,0,0
2026-09-26T16:37:12.474382+00:00,64060288,43515512,4194300,64140,113634,1789628,121379,0,0,0,0,0,0
2026-09-26T16:37:13.475241+00:00,64060288,43515004,4194300,64140,113634,1789628,121379,0,0,0,0,0,0
2026-09-26T16:37:14.475993+00:00,64060288,43515840,4194300,64140,113634,1789628,121379,0,0,0,0,0,0
2026-09-26T16:37:15.476868+00:00,64060288,43497800,4194300,64140,113634,1789628,121379,0,0,0,0,0,0
2026-09-26T16:37:16.477739+00:00,64060288,43471388,4194300,64140,113634,1789628,121379,0,0,0,0,0,0
2026-09-26T16:37:17.478593+00:00,64060288,43467796,4194300,64140,113634,1789628,121379,0,0,0,0,0,0
2026-09-26T16:37:18.479722+00:00,64060288,43480764,4194300,64140,113634,1789628,121379,0,0,0,0,0,0
2026-09-26T16:37:19.480881+00:00,64060288,43506240,4194300,64140,113634,1789628,121379,0,0,0,0,0,0
2026-09-26T16:37:20.482093+00:00,64060288,43503876,4194300,64140,113634,1789628,121379,0,0,0,0,0,0
2026-09-26T16:37:21.483209+00:00,64060288,43516860,4194300,64140,113634,1789628,121379,0,0,0,0,0,0
2026-09-26T16:37:22.484377+00:00,64060288,43495080,4194300,64140,113634,1789628,121379,0,0,0,0,0,0
2026-09-26T16:37:23.485617+00:00,64060288,43496860,4194300,64140,113634,1789628,121379,0,0,0,0,0,0
2026-09-26T16:37:24.486785+00:00,64060288,43515048,4194300,64140,113634,1789628,121379,0,0,0,0,0,0
2026-09-26T16:37:25.487899+00:00,64060288,43497280,4194300,64140,113635,1789628,121380,0,0,0,0,0,0
2026-09-26T16:37:26.489068+00:00,64060288,43486240,4194300,64140,113635,1789628,121380,0,0,0,0,0,0
2026-09-26T16:37:27.490243+00:00,64060288,43508324,4194300,64140,113635,1789628,121380,0,0,0,0,0,0
2026-09-26T16:37:28.491434+00:00,64060288,43493332,4194300,64140,113635,1789628,121380,0,0,0,0,0,0
2026-09-26T16:37:29.492639+00:00,64060288,43489584,4194300,64140,113635,1789628,121380,0,0,0,0,0,0
2026-09-26T16:37:30.493802+00:00,64060288,43511716,4194300,64140,113635,1789628,121380,0,0,0,0,0,0
2026-09-26T16:37:31.494953+00:00,64060288,43506468,4194300,64140,113635,1789628,121380,0,0,0,0,0,0
2026-09-26T16:37:32.495683+00:00,64060288,43509192,4194300,64140,113635,1789628,121380,0,0,0,0,0,0
2026-09-26T16:37:33.496509+00:00,64060288,43505460,4194300,64140,113635,1789628,121380,0,0,0,0,0,0
2026-09-26T16:37:34.497367+00:00,64060288,43505800,4194300,64140,113635,1789628,121380,0,0,0,0,0,0
2026-09-26T16:37:35.498216+00:00,64060288,43514588,4194300,64140,113635,1789628,121380,0,0,0,0,0,0
2026-09-26T16:37:36.498965+00:00,64060288,43515448,4194300,64140,113635,1789628,121380,0,0,0,0,0,0
2026-09-26T16:37:37.499832+00:00,64060288,43506516,4194300,64140,113635,1789628,121380,0,0,0,0,0,0
2026-09-26T16:37:38.500664+00:00,64060288,43504504,4194300,64140,113635,1789628,121380,0,0,0,0,0,0
2026-09-26T16:37:39.501498+00:00,64060288,43514036,4194300,64140,113635,1789628,121380,0,0,0,0,0,0
2026-09-26T16:37:40.502355+00:00,64060288,43518640,4194300,64140,113635,1789628,121380,0,0,0,0,0,0
2026-09-26T16:37:41.503227+00:00,64060288,43509448,4194300,64140,113635,1789628,121380,0,0,0,0,0,0
2026-09-26T16:37:42.504080+00:00,64060288,43501724,4194300,64140,113635,1789628,121380,0,0,0,0,0,0
2026-09-26T16:37:43.504841+00:00,64060288,43494204,4194300,64140,113635,1789628,121380,0,0,0,0,0,0
2026-09-26T16:37:44.505721+00:00,64060288,43491688,4194300,64140,113635,1789628,121380,0,0,0,0,0,0
2026-09-26T16:37:45.506640+00:00,64060288,43463852,4194300,64140,113635,1789628,121380,0,0,0,0,0,0
2026-09-26T16:37:46.507497+00:00,64060288,43488884,4194300,64140,113635,1789628,121380,0,0,0,0,0,0
2026-09-26T16:37:47.508369+00:00,64060288,43471016,4194300,64140,113635,1789628,121380,0,0,0,0,0,0
2026-09-26T16:37:48.509238+00:00,64060288,43470908,4194300,64140,113635,1789628,121380,0,0,0,0,0,0
2026-09-26T16:37:49.510123+00:00,64060288,43497936,4194300,64140,113635,1789628,121380,0,0,0,0,0,0
2026-09-26T16:37:50.510899+00:00,64060288,43495012,4194300,64140,113635,1789628,121380,0,0,0,0,0,0
2026-09-26T16:37:51.511756+00:00,64060288,43499408,4194300,64140,113635,1789628,121380,0,0,0,0,0,0
2026-09-26T16:37:52.512626+00:00,64060288,43499852,4194300,64140,113635,1789628,121380,0,0,0,0,0,0
2026-09-26T16:37:53.513478+00:00,64060288,43492972,4194300,64140,113635,1789628,121380,0,0,0,0,0,0
2026-09-26T16:37:54.514260+00:00,64060288,43494920,4194300,64140,113635,1789628,121380,0,0,0,0,0,0
2026-09-26T16:37:55.515129+00:00,64060288,43487896,4194300,64140,113635,1789628,121380,0,0,0,0,0,0
2026-09-26T16:37:56.516009+00:00,64060288,43492112,4194300,64140,113635,1789628,121380,0,0,0,0,0,0
2026-09-26T16:37:57.516874+00:00,64060288,43491400,4194300,64140,113635,1789628,121380,0,0,0,0,0,0
2026-09-26T16:37:58.517645+00:00,64060288,43496104,4194300,64140,113635,1789628,121380,0,0,0,0,0,0
2026-09-26T16:37:59.518491+00:00,64060288,43497060,4194300,64140,113635,1789628,121380,0,0,0,0,0,0
2026-09-26T16:38:00.519346+00:00,64060288,43486008,4194300,64140,113635,1789628,121380,0,0,0,0,0,0
2026-09-26T16:38:01.520233+00:00,64060288,43486576,4194300,64140,113635,1789628,121380,0,0,0,0,0,0
2026-09-26T16:38:02.521089+00:00,64060288,43480288,4194300,64140,113635,1789628,121380,0,0,0,0,0,0
2026-09-26T16:38:03.521948+00:00,64060288,43471456,4194300,64140,113635,1789628,121380,0,0,0,0,0,0
2026-09-26T16:38:04.522795+00:00,64060288,43481868,4194300,64140,113635,1789628,121380,0,0,0,0,0,0
2026-09-26T16:38:05.523543+00:00,64060288,43481780,4194300,64140,113635,1789628,121380,0,0,0,0,0,0
2026-09-26T16:38:06.524399+00:00,64060288,43483776,4194300,64140,113635,1789628,121380,0,0,0,0,0,0
2026-09-26T16:38:07.525284+00:00,64060288,43489512,4194300,64140,113635,1789628,121380,0,0,0,0,0,0
2026-09-26T16:38:08.526136+00:00,64060288,43482572,4194300,64140,113635,1789628,121380,0,0,0,0,0,0
2026-09-26T16:38:09.526916+00:00,64060288,43484860,4194300,64140,113635,1789628,121380,0,0,0,0,0,0
2026-09-26T16:38:10.527767+00:00,64060288,43469540,4194300,64140,113635,1789628,121380,0,0,0,0,0,0
2026-09-26T16:38:11.528619+00:00,64060288,43479344,4194300,64140,113635,1789628,121380,0,0,0,0,0,0
2026-09-26T16:38:12.529466+00:00,64060288,43481296,4194300,64140,113635,1789628,121380,0,0,0,0,0,0
2026-09-26T16:38:13.530323+00:00,64060288,43452868,4194300,64140,113635,1789628,121380,0,0,0,0,0,0
2026-09-26T16:38:14.531174+00:00,64060288,43451652,4194300,64140,113635,1789628,121380,0,0,0,0,0,0
2026-09-26T16:38:15.532047+00:00,64060288,43467016,4194300,64140,113635,1789628,121380,0,0,0,0,0,0
2026-09-26T16:38:16.532812+00:00,64060288,43466452,4194300,64140,113635,1789628,121380,0,0,0,0,0,0
2026-09-26T16:38:17.533669+00:00,64060288,43480388,4194300,64140,113635,1789628,121380,0,0,0,0,0,0
2026-09-26T16:38:18.534521+00:00,64060288,43474380,4194300,64140,113635,1789628,121380,0,0,0,0,0,0
2026-09-26T16:38:19.535362+00:00,64060288,43462332,4194300,64140,113635,1789628,121380,0,0,0,0,0,0
2026-09-26T16:38:20.536062+00:00,64060288,43460856,4194300,64140,113635,1789628,121380,0,0,0,0,0,0
2026-09-26T16:38:21.536942+00:00,64060288,43467888,4194300,64140,113635,1789628,121380,0,0,0,0,0,0
2026-09-26T16:38:22.537814+00:00,64060288,43471652,4194300,64140,113635,1789628,121380,0,0,0,0,0,0
2026-09-26T16:38:23.538660+00:00,64060288,43476712,4194300,64140,113635,1789628,121380,0,0,0,0,0,0
2026-09-26T16:38:24.539506+00:00,64060288,43474480,4194300,64140,113635,1789628,121380,0,0,0,0,0,0
2026-09-26T16:38:25.540356+00:00,64060288,43480884,4194300,64140,113635,1789628,121380,0,0,0,0,0,0
2026-09-26T16:38:26.541166+00:00,64060288,43455632,4194300,64140,113635,1789628,121380,0,0,0,0,0,0
2026-09-26T16:38:27.541797+00:00,64060288,43455644,4194300,64140,113635,1789628,121380,0,0,0,0,0,0
2026-09-26T16:38:28.542621+00:00,64060288,43469064,4194300,64140,113635,1789628,121380,0,0,0,0,0,0
2026-09-26T16:38:29.543468+00:00,64060288,43464916,4194300,64140,113635,1789628,121380,0,0,0,0,0,0
2026-09-26T16:38:30.544343+00:00,64060288,43459688,4194300,64140,113635,1789628,121380,0,0,0,0,0,0
2026-09-26T16:38:31.545101+00:00,64060288,43460720,4194300,64140,113635,1789628,121380,0,0,0,0,0,0
2026-09-26T16:38:32.545975+00:00,64060288,43465620,4194300,64140,113635,1789628,121380,0,0,0,0,0,0
2026-09-26T16:38:33.546863+00:00,64060288,43449040,4194300,64140,113635,1789628,121380,0,0,0,0,0,0
2026-09-26T16:38:34.548245+00:00,64060288,43445452,4194300,64140,113636,1789628,121383,0,0,0,0,0,0
2026-09-26T16:38:35.549046+00:00,64060288,43410112,4194300,64140,113636,1789628,121383,0,0,0,0,0,0
2026-09-26T16:38:36.549933+00:00,64060288,43423436,4194300,64140,113636,1789628,121383,0,0,0,0,0,0
2026-09-26T16:38:37.550837+00:00,64060288,43410380,4194300,64140,113636,1789628,121383,0,0,0,0,0,0
2026-09-26T16:38:38.551696+00:00,64060288,43409772,4194300,64140,113636,1789628,121383,0,0,0,0,0,0
2026-09-26T16:38:39.552534+00:00,64060288,43407248,4194300,64140,113636,1789628,121383,0,0,0,0,0,0
2026-09-26T16:38:40.553389+00:00,64060288,43370760,4194300,64140,113636,1789628,121383,0,0,0,0,0,0
2026-09-26T16:38:41.554253+00:00,64060288,43378976,4194300,64140,113636,1789628,121383,0,0,0,0,0,0
2026-09-26T16:38:42.555042+00:00,64060288,43428016,4194300,64140,113636,1789628,121383,0,0,0,0,0,0
2026-09-26T16:38:43.555906+00:00,64060288,43422552,4194300,64140,113636,1789628,121383,0,0,0,0,0,0
2026-09-26T16:38:44.556769+00:00,64060288,43406152,4194300,64140,113636,1789628,121383,0,0,0,0,0,0
2026-09-26T16:38:45.557638+00:00,64060288,43435072,4194300,64140,113636,1789628,121383,0,0,0,0,0,0
2026-09-26T16:38:46.558395+00:00,64060288,43400112,4194300,64140,113636,1789628,121383,0,0,0,0,0,0
2026-09-26T16:38:47.559246+00:00,64060288,43392492,4194300,64140,113636,1789628,121383,0,0,0,0,0,0
2026-09-26T16:38:48.560106+00:00,64060288,43405416,4194300,64140,113636,1789628,121383,0,0,0,0,0,0
2026-09-26T16:38:49.560978+00:00,64060288,43435424,4194300,64140,113636,1789628,121383,0,0,0,0,0,0
2026-09-26T16:38:50.561846+00:00,64060288,43434276,4194300,64140,113636,1789628,121383,0,0,0,0,0,0
2026-09-26T16:38:51.562716+00:00,64060288,43428612,4194300,64140,113636,1789628,121383,0,0,0,0,0,0
2026-09-26T16:38:52.563562+00:00,64060288,43433880,4194300,64140,113636,1789628,121383,0,0,0,0,0,0
2026-09-26T16:38:53.564340+00:00,64060288,43438056,4194300,64140,113636,1789628,121383,0,0,0,0,0,0
2026-09-26T16:38:54.565227+00:00,64060288,43445396,4194300,64140,113636,1789628,121384,0,0,0,0,0,0
2026-09-26T16:38:55.566085+00:00,64060288,43437220,4194300,64140,113636,1789628,121384,0,0,0,0,0,0
2026-09-26T16:38:56.566921+00:00,64060288,43413292,4194300,64140,113636,1789628,121384,0,0,0,0,0,0
2026-09-26T16:38:57.567636+00:00,64060288,43429132,4194300,64140,113636,1789628,121384,0,0,0,0,0,0
2026-09-26T16:38:58.568478+00:00,64060288,43433160,4194300,64140,113636,1789628,121384,0,0,0,0,0,0
2026-09-26T16:38:59.569352+00:00,64060288,43436856,4194300,64140,113636,1789628,121384,0,0,0,0,0,0
2026-09-26T16:39:00.570222+00:00,64060288,43439212,4194300,64140,113636,1789628,121384,0,0,0,0,0,0
2026-09-26T16:39:01.571080+00:00,64060288,43438192,4194300,64140,113636,1789628,121384,0,0,0,0,0,0
2026-09-26T16:39:02.571931+00:00,64060288,43427084,4194300,64140,113636,1789628,121384,0,0,0,0,0,0
2026-09-26T16:39:03.572893+00:00,64060288,43444072,4194300,64140,113636,1789628,121384,0,0,0,0,0,0
2026-09-26T16:39:04.573664+00:00,64060288,43425144,4194300,64140,113636,1789628,121384,0,0,0,0,0,0
2026-09-26T16:39:05.574530+00:00,64060288,43406764,4194300,64140,113636,1789628,121384,0,0,0,0,0,0
2026-09-26T16:39:06.575380+00:00,64060288,43391424,4194300,64140,113636,1789628,121384,0,0,0,0,0,0
2026-09-26T16:39:07.576266+00:00,64060288,43403800,4194300,64140,113636,1789628,121384,0,0,0,0,0,0
2026-09-26T16:39:08.577024+00:00,64060288,43398580,4194300,64140,113636,1789628,121384,0,0,0,0,0,0
2026-09-26T16:39:09.577856+00:00,64060288,43398260,4194300,64140,113636,1789628,121384,0,0,0,0,0,0
2026-09-26T16:39:10.578860+00:00,64060288,43393628,4194300,64140,113636,1789628,121384,0,0,0,0,0,0
2026-09-26T16:39:11.579703+00:00,64060288,43413744,4194300,64140,113636,1789628,121384,0,0,0,0,0,0
2026-09-26T16:39:12.580479+00:00,64060288,43437480,4194300,64140,113636,1789628,121384,0,0,0,0,0,0
2026-09-26T16:39:13.581340+00:00,64060288,43430280,4194300,64140,113636,1789628,121384,0,0,0,0,0,0
2026-09-26T16:39:14.582171+00:00,64060288,43430468,4194300,64140,113636,1789628,121384,0,0,0,0,0,0
2026-09-26T16:39:15.583028+00:00,64060288,43433416,4194300,64140,113636,1789628,121384,0,0,0,0,0,0
2026-09-26T16:39:16.583789+00:00,64060288,43413372,4194300,64140,113636,1789628,121384,0,0,0,0,0,0
2026-09-26T16:39:17.584647+00:00,64060288,43412908,4194300,64140,113637,1789628,121385,0,0,0,0,0,0
2026-09-26T16:39:18.585498+00:00,64060288,43408536,4194300,64140,113637,1789628,121385,0,0,0,0,0,0
2026-09-26T16:39:19.586376+00:00,64060288,43415828,4194300,64140,113637,1789628,121385,0,0,0,0,0,0
2026-09-26T16:39:20.587239+00:00,64060288,43416000,4194300,64140,113637,1789628,121385,0,0,0,0,0,0
2026-09-26T16:39:21.588146+00:00,64060288,43423080,4194300,64140,113637,1789628,121385,0,0,0,0,0,0
2026-09-26T16:39:22.588997+00:00,64060288,43420140,4194300,64140,113638,1789628,121386,0,0,0,0,0,0
2026-09-26T16:39:23.589825+00:00,64060288,43398852,4194300,64140,113638,1789628,121386,0,0,0,0,0,0
2026-09-26T16:39:24.590675+00:00,64060288,43403676,4194300,64140,113638,1789628,121386,0,0,0,0,0,0
2026-09-26T16:39:25.591533+00:00,64060288,43420104,4194300,64140,113638,1789628,121386,0,0,0,0,0,0
2026-09-26T16:39:26.592369+00:00,64060288,43432100,4194300,64140,113638,1789628,121386,0,0,0,0,0,0
2026-09-26T16:39:27.593103+00:00,64060288,43452776,4194300,64140,113638,1789628,121386,0,0,0,0,0,0
2026-09-26T16:39:28.593960+00:00,64060288,43455064,4194300,64140,113638,1789628,121386,0,0,0,0,0,0
2026-09-26T16:39:29.594828+00:00,64060288,43454212,4194300,64140,113638,1789628,121386,0,0,0,0,0,0
2026-09-26T16:39:30.595629+00:00,64060288,43460600,4194300,64140,113638,1789628,121386,0,0,0,0,0,0
2026-09-26T16:39:31.596367+00:00,64060288,43436956,4194300,64140,113638,1789628,121386,0,0,0,0,0,0
2026-09-26T16:39:32.597198+00:00,64060288,43434820,4194300,64140,113638,1789628,121386,0,0,0,0,0,0
2026-09-26T16:39:33.598075+00:00,64060288,43446720,4194300,64140,113638,1789628,121386,0,0,0,0,0,0
2026-09-26T16:39:34.598961+00:00,64060288,43445752,4194300,64140,113638,1789628,121386,0,0,0,0,0,0
2026-09-26T16:39:35.599836+00:00,64060288,43446168,4194300,64140,113638,1789628,121386,0,0,0,0,0,0
2026-09-26T16:39:36.600717+00:00,64060288,43417520,4194300,64140,113638,1789628,121386,0,0,0,0,0,0
2026-09-26T16:39:37.601561+00:00,64060288,43418344,4194300,64140,113638,1789628,121386,0,0,0,0,0,0
2026-09-26T16:39:38.602318+00:00,64060288,43407608,4194300,64140,113638,1789628,121386,0,0,0,0,0,0
2026-09-26T16:39:39.603214+00:00,64060288,43404608,4194300,64140,113638,1789628,121386,0,0,0,0,0,0
2026-09-26T16:39:40.604086+00:00,64060288,43401936,4194300,64140,113638,1789628,121386,0,0,0,0,0,0
2026-09-26T16:39:41.604942+00:00,64060288,43422700,4194300,64140,113638,1789628,121386,0,0,0,0,0,0
2026-09-26T16:39:42.605716+00:00,64060288,43436280,4194300,64140,113638,1789628,121386,0,0,0,0,0,0
2026-09-26T16:39:43.606562+00:00,64060288,43434148,4194300,64140,113638,1789628,121386,0,0,0,0,0,0
2026-09-26T16:39:44.607424+00:00,64060288,43430380,4194300,64140,113638,1789628,121386,0,0,0,0,0,0
2026-09-26T16:39:45.608287+00:00,64060288,43440008,4194300,64084,113638,1789628,121386,0,0,0,0,0,0
2026-09-26T16:39:46.609079+00:00,64060288,43423952,4194300,64084,113638,1789628,121386,0,0,0,0,0,0
2026-09-26T16:39:47.609941+00:00,64060288,43424580,4194300,64084,113638,1789628,121386,0,0,0,0,0,0
2026-09-26T16:39:48.610828+00:00,64060288,43423620,4194300,64084,113638,1789628,121386,0,0,0,0,0,0
2026-09-26T16:39:49.611678+00:00,64060288,43414412,4194300,64084,113638,1789628,121386,0,0,0,0,0,0
2026-09-26T16:39:50.612439+00:00,64060288,43418040,4194300,64084,113638,1789628,121386,0,0,0,0,0,0
2026-09-26T16:39:51.613295+00:00,64060288,43422332,4194300,64084,113638,1789628,121386,0,0,0,0,0,0
2026-09-26T16:39:52.614175+00:00,64060288,43400780,4194300,64084,113638,1789628,121386,0,0,0,0,0,0
2026-09-26T16:39:53.615051+00:00,64060288,43415524,4194300,64084,113638,1789628,121386,0,0,0,0,0,0
2026-09-26T16:39:54.615906+00:00,64060288,43425516,4194300,64084,113638,1789628,121386,0,0,0,0,0,0
2026-09-26T16:39:55.616765+00:00,64060288,43427792,4194300,64084,113638,1789628,121386,0,0,0,0,0,0
2026-09-26T16:39:56.617610+00:00,64060288,43430620,4194300,64084,113638,1789628,121386,0,0,0,0,0,0
2026-09-26T16:39:57.618363+00:00,64060288,43434564,4194300,64084,113638,1789628,121386,0,0,0,0,0,0
2026-09-26T16:39:58.619219+00:00,64060288,43423252,4194300,64084,113638,1789628,121386,0,0,0,0,0,0
2026-09-26T16:39:59.620069+00:00,64060288,43429228,4194300,64084,113638,1789628,121386,0,0,0,0,0,0
2026-09-26T16:40:00.620917+00:00,64060288,43434272,4194300,64084,113638,1789628,121386,0,0,0,0,0,0
2026-09-26T16:40:01.621707+00:00,64060288,43419860,4194300,64084,113638,1789628,121386,0,0,0,0,0,0
2026-09-26T16:40:02.622539+00:00,64060288,43419576,4194300,64084,113638,1789628,121386,0,0,0,0,0,0
2026-09-26T16:40:03.623373+00:00,64060288,43427028,4194300,64084,113638,1789628,121386,0,0,0,0,0,0
2026-09-26T16:40:04.624225+00:00,64060288,43408852,4194300,64084,113638,1789628,121386,0,0,0,0,0,0
2026-09-26T16:40:05.625004+00:00,64060288,43404248,4194300,64084,113638,1789628,121386,0,0,0,0,0,0
2026-09-26T16:40:06.625858+00:00,64060288,43418936,4194300,64084,113638,1789628,121386,0,0,0,0,0,0
2026-09-26T16:40:07.626724+00:00,64060288,43416388,4194300,64084,113638,1789628,121386,0,0,0,0,0,0
2026-09-26T16:40:08.627570+00:00,64060288,43423584,4194300,64084,113638,1789628,121386,0,0,0,0,0,0
2026-09-26T16:40:09.628351+00:00,64060288,43424608,4194300,64084,113638,1789628,121386,0,0,0,0,0,0
2026-09-26T16:40:10.629218+00:00,64060288,43422732,4194300,64084,113638,1789628,121386,0,0,0,0,0,0
2026-09-26T16:40:11.630087+00:00,64060288,43427276,4194300,64084,113638,1789628,121386,0,0,0,0,0,0
2026-09-26T16:40:12.630963+00:00,64060288,43421908,4194300,64084,113638,1789628,121386,0,0,0,0,0,0
2026-09-26T16:40:13.631849+00:00,64060288,43422412,4194300,64084,113638,1789628,121386,0,0,0,0,0,0
2026-09-26T16:40:14.632687+00:00,64060288,43424280,4194300,64084,113638,1789628,121386,0,0,0,0,0,0
2026-09-26T16:40:15.633536+00:00,64060288,43422548,4194300,64084,113638,1789628,121386,0,0,0,0,0,0
2026-09-26T16:40:16.634288+00:00,64060288,43414688,4194300,64084,113638,1789628,121386,0,0,0,0,0,0
2026-09-26T16:40:17.635142+00:00,64060288,43419140,4194300,64084,113638,1789628,121386,0,0,0,0,0,0
2026-09-26T16:40:18.636023+00:00,64060288,43416936,4194300,64084,113638,1789628,121386,0,0,0,0,0,0
2026-09-26T16:40:19.636880+00:00,64060288,43383448,4194300,64084,113638,1789628,121386,0,0,0,0,0,0
2026-09-26T16:40:20.637621+00:00,64060288,43400276,4194300,64084,113638,1789628,121386,0,0,0,0,0,0
2026-09-26T16:40:21.638482+00:00,64060288,43406972,4194300,64084,113638,1789628,121386,0,0,0,0,0,0
2026-09-26T16:40:22.639357+00:00,64060288,43409424,4194300,64084,113638,1789628,121386,0,0,0,0,0,0
2026-09-26T16:40:23.640204+00:00,64060288,43406460,4194300,64084,113638,1789628,121390,0,0,0,0,0,0
2026-09-26T16:40:24.640969+00:00,64060288,43413768,4194300,64084,113638,1789628,121390,0,0,0,0,0,0
2026-09-26T16:40:25.641838+00:00,64060288,43407376,4194300,64084,113638,1789628,121390,0,0,0,0,0,0
2026-09-26T16:40:26.642705+00:00,64060288,43404968,4194300,64084,113638,1789628,121390,0,0,0,0,0,0
2026-09-26T16:40:27.643567+00:00,64060288,43414736,4194300,64084,113638,1789628,121390,0,0,0,0,0,0
2026-09-26T16:40:28.644370+00:00,64060288,43412220,4194300,64084,113638,1789628,121390,0,0,0,0,0,0
2026-09-26T16:40:29.645246+00:00,64060288,43406192,4194300,64084,113638,1789628,121390,0,0,0,0,0,0
2026-09-26T16:40:30.646111+00:00,64060288,43410140,4194300,64084,113638,1789628,121390,0,0,0,0,0,0
2026-09-26T16:40:31.646983+00:00,64060288,43416316,4194300,64084,113638,1789628,121390,0,0,0,0,0,0
2026-09-26T16:40:32.647717+00:00,64060288,43392384,4194300,64084,113638,1789628,121390,0,0,0,0,0,0
2026-09-26T16:40:33.648563+00:00,64060288,43401460,4194300,64084,113638,1789628,121390,0,0,0,0,0,0
2026-09-26T16:40:34.649426+00:00,64060288,43377652,4194300,64084,113638,1789628,121390,0,0,0,0,0,0
2026-09-26T16:40:35.650290+00:00,64060288,43384752,4194300,64084,113638,1789628,121390,0,0,0,0,0,0
2026-09-26T16:40:36.651154+00:00,64060288,43391392,4194300,64084,113638,1789628,121390,0,0,0,0,0,0
2026-09-26T16:40:37.652046+00:00,64060288,43388528,4194300,64084,113638,1789628,121390,0,0,0,0,0,0
2026-09-26T16:40:38.652922+00:00,64060288,43385548,4194300,64084,113638,1789628,121390,0,0,0,0,0,0
2026-09-26T16:40:39.653790+00:00,64060288,43386072,4194300,64084,113638,1789628,121390,0,0,0,0,0,0
2026-09-26T16:40:40.654641+00:00,64060288,43391936,4194300,64084,113638,1789628,121390,0,0,0,0,0,0
2026-09-26T16:40:41.655477+00:00,64060288,43388840,4194300,64084,113638,1789628,121390,0,0,0,0,0,0
2026-09-26T16:40:42.656341+00:00,64060288,43377636,4194300,64084,113638,1789628,121390,0,0,0,0,0,0
2026-09-26T16:40:43.657140+00:00,64060288,43345380,4194300,64084,113638,1789628,121390,0,0,0,0,0,0
2026-09-26T16:40:44.658000+00:00,64060288,43377304,4194300,64084,113638,1789628,121390,0,0,0,0,0,0
2026-09-26T16:40:45.658895+00:00,64060288,43377540,4194300,64084,113638,1789628,121390,0,0,0,0,0,0
2026-09-26T16:40:46.659729+00:00,64060288,43363328,4194300,64084,113638,1789628,121390,0,0,0,0,0,0
2026-09-26T16:40:47.660490+00:00,64060288,43367300,4194300,64084,113638,1789628,121390,0,0,0,0,0,0
2026-09-26T16:40:48.661343+00:00,64060288,43378880,4194300,64084,113638,1789628,121390,0,0,0,0,0,0
2026-09-26T16:40:49.662200+00:00,64060288,43377608,4194300,64084,113638,1789628,121390,0,0,0,0,0,0
2026-09-26T16:40:50.663062+00:00,64060288,43377852,4194300,64084,113638,1789628,121390,0,0,0,0,0,0
2026-09-26T16:40:51.663860+00:00,64060288,43377920,4194300,64084,113638,1789628,121390,0,0,0,0,0,0
2026-09-26T16:40:52.664692+00:00,64060288,43379588,4194300,64084,113638,1789628,121390,0,0,0,0,0,0
2026-09-26T16:40:53.665524+00:00,64060288,43391108,4194300,64084,113638,1789628,121390,0,0,0,0,0,0
2026-09-26T16:40:54.666370+00:00,64060288,43370276,4194300,64084,113638,1789628,121390,0,0,0,0,0,0
2026-09-26T16:40:55.667100+00:00,64060288,43386156,4194300,64084,113638,1789628,121390,0,0,0,0,0,0
2026-09-26T16:40:56.667973+00:00,64060288,43391412,4194300,64084,113638,1789628,121390,0,0,0,0,0,0
2026-09-26T16:40:57.668829+00:00,64060288,43391952,4194300,64084,113638,1789628,121390,0,0,0,0,0,0
2026-09-26T16:40:58.669673+00:00,64060288,43385632,4194300,64084,113638,1789628,121390,0,0,0,0,0,0
2026-09-26T16:40:59.670523+00:00,64060288,43384280,4194300,64084,113638,1789628,121390,0,0,0,0,0,0
2026-09-26T16:41:00.671390+00:00,64060288,43339728,4194300,64084,113638,1789628,121390,0,0,0,0,0,0
2026-09-26T16:41:01.672257+00:00,64060288,43330696,4194300,64084,113638,1789628,121390,0,0,0,0,0,0
2026-09-26T16:41:02.673120+00:00,64060288,43320040,4194300,64084,113638,1789628,121390,0,0,0,0,0,0
2026-09-26T16:41:03.673982+00:00,64060288,43334320,4194300,64084,113638,1789628,121390,0,0,0,0,0,0
2026-09-26T16:41:04.674862+00:00,64060288,43363180,4194300,64084,113638,1789628,121390,0,0,0,0,0,0
2026-09-26T16:41:05.675745+00:00,64060288,43365584,4194300,64084,113638,1789628,121390,0,0,0,0,0,0
2026-09-26T16:41:06.676600+00:00,64060288,43347164,4194300,64084,113638,1789628,121390,0,0,0,0,0,0
2026-09-26T16:41:07.677450+00:00,64060288,43347332,4194300,64084,113638,1789628,121390,0,0,0,0,0,0
2026-09-26T16:41:08.678311+00:00,64060288,43349576,4194300,64084,113638,1789628,121390,0,0,0,0,0,0
2026-09-26T16:41:09.679181+00:00,64060288,43353304,4194300,64084,113638,1789628,121390,0,0,0,0,0,0
2026-09-26T16:41:10.680038+00:00,64060288,43356220,4194300,64084,113638,1789628,121390,0,0,0,0,0,0
2026-09-26T16:41:11.680930+00:00,64060288,43368032,4194300,64084,113638,1789628,121390,0,0,0,0,0,0
2026-09-26T16:41:12.681786+00:00,64060288,43372700,4194300,64084,113638,1789628,121390,0,0,0,0,0,0
2026-09-26T16:41:13.682637+00:00,64060288,43356876,4194300,64084,113638,1789628,121390,0,0,0,0,0,0
2026-09-26T16:41:14.683474+00:00,64060288,43321944,4194300,64084,113638,1789628,121390,0,0,0,0,0,0
2026-09-26T16:41:15.684328+00:00,64060288,43323536,4194300,64084,113638,1789628,121390,0,0,0,0,0,0
2026-09-26T16:41:16.685191+00:00,64060288,43323868,4194300,64084,113638,1789628,121390,0,0,0,0,0,0
2026-09-26T16:41:17.686092+00:00,64060288,43340948,4194300,64084,113638,1789628,121390,0,0,0,0,0,0
2026-09-26T16:41:18.686892+00:00,64060288,43338756,4194300,64084,113638,1789628,121390,0,0,0,0,0,0
2026-09-26T16:41:19.687741+00:00,64060288,43344956,4194300,64084,113638,1789628,121390,0,0,0,0,0,0
2026-09-26T16:41:20.688617+00:00,64060288,43342848,4194300,64084,113638,1789628,121390,0,0,0,0,0,0
2026-09-26T16:41:21.689443+00:00,64060288,43345168,4194300,64084,113638,1789628,121390,0,0,0,0,0,0
2026-09-26T16:41:22.690384+00:00,64060288,43336788,4194300,64084,113638,1789628,121390,0,0,0,0,0,0
2026-09-26T16:41:23.691258+00:00,64060288,43348148,4194300,64084,113638,1789628,121390,0,0,0,0,0,0
2026-09-26T16:41:24.692125+00:00,64060288,43343352,4194300,64084,113638,1789628,121390,0,0,0,0,0,0
2026-09-26T16:41:25.692998+00:00,64060288,43337748,4194300,64084,113638,1789628,121390,0,0,0,0,0,0
2026-09-26T16:41:26.693786+00:00,64060288,43321176,4194300,64084,113638,1789628,121390,0,0,0,0,0,0
2026-09-26T16:41:27.694632+00:00,64060288,43314432,4194300,64084,113638,1789628,121390,0,0,0,0,0,0
2026-09-26T16:41:28.695488+00:00,64060288,43323732,4194300,64084,113638,1789628,121390,0,0,0,0,0,0
2026-09-26T16:41:29.696352+00:00,64060288,43339672,4194300,64084,113638,1789628,121390,0,0,0,0,0,0
2026-09-26T16:41:30.697165+00:00,64060288,43322216,4194300,64084,113638,1789628,121390,0,0,0,0,0,0
2026-09-26T16:41:31.698031+00:00,64060288,43335968,4194300,64084,113638,1789628,121390,0,0,0,0,0,0
2026-09-26T16:41:32.698896+00:00,64060288,43344616,4194300,64084,113638,1789628,121390,0,0,0,0,0,0
2026-09-26T16:41:33.699720+00:00,64060288,43346400,4194300,64084,113638,1789628,121390,0,0,0,0,0,0
2026-09-26T16:41:34.700417+00:00,64060288,43349428,4194300,64084,113638,1789628,121390,0,0,0,0,0,0
2026-09-26T16:41:35.701322+00:00,64060288,43359956,4194300,64084,113638,1789628,121390,0,0,0,0,0,0
2026-09-26T16:41:36.702178+00:00,64060288,43345856,4194300,64084,113638,1789628,121390,0,0,0,0,0,0
2026-09-26T16:41:37.704779+00:00,64060288,43327740,4194300,64084,113638,1789628,121390,0,0,0,0,0,0
2026-09-26T16:41:38.705607+00:00,64060288,43340576,4194300,64084,113638,1789628,121390,0,0,0,0,0,0
2026-09-26T16:41:39.706439+00:00,64060288,43343268,4194300,64084,113638,1789628,121390,0,0,0,0,0,0
2026-09-26T16:41:40.707332+00:00,64060288,43340372,4194300,64084,113638,1789628,121390,0,0,0,0,0,0
2026-09-26T16:41:41.708241+00:00,64060288,43348664,4194300,64084,113638,1789628,121390,0,0,0,0,0,0
2026-09-26T16:41:42.709096+00:00,64060288,43330332,4194300,64084,113638,1789628,121390,0,0,0,0,0,0
2026-09-26T16:41:43.709957+00:00,64060288,43362044,4194300,64084,113638,1789628,121390,0,0,0,0,0,0
2026-09-26T16:41:44.710809+00:00,64060288,43359652,4194300,64084,113639,1789628,121391,0,0,0,0,0,0
2026-09-26T16:41:45.711671+00:00,64060288,43342476,4194300,64084,113639,1789628,121391,0,0,0,0,0,0
2026-09-26T16:41:46.712533+00:00,64060288,43365864,4194300,64084,113640,1789628,121393,0,0,0,0,0,0
2026-09-26T16:41:47.713411+00:00,64060288,43365144,4194300,64084,113640,1789628,121393,0,0,0,0,0,0
2026-09-26T16:41:48.714282+00:00,64060288,43353280,4194300,64084,113640,1789628,121393,0,0,0,0,0,0
2026-09-26T16:41:49.715170+00:00,64060288,43363552,4194300,64084,113640,1789628,121393,0,0,0,0,0,0
2026-09-26T16:41:50.716044+00:00,64060288,43364612,4194300,64084,113640,1789628,121393,0,0,0,0,0,0
2026-09-26T16:41:51.716911+00:00,64060288,43364656,4194300,64084,113640,1789628,121393,0,0,0,0,0,0
2026-09-26T16:41:52.717758+00:00,64060288,43361172,4194300,64084,113640,1789628,121393,0,0,0,0,0,0
2026-09-26T16:41:53.718615+00:00,64060288,43361468,4194300,64084,113640,1789628,121393,0,0,0,0,0,0
2026-09-26T16:41:54.719465+00:00,64060288,43370724,4194300,64084,113640,1789628,121393,0,0,0,0,0,0
2026-09-26T16:41:55.720336+00:00,64060288,43369868,4194300,64084,113640,1789628,121393,0,0,0,0,0,0
2026-09-26T16:41:56.721215+00:00,64060288,43336428,4194300,64084,113640,1789628,121393,0,0,0,0,0,0
2026-09-26T16:41:57.722077+00:00,64060288,43338020,4194300,64084,113640,1789628,121393,0,0,0,0,0,0
2026-09-26T16:41:58.722923+00:00,64060288,43337672,4194300,64084,113640,1789628,121393,0,0,0,0,0,0
2026-09-26T16:41:59.723818+00:00,64060288,43336068,4194300,64084,113640,1789628,121393,0,0,0,0,0,0
2026-09-26T16:42:00.724676+00:00,64060288,43339048,4194300,64084,113640,1789628,121393,0,0,0,0,0,0
2026-09-26T16:42:01.725450+00:00,64060288,43364596,4194300,64084,113640,1789628,121393,0,0,0,0,0,0
2026-09-26T16:42:02.726311+00:00,64060288,43358276,4194300,64084,113640,1789628,121393,0,0,0,0,0,0
2026-09-26T16:42:03.727181+00:00,64060288,43352176,4194300,64084,113640,1789628,121393,0,0,0,0,0,0
2026-09-26T16:42:04.728062+00:00,64060288,43362812,4194300,64084,113640,1789628,121393,0,0,0,0,0,0
2026-09-26T16:42:05.728855+00:00,64060288,43343784,4194300,64084,113640,1789628,121393,0,0,0,0,0,0
2026-09-26T16:42:06.729684+00:00,64060288,43352768,4194300,64084,113640,1789628,121393,0,0,0,0,0,0
2026-09-26T16:42:07.730545+00:00,64060288,43350884,4194300,64084,113640,1789628,121393,0,0,0,0,0,0
2026-09-26T16:42:08.731393+00:00,64060288,43362588,4194300,64084,113640,1789628,121393,0,0,0,0,0,0
2026-09-26T16:42:09.732201+00:00,64060288,43351128,4194300,64084,113640,1789628,121393,0,0,0,0,0,0
2026-09-26T16:42:10.733092+00:00,64060288,43340132,4194300,64084,113640,1789628,121393,0,0,0,0,0,0
2026-09-26T16:42:11.733961+00:00,64060288,43338616,4194300,64084,113640,1789628,121393,0,0,0,0,0,0
2026-09-26T16:42:12.734827+00:00,64060288,43353576,4194300,64084,113640,1789628,121393,0,0,0,0,0,0
2026-09-26T16:42:13.735647+00:00,64060288,43352172,4194300,64084,113640,1789628,121393,0,0,0,0,0,0
2026-09-26T16:42:14.736511+00:00,64060288,43388304,4194300,64084,113640,1789628,121393,0,0,0,0,0,0
2026-09-26T16:42:15.737393+00:00,64060288,43372860,4194300,64084,113640,1789628,121393,0,0,0,0,0,0
2026-09-26T16:42:16.738268+00:00,64060288,43335512,4194300,64084,113640,1789628,121393,0,0,0,0,0,0
2026-09-26T16:42:17.739068+00:00,64060288,43352672,4194300,64084,113640,1789628,121393,0,0,0,0,0,0
2026-09-26T16:42:18.739937+00:00,64060288,43342952,4194300,64084,113640,1789628,121393,0,0,0,0,0,0
2026-09-26T16:42:19.740832+00:00,64060288,43341416,4194300,64084,113640,1789628,121393,0,0,0,0,0,0
2026-09-26T16:42:20.741703+00:00,64060288,43337568,4194300,64084,113640,1789628,121393,0,0,0,0,0,0
2026-09-26T16:42:21.742482+00:00,64060288,43347048,4194300,64084,113640,1789628,121395,0,0,0,0,0,0
2026-09-26T16:42:22.743372+00:00,64060288,43307808,4194300,64084,113640,1789628,121395,0,0,0,0,0,0
2026-09-26T16:42:23.744242+00:00,64060288,43315100,4194300,64084,113640,1789628,121395,0,0,0,0,0,0
2026-09-26T16:42:24.745147+00:00,64060288,43330520,4194300,64084,113640,1789628,121395,0,0,0,0,0,0
2026-09-26T16:42:25.745864+00:00,64060288,43334856,4194300,64084,113640,1789628,121395,0,0,0,0,0,0
2026-09-26T16:42:26.746722+00:00,64060288,43337508,4194300,64084,113640,1789628,121395,0,0,0,0,0,0
2026-09-26T16:42:27.747569+00:00,64060288,43330896,4194300,64084,113640,1789628,121395,0,0,0,0,0,0
2026-09-26T16:42:28.748420+00:00,64060288,43331756,4194300,64084,113640,1789628,121395,0,0,0,0,0,0
2026-09-26T16:42:29.749221+00:00,64060288,43362084,4194300,64084,113640,1789628,121395,0,0,0,0,0,0
2026-09-26T16:42:30.750099+00:00,64060288,43379536,4194300,64084,113640,1789628,121395,0,0,0,0,0,0
2026-09-26T16:42:31.750978+00:00,64060288,43374292,4194300,64084,113640,1789628,121395,0,0,0,0,0,0
2026-09-26T16:42:32.751844+00:00,64060288,43385268,4194300,64084,113640,1789628,121395,0,0,0,0,0,0
2026-09-26T16:42:33.752802+00:00,64060288,43363048,4194300,64084,113640,1789628,121395,0,0,0,0,0,0
2026-09-26T16:42:34.753640+00:00,64060288,43384192,4194300,64084,113640,1789628,121395,0,0,0,0,0,0
2026-09-26T16:42:35.754515+00:00,64060288,43402172,4194300,64084,113640,1789628,121395,0,0,0,0,0,0
2026-09-26T16:42:36.755374+00:00,64060288,43398208,4194300,64084,113640,1789628,121395,0,0,0,0,0,0
2026-09-26T16:42:37.756058+00:00,64060288,43370248,4194300,64084,113640,1789628,121395,0,0,0,0,0,0
2026-09-26T16:42:38.756924+00:00,64060288,43379224,4194300,64084,113640,1789628,121395,0,0,0,0,0,0
2026-09-26T16:42:39.757777+00:00,64060288,43358936,4194300,64084,113640,1789628,121395,0,0,0,0,0,0
2026-09-26T16:42:40.758602+00:00,64060288,43370808,4194300,64084,113640,1789628,121395,0,0,0,0,0,0
2026-09-26T16:42:41.759340+00:00,64060288,43381860,4194300,64084,113640,1789628,121395,0,0,0,0,0,0
2026-09-26T16:42:42.760209+00:00,64060288,43361964,4194300,64084,113640,1789628,121395,0,0,0,0,0,0
2026-09-26T16:42:43.761077+00:00,64060288,43364728,4194300,64084,113640,1789628,121395,0,0,0,0,0,0
2026-09-26T16:42:44.761948+00:00,64060288,43361924,4194300,64084,113641,1789628,121396,0,0,0,0,0,0
2026-09-26T16:42:45.762706+00:00,64060288,43370232,4194300,64084,113641,1789628,121396,0,0,0,0,0,0
2026-09-26T16:42:46.763545+00:00,64060288,43354048,4194300,64084,113641,1789628,121396,0,0,0,0,0,0
2026-09-26T16:42:47.764411+00:00,64060288,43379048,4194300,64084,113641,1789628,121396,0,0,0,0,0,0
2026-09-26T16:42:48.765266+00:00,64060288,43374944,4194300,64084,113641,1789628,121396,0,0,0,0,0,0
2026-09-26T16:42:49.766047+00:00,64060288,43370580,4194300,64084,113641,1789628,121396,0,0,0,0,0,0
2026-09-26T16:42:50.766905+00:00,64060288,43374624,4194300,64084,113641,1789628,121396,0,0,0,0,0,0
2026-09-26T16:42:51.767765+00:00,64060288,43371804,4194300,64084,113641,1789628,121396,0,0,0,0,0,0
2026-09-26T16:42:52.768626+00:00,64060288,43355892,4194300,64084,113641,1789628,121396,0,0,0,0,0,0
2026-09-26T16:42:53.769501+00:00,64060288,43370752,4194300,64084,113641,1789628,121396,0,0,0,0,0,0
2026-09-26T16:42:54.770364+00:00,64060288,43358512,4194300,64084,113641,1789628,121396,0,0,0,0,0,0
2026-09-26T16:42:55.771229+00:00,64060288,43344028,4194300,64084,113641,1789628,121396,0,0,0,0,0,0
2026-09-26T16:42:56.772064+00:00,64060288,43332000,4194300,64084,113641,1789628,121396,0,0,0,0,0,0
2026-09-26T16:42:57.772828+00:00,64060288,43594504,4194300,64084,113641,1789628,121396,0,0,0,0,0,0
2026-09-26T16:42:58.773682+00:00,64060288,43593160,4194300,64084,113641,1789628,121396,0,0,0,0,0,0
2026-09-26T16:42:59.774535+00:00,64060288,43608492,4194300,64084,113641,1789628,121396,0,0,0,0,0,0
2026-09-26T16:43:00.775387+00:00,64060288,43596536,4194300,64084,113641,1789628,121396,0,0,0,0,0,0
2026-09-26T16:43:01.776190+00:00,64060288,43594820,4194300,64084,113641,1789628,121396,0,0,0,0,0,0
2026-09-26T16:43:02.777027+00:00,64060288,43604564,4194300,64084,113641,1789628,121396,0,0,0,0,0,0
2026-09-26T16:43:03.777888+00:00,64060288,43597592,4194300,64084,113641,1789628,121396,0,0,0,0,0,0
2026-09-26T16:43:04.778745+00:00,64060288,43580084,4194300,64084,113641,1789628,121407,0,0,0,0,0,0
2026-09-26T16:43:05.779858+00:00,64060288,43554332,4194300,64084,113641,1789628,121407,0,0,0,0,0,0
2026-09-26T16:43:06.780692+00:00,64060288,43536560,4194300,64084,113641,1789628,121407,0,0,0,0,0,0
2026-09-26T16:43:07.781514+00:00,64060288,43510052,4194300,64084,113641,1789628,121407,0,0,0,0,0,0
2026-09-26T16:43:08.782344+00:00,64060288,43485404,4194300,64084,113641,1789628,121407,0,0,0,0,0,0
2026-09-26T16:43:09.783129+00:00,64060288,43514996,4194300,64084,113641,1789628,121407,0,0,0,0,0,0
2026-09-26T16:43:10.784008+00:00,64060288,43534556,4194300,64084,113641,1789628,121407,0,0,0,0,0,0
2026-09-26T16:43:11.784866+00:00,64060288,43517984,4194300,64084,113641,1789628,121407,0,0,0,0,0,0
2026-09-26T16:43:12.785734+00:00,64060288,43506740,4194300,64084,113641,1789628,121407,0,0,0,0,0,0
2026-09-26T16:43:13.786535+00:00,64060288,43540180,4194300,64084,113641,1789628,121407,0,0,0,0,0,0
2026-09-26T16:43:14.787411+00:00,64060288,43543412,4194300,64084,113641,1789628,121407,0,0,0,0,0,0
2026-09-26T16:43:15.788266+00:00,64060288,43547628,4194300,64084,113641,1789628,121407,0,0,0,0,0,0
2026-09-26T16:43:16.789103+00:00,64060288,43556944,4194300,64084,113641,1789628,121407,0,0,0,0,0,0
2026-09-26T16:43:17.789900+00:00,64060288,43540108,4194300,64084,113641,1789628,121407,0,0,0,0,0,0
2026-09-26T16:43:18.790768+00:00,64060288,43576192,4194300,64084,113641,1789628,121407,0,0,0,0,0,0
2026-09-26T16:43:19.791610+00:00,64060288,43580484,4194300,64084,113641,1789628,121407,0,0,0,0,0,0
2026-09-26T16:43:20.792445+00:00,64060288,43580076,4194300,64084,113641,1789628,121407,0,0,0,0,0,0
2026-09-26T16:43:21.793209+00:00,64060288,43574688,4194300,64084,113641,1789628,121407,0,0,0,0,0,0
2026-09-26T16:43:22.794046+00:00,64060288,43545132,4194300,64084,113641,1789628,121407,0,0,0,0,0,0
2026-09-26T16:43:23.794879+00:00,64060288,43562436,4194300,64084,113641,1789628,121407,0,0,0,0,0,0
2026-09-26T16:43:24.795718+00:00,64060288,43569800,4194300,64084,113641,1789628,121407,0,0,0,0,0,0
2026-09-26T16:43:25.796419+00:00,64060288,43579572,4194300,64084,113641,1789628,121407,0,0,0,0,0,0
2026-09-26T16:43:26.797268+00:00,64060288,43575168,4194300,64084,113641,1789628,121407,0,0,0,0,0,0
2026-09-26T16:43:27.798119+00:00,64060288,43579172,4194300,64084,113641,1789628,121407,0,0,0,0,0,0
2026-09-26T16:43:28.798974+00:00,64060288,43579264,4194300,64084,113641,1789628,121407,0,0,0,0,0,0
2026-09-26T16:43:29.799776+00:00,64060288,43583428,4194300,64084,113641,1789628,121407,0,0,0,0,0,0
2026-09-26T16:43:30.800618+00:00,64060288,43586020,4194300,64084,113641,1789628,121407,0,0,0,0,0,0
2026-09-26T16:43:31.801453+00:00,64060288,43599536,4194300,64084,113641,1789628,121407,0,0,0,0,0,0
2026-09-26T16:43:32.802295+00:00,64060288,43560940,4194300,64084,113641,1789628,121407,0,0,0,0,0,0
2026-09-26T16:43:33.803053+00:00,64060288,43555444,4194300,64084,113641,1789628,121407,0,0,0,0,0,0
2026-09-26T16:43:34.803933+00:00,64060288,43545228,4194300,64084,113641,1789628,121407,0,0,0,0,0,0
2026-09-26T16:43:35.804821+00:00,64060288,43566340,4194300,64084,113641,1789628,121407,0,0,0,0,0,0
2026-09-26T16:43:36.805679+00:00,64060288,43576456,4194300,64084,113641,1789628,121407,0,0,0,0,0,0
2026-09-26T16:43:37.806428+00:00,64060288,43543744,4194300,64084,113641,1789628,121407,0,0,0,0,0,0
2026-09-26T16:43:38.807282+00:00,64060288,43561320,4194300,64084,113641,1789628,121407,0,0,0,0,0,0
2026-09-26T16:43:39.808139+00:00,64060288,43548916,4194300,64084,113641,1789628,121407,0,0,0,0,0,0
2026-09-26T16:43:40.808994+00:00,64060288,43565572,4194300,64084,113641,1789628,121407,0,0,0,0,0,0
2026-09-26T16:43:41.809785+00:00,64060288,43571772,4194300,64084,113641,1789628,121407,0,0,0,0,0,0
2026-09-26T16:43:42.810648+00:00,64060288,43577000,4194300,64084,113641,1789628,121407,0,0,0,0,0,0
2026-09-26T16:43:43.811514+00:00,64060288,43562568,4194300,64084,113641,1789628,121407,0,0,0,0,0,0
2026-09-26T16:43:44.812386+00:00,64060288,43575792,4194300,64084,113641,1789628,121407,0,0,0,0,0,0
2026-09-26T16:43:45.813243+00:00,64060288,43578616,4194300,64084,113641,1789628,121407,0,0,0,0,0,0
2026-09-26T16:43:46.814105+00:00,64060288,43568196,4194300,64084,113641,1789628,121407,0,0,0,0,0,0
2026-09-26T16:43:47.814979+00:00,64060288,43556160,4194300,64084,113641,1789628,121407,0,0,0,0,0,0
2026-09-26T16:43:48.815860+00:00,64060288,43555592,4194300,64084,113641,1789628,121407,0,0,0,0,0,0
2026-09-26T16:43:49.816734+00:00,64060288,43534300,4194300,64084,113641,1789628,121407,0,0,0,0,0,0
2026-09-26T16:43:50.817598+00:00,64060288,43570728,4194300,64084,113641,1789628,121407,0,0,0,0,0,0
2026-09-26T16:43:51.818457+00:00,64060288,43558872,4194300,64084,113641,1789628,121407,0,0,0,0,0,0
2026-09-26T16:43:52.819338+00:00,64060288,43562156,4194300,64084,113641,1789628,121407,0,0,0,0,0,0
2026-09-26T16:43:53.820210+00:00,64060288,43581828,4194300,64084,113641,1789628,121407,0,0,0,0,0,0
2026-09-26T16:43:54.820995+00:00,64060288,43586356,4194300,64084,113641,1789628,121407,0,0,0,0,0,0
2026-09-26T16:43:55.821856+00:00,64060288,43586560,4194300,64084,113641,1789628,121407,0,0,0,0,0,0
2026-09-26T16:43:56.822726+00:00,64060288,43589992,4194300,64084,113641,1789628,121407,0,0,0,0,0,0
2026-09-26T16:43:57.823560+00:00,64060288,43586996,4194300,64084,113641,1789628,121407,0,0,0,0,0,0
2026-09-26T16:43:58.824297+00:00,64060288,43569300,4194300,64084,113641,1789628,121407,0,0,0,0,0,0
2026-09-26T16:43:59.825187+00:00,64060288,43566544,4194300,64084,113641,1789628,121407,0,0,0,0,0,0
2026-09-26T16:44:00.826045+00:00,64060288,43565784,4194300,64084,113641,1789628,121407,0,0,0,0,0,0
2026-09-26T16:44:01.826904+00:00,64060288,43577884,4194300,64084,113641,1789628,121407,0,0,0,0,0,0
2026-09-26T16:44:02.827680+00:00,64060288,43562944,4194300,64084,113641,1789628,121407,0,0,0,0,0,0
2026-09-26T16:44:03.828547+00:00,64060288,43547288,4194300,64084,113641,1789628,121407,0,0,0,0,0,0
2026-09-26T16:44:04.829400+00:00,64060288,43549876,4194300,64084,113641,1789628,121407,0,0,0,0,0,0
2026-09-26T16:44:05.830236+00:00,64060288,43541424,4194300,64084,113641,1789628,121407,0,0,0,0,0,0
2026-09-26T16:44:06.830956+00:00,64060288,43546236,4194300,64084,113641,1789628,121407,0,0,0,0,0,0
2026-09-26T16:44:07.831837+00:00,64060288,43545036,4194300,64084,113641,1789628,121407,0,0,0,0,0,0
2026-09-26T16:44:08.832676+00:00,64060288,43549592,4194300,64084,113641,1789628,121407,0,0,0,0,0,0
2026-09-26T16:44:09.833519+00:00,64060288,43555724,4194300,64084,113641,1789628,121407,0,0,0,0,0,0
2026-09-26T16:44:10.834355+00:00,64060288,43558700,4194300,64084,113641,1789628,121407,0,0,0,0,0,0
2026-09-26T16:44:11.835237+00:00,64060288,43561724,4194300,64084,113641,1789628,121407,0,0,0,0,0,0
2026-09-26T16:44:12.836123+00:00,64060288,43571632,4194300,64084,113641,1789628,121407,0,0,0,0,0,0
2026-09-26T16:44:13.837001+00:00,64060288,43565552,4194300,64084,113641,1789628,121407,0,0,0,0,0,0
2026-09-26T16:44:14.837778+00:00,64060288,43569636,4194300,64084,113641,1789628,121407,0,0,0,0,0,0
2026-09-26T16:44:15.838644+00:00,64060288,43567032,4194300,64084,113641,1789628,121407,0,0,0,0,0,0
2026-09-26T16:44:16.839496+00:00,64060288,43547756,4194300,64084,113641,1789628,121407,0,0,0,0,0,0
2026-09-26T16:44:17.840357+00:00,64060288,43519128,4194300,64084,113641,1789628,121407,0,0,0,0,0,0
2026-09-26T16:44:18.841143+00:00,64060288,43536244,4194300,64084,113641,1789628,121407,0,0,0,0,0,0
2026-09-26T16:44:19.842035+00:00,64060288,43538908,4194300,64084,113641,1789628,121407,0,0,0,0,0,0
2026-09-26T16:44:20.842894+00:00,64060288,43535332,4194300,64084,113641,1789628,121407,0,0,0,0,0,0
2026-09-26T16:44:21.843758+00:00,64060288,43548048,4194300,64084,113641,1789628,121407,0,0,0,0,0,0
2026-09-26T16:44:22.844530+00:00,64060288,43540980,4194300,64084,113641,1789628,121407,0,0,0,0,0,0
2026-09-26T16:44:23.845388+00:00,64060288,43543296,4194300,64084,113641,1789628,121407,0,0,0,0,0,0
2026-09-26T16:44:24.846251+00:00,64060288,43552792,4194300,64084,113641,1789628,121407,0,0,0,0,0,0
2026-09-26T16:44:25.847088+00:00,64060288,43547916,4194300,64084,113641,1789628,121407,0,0,0,0,0,0
2026-09-26T16:44:26.847812+00:00,64060288,43552100,4194300,64084,113641,1789628,121407,0,0,0,0,0,0
2026-09-26T16:44:27.848668+00:00,64060288,43552432,4194300,64084,113641,1789628,121407,0,0,0,0,0,0
2026-09-26T16:44:28.849531+00:00,64060288,43546664,4194300,64084,113641,1789628,121407,0,0,0,0,0,0
2026-09-26T16:44:29.850389+00:00,64060288,43562028,4194300,64084,113641,1789628,121407,0,0,0,0,0,0
2026-09-26T16:44:30.851249+00:00,64060288,43554424,4194300,64084,113641,1789628,121407,0,0,0,0,0,0
2026-09-26T16:44:31.852094+00:00,64060288,43534016,4194300,64084,113641,1789628,121407,0,0,0,0,0,0
2026-09-26T16:44:32.852959+00:00,64060288,43550744,4194300,64084,113641,1789628,121407,0,0,0,0,0,0
2026-09-26T16:44:33.853821+00:00,64060288,43546380,4194300,64084,113641,1789628,121407,0,0,0,0,0,0
2026-09-26T16:44:34.854665+00:00,64060288,43545204,4194300,64084,113641,1789628,121407,0,0,0,0,0,0
2026-09-26T16:44:35.855501+00:00,64060288,43531556,4194300,64084,113641,1789628,121407,0,0,0,0,0,0
2026-09-26T16:44:36.856343+00:00,64060288,43537204,4194300,64084,113641,1789628,121407,0,0,0,0,0,0
2026-09-26T16:44:37.857201+00:00,64060288,43528208,4194300,64084,113641,1789628,121407,0,0,0,0,0,0
2026-09-26T16:44:38.858053+00:00,64060288,43544328,4194300,64084,113641,1789628,121407,0,0,0,0,0,0
2026-09-26T16:44:39.858908+00:00,64060288,43543528,4194300,64084,113641,1789628,121407,0,0,0,0,0,0
2026-09-26T16:44:40.859764+00:00,64060288,43529560,4194300,64084,113641,1789628,121407,0,0,0,0,0,0
2026-09-26T16:44:41.860605+00:00,64060288,43525576,4194300,64084,113641,1789628,121407,0,0,0,0,0,0
2026-09-26T16:44:42.861451+00:00,64060288,43534020,4194300,64084,113641,1789628,121407,0,0,0,0,0,0
2026-09-26T16:44:43.862236+00:00,64060288,43541972,4194300,64084,113641,1789628,121407,0,0,0,0,0,0
2026-09-26T16:44:44.863108+00:00,64060288,43524440,4194300,64084,113641,1789628,121407,0,0,0,0,0,0
2026-09-26T16:44:45.863975+00:00,64060288,43534540,4194300,64084,113641,1789628,121407,0,0,0,0,0,0
2026-09-26T16:44:46.864822+00:00,64060288,43510920,4194300,64084,113641,1789628,121407,0,0,0,0,0,0
2026-09-26T16:44:47.865589+00:00,64060288,43522884,4194300,64084,113641,1789628,121407,0,0,0,0,0,0
2026-09-26T16:44:48.866452+00:00,64060288,43524928,4194300,64084,113641,1789628,121407,0,0,0,0,0,0
2026-09-26T16:44:49.867316+00:00,64060288,43536360,4194300,64084,113641,1789628,121407,0,0,0,0,0,0
2026-09-26T16:44:50.868166+00:00,64060288,43533692,4194300,64084,113641,1789628,121407,0,0,0,0,0,0
2026-09-26T16:44:51.868940+00:00,64060288,43527204,4194300,64084,113641,1789628,121407,0,0,0,0,0,0
2026-09-26T16:44:52.869787+00:00,64060288,43539176,4194300,64084,113641,1789628,121407,0,0,0,0,0,0
2026-09-26T16:44:53.870628+00:00,64060288,43537244,4194300,64084,113641,1789628,121407,0,0,0,0,0,0
2026-09-26T16:44:54.871478+00:00,64060288,43534008,4194300,64084,113641,1789628,121407,0,0,0,0,0,0
2026-09-26T16:44:55.872281+00:00,64060288,43539916,4194300,64084,113641,1789628,121407,0,0,0,0,0,0
2026-09-26T16:44:56.873145+00:00,64060288,43539112,4194300,64084,113641,1789628,121407,0,0,0,0,0,0
2026-09-26T16:44:57.874007+00:00,64060288,43537808,4194300,64084,113641,1789628,121407,0,0,0,0,0,0
2026-09-26T16:44:58.874858+00:00,64060288,43512736,4194300,64084,113641,1789628,121407,0,0,0,0,0,0
2026-09-26T16:44:59.875627+00:00,64060288,43511220,4194300,64084,113641,1789628,121407,0,0,0,0,0,0
2026-09-26T16:45:00.876482+00:00,64060288,43512204,4194300,64084,113641,1789628,121407,0,0,0,0,0,0
2026-09-26T16:45:01.877331+00:00,64060288,43513756,4194300,64084,113641,1789628,121407,0,0,0,0,0,0
2026-09-26T16:45:02.878182+00:00,64060288,43531652,4194300,64084,113641,1789628,121407,0,0,0,0,0,0
2026-09-26T16:45:03.878867+00:00,64060288,43536132,4194300,64084,113641,1789628,121407,0,0,0,0,0,0
2026-09-26T16:45:04.879734+00:00,64060288,43521676,4194300,64084,113641,1789628,121407,0,0,0,0,0,0
2026-09-26T16:45:05.880598+00:00,64060288,43535964,4194300,64084,113641,1789628,121407,0,0,0,0,0,0
2026-09-26T16:45:06.881433+00:00,64060288,43527864,4194300,64084,113641,1789628,121407,0,0,0,0,0,0
2026-09-26T16:45:07.882266+00:00,64060288,43531496,4194300,64084,113641,1789628,121407,0,0,0,0,0,0
2026-09-26T16:45:08.883141+00:00,64060288,43512928,4194300,64084,113641,1789628,121407,0,0,0,0,0,0
2026-09-26T16:45:09.884012+00:00,64060288,43522696,4194300,64084,113641,1789628,121407,0,0,0,0,0,0
2026-09-26T16:45:10.884860+00:00,64060288,43532596,4194300,64084,113641,1789628,121407,0,0,0,0,0,0
2026-09-26T16:45:11.885754+00:00,64060288,43530144,4194300,64084,113641,1789628,121407,0,0,0,0,0,0
2026-09-26T16:45:12.886624+00:00,64060288,43523672,4194300,64084,113641,1789628,121407,0,0,0,0,0,0
2026-09-26T16:45:13.887468+00:00,64060288,43526208,4194300,64084,113641,1789628,121407,0,0,0,0,0,0
2026-09-26T16:45:14.888325+00:00,64060288,43509704,4194300,64084,113641,1789628,121407,0,0,0,0,0,0
2026-09-26T16:45:15.889188+00:00,64060288,43515280,4194300,64084,113641,1789628,121407,0,0,0,0,0,0
2026-09-26T16:45:16.889870+00:00,64060288,43500032,4194300,64084,113641,1789628,121407,0,0,0,0,0,0
2026-09-26T16:45:17.890764+00:00,64060288,43489792,4194300,64084,113641,1789628,121407,0,0,0,0,0,0
2026-09-26T16:45:18.891607+00:00,64060288,43500668,4194300,64084,113641,1789628,121407,0,0,0,0,0,0
2026-09-26T16:45:19.892437+00:00,64060288,43499092,4194300,64084,113641,1789628,121407,0,0,0,0,0,0
2026-09-26T16:45:20.893231+00:00,64060288,43519628,4194300,64084,113641,1789628,121407,0,0,0,0,0,0
2026-09-26T16:45:21.894092+00:00,64060288,43503192,4194300,64084,113641,1789628,121407,0,0,0,0,0,0
2026-09-26T16:45:22.894963+00:00,64060288,43506956,4194300,64084,113641,1789628,121407,0,0,0,0,0,0
2026-09-26T16:45:23.895836+00:00,64060288,43514828,4194300,64084,113641,1789628,121407,0,0,0,0,0,0
2026-09-26T16:45:24.896625+00:00,64060288,43514860,4194300,64084,113641,1789628,121407,0,0,0,0,0,0
2026-09-26T16:45:25.897476+00:00,64060288,43520656,4194300,64084,113641,1789628,121407,0,0,0,0,0,0
2026-09-26T16:45:26.898325+00:00,64060288,43492404,4194300,64084,113641,1789628,121407,0,0,0,0,0,0
2026-09-26T16:45:27.899168+00:00,64060288,43487920,4194300,64084,113641,1789628,121407,0,0,0,0,0,0
2026-09-26T16:45:28.899964+00:00,64060288,43498556,4194300,64084,113641,1789628,121407,0,0,0,0,0,0
2026-09-26T16:45:29.900830+00:00,64060288,43496216,4194300,64084,113641,1789628,121407,0,0,0,0,0,0
2026-09-26T16:45:30.901740+00:00,64060288,43523656,4194300,64084,113641,1789628,121407,0,0,0,0,0,0
2026-09-26T16:45:31.902607+00:00,64060288,43503192,4194300,64084,113641,1789628,121407,0,0,0,0,0,0
2026-09-26T16:45:32.903473+00:00,64060288,43509240,4194300,64084,113641,1789628,121407,0,0,0,0,0,0
2026-09-26T16:45:33.904342+00:00,64060288,43508192,4194300,64084,113641,1789628,121407,0,0,0,0,0,0
2026-09-26T16:45:34.905225+00:00,64060288,43496552,4194300,64084,113641,1789628,121407,0,0,0,0,0,0
2026-09-26T16:45:35.906120+00:00,64060288,43490240,4194300,64084,113641,1789628,121407,0,0,0,0,0,0
2026-09-26T16:45:36.907009+00:00,64060288,43493220,4194300,64084,113641,1789628,121407,0,0,0,0,0,0
2026-09-26T16:45:37.907868+00:00,64060288,43487932,4194300,64084,113641,1789628,121407,0,0,0,0,0,0
2026-09-26T16:45:38.908726+00:00,64060288,43493464,4194300,64084,113641,1789628,121407,0,0,0,0,0,0
2026-09-26T16:45:39.909587+00:00,64060288,43507024,4194300,64084,113641,1789628,121407,0,0,0,0,0,0
2026-09-26T16:45:40.910447+00:00,64060288,43490244,4194300,64084,113641,1789628,121407,0,0,0,0,0,0
2026-09-26T16:45:41.911287+00:00,64060288,43497392,4194300,64084,113641,1789628,121407,0,0,0,0,0,0
2026-09-26T16:45:42.912139+00:00,64060288,43497128,4194300,64084,113641,1789628,121407,0,0,0,0,0,0
2026-09-26T16:45:43.913021+00:00,64060288,43478716,4194300,64084,113641,1789628,121407,0,0,0,0,0,0
2026-09-26T16:45:44.913876+00:00,64060288,43469440,4194300,64084,113641,1789628,121407,0,0,0,0,0,0
2026-09-26T16:45:45.914565+00:00,64060288,43487544,4194300,64084,113641,1789628,121407,0,0,0,0,0,0
2026-09-26T16:45:46.915426+00:00,64060288,43465328,4194300,64084,113641,1789628,121407,0,0,0,0,0,0
2026-09-26T16:45:47.916293+00:00,64060288,43467996,4194300,64084,113641,1789628,121407,0,0,0,0,0,0
2026-09-26T16:45:48.917146+00:00,64060288,43468864,4194300,64084,113641,1789628,121407,0,0,0,0,0,0
2026-09-26T16:45:49.917954+00:00,64060288,43478460,4194300,64084,113641,1789628,121407,0,0,0,0,0,0
2026-09-26T16:45:50.918813+00:00,64060288,43461336,4194300,64084,113641,1789628,121407,0,0,0,0,0,0
2026-09-26T16:45:51.919649+00:00,64060288,43491216,4194300,64084,113641,1789628,121407,0,0,0,0,0,0
2026-09-26T16:45:52.920485+00:00,64060288,43481228,4194300,64084,113641,1789628,121407,0,0,0,0,0,0
2026-09-26T16:45:53.921214+00:00,64060288,43494356,4194300,64084,113641,1789628,121411,0,0,0,0,0,0
2026-09-26T16:45:54.922077+00:00,64060288,43485556,4194300,64084,113641,1789628,121411,0,0,0,0,0,0
2026-09-26T16:45:55.922931+00:00,64060288,43462952,4194300,64084,113641,1789628,121411,0,0,0,0,0,0
2026-09-26T16:45:56.923807+00:00,64060288,43458732,4194300,64084,113641,1789628,121411,0,0,0,0,0,0
2026-09-26T16:45:57.924660+00:00,64060288,43467312,4194300,64084,113641,1789628,121411,0,0,0,0,0,0
2026-09-26T16:45:58.925504+00:00,64060288,43453548,4194300,64084,113641,1789628,121411,0,0,0,0,0,0
2026-09-26T16:45:59.926364+00:00,64060288,43471080,4194300,64084,113641,1789628,121411,0,0,0,0,0,0
2026-09-26T16:46:00.927231+00:00,64060288,43443856,4194300,64084,113641,1789628,121423,0,0,0,0,0,0
2026-09-26T16:46:01.928104+00:00,64060288,43436096,4194300,64084,113641,1789628,121469,0,0,0,0,0,0
2026-09-26T16:46:02.928901+00:00,64060288,43449232,4194300,64084,113641,1789628,121471,0,0,0,0,0,0
2026-09-26T16:46:03.929797+00:00,64060288,43464732,4194300,64084,113641,1789628,121471,0,0,0,0,0,0
2026-09-26T16:46:04.930643+00:00,64060288,43457496,4194300,64084,113641,1789628,121471,0,0,0,0,0,0
2026-09-26T16:46:05.931496+00:00,64060288,43475232,4194300,64084,113641,1789628,121471,0,0,0,0,0,0
2026-09-26T16:46:06.932264+00:00,64060288,43473916,4194300,64084,113641,1789628,121471,0,0,0,0,0,0
2026-09-26T16:46:07.933139+00:00,64060288,43457516,4194300,64084,113641,1789628,121471,0,0,0,0,0,0
2026-09-26T16:46:08.934012+00:00,64060288,43455024,4194300,64084,113641,1789628,121471,0,0,0,0,0,0
2026-09-26T16:46:09.934871+00:00,64060288,43472288,4194300,64084,113641,1789628,121471,0,0,0,0,0,0
2026-09-26T16:46:10.935637+00:00,64060288,43467616,4194300,64084,113641,1789628,121471,0,0,0,0,0,0
2026-09-26T16:46:11.936500+00:00,64060288,43470488,4194300,64084,113641,1789628,121471,0,0,0,0,0,0
2026-09-26T16:46:12.937355+00:00,64060288,43477792,4194300,64084,113641,1789628,121471,0,0,0,0,0,0
2026-09-26T16:46:13.938237+00:00,64060288,43473356,4194300,64084,113641,1789628,121471,0,0,0,0,0,0
2026-09-26T16:46:14.938941+00:00,64060288,43471460,4194300,64084,113641,1789628,121471,0,0,0,0,0,0
2026-09-26T16:46:15.939818+00:00,64060288,43477340,4194300,64084,113641,1789628,121471,0,0,0,0,0,0
2026-09-26T16:46:16.940684+00:00,64060288,43444804,4194300,63804,113641,1789628,121471,0,0,0,0,0,0
2026-09-26T16:46:17.941575+00:00,64060288,43445608,4194300,63804,113641,1789628,121471,0,0,0,0,0,0
2026-09-26T16:46:18.942445+00:00,64060288,43439456,4194300,63804,113641,1789628,121471,0,0,0,0,0,0
2026-09-26T16:46:19.943313+00:00,64060288,43437232,4194300,63804,113641,1789628,121471,0,0,0,0,0,0
2026-09-26T16:46:20.944145+00:00,64060288,43443780,4194300,63804,113641,1789628,121471,0,0,0,0,0,0
2026-09-26T16:46:21.944985+00:00,64060288,43463696,4194300,63804,113641,1789628,121471,0,0,0,0,0,0
2026-09-26T16:46:22.945836+00:00,64060288,43426264,4194300,63804,113641,1789628,121471,0,0,0,0,0,0
2026-09-26T16:46:23.946678+00:00,64060288,43422008,4194300,63804,113641,1789628,121471,0,0,0,0,0,0
2026-09-26T16:46:24.947525+00:00,64060288,43438652,4194300,63804,113641,1789628,121471,0,0,0,0,0,0
2026-09-26T16:46:25.948396+00:00,64060288,43433972,4194300,63804,113641,1789628,121471,0,0,0,0,0,0
2026-09-26T16:46:26.949249+00:00,64060288,43442116,4194300,63804,113641,1789628,121471,0,0,0,0,0,0
2026-09-26T16:46:27.950017+00:00,64060288,43446744,4194300,63804,113641,1789628,121471,0,0,0,0,0,0
2026-09-26T16:46:28.950896+00:00,64060288,43430480,4194300,63804,113641,1789628,121471,0,0,0,0,0,0
2026-09-26T16:46:29.951761+00:00,64060288,43453148,4194300,63804,113641,1789628,121471,0,0,0,0,0,0
2026-09-26T16:46:30.952604+00:00,64060288,43451980,4194300,63804,113641,1789628,121471,0,0,0,0,0,0
2026-09-26T16:46:31.953405+00:00,64060288,43454844,4194300,63804,113641,1789628,121471,0,0,0,0,0,0
2026-09-26T16:46:32.954263+00:00,64060288,43448632,4194300,63804,113641,1789628,121471,0,0,0,0,0,0
2026-09-26T16:46:33.955158+00:00,64060288,43429224,4194300,63804,113641,1789628,121471,0,0,0,0,0,0
2026-09-26T16:46:34.956037+00:00,64060288,43430624,4194300,63804,113641,1789628,121471,0,0,0,0,0,0
2026-09-26T16:46:35.956934+00:00,64060288,43448504,4194300,63804,113641,1789628,121471,0,0,0,0,0,0
2026-09-26T16:46:36.957782+00:00,64060288,43431420,4194300,63804,113641,1789628,121471,0,0,0,0,0,0
2026-09-26T16:46:37.958632+00:00,64060288,43423956,4194300,63804,113641,1789628,121471,0,0,0,0,0,0
2026-09-26T16:46:38.959463+00:00,64060288,43428812,4194300,63804,113641,1789628,121471,0,0,0,0,0,0
2026-09-26T16:46:39.960303+00:00,64060288,43425136,4194300,63804,113641,1789628,121471,0,0,0,0,0,0
2026-09-26T16:46:40.961195+00:00,64060288,43433528,4194300,63804,113641,1789628,121471,0,0,0,0,0,0
2026-09-26T16:46:41.962059+00:00,64060288,43441192,4194300,63804,113641,1789628,121471,0,0,0,0,0,0
2026-09-26T16:46:42.962923+00:00,64060288,43443652,4194300,63804,113641,1789628,121471,0,0,0,0,0,0
2026-09-26T16:46:43.963772+00:00,64060288,43417336,4194300,63804,113641,1789628,121471,0,0,0,0,0,0
2026-09-26T16:46:44.964589+00:00,64060288,43429992,4194300,63804,113641,1789628,121471,0,0,0,0,0,0
2026-09-26T16:46:45.965433+00:00,64060288,43437780,4194300,63804,113641,1789628,121471,0,0,0,0,0,0
2026-09-26T16:46:46.966278+00:00,64060288,43416944,4194300,63804,113641,1789628,121472,0,0,0,0,0,0
2026-09-26T16:46:47.967178+00:00,64060288,43430228,4194300,63804,113641,1789628,121472,0,0,0,0,0,0
2026-09-26T16:46:48.967969+00:00,64060288,43429436,4194300,63804,113641,1789628,121472,0,0,0,0,0,0
2026-09-26T16:46:49.968837+00:00,64060288,43436260,4194300,63804,113641,1789628,121472,0,0,0,0,0,0
2026-09-26T16:46:50.969689+00:00,64060288,43429852,4194300,63804,113641,1789628,121472,0,0,0,0,0,0
2026-09-26T16:46:51.970527+00:00,64060288,43410748,4194300,63804,113641,1789628,121472,0,0,0,0,0,0
2026-09-26T16:46:52.971268+00:00,64060288,43357252,4194300,63804,113641,1789628,121472,0,0,0,0,0,0
2026-09-26T16:46:53.972121+00:00,64060288,43409964,4194300,63804,113641,1789628,121478,0,0,0,0,0,0
2026-09-26T16:46:54.973025+00:00,64060288,43393444,4194300,63804,113641,1789628,121478,0,0,0,0,0,0
2026-09-26T16:46:55.973918+00:00,64060288,43383928,4194300,63804,113641,1789628,121478,0,0,0,0,0,0
2026-09-26T16:46:56.974790+00:00,64060288,43387940,4194300,63804,113641,1789628,121478,0,0,0,0,0,0
2026-09-26T16:46:57.975635+00:00,64060288,43385196,4194300,63804,113641,1789628,121478,0,0,0,0,0,0
2026-09-26T16:46:58.976483+00:00,64060288,43369484,4194300,63804,113641,1789628,121478,0,0,0,0,0,0
2026-09-26T16:46:59.977320+00:00,64060288,43375104,4194300,63804,113642,1789628,121479,0,0,0,0,0,0
2026-09-26T16:47:00.978158+00:00,64060288,43388568,4194300,63804,113642,1789628,121479,0,0,0,0,0,0
2026-09-26T16:47:01.978955+00:00,64060288,43423128,4194300,63804,113642,1789628,121479,0,0,0,0,0,0
2026-09-26T16:47:02.979844+00:00,64060288,43426312,4194300,63804,113642,1789628,121479,0,0,0,0,0,0
2026-09-26T16:47:03.980730+00:00,64060288,43438616,4194300,63804,113642,1789628,121479,0,0,0,0,0,0
2026-09-26T16:47:04.981584+00:00,64060288,43411980,4194300,63804,113642,1789628,121479,0,0,0,0,0,0
2026-09-26T16:47:05.982326+00:00,64060288,43430712,4194300,63804,113642,1789628,121483,0,0,0,0,0,0
2026-09-26T16:47:06.983182+00:00,64060288,43402592,4194300,63804,113642,1789628,121483,0,0,0,0,0,0
2026-09-26T16:47:07.984023+00:00,64060288,43405644,4194300,63804,113642,1789628,121483,0,0,0,0,0,0
2026-09-26T16:47:08.984852+00:00,64060288,43407600,4194300,63804,113642,1789628,121483,0,0,0,0,0,0
2026-09-26T16:47:09.985635+00:00,64060288,43412236,4194300,63804,113643,1789628,121484,0,0,0,0,0,0
2026-09-26T16:47:10.986508+00:00,64060288,43415560,4194300,63804,113643,1789628,121484,0,0,0,0,0,0
2026-09-26T16:47:11.987424+00:00,64060288,43434400,4194300,63804,113643,1789628,121484,0,0,0,0,0,0
2026-09-26T16:47:12.988273+00:00,64060288,43434708,4194300,63804,113643,1789628,121484,0,0,0,0,0,0
2026-09-26T16:47:13.989119+00:00,64060288,43433824,4194300,63804,113643,1789628,121484,0,0,0,0,0,0
2026-09-26T16:47:14.989933+00:00,64060288,43422252,4194300,63804,113643,1789628,121484,0,0,0,0,0,0
2026-09-26T16:47:15.990815+00:00,64060288,43419644,4194300,63804,113643,1789628,121484,0,0,0,0,0,0
2026-09-26T16:47:16.991652+00:00,64060288,43376524,4194300,63804,113643,1789628,121484,0,0,0,0,0,0
2026-09-26T16:47:17.992496+00:00,64060288,43403504,4194300,63804,113643,1789628,121484,0,0,0,0,0,0
2026-09-26T16:47:18.993286+00:00,64060288,43395988,4194300,63804,113643,1789628,121484,0,0,0,0,0,0
2026-09-26T16:47:19.994120+00:00,64060288,43369696,4194300,63804,113643,1789628,121484,0,0,0,0,0,0
2026-09-26T16:47:20.994981+00:00,64060288,43394732,4194300,63804,113643,1789628,121484,0,0,0,0,0,0
2026-09-26T16:47:21.995840+00:00,64060288,43403620,4194300,63804,113643,1789628,121484,0,0,0,0,0,0
2026-09-26T16:47:22.996587+00:00,64060288,43397848,4194300,63804,113643,1789628,121484,0,0,0,0,0,0
2026-09-26T16:47:23.997413+00:00,64060288,43415024,4194300,63804,113643,1789628,121484,0,0,0,0,0,0
2026-09-26T16:47:24.998249+00:00,64060288,43409216,4194300,63804,113643,1789628,121484,0,0,0,0,0,0
2026-09-26T16:47:25.999107+00:00,64060288,43400988,4194300,63804,113643,1789628,121484,0,0,0,0,0,0
2026-09-26T16:47:26.999965+00:00,64060288,43422084,4194300,63804,113643,1789628,121484,0,0,0,0,0,0
2026-09-26T16:47:28.000815+00:00,64060288,43417356,4194300,63804,113643,1789628,121484,0,0,0,0,0,0
2026-09-26T16:47:29.001633+00:00,64060288,43415116,4194300,63804,113643,1789628,121484,0,0,0,0,0,0
2026-09-26T16:47:30.002477+00:00,64060288,43418004,4194300,63804,113643,1789628,121484,0,0,0,0,0,0
2026-09-26T16:47:31.003329+00:00,64060288,43416496,4194300,63804,113643,1789628,121484,0,0,0,0,0,0
2026-09-26T16:47:32.004117+00:00,64060288,43429700,4194300,63804,113643,1789628,121484,0,0,0,0,0,0
2026-09-26T16:47:33.004987+00:00,64060288,43389500,4194300,63804,113643,1789628,121484,0,0,0,0,0,0
2026-09-26T16:47:34.005855+00:00,64060288,43393608,4194300,63804,113643,1789628,121484,0,0,0,0,0,0
2026-09-26T16:47:35.006698+00:00,64060288,43412488,4194300,63804,113643,1789628,121484,0,0,0,0,0,0
2026-09-26T16:47:36.007442+00:00,64060288,43393600,4194300,63804,113643,1789628,121484,0,0,0,0,0,0
2026-09-26T16:47:37.008284+00:00,64060288,43401700,4194300,63804,113643,1789628,121484,0,0,0,0,0,0
2026-09-26T16:47:38.009163+00:00,64060288,43411524,4194300,63804,113643,1789628,121484,0,0,0,0,0,0
2026-09-26T16:47:39.010005+00:00,64060288,43412424,4194300,63804,113643,1789628,121484,0,0,0,0,0,0
2026-09-26T16:47:40.010860+00:00,64060288,43406864,4194300,63804,113643,1789628,121484,0,0,0,0,0,0
2026-09-26T16:47:41.011716+00:00,64060288,43405632,4194300,63804,113643,1789628,121484,0,0,0,0,0,0
2026-09-26T16:47:42.012549+00:00,64060288,43405620,4194300,63804,113643,1789628,121484,0,0,0,0,0,0
2026-09-26T16:47:43.013394+00:00,64060288,43401880,4194300,63804,113643,1789628,121484,0,0,0,0,0,0
2026-09-26T16:47:44.014244+00:00,64060288,43409996,4194300,63804,113643,1789628,121484,0,0,0,0,0,0
2026-09-26T16:47:45.015119+00:00,64060288,43405748,4194300,63804,113643,1789628,121484,0,0,0,0,0,0
2026-09-26T16:47:46.015983+00:00,64060288,43414056,4194300,63804,113643,1789628,121484,0,0,0,0,0,0
2026-09-26T16:47:47.016853+00:00,64060288,43388020,4194300,63804,113644,1789628,121485,0,0,0,0,0,0
2026-09-26T16:47:48.017725+00:00,64060288,43395792,4194300,63804,113644,1789628,121485,0,0,0,0,0,0
2026-09-26T16:47:49.018476+00:00,64060288,43397112,4194300,63804,113644,1789628,121485,0,0,0,0,0,0
2026-09-26T16:47:50.019335+00:00,64060288,43393884,4194300,63804,113644,1789628,121485,0,0,0,0,0,0
2026-09-26T16:47:51.020195+00:00,64060288,43387388,4194300,63804,113644,1789628,121485,0,0,0,0,0,0
2026-09-26T16:47:52.021044+00:00,64060288,43361060,4194300,63804,113644,1789628,121485,0,0,0,0,0,0
2026-09-26T16:47:53.021834+00:00,64060288,43354516,4194300,63804,113644,1789628,121485,0,0,0,0,0,0
2026-09-26T16:47:54.022722+00:00,64060288,43364464,4194300,63804,113644,1789628,121485,0,0,0,0,0,0
2026-09-26T16:47:55.023558+00:00,64060288,43390040,4194300,63804,113644,1789628,121485,0,0,0,0,0,0
2026-09-26T16:47:56.024435+00:00,64060288,43387412,4194300,63804,113644,1789628,121485,0,0,0,0,0,0
2026-09-26T16:47:57.025284+00:00,64060288,43381684,4194300,63804,113644,1789628,121485,0,0,0,0,0,0
2026-09-26T16:47:58.026034+00:00,64060288,43392572,4194300,63804,113644,1789628,121485,0,0,0,0,0,0
2026-09-26T16:47:59.026891+00:00,64060288,43381548,4194300,63804,113644,1789628,121485,0,0,0,0,0,0
2026-09-26T16:48:00.027740+00:00,64060288,43398692,4194300,63804,113644,1789628,121485,0,0,0,0,0,0
2026-09-26T16:48:01.028566+00:00,64060288,43387972,4194300,63804,113644,1789628,121485,0,0,0,0,0,0
2026-09-26T16:48:02.029332+00:00,64060288,43398152,4194300,63804,113644,1789628,121485,0,0,0,0,0,0
2026-09-26T16:48:03.030177+00:00,64060288,43404796,4194300,63804,113644,1789628,121485,0,0,0,0,0,0
2026-09-26T16:48:04.031029+00:00,64060288,43401440,4194300,63804,113644,1789628,121485,0,0,0,0,0,0
2026-09-26T16:48:05.031843+00:00,64060288,43384952,4194300,63804,113644,1789628,121485,0,0,0,0,0,0
2026-09-26T16:48:06.032513+00:00,64060288,43399508,4194300,63804,113644,1789628,121485,0,0,0,0,0,0
2026-09-26T16:48:07.033372+00:00,64060288,43390044,4194300,63804,113644,1789628,121485,0,0,0,0,0,0
2026-09-26T16:48:08.034207+00:00,64060288,43405152,4194300,63804,113644,1789628,121485,0,0,0,0,0,0
2026-09-26T16:48:09.035081+00:00,64060288,43381304,4194300,63804,113644,1789628,121485,0,0,0,0,0,0
2026-09-26T16:48:10.035926+00:00,64060288,43380544,4194300,63804,113644,1789628,121485,0,0,0,0,0,0
2026-09-26T16:48:11.036780+00:00,64060288,43377540,4194300,63804,113644,1789628,121485,0,0,0,0,0,0
2026-09-26T16:48:12.037608+00:00,64060288,43389484,4194300,63804,113644,1789628,121485,0,0,0,0,0,0
2026-09-26T16:48:13.038449+00:00,64060288,43387048,4194300,63804,113644,1789628,121485,0,0,0,0,0,0
2026-09-26T16:48:14.039277+00:00,64060288,43394640,4194300,63804,113644,1789628,121485,0,0,0,0,0,0
2026-09-26T16:48:15.040055+00:00,64060288,43383028,4194300,63804,113644,1789628,121485,0,0,0,0,0,0
2026-09-26T16:48:16.040925+00:00,64060288,43371568,4194300,63804,113644,1789628,121485,0,0,0,0,0,0
2026-09-26T16:48:17.041797+00:00,64060288,43372168,4194300,63804,113644,1789628,121485,0,0,0,0,0,0
2026-09-26T16:48:18.042665+00:00,64060288,43375312,4194300,63804,113644,1789628,121485,0,0,0,0,0,0
2026-09-26T16:48:19.043415+00:00,64060288,43371032,4194300,63804,113644,1789628,121485,0,0,0,0,0,0
2026-09-26T16:48:20.044331+00:00,64060288,43371120,4194300,63804,113644,1789628,121485,0,0,0,0,0,0
2026-09-26T16:48:21.045179+00:00,64060288,43376460,4194300,63804,113644,1789628,121485,0,0,0,0,0,0
2026-09-26T16:48:22.046028+00:00,64060288,43373972,4194300,63804,113644,1789628,121485,0,0,0,0,0,0
2026-09-26T16:48:23.046879+00:00,64060288,43362540,4194300,63804,113644,1789628,121485,0,0,0,0,0,0
2026-09-26T16:48:24.047730+00:00,64060288,43375780,4194300,63804,113644,1789628,121485,0,0,0,0,0,0
2026-09-26T16:48:25.048610+00:00,64060288,43351576,4194300,63804,113644,1789628,121485,0,0,0,0,0,0
2026-09-26T16:48:26.049442+00:00,64060288,43353528,4194300,63804,113644,1789628,121485,0,0,0,0,0,0
2026-09-26T16:48:27.050293+00:00,64060288,43352560,4194300,63804,113644,1789628,121485,0,0,0,0,0,0
2026-09-26T16:48:28.051060+00:00,64060288,43366836,4194300,63804,113644,1789628,121485,0,0,0,0,0,0
2026-09-26T16:48:29.051940+00:00,64060288,43346288,4194300,63804,113644,1789628,121485,0,0,0,0,0,0
2026-09-26T16:48:30.052812+00:00,64060288,43379692,4194300,63804,113644,1789628,121485,0,0,0,0,0,0
2026-09-26T16:48:31.053663+00:00,64060288,43364232,4194300,63804,113644,1789628,121485,0,0,0,0,0,0
2026-09-26T16:48:32.054445+00:00,64060288,43374768,4194300,63804,113644,1789628,121485,0,0,0,0,0,0
2026-09-26T16:48:33.055284+00:00,64060288,43373828,4194300,63804,113644,1789628,121485,0,0,0,0,0,0
2026-09-26T16:48:34.056143+00:00,64060288,43374060,4194300,63804,113644,1789628,121485,0,0,0,0,0,0
2026-09-26T16:48:35.057004+00:00,64060288,43361088,4194300,63804,113644,1789628,121485,0,0,0,0,0,0
2026-09-26T16:48:36.057863+00:00,64060288,43367388,4194300,63804,113644,1789628,121485,0,0,0,0,0,0
2026-09-26T16:48:37.058640+00:00,64060288,43377296,4194300,63804,113644,1789628,121485,0,0,0,0,0,0
2026-09-26T16:48:38.059474+00:00,64060288,43380344,4194300,63804,113644,1789628,121485,0,0,0,0,0,0
2026-09-26T16:48:39.060323+00:00,64060288,43358248,4194300,63804,113644,1789628,121485,0,0,0,0,0,0
2026-09-26T16:48:40.061156+00:00,64060288,43343956,4194300,63804,113644,1789628,121485,0,0,0,0,0,0
2026-09-26T16:48:41.061912+00:00,64060288,43325756,4194300,63804,113644,1789628,121485,0,0,0,0,0,0
2026-09-26T16:48:42.062761+00:00,64060288,43338468,4194300,63804,113644,1789628,121485,0,0,0,0,0,0
2026-09-26T16:48:43.063573+00:00,64060288,43346636,4194300,63804,113644,1789628,121485,0,0,0,0,0,0
2026-09-26T16:48:44.064438+00:00,64060288,43309640,4194300,63804,113644,1789628,121485,0,0,0,0,0,0
2026-09-26T16:48:45.065281+00:00,64060288,43328432,4194300,63804,113644,1789628,121485,0,0,0,0,0,0
2026-09-26T16:48:46.066155+00:00,64060288,43336020,4194300,63804,113644,1789628,121485,0,0,0,0,0,0
2026-09-26T16:48:47.067014+00:00,64060288,43306372,4194300,63804,113644,1789628,121486,0,0,0,0,0,0
2026-09-26T16:48:48.067865+00:00,64060288,43330992,4194300,63804,113644,1789628,121486,0,0,0,0,0,0
2026-09-26T16:48:49.068688+00:00,64060288,43349108,4194300,63804,113644,1789628,121486,0,0,0,0,0,0
2026-09-26T16:48:50.069433+00:00,64060288,43344008,4194300,63804,113644,1789628,121486,0,0,0,0,0,0
2026-09-26T16:48:51.070285+00:00,64060288,43342684,4194300,63804,113644,1789628,121486,0,0,0,0,0,0
2026-09-26T16:48:52.071138+00:00,64060288,43346536,4194300,63804,113644,1789628,121486,0,0,0,0,0,0
2026-09-26T16:48:53.071972+00:00,64060288,43342572,4194300,63804,113644,1789628,121486,0,0,0,0,0,0
2026-09-26T16:48:54.072719+00:00,64060288,43350720,4194300,63804,113644,1789628,121486,0,0,0,0,0,0
2026-09-26T16:48:55.073566+00:00,64060288,43352384,4194300,63804,113644,1789628,121486,0,0,0,0,0,0
2026-09-26T16:48:56.074447+00:00,64060288,43345196,4194300,63804,113644,1789628,121560,0,0,0,0,0,0
2026-09-26T16:48:57.075342+00:00,64060288,43316644,4194300,63804,113644,1789628,121560,0,0,0,0,0,0
2026-09-26T16:48:58.076232+00:00,64060288,43324032,4194300,63804,113644,1789628,121560,0,0,0,0,0,0
2026-09-26T16:48:59.077090+00:00,64060288,43322880,4194300,63804,113644,1789628,121560,0,0,0,0,0,0
2026-09-26T16:49:00.077969+00:00,64060288,43362540,4194300,63804,113644,1789628,121560,0,0,0,0,0,0
2026-09-26T16:49:01.078829+00:00,64060288,43335400,4194300,63804,113644,1789628,121560,0,0,0,0,0,0
2026-09-26T16:49:02.079678+00:00,64060288,43348956,4194300,63804,113644,1789628,121560,0,0,0,0,0,0
2026-09-26T16:49:03.080441+00:00,64060288,43339084,4194300,63804,113644,1789628,121560,0,0,0,0,0,0
2026-09-26T16:49:04.081307+00:00,64060288,43346932,4194300,63804,113644,1789628,121560,0,0,0,0,0,0
2026-09-26T16:49:05.082164+00:00,64060288,43328776,4194300,63804,113644,1789628,121560,0,0,0,0,0,0
2026-09-26T16:49:06.083096+00:00,64060288,43347360,4194300,63804,113644,1789628,121560,0,0,0,0,0,0
2026-09-26T16:49:07.083771+00:00,64060288,43366560,4194300,63804,113644,1789628,121560,0,0,0,0,0,0
2026-09-26T16:49:08.084633+00:00,64060288,43356564,4194300,63804,113644,1789628,121560,0,0,0,0,0,0
2026-09-26T16:49:09.085459+00:00,64060288,43353780,4194300,63804,113644,1789628,121560,0,0,0,0,0,0
2026-09-26T16:49:10.086307+00:00,64060288,43350184,4194300,63804,113644,1789628,121560,0,0,0,0,0,0
2026-09-26T16:49:11.087179+00:00,64060288,43329064,4194300,63804,113644,1789628,121560,0,0,0,0,0,0
2026-09-26T16:49:12.088053+00:00,64060288,43312800,4194300,63804,113644,1789628,121560,0,0,0,0,0,0
2026-09-26T16:49:13.088921+00:00,64060288,43323692,4194300,63804,113644,1789628,121560,0,0,0,0,0,0
2026-09-26T16:49:14.089801+00:00,64060288,43327184,4194300,63804,113644,1789628,121560,0,0,0,0,0,0
2026-09-26T16:49:15.090648+00:00,64060288,43334148,4194300,63804,113644,1789628,121560,0,0,0,0,0,0
2026-09-26T16:49:16.091325+00:00,64060288,43350912,4194300,63804,113644,1789628,121560,0,0,0,0,0,0
2026-09-26T16:49:17.092191+00:00,64060288,43358852,4194300,63804,113645,1789628,121561,0,0,0,0,0,0
2026-09-26T16:49:18.093051+00:00,64060288,43382480,4194300,63804,113645,1789628,121561,0,0,0,0,0,0
2026-09-26T16:49:19.093906+00:00,64060288,43384516,4194300,63804,113645,1789628,121561,0,0,0,0,0,0
2026-09-26T16:49:20.094762+00:00,64060288,43393668,4194300,63804,113645,1789628,121561,0,0,0,0,0,0
2026-09-26T16:49:21.095601+00:00,64060288,43370228,4194300,63804,113645,1789628,121561,0,0,0,0,0,0
2026-09-26T16:49:22.096432+00:00,64060288,43352708,4194300,63804,113645,1789628,121561,0,0,0,0,0,0
2026-09-26T16:49:23.097278+00:00,64060288,43375720,4194300,63804,113645,1789628,121561,0,0,0,0,0,0
2026-09-26T16:49:24.098112+00:00,64060288,43369104,4194300,63804,113645,1789628,121561,0,0,0,0,0,0
2026-09-26T16:49:25.098909+00:00,64060288,43371952,4194300,63804,113645,1789628,121561,0,0,0,0,0,0
2026-09-26T16:49:26.099775+00:00,64060288,43354696,4194300,63804,113645,1789628,121561,0,0,0,0,0,0
2026-09-26T16:49:27.100622+00:00,64060288,43368532,4194300,63804,113645,1789628,121561,0,0,0,0,0,0
2026-09-26T16:49:28.101463+00:00,64060288,43355348,4194300,63804,113645,1789628,121561,0,0,0,0,0,0
2026-09-26T16:49:29.102333+00:00,64060288,43371624,4194300,63804,113645,1789628,121561,0,0,0,0,0,0
2026-09-26T16:49:30.103210+00:00,64060288,43370040,4194300,63804,113645,1789628,121561,0,0,0,0,0,0
2026-09-26T16:49:31.104066+00:00,64060288,43371676,4194300,63804,113645,1789628,121561,0,0,0,0,0,0
2026-09-26T16:49:32.104915+00:00,64060288,43368676,4194300,63804,113645,1789628,121561,0,0,0,0,0,0
2026-09-26T16:49:33.105766+00:00,64060288,43379960,4194300,63804,113645,1789628,121561,0,0,0,0,0,0
2026-09-26T16:49:34.106546+00:00,64060288,43359156,4194300,63804,113645,1789628,121561,0,0,0,0,0,0
2026-09-26T16:49:35.107391+00:00,64060288,43365520,4194300,63804,113645,1789628,121561,0,0,0,0,0,0
2026-09-26T16:49:36.108237+00:00,64060288,43361312,4194300,63804,113645,1789628,121561,0,0,0,0,0,0
2026-09-26T16:49:37.109094+00:00,64060288,43362888,4194300,63804,113645,1789628,121561,0,0,0,0,0,0
2026-09-26T16:49:38.109883+00:00,64060288,43366280,4194300,63804,113645,1789628,121561,0,0,0,0,0,0
2026-09-26T16:49:39.110770+00:00,64060288,43360164,4194300,63804,113645,1789628,121561,0,0,0,0,0,0
2026-09-26T16:49:40.111624+00:00,64060288,43344268,4194300,63804,113645,1789628,121561,0,0,0,0,0,0
2026-09-26T16:49:41.112472+00:00,64060288,43327716,4194300,63804,113645,1789628,121561,0,0,0,0,0,0
2026-09-26T16:49:42.113340+00:00,64060288,43326836,4194300,63804,113645,1789628,121561,0,0,0,0,0,0
2026-09-26T16:49:43.114202+00:00,64060288,43316736,4194300,63804,113645,1789628,121561,0,0,0,0,0,0
2026-09-26T16:49:44.115045+00:00,64060288,43338772,4194300,63804,113645,1789628,121561,0,0,0,0,0,0
2026-09-26T16:49:45.115909+00:00,64060288,43335748,4194300,63804,113645,1789628,121561,0,0,0,0,0,0
2026-09-26T16:49:46.116756+00:00,64060288,43331036,4194300,63784,113645,1789628,121561,0,0,0,0,0,0
2026-09-26T16:49:47.117530+00:00,64060288,43325176,4194300,63784,113645,1789628,121561,0,0,0,0,0,0
2026-09-26T16:49:48.118361+00:00,64060288,43330912,4194300,63784,113645,1789628,121561,0,0,0,0,0,0
2026-09-26T16:49:49.119210+00:00,64060288,43338596,4194300,63784,113645,1789628,121561,0,0,0,0,0,0
2026-09-26T16:49:50.120073+00:00,64060288,43366220,4194300,63784,113645,1789628,121561,0,0,0,0,0,0
2026-09-26T16:49:51.120935+00:00,64060288,43346840,4194300,63784,113645,1789628,121561,0,0,0,0,0,0
2026-09-26T16:49:52.121800+00:00,64060288,43346524,4194300,63784,113645,1789628,121561,0,0,0,0,0,0
2026-09-26T16:49:53.122654+00:00,64060288,43337384,4194300,63784,113645,1789628,121561,0,0,0,0,0,0
2026-09-26T16:49:54.123488+00:00,64060288,43349680,4194300,63784,113645,1789628,121561,0,0,0,0,0,0
2026-09-26T16:49:55.124307+00:00,64060288,43348312,4194300,63784,113645,1789628,121561,0,0,0,0,0,0
2026-09-26T16:49:56.125096+00:00,64060288,43353608,4194300,63784,113645,1789628,121561,0,0,0,0,0,0
2026-09-26T16:49:57.125951+00:00,64060288,43353100,4194300,63784,113645,1789628,121561,0,0,0,0,0,0
2026-09-26T16:49:58.126816+00:00,64060288,43365652,4194300,63784,113645,1789628,121561,0,0,0,0,0,0
2026-09-26T16:49:59.127627+00:00,64060288,43347244,4194300,63784,113645,1789628,121561,0,0,0,0,0,0
2026-09-26T16:50:00.128361+00:00,64060288,43339604,4194300,63784,113645,1789628,121561,0,0,0,0,0,0
2026-09-26T16:50:01.129228+00:00,64060288,43338896,4194300,63784,113645,1789628,121561,0,0,0,0,0,0
2026-09-26T16:50:02.130090+00:00,64060288,43354676,4194300,63784,113645,1789628,121561,0,0,0,0,0,0
2026-09-26T16:50:03.130946+00:00,64060288,43347264,4194300,63784,113645,1789628,121561,0,0,0,0,0,0
2026-09-26T16:50:04.131810+00:00,64060288,43352280,4194300,63784,113645,1789628,121561,0,0,0,0,0,0
2026-09-26T16:50:05.132615+00:00,64060288,43348132,4194300,63784,113645,1789628,121561,0,0,0,0,0,0
2026-09-26T16:50:06.133424+00:00,64060288,43359108,4194300,63784,113645,1789628,121561,0,0,0,0,0,0
2026-09-26T16:50:07.134269+00:00,64060288,43332444,4194300,63784,113645,1789628,121561,0,0,0,0,0,0
2026-09-26T16:50:08.135124+00:00,64060288,43331492,4194300,63784,113645,1789628,121561,0,0,0,0,0,0
2026-09-26T16:50:09.135941+00:00,64060288,43348392,4194300,63784,113645,1789628,121561,0,0,0,0,0,0
2026-09-26T16:50:10.136779+00:00,64060288,43354796,4194300,63784,113645,1789628,121561,0,0,0,0,0,0
2026-09-26T16:50:11.137636+00:00,64060288,43364744,4194300,63784,113645,1789628,121561,0,0,0,0,0,0
2026-09-26T16:50:12.138495+00:00,64060288,43357128,4194300,63784,113645,1789628,121561,0,0,0,0,0,0
2026-09-26T16:50:13.139362+00:00,64060288,43348012,4194300,63784,113645,1789628,121561,0,0,0,0,0,0
2026-09-26T16:50:14.140209+00:00,64060288,43345192,4194300,63784,113645,1789628,121561,0,0,0,0,0,0
2026-09-26T16:50:15.141065+00:00,64060288,43355332,4194300,63784,113645,1789628,121561,0,0,0,0,0,0
2026-09-26T16:50:16.141946+00:00,64060288,43356176,4194300,63784,113645,1789628,121561,0,0,0,0,0,0
2026-09-26T16:50:17.142816+00:00,64060288,43343144,4194300,63784,113647,1789628,121563,0,0,0,0,0,0
2026-09-26T16:50:18.143692+00:00,64060288,43364200,4194300,63784,113647,1789628,121563,0,0,0,0,0,0
2026-09-26T16:50:19.144590+00:00,64060288,43383604,4194300,63784,113647,1789628,121563,0,0,0,0,0,0
2026-09-26T16:50:20.145433+00:00,64060288,43390272,4194300,63784,113647,1789628,121563,0,0,0,0,0,0
2026-09-26T16:50:21.146281+00:00,64060288,43389340,4194300,63784,113647,1789628,121563,0,0,0,0,0,0
2026-09-26T16:50:22.147142+00:00,64060288,43380932,4194300,63784,113647,1789628,121563,0,0,0,0,0,0
2026-09-26T16:50:23.147990+00:00,64060288,43407932,4194300,63784,113647,1789628,121563,0,0,0,0,0,0
2026-09-26T16:50:24.148822+00:00,64060288,43410760,4194300,63784,113647,1789628,121563,0,0,0,0,0,0
2026-09-26T16:50:25.149645+00:00,64060288,43417948,4194300,63784,113647,1789628,121563,0,0,0,0,0,0
2026-09-26T16:50:26.150445+00:00,64060288,43415412,4194300,63784,113647,1789628,121563,0,0,0,0,0,0
2026-09-26T16:50:27.151158+00:00,64060288,43414996,4194300,63784,113647,1789628,121563,0,0,0,0,0,0
2026-09-26T16:50:28.152009+00:00,64060288,43405180,4194300,63784,113647,1789628,121563,0,0,0,0,0,0
2026-09-26T16:50:29.152859+00:00,64060288,43424072,4194300,63784,113647,1789628,121563,0,0,0,0,0,0
2026-09-26T16:50:30.153697+00:00,64060288,43412748,4194300,63784,113647,1789628,121563,0,0,0,0,0,0
2026-09-26T16:50:31.154421+00:00,64060288,43418976,4194300,63784,113647,1789628,121563,0,0,0,0,0,0
2026-09-26T16:50:32.155263+00:00,64060288,43398368,4194300,63784,113647,1789628,121563,0,0,0,0,0,0
2026-09-26T16:50:33.156125+00:00,64060288,43405268,4194300,63784,113647,1789628,121563,0,0,0,0,0,0
2026-09-26T16:50:34.157000+00:00,64060288,43418888,4194300,63784,113647,1789628,121563,0,0,0,0,0,0
2026-09-26T16:50:35.157840+00:00,64060288,43402356,4194300,63784,113647,1789628,121563,0,0,0,0,0,0
2026-09-26T16:50:36.158609+00:00,64060288,43386236,4194300,63784,113647,1789628,121563,0,0,0,0,0,0
2026-09-26T16:50:37.159440+00:00,64060288,43391508,4194300,63784,113647,1789628,121563,0,0,0,0,0,0
2026-09-26T16:50:38.160271+00:00,64060288,43393544,4194300,63784,113647,1789628,121563,0,0,0,0,0,0
2026-09-26T16:50:39.161138+00:00,64060288,43384772,4194300,63784,113647,1789628,121563,0,0,0,0,0,0
2026-09-26T16:50:40.161832+00:00,64060288,43381064,4194300,63784,113647,1789628,121563,0,0,0,0,0,0
2026-09-26T16:50:41.162679+00:00,64060288,43402416,4194300,63784,113647,1789628,121563,0,0,0,0,0,0
2026-09-26T16:50:42.163529+00:00,64060288,43403916,4194300,63784,113647,1789628,121563,0,0,0,0,0,0
2026-09-26T16:50:43.164403+00:00,64060288,43399828,4194300,63784,113647,1789628,121563,0,0,0,0,0,0
2026-09-26T16:50:44.165264+00:00,64060288,43405276,4194300,63784,113647,1789628,121563,0,0,0,0,0,0
2026-09-26T16:50:45.166136+00:00,64060288,43388860,4194300,63784,113647,1789628,121563,0,0,0,0,0,0
2026-09-26T16:50:46.166999+00:00,64060288,43390356,4194300,63784,113647,1789628,121563,0,0,0,0,0,0
2026-09-26T16:50:47.167884+00:00,64060288,43362300,4194300,63784,113647,1789628,121563,0,0,0,0,0,0
2026-09-26T16:50:48.168771+00:00,64060288,43360792,4194300,63784,113647,1789628,121563,0,0,0,0,0,0
2026-09-26T16:50:49.169534+00:00,64060288,43380972,4194300,63784,113647,1789628,121563,0,0,0,0,0,0
2026-09-26T16:50:50.170407+00:00,64060288,43379516,4194300,63784,113647,1789628,121563,0,0,0,0,0,0
2026-09-26T16:50:51.171256+00:00,64060288,43404896,4194300,63784,113647,1789628,121563,0,0,0,0,0,0
2026-09-26T16:50:52.172113+00:00,64060288,43418904,4194300,63784,113647,1789628,121563,0,0,0,0,0,0
2026-09-26T16:50:53.172942+00:00,64060288,43422512,4194300,63784,113647,1789628,121563,0,0,0,0,0,0
2026-09-26T16:50:54.173739+00:00,64060288,43409828,4194300,63784,113647,1789628,121563,0,0,0,0,0,0
2026-09-26T16:50:55.174571+00:00,64060288,43431664,4194300,63784,113647,1789628,121563,0,0,0,0,0,0
2026-09-26T16:50:56.175428+00:00,64060288,43428884,4194300,63784,113647,1789628,121563,0,0,0,0,0,0
2026-09-26T16:50:57.176262+00:00,64060288,43425864,4194300,63784,113647,1789628,121563,0,0,0,0,0,0
2026-09-26T16:50:58.177041+00:00,64060288,43404772,4194300,63784,113647,1789628,121563,0,0,0,0,0,0
2026-09-26T16:50:59.177935+00:00,64060288,43393684,4194300,63784,113647,1789628,121563,0,0,0,0,0,0
2026-09-26T16:51:00.178823+00:00,64060288,43382728,4194300,63784,113647,1789628,121563,0,0,0,0,0,0
2026-09-26T16:51:01.179666+00:00,64060288,43416860,4194300,63784,113647,1789628,121563,0,0,0,0,0,0
2026-09-26T16:51:02.180502+00:00,64060288,43411500,4194300,63784,113647,1789628,121563,0,0,0,0,0,0
2026-09-26T16:51:03.181288+00:00,64060288,43408380,4194300,63784,113647,1789628,121563,0,0,0,0,0,0
2026-09-26T16:51:04.182131+00:00,64060288,43397788,4194300,63784,113647,1789628,121563,0,0,0,0,0,0
2026-09-26T16:51:05.182968+00:00,64060288,43410060,4194300,63784,113647,1789628,121563,0,0,0,0,0,0
2026-09-26T16:51:06.183843+00:00,64060288,43402264,4194300,63784,113647,1789628,121563,0,0,0,0,0,0
2026-09-26T16:51:07.184604+00:00,64060288,43413900,4194300,63784,113647,1789628,121563,0,0,0,0,0,0
2026-09-26T16:51:08.185433+00:00,64060288,43404476,4194300,63784,113647,1789628,121563,0,0,0,0,0,0
2026-09-26T16:51:09.186276+00:00,64060288,43423348,4194300,63784,113647,1789628,121563,0,0,0,0,0,0
2026-09-26T16:51:10.187151+00:00,64060288,43428888,4194300,63784,113647,1789628,121563,0,0,0,0,0,0
2026-09-26T16:51:11.188014+00:00,64060288,43422376,4194300,63784,113647,1789628,121563,0,0,0,0,0,0
2026-09-26T16:51:12.188874+00:00,64060288,43414620,4194300,63784,113647,1789628,121563,0,0,0,0,0,0
2026-09-26T16:51:13.189737+00:00,64060288,43423528,4194300,63784,113647,1789628,121563,0,0,0,0,0,0
2026-09-26T16:51:14.190601+00:00,64060288,43427796,4194300,63784,113647,1789628,121563,0,0,0,0,0,0
2026-09-26T16:51:15.191428+00:00,64060288,43427236,4194300,63784,113647,1789628,121563,0,0,0,0,0,0
2026-09-26T16:51:16.192201+00:00,64060288,43425456,4194300,63784,113647,1789628,121563,0,0,0,0,0,0
2026-09-26T16:51:17.193063+00:00,64060288,43431652,4194300,63784,113647,1789628,121563,0,0,0,0,0,0
2026-09-26T16:51:18.193915+00:00,64060288,43411916,4194300,63784,113647,1789628,121563,0,0,0,0,0,0
2026-09-26T16:51:19.194776+00:00,64060288,43395080,4194300,63784,113648,1789628,121564,0,0,0,0,0,0
2026-09-26T16:51:20.195629+00:00,64060288,43390524,4194300,63784,113648,1789628,121564,0,0,0,0,0,0
2026-09-26T16:51:21.196503+00:00,64060288,43405136,4194300,63784,113648,1789628,121564,0,0,0,0,0,0
2026-09-26T16:51:22.197348+00:00,64060288,43401240,4194300,63784,113648,1789628,121564,0,0,0,0,0,0
2026-09-26T16:51:23.198223+00:00,64060288,43404992,4194300,63784,113648,1789628,121564,0,0,0,0,0,0
2026-09-26T16:51:24.199077+00:00,64060288,43397116,4194300,63784,113648,1789628,121564,0,0,0,0,0,0
2026-09-26T16:51:25.199837+00:00,64060288,43411868,4194300,63784,113648,1789628,121564,0,0,0,0,0,0
2026-09-26T16:51:26.200690+00:00,64060288,43402988,4194300,63784,113648,1789628,121564,0,0,0,0,0,0
2026-09-26T16:51:27.201544+00:00,64060288,43416864,4194300,63784,113648,1789628,121564,0,0,0,0,0,0
2026-09-26T16:51:28.202404+00:00,64060288,43421440,4194300,63784,113648,1789628,121564,0,0,0,0,0,0
2026-09-26T16:51:29.203268+00:00,64060288,43406956,4194300,63784,113648,1789628,121564,0,0,0,0,0,0
2026-09-26T16:51:30.204132+00:00,64060288,43398428,4194300,63784,113648,1789628,121564,0,0,0,0,0,0
2026-09-26T16:51:31.204990+00:00,64060288,43419080,4194300,63784,113648,1789628,121564,0,0,0,0,0,0
2026-09-26T16:51:32.205861+00:00,64060288,43402660,4194300,63784,113648,1789628,121564,0,0,0,0,0,0
2026-09-26T16:51:33.206737+00:00,64060288,43397724,4194300,63784,113648,1789628,121564,0,0,0,0,0,0
2026-09-26T16:51:34.207494+00:00,64060288,43393688,4194300,63784,113648,1789628,121564,0,0,0,0,0,0
2026-09-26T16:51:35.208373+00:00,64060288,43384692,4194300,63784,113648,1789628,121564,0,0,0,0,0,0
2026-09-26T16:51:36.209243+00:00,64060288,43384020,4194300,63784,113648,1789628,121564,0,0,0,0,0,0
2026-09-26T16:51:37.210176+00:00,64060288,43413328,4194300,63784,113648,1789628,121564,0,0,0,0,0,0
2026-09-26T16:51:38.211034+00:00,64060288,43412880,4194300,63784,113648,1789628,121564,0,0,0,0,0,0
2026-09-26T16:51:39.211797+00:00,64060288,43424196,4194300,63784,113648,1789628,121564,0,0,0,0,0,0
2026-09-26T16:51:40.212626+00:00,64060288,43416176,4194300,63784,113648,1789628,121564,0,0,0,0,0,0
2026-09-26T16:51:41.213474+00:00,64060288,43411448,4194300,63784,113648,1789628,121564,0,0,0,0,0,0
2026-09-26T16:51:42.214313+00:00,64060288,43409492,4194300,63784,113648,1789628,121564,0,0,0,0,0,0
2026-09-26T16:51:43.215120+00:00,64060288,43417088,4194300,63784,113648,1789628,121564,0,0,0,0,0,0
2026-09-26T16:51:44.215972+00:00,64060288,43420292,4194300,63784,113648,1789628,121564,0,0,0,0,0,0
2026-09-26T16:51:45.216823+00:00,64060288,43425404,4194300,63784,113648,1789628,121564,0,0,0,0,0,0
2026-09-26T16:51:46.217654+00:00,64060288,43412676,4194300,63784,113648,1789628,121564,0,0,0,0,0,0
2026-09-26T16:51:47.218480+00:00,64060288,43387920,4194300,63784,113648,1789628,121564,0,0,0,0,0,0
2026-09-26T16:51:48.219243+00:00,64060288,43376736,4194300,63784,113648,1789628,121564,0,0,0,0,0,0
2026-09-26T16:51:49.220087+00:00,64060288,43397012,4194300,63784,113648,1789628,121564,0,0,0,0,0,0
2026-09-26T16:51:50.220923+00:00,64060288,43380468,4194300,63784,113648,1789628,121564,0,0,0,0,0,0
2026-09-26T16:51:51.221765+00:00,64060288,43408456,4194300,63784,113648,1789628,121564,0,0,0,0,0,0
2026-09-26T16:51:52.222513+00:00,64060288,43374324,4194300,63784,113648,1789628,121564,0,0,0,0,0,0
2026-09-26T16:51:53.223368+00:00,64060288,43363480,4194300,63784,113648,1789628,121564,0,0,0,0,0,0
2026-09-26T16:51:54.224235+00:00,64060288,43385476,4194300,63784,113648,1789628,121564,0,0,0,0,0,0
2026-09-26T16:51:55.225141+00:00,64060288,43389480,4194300,63784,113648,1789628,121564,0,0,0,0,0,0
2026-09-26T16:51:56.226010+00:00,64060288,43387416,4194300,63784,113648,1789628,121564,0,0,0,0,0,0
2026-09-26T16:51:57.226884+00:00,64060288,43389852,4194300,63784,113648,1789628,121564,0,0,0,0,0,0
2026-09-26T16:51:58.227749+00:00,64060288,43398872,4194300,63784,113648,1789628,121564,0,0,0,0,0,0
2026-09-26T16:51:59.228601+00:00,64060288,43382280,4194300,63784,113648,1789628,121564,0,0,0,0,0,0
2026-09-26T16:52:00.229440+00:00,64060288,43358960,4194300,63784,113648,1789628,121564,0,0,0,0,0,0
2026-09-26T16:52:01.230310+00:00,64060288,43350728,4194300,63784,113648,1789628,121564,0,0,0,0,0,0
2026-09-26T16:52:02.231171+00:00,64060288,43354624,4194300,63784,113648,1789628,121564,0,0,0,0,0,0
2026-09-26T16:52:03.232006+00:00,64060288,43352424,4194300,63784,113648,1789628,121564,0,0,0,0,0,0
2026-09-26T16:52:04.232851+00:00,64060288,43355944,4194300,63784,113648,1789628,121564,0,0,0,0,0,0
2026-09-26T16:52:05.233705+00:00,64060288,43372220,4194300,63784,113648,1789628,121564,0,0,0,0,0,0
2026-09-26T16:52:06.234519+00:00,64060288,43356708,4194300,63784,113648,1789628,121564,0,0,0,0,0,0
2026-09-26T16:52:07.235341+00:00,64060288,43383060,4194300,63784,113648,1789628,121564,0,0,0,0,0,0
2026-09-26T16:52:08.236202+00:00,64060288,43404148,4194300,63784,113648,1789628,121564,0,0,0,0,0,0
2026-09-26T16:52:09.237041+00:00,64060288,43408340,4194300,63784,113648,1789628,121564,0,0,0,0,0,0
2026-09-26T16:52:10.237875+00:00,64060288,43411164,4194300,63784,113648,1789628,121564,0,0,0,0,0,0
2026-09-26T16:52:11.238706+00:00,64060288,43379860,4194300,63784,113648,1789628,121564,0,0,0,0,0,0
2026-09-26T16:52:12.239536+00:00,64060288,43375504,4194300,63784,113648,1789628,121564,0,0,0,0,0,0
2026-09-26T16:52:13.240392+00:00,64060288,43402804,4194300,63784,113648,1789628,121564,0,0,0,0,0,0
2026-09-26T16:52:14.241235+00:00,64060288,43416800,4194300,63784,113648,1789628,121564,0,0,0,0,0,0
2026-09-26T16:52:15.241993+00:00,64060288,43414968,4194300,63784,113648,1789628,121564,0,0,0,0,0,0
2026-09-26T16:52:16.242872+00:00,64060288,43396064,4194300,63784,113648,1789628,121564,0,0,0,0,0,0
2026-09-26T16:52:17.243736+00:00,64060288,43377472,4194300,63784,113648,1789628,121564,0,0,0,0,0,0
2026-09-26T16:52:18.244600+00:00,64060288,43381936,4194300,63784,113648,1789628,121564,0,0,0,0,0,0
2026-09-26T16:52:19.245437+00:00,64060288,43393572,4194300,63784,113648,1789628,121564,0,0,0,0,0,0
2026-09-26T16:52:20.246298+00:00,64060288,43391928,4194300,63784,113648,1789628,121564,0,0,0,0,0,0
2026-09-26T16:52:21.247156+00:00,64060288,43396328,4194300,63784,113648,1789628,121564,0,0,0,0,0,0
2026-09-26T16:52:22.248049+00:00,64060288,43397996,4194300,63784,113648,1789628,121564,0,0,0,0,0,0
2026-09-26T16:52:23.248905+00:00,64060288,43401556,4194300,63784,113648,1789628,121564,0,0,0,0,0,0
2026-09-26T16:52:24.249653+00:00,64060288,43397272,4194300,63784,113648,1789628,121564,0,0,0,0,0,0
2026-09-26T16:52:25.250523+00:00,64060288,43405216,4194300,63784,113648,1789628,121564,0,0,0,0,0,0
2026-09-26T16:52:26.251360+00:00,64060288,43412524,4194300,63784,113648,1789628,121564,0,0,0,0,0,0
2026-09-26T16:52:27.252225+00:00,64060288,43378224,4194300,63784,113648,1789628,121564,0,0,0,0,0,0
2026-09-26T16:52:28.253070+00:00,64060288,43399540,4194300,63784,113648,1789628,121564,0,0,0,0,0,0
2026-09-26T16:52:29.253865+00:00,64060288,43399800,4194300,63784,113648,1789628,121564,0,0,0,0,0,0
2026-09-26T16:52:30.254719+00:00,64060288,43393448,4194300,63784,113648,1789628,121564,0,0,0,0,0,0
2026-09-26T16:52:31.255555+00:00,64060288,43387828,4194300,63784,113649,1789628,121565,0,0,0,0,0,0
2026-09-26T16:52:32.256388+00:00,64060288,43391264,4194300,63784,113649,1789628,121565,0,0,0,0,0,0
2026-09-26T16:52:33.257262+00:00,64060288,43393532,4194300,63784,113649,1789628,121565,0,0,0,0,0,0
2026-09-26T16:52:34.258110+00:00,64060288,43393268,4194300,63784,113649,1789628,121565,0,0,0,0,0,0
2026-09-26T16:52:35.258986+00:00,64060288,43383792,4194300,63784,113649,1789628,121565,0,0,0,0,0,0
2026-09-26T16:52:36.259854+00:00,64060288,43386952,4194300,63784,113649,1789628,121565,0,0,0,0,0,0
2026-09-26T16:52:37.260794+00:00,64060288,43402580,4194300,63784,113649,1789628,121565,0,0,0,0,0,0
2026-09-26T16:52:38.261547+00:00,64060288,43629604,4194300,63784,113649,1789628,121565,0,0,0,0,0,0
2026-09-26T16:52:39.262391+00:00,64060288,43626080,4194300,63784,113649,1789628,121565,0,0,0,0,0,0
2026-09-26T16:52:40.263255+00:00,64060288,43613512,4194300,63784,113649,1789628,121565,0,0,0,0,0,0
2026-09-26T16:52:41.264092+00:00,64060288,43606212,4194300,63784,113649,1789628,121565,0,0,0,0,0,0
2026-09-26T16:52:42.264956+00:00,64060288,43571800,4194300,63784,113649,1789628,121565,0,0,0,0,0,0
2026-09-26T16:52:43.265955+00:00,64060288,43578972,4194300,63784,113649,1789628,121565,0,0,0,0,0,0
2026-09-26T16:52:44.266791+00:00,64060288,43606568,4194300,63784,113649,1789628,121565,0,0,0,0,0,0
2026-09-26T16:52:45.267614+00:00,64060288,43602068,4194300,63784,113649,1789628,121565,0,0,0,0,0,0
2026-09-26T16:52:46.268429+00:00,64060288,43619144,4194300,63784,113649,1789628,121565,0,0,0,0,0,0
2026-09-26T16:52:47.269224+00:00,64060288,43601396,4194300,63744,113650,1789628,121566,0,0,0,0,0,0
2026-09-26T16:52:48.270078+00:00,64060288,43600532,4194300,63744,113650,1789628,121566,0,0,0,0,0,0
2026-09-26T16:52:49.270959+00:00,64060288,43599080,4194300,63744,113650,1789628,121566,0,0,0,0,0,0
2026-09-26T16:52:50.271843+00:00,64060288,43586236,4194300,63744,113650,1789628,121566,0,0,0,0,0,0
2026-09-26T16:52:51.272681+00:00,64060288,43597464,4194300,63744,113650,1789628,121566,0,0,0,0,0,0
2026-09-26T16:52:52.273440+00:00,64060288,43599616,4194300,63744,113650,1789628,121566,0,0,0,0,0,0
2026-09-26T16:52:53.274283+00:00,64060288,43607200,4194300,63744,113650,1789628,121566,0,0,0,0,0,0
2026-09-26T16:52:54.275158+00:00,64060288,43602580,4194300,63744,113650,1789628,121566,0,0,0,0,0,0
2026-09-26T16:52:55.276018+00:00,64060288,43607288,4194300,63744,113650,1789628,121566,0,0,0,0,0,0
2026-09-26T16:52:56.276791+00:00,64060288,43602596,4194300,63744,113650,1789628,121566,0,0,0,0,0,0
2026-09-26T16:52:57.277648+00:00,64060288,43605240,4194300,63744,113650,1789628,121566,0,0,0,0,0,0
2026-09-26T16:52:58.278499+00:00,64060288,43595272,4194300,63744,113650,1789628,121566,0,0,0,0,0,0
2026-09-26T16:52:59.279376+00:00,64060288,43590652,4194300,63744,113650,1789628,121566,0,0,0,0,0,0
2026-09-26T16:53:00.280217+00:00,64060288,43593596,4194300,63744,113650,1789628,121566,0,0,0,0,0,0
2026-09-26T16:53:01.280949+00:00,64060288,43592580,4194300,63744,113650,1789628,121566,0,0,0,0,0,0
2026-09-26T16:53:02.281825+00:00,64060288,43598400,4194300,63744,113650,1789628,121566,0,0,0,0,0,0
2026-09-26T16:53:03.282719+00:00,64060288,43598272,4194300,63744,113650,1789628,121566,0,0,0,0,0,0
2026-09-26T16:53:04.283561+00:00,64060288,43585056,4194300,63744,113650,1789628,121566,0,0,0,0,0,0
2026-09-26T16:53:05.284427+00:00,64060288,43585664,4194300,63744,113650,1789628,121566,0,0,0,0,0,0
2026-09-26T16:53:06.285270+00:00,64060288,43591836,4194300,63744,113650,1789628,121566,0,0,0,0,0,0
2026-09-26T16:53:07.286113+00:00,64060288,43590264,4194300,63744,113650,1789628,121566,0,0,0,0,0,0
2026-09-26T16:53:08.286967+00:00,64060288,43589392,4194300,63744,113650,1789628,121566,0,0,0,0,0,0
2026-09-26T16:53:09.287811+00:00,64060288,43566672,4194300,63744,113650,1789628,121566,0,0,0,0,0,0
2026-09-26T16:53:10.288544+00:00,64060288,43567432,4194300,63744,113650,1789628,121566,0,0,0,0,0,0
2026-09-26T16:53:11.289411+00:00,64060288,43584008,4194300,63744,113650,1789628,121566,0,0,0,0,0,0
2026-09-26T16:53:12.290257+00:00,64060288,43583616,4194300,63744,113650,1789628,121566,0,0,0,0,0,0
2026-09-26T16:53:13.291117+00:00,64060288,43579432,4194300,63744,113650,1789628,121566,0,0,0,0,0,0
2026-09-26T16:53:14.291966+00:00,64060288,43587496,4194300,63744,113650,1789628,121566,0,0,0,0,0,0
2026-09-26T16:53:15.292758+00:00,64060288,43578824,4194300,63744,113650,1789628,121566,0,0,0,0,0,0
2026-09-26T16:53:16.293619+00:00,64060288,43584576,4194300,63744,113650,1789628,121566,0,0,0,0,0,0
2026-09-26T16:53:17.294464+00:00,64060288,43561796,4194300,63744,113650,1789628,121566,0,0,0,0,0,0
2026-09-26T16:53:18.295306+00:00,64060288,43544736,4194300,63744,113650,1789628,121566,0,0,0,0,0,0
2026-09-26T16:53:19.296169+00:00,64060288,43558760,4194300,63744,113650,1789628,121566,0,0,0,0,0,0
2026-09-26T16:53:20.297007+00:00,64060288,43563164,4194300,63744,113650,1789628,121566,0,0,0,0,0,0
2026-09-26T16:53:21.297847+00:00,64060288,43553488,4194300,63744,113650,1789628,121566,0,0,0,0,0,0
2026-09-26T16:53:22.298675+00:00,64060288,43557484,4194300,63744,113650,1789628,121566,0,0,0,0,0,0
2026-09-26T16:53:23.299507+00:00,64060288,43558160,4194300,63744,113650,1789628,121566,0,0,0,0,0,0
2026-09-26T16:53:24.300247+00:00,64060288,43545856,4194300,63744,113650,1789628,121566,0,0,0,0,0,0
2026-09-26T16:53:25.301098+00:00,64060288,43556320,4194300,63744,113650,1789628,121566,0,0,0,0,0,0
2026-09-26T16:53:26.301959+00:00,64060288,43557776,4194300,63744,113650,1789628,121566,0,0,0,0,0,0
2026-09-26T16:53:27.302810+00:00,64060288,43556500,4194300,63744,113650,1789628,121566,0,0,0,0,0,0
2026-09-26T16:53:28.303664+00:00,64060288,43566252,4194300,63744,113650,1789628,121566,0,0,0,0,0,0
2026-09-26T16:53:29.304405+00:00,64060288,43563080,4194300,63744,113650,1789628,121566,0,0,0,0,0,0
2026-09-26T16:53:30.305246+00:00,64060288,43569772,4194300,63744,113650,1789628,121566,0,0,0,0,0,0
2026-09-26T16:53:31.306101+00:00,64060288,43567624,4194300,63744,113650,1789628,121566,0,0,0,0,0,0
2026-09-26T16:53:32.306958+00:00,64060288,43567692,4194300,63744,113650,1789628,121566,0,0,0,0,0,0
2026-09-26T16:53:33.307812+00:00,64060288,43573756,4194300,63744,113650,1789628,121566,0,0,0,0,0,0
2026-09-26T16:53:34.308632+00:00,64060288,43553348,4194300,63744,113650,1789628,121566,0,0,0,0,0,0
2026-09-26T16:53:35.309468+00:00,64060288,43524964,4194300,63744,113650,1789628,121566,0,0,0,0,0,0
2026-09-26T16:53:36.310347+00:00,64060288,43480072,4194300,63744,113650,1789628,121566,0,0,0,0,0,0
2026-09-26T16:53:37.311183+00:00,64060288,43502920,4194300,63744,113650,1789628,121566,0,0,0,0,0,0
2026-09-26T16:53:38.311958+00:00,64060288,43510080,4194300,63744,113650,1789628,121566,0,0,0,0,0,0
2026-09-26T16:53:39.312845+00:00,64060288,43527740,4194300,63744,113650,1789628,121566,0,0,0,0,0,0
2026-09-26T16:53:40.313680+00:00,64060288,43533740,4194300,63744,113650,1789628,121566,0,0,0,0,0,0
2026-09-26T16:53:41.314543+00:00,64060288,43514692,4194300,63744,113650,1789628,121566,0,0,0,0,0,0
2026-09-26T16:53:42.315412+00:00,64060288,43499480,4194300,63744,113650,1789628,121566,0,0,0,0,0,0
2026-09-26T16:53:43.316275+00:00,64060288,43501840,4194300,63744,113650,1789628,121566,0,0,0,0,0,0
2026-09-26T16:53:44.317190+00:00,64060288,43504844,4194300,63744,113650,1789628,121566,0,0,0,0,0,0
2026-09-26T16:53:45.318069+00:00,64060288,43523044,4194300,63744,113650,1789628,121566,0,0,0,0,0,0
2026-09-26T16:53:46.318977+00:00,64060288,43510592,4194300,63744,113650,1789628,121566,0,0,0,0,0,0
2026-09-26T16:53:47.319772+00:00,64060288,43514612,4194300,63744,113650,1789628,121566,0,0,0,0,0,0
2026-09-26T16:53:48.320628+00:00,64060288,43527532,4194300,63744,113650,1789628,121566,0,0,0,0,0,0
2026-09-26T16:53:49.321491+00:00,64060288,43522920,4194300,63744,113650,1789628,121566,0,0,0,0,0,0
2026-09-26T16:53:50.322360+00:00,64060288,43518984,4194300,63744,113650,1789628,121566,0,0,0,0,0,0
2026-09-26T16:53:51.323218+00:00,64060288,43494452,4194300,63744,113650,1789628,121566,0,0,0,0,0,0
2026-09-26T16:53:52.324018+00:00,64060288,43482212,4194300,63744,113650,1789628,121566,0,0,0,0,0,0
2026-09-26T16:53:53.324897+00:00,64060288,43463960,4194300,63744,113650,1789628,121566,0,0,0,0,0,0
2026-09-26T16:53:54.325775+00:00,64060288,43461264,4194300,63744,113650,1789628,121566,0,0,0,0,0,0
2026-09-26T16:53:55.326611+00:00,64060288,43463372,4194300,63744,113650,1789628,121566,0,0,0,0,0,0
2026-09-26T16:53:56.327441+00:00,64060288,43480232,4194300,63744,113650,1789628,121566,0,0,0,0,0,0
2026-09-26T16:53:57.328230+00:00,64060288,43496624,4194300,63744,113650,1789628,121566,0,0,0,0,0,0
2026-09-26T16:53:58.329078+00:00,64060288,43517244,4194300,63744,113650,1789628,121566,0,0,0,0,0,0
2026-09-26T16:53:59.329934+00:00,64060288,43506836,4194300,63744,113650,1789628,121566,0,0,0,0,0,0
2026-09-26T16:54:00.330813+00:00,64060288,43511908,4194300,63744,113650,1789628,121566,0,0,0,0,0,0
2026-09-26T16:54:01.331551+00:00,64060288,43514756,4194300,63744,113650,1789628,121566,0,0,0,0,0,0
2026-09-26T16:54:02.332360+00:00,64060288,43494432,4194300,63744,113650,1789628,121566,0,0,0,0,0,0
2026-09-26T16:54:03.333240+00:00,64060288,43507156,4194300,63744,113650,1789628,121566,0,0,0,0,0,0
2026-09-26T16:54:04.334100+00:00,64060288,43506196,4194300,63744,113650,1789628,121566,0,0,0,0,0,0
2026-09-26T16:54:05.334968+00:00,64060288,43509000,4194300,63744,113650,1789628,121566,0,0,0,0,0,0
2026-09-26T16:54:06.335740+00:00,64060288,43500380,4194300,63744,113650,1789628,121566,0,0,0,0,0,0
2026-09-26T16:54:07.336598+00:00,64060288,43498940,4194300,63744,113650,1789628,121566,0,0,0,0,0,0
2026-09-26T16:54:08.337452+00:00,64060288,43505348,4194300,63744,113650,1789628,121566,0,0,0,0,0,0
2026-09-26T16:54:09.338293+00:00,64060288,43508824,4194300,63744,113650,1789628,121566,0,0,0,0,0,0
2026-09-26T16:54:10.339171+00:00,64060288,43522876,4194300,63744,113650,1789628,121566,0,0,0,0,0,0
2026-09-26T16:54:11.340022+00:00,64060288,43505348,4194300,63744,113650,1789628,121566,0,0,0,0,0,0
2026-09-26T16:54:12.340891+00:00,64060288,43508868,4194300,63744,113650,1789628,121566,0,0,0,0,0,0
2026-09-26T16:54:13.341752+00:00,64060288,43507648,4194300,63744,113650,1789628,121566,0,0,0,0,0,0
2026-09-26T16:54:14.342573+00:00,64060288,43506328,4194300,63744,113650,1789628,121566,0,0,0,0,0,0
2026-09-26T16:54:15.343323+00:00,64060288,43516708,4194300,63744,113650,1789628,121566,0,0,0,0,0,0
2026-09-26T16:54:16.344193+00:00,64060288,43505124,4194300,63744,113650,1789628,121566,0,0,0,0,0,0
2026-09-26T16:54:17.345063+00:00,64060288,43494356,4194300,63744,113650,1789628,121566,0,0,0,0,0,0
2026-09-26T16:54:18.345932+00:00,64060288,43476416,4194300,63744,113650,1789628,121566,0,0,0,0,0,0
2026-09-26T16:54:19.346800+00:00,64060288,43494808,4194300,63744,113650,1789628,121566,0,0,0,0,0,0
2026-09-26T16:54:20.347545+00:00,64060288,43485572,4194300,63744,113650,1789628,121566,0,0,0,0,0,0
2026-09-26T16:54:21.348414+00:00,64060288,43483492,4194300,63744,113650,1789628,121566,0,0,0,0,0,0
2026-09-26T16:54:22.349290+00:00,64060288,43481572,4194300,63744,113650,1789628,121566,0,0,0,0,0,0
2026-09-26T16:54:23.350146+00:00,64060288,43501420,4194300,63744,113650,1789628,121566,0,0,0,0,0,0
2026-09-26T16:54:24.351004+00:00,64060288,43501220,4194300,63744,113650,1789628,121566,0,0,0,0,0,0
2026-09-26T16:54:25.351892+00:00,64060288,43501000,4194300,63744,113650,1789628,121566,0,0,0,0,0,0
2026-09-26T16:54:26.352780+00:00,64060288,43504088,4194300,63744,113650,1789628,121566,0,0,0,0,0,0
2026-09-26T16:54:27.353633+00:00,64060288,43510952,4194300,63744,113650,1789628,121566,0,0,0,0,0,0
2026-09-26T16:54:28.354480+00:00,64060288,43500588,4194300,63744,113650,1789628,121566,0,0,0,0,0,0
2026-09-26T16:54:29.355254+00:00,64060288,43508348,4194300,63744,113650,1789628,121566,0,0,0,0,0,0
2026-09-26T16:54:30.356128+00:00,64060288,43490144,4194300,63744,113650,1789628,121566,0,0,0,0,0,0
2026-09-26T16:54:31.357012+00:00,64060288,43494244,4194300,63744,113650,1789628,121566,0,0,0,0,0,0
2026-09-26T16:54:32.357915+00:00,64060288,43503952,4194300,63744,113650,1789628,121566,0,0,0,0,0,0
2026-09-26T16:54:33.358796+00:00,64060288,43481640,4194300,63744,113650,1789628,121566,0,0,0,0,0,0
2026-09-26T16:54:34.359575+00:00,64060288,43494380,4194300,63744,113650,1789628,121566,0,0,0,0,0,0
2026-09-26T16:54:35.360434+00:00,64060288,43492732,4194300,63744,113650,1789628,121566,0,0,0,0,0,0
2026-09-26T16:54:36.361302+00:00,64060288,43494744,4194300,63744,113650,1789628,121566,0,0,0,0,0,0
2026-09-26T16:54:37.362149+00:00,64060288,43493540,4194300,63744,113650,1789628,121566,0,0,0,0,0,0
2026-09-26T16:54:38.363049+00:00,64060288,43494656,4194300,63744,113650,1789628,121566,0,0,0,0,0,0
2026-09-26T16:54:39.363915+00:00,64060288,43488536,4194300,63744,113650,1789628,121566,0,0,0,0,0,0
2026-09-26T16:54:40.364776+00:00,64060288,43489460,4194300,63744,113650,1789628,121566,0,0,0,0,0,0
2026-09-26T16:54:41.365675+00:00,64060288,43492428,4194300,63744,113650,1789628,121566,0,0,0,0,0,0
2026-09-26T16:54:42.366503+00:00,64060288,43496292,4194300,63744,113650,1789628,121566,0,0,0,0,0,0
2026-09-26T16:54:43.367264+00:00,64060288,43487604,4194300,63744,113650,1789628,121566,0,0,0,0,0,0
2026-09-26T16:54:44.368168+00:00,64060288,43502504,4194300,63744,113650,1789628,121566,0,0,0,0,0,0
2026-09-26T16:54:45.369023+00:00,64060288,43494576,4194300,63744,113650,1789628,121566,0,0,0,0,0,0
2026-09-26T16:54:46.369886+00:00,64060288,43464348,4194300,63744,113650,1789628,121566,0,0,0,0,0,0
2026-09-26T16:54:47.370732+00:00,64060288,43473312,4194300,63744,113650,1789628,121566,0,0,0,0,0,0
2026-09-26T16:54:48.371516+00:00,64060288,43468060,4194300,63744,113650,1789628,121566,0,0,0,0,0,0
2026-09-26T16:54:49.372373+00:00,64060288,43457780,4194300,63744,113650,1789628,121566,0,0,0,0,0,0
2026-09-26T16:54:50.373266+00:00,64060288,43457296,4194300,63744,113650,1789628,121566,0,0,0,0,0,0
2026-09-26T16:54:51.374128+00:00,64060288,43469412,4194300,63744,113650,1789628,121566,0,0,0,0,0,0
2026-09-26T16:54:52.374976+00:00,64060288,43468040,4194300,63744,113650,1789628,121566,0,0,0,0,0,0
2026-09-26T16:54:53.375759+00:00,64060288,43474500,4194300,63744,113650,1789628,121566,0,0,0,0,0,0
2026-09-26T16:54:54.376610+00:00,64060288,43472036,4194300,63744,113650,1789628,121566,0,0,0,0,0,0
2026-09-26T16:54:55.377457+00:00,64060288,43470816,4194300,63744,113650,1789628,121566,0,0,0,0,0,0
2026-09-26T16:54:56.378309+00:00,64060288,43489568,4194300,63744,113650,1789628,121566,0,0,0,0,0,0
2026-09-26T16:54:57.379175+00:00,64060288,43491684,4194300,63744,113650,1789628,121566,0,0,0,0,0,0
2026-09-26T16:54:58.380061+00:00,64060288,43492132,4194300,63744,113650,1789628,121566,0,0,0,0,0,0
2026-09-26T16:54:59.380912+00:00,64060288,43492192,4194300,63744,113650,1789628,121566,0,0,0,0,0,0
2026-09-26T16:55:00.381723+00:00,64060288,43492296,4194300,63744,113650,1789628,121566,0,0,0,0,0,0
2026-09-26T16:55:01.382583+00:00,64060288,43475156,4194300,63744,113650,1789628,121566,0,0,0,0,0,0
2026-09-26T16:55:02.383302+00:00,64060288,43474304,4194300,63744,113650,1789628,121566,0,0,0,0,0,0
2026-09-26T16:55:03.384140+00:00,64060288,43464264,4194300,63744,113650,1789628,121566,0,0,0,0,0,0
2026-09-26T16:55:04.385000+00:00,64060288,43479768,4194300,63744,113650,1789628,121566,0,0,0,0,0,0
2026-09-26T16:55:05.385869+00:00,64060288,43484676,4194300,63744,113650,1789628,121566,0,0,0,0,0,0
2026-09-26T16:55:06.386747+00:00,64060288,43482316,4194300,63744,113650,1789628,121566,0,0,0,0,0,0
2026-09-26T16:55:07.387423+00:00,64060288,43462604,4194300,63744,113650,1789628,121566,0,0,0,0,0,0
2026-09-26T16:55:08.388275+00:00,64060288,43483556,4194300,63744,113650,1789628,121566,0,0,0,0,0,0
2026-09-26T16:55:09.389149+00:00,64060288,43488164,4194300,63744,113650,1789628,121566,0,0,0,0,0,0
2026-09-26T16:55:10.390024+00:00,64060288,43485584,4194300,63744,113650,1789628,121566,0,0,0,0,0,0
2026-09-26T16:55:11.390916+00:00,64060288,43482300,4194300,63744,113650,1789628,121566,0,0,0,0,0,0
2026-09-26T16:55:12.391779+00:00,64060288,43486380,4194300,63744,113650,1789628,121566,0,0,0,0,0,0
2026-09-26T16:55:13.392630+00:00,64060288,43475712,4194300,63744,113650,1789628,121566,0,0,0,0,0,0
2026-09-26T16:55:14.393474+00:00,64060288,43479260,4194300,63744,113650,1789628,121566,0,0,0,0,0,0
2026-09-26T16:55:15.394321+00:00,64060288,43445720,4194300,63744,113650,1789628,121566,0,0,0,0,0,0
2026-09-26T16:55:16.395161+00:00,64060288,43445316,4194300,63744,113650,1789628,121566,0,0,0,0,0,0
2026-09-26T16:55:17.396028+00:00,64060288,43416316,4194300,63744,113650,1789628,121566,0,0,0,0,0,0
2026-09-26T16:55:18.396903+00:00,64060288,43428656,4194300,63744,113651,1789628,121567,0,0,0,0,0,0
2026-09-26T16:55:19.397766+00:00,64060288,43420012,4194300,63744,113651,1789628,121567,0,0,0,0,0,0
2026-09-26T16:55:20.398705+00:00,64060288,43432760,4194300,63744,113651,1789628,121567,0,0,0,0,0,0
2026-09-26T16:55:21.399482+00:00,64060288,43453076,4194300,63744,113651,1789628,121567,0,0,0,0,0,0
2026-09-26T16:55:22.400353+00:00,64060288,43452868,4194300,63744,113651,1789628,121567,0,0,0,0,0,0
2026-09-26T16:55:23.401231+00:00,64060288,43464668,4194300,63744,113651,1789628,121567,0,0,0,0,0,0
2026-09-26T16:55:24.402114+00:00,64060288,43464904,4194300,63744,113651,1789628,121567,0,0,0,0,0,0
2026-09-26T16:55:25.402994+00:00,64060288,43462156,4194300,63744,113651,1789628,121567,0,0,0,0,0,0
2026-09-26T16:55:26.403855+00:00,64060288,43473868,4194300,63744,113651,1789628,121567,0,0,0,0,0,0
2026-09-26T16:55:27.404713+00:00,64060288,43454952,4194300,63744,113651,1789628,121567,0,0,0,0,0,0
2026-09-26T16:55:28.405592+00:00,64060288,43457556,4194300,63744,113651,1789628,121567,0,0,0,0,0,0
2026-09-26T16:55:29.406463+00:00,64060288,43449404,4194300,63744,113651,1789628,121567,0,0,0,0,0,0
2026-09-26T16:55:30.407323+00:00,64060288,43425432,4194300,63744,113651,1789628,121567,0,0,0,0,0,0
2026-09-26T16:55:31.408190+00:00,64060288,43442832,4194300,63744,113651,1789628,121567,0,0,0,0,0,0
2026-09-26T16:55:32.409056+00:00,64060288,43452472,4194300,63744,113651,1789628,121567,0,0,0,0,0,0
2026-09-26T16:55:33.409933+00:00,64060288,43452984,4194300,63744,113651,1789628,121567,0,0,0,0,0,0
2026-09-26T16:55:34.410799+00:00,64060288,43456324,4194300,63744,113651,1789628,121568,0,0,0,0,0,0
2026-09-26T16:55:35.411558+00:00,64060288,43446840,4194300,63744,113651,1789628,121568,0,0,0,0,0,0
2026-09-26T16:55:36.412406+00:00,64060288,43459348,4194300,63744,113651,1789628,121568,0,0,0,0,0,0
2026-09-26T16:55:37.413254+00:00,64060288,43449260,4194300,63744,113651,1789628,121568,0,0,0,0,0,0
2026-09-26T16:55:38.414352+00:00,64060288,43459552,4194300,63744,113651,1789628,121568,0,0,0,0,0,0
2026-09-26T16:55:39.415202+00:00,64060288,43449324,4194300,63744,113651,1789628,121568,0,0,0,0,0,0
2026-09-26T16:55:40.415926+00:00,64060288,43454232,4194300,63744,113651,1789628,121568,0,0,0,0,0,0
2026-09-26T16:55:41.416779+00:00,64060288,43435980,4194300,63744,113651,1789628,121568,0,0,0,0,0,0
2026-09-26T16:55:42.417641+00:00,64060288,43433644,4194300,63744,113651,1789628,121568,0,0,0,0,0,0
2026-09-26T16:55:43.418471+00:00,64060288,43406532,4194300,63744,113651,1789628,121568,0,0,0,0,0,0
2026-09-26T16:55:44.419287+00:00,64060288,43410520,4194300,63744,113651,1789628,121568,0,0,0,0,0,0
2026-09-26T16:55:45.420069+00:00,64060288,43427448,4194300,63744,113651,1789628,121568,0,0,0,0,0,0
2026-09-26T16:55:46.420948+00:00,64060288,43427652,4194300,63744,113651,1789628,121568,0,0,0,0,0,0
2026-09-26T16:55:47.421835+00:00,64060288,43415952,4194300,63744,113651,1789628,121568,0,0,0,0,0,0
2026-09-26T16:55:48.422672+00:00,64060288,43413912,4194300,63744,113651,1789628,121568,0,0,0,0,0,0
2026-09-26T16:55:49.423528+00:00,64060288,43420560,4194300,63744,113651,1789628,121568,0,0,0,0,0,0
2026-09-26T16:55:50.424364+00:00,64060288,43447876,4194300,63744,113651,1789628,121568,0,0,0,0,0,0
2026-09-26T16:55:51.425227+00:00,64060288,43440580,4194300,63744,113651,1789628,121568,0,0,0,0,0,0
2026-09-26T16:55:52.426089+00:00,64060288,43439644,4194300,63744,113651,1789628,121568,0,0,0,0,0,0
2026-09-26T16:55:53.426943+00:00,64060288,43434280,4194300,63744,113651,1789628,121568,0,0,0,0,0,0
2026-09-26T16:55:54.427835+00:00,64060288,43443508,4194300,63744,113651,1789628,121568,0,0,0,0,0,0
2026-09-26T16:55:55.428676+00:00,64060288,43440656,4194300,63744,113651,1789628,121568,0,0,0,0,0,0
2026-09-26T16:55:56.429521+00:00,64060288,43438312,4194300,63744,113651,1789628,121568,0,0,0,0,0,0
2026-09-26T16:55:57.430383+00:00,64060288,43428036,4194300,63744,113651,1789628,121568,0,0,0,0,0,0
2026-09-26T16:55:58.431220+00:00,64060288,43398956,4194300,63744,113651,1789628,121568,0,0,0,0,0,0
2026-09-26T16:55:59.432006+00:00,64060288,43420560,4194300,63744,113651,1789628,121568,0,0,0,0,0,0
2026-09-26T16:56:00.432857+00:00,64060288,43411792,4194300,63744,113651,1789628,121568,0,0,0,0,0,0
2026-09-26T16:56:01.433693+00:00,64060288,43428244,4194300,63744,113651,1789628,121568,0,0,0,0,0,0
2026-09-26T16:56:02.434530+00:00,64060288,43429480,4194300,63744,113651,1789628,121568,0,0,0,0,0,0
2026-09-26T16:56:03.435372+00:00,64060288,43425896,4194300,63744,113651,1789628,121568,0,0,0,0,0,0
2026-09-26T16:56:04.436218+00:00,64060288,43408192,4194300,63744,113651,1789628,121568,0,0,0,0,0,0
2026-09-26T16:56:05.437088+00:00,64060288,43426344,4194300,63744,113651,1789628,121568,0,0,0,0,0,0
2026-09-26T16:56:06.437970+00:00,64060288,43438184,4194300,63744,113651,1789628,121568,0,0,0,0,0,0
2026-09-26T16:56:07.438856+00:00,64060288,43429972,4194300,63744,113651,1789628,121568,0,0,0,0,0,0
2026-09-26T16:56:08.439715+00:00,64060288,43435740,4194300,63744,113651,1789628,121568,0,0,0,0,0,0
2026-09-26T16:56:09.440562+00:00,64060288,43439768,4194300,63744,113651,1789628,121568,0,0,0,0,0,0
2026-09-26T16:56:10.441419+00:00,64060288,43433744,4194300,63744,113651,1789628,121568,0,0,0,0,0,0
2026-09-26T16:56:11.442290+00:00,64060288,43438536,4194300,63744,113651,1789628,121568,0,0,0,0,0,0
2026-09-26T16:56:12.443140+00:00,64060288,43410244,4194300,63744,113651,1789628,121568,0,0,0,0,0,0
2026-09-26T16:56:13.443907+00:00,64060288,43391664,4194300,63744,113651,1789628,121568,0,0,0,0,0,0
2026-09-26T16:56:14.444787+00:00,64060288,43402712,4194300,63744,113651,1789628,121568,0,0,0,0,0,0
2026-09-26T16:56:15.445647+00:00,64060288,43419576,4194300,63744,113651,1789628,121568,0,0,0,0,0,0
2026-09-26T16:56:16.446486+00:00,64060288,43406612,4194300,63744,113651,1789628,121568,0,0,0,0,0,0
2026-09-26T16:56:17.447369+00:00,64060288,43376684,4194300,63744,113651,1789628,121568,0,0,0,0,0,0
2026-09-26T16:56:18.448158+00:00,64060288,43376640,4194300,63744,113651,1789628,121568,0,0,0,0,0,0
2026-09-26T16:56:19.449031+00:00,64060288,43396012,4194300,63744,113651,1789628,121568,0,0,0,0,0,0
2026-09-26T16:56:20.449914+00:00,64060288,43413648,4194300,63744,113651,1789628,121568,0,0,0,0,0,0
2026-09-26T16:56:21.450766+00:00,64060288,43410584,4194300,63744,113651,1789628,121568,0,0,0,0,0,0
2026-09-26T16:56:22.451657+00:00,64060288,43407860,4194300,63744,113651,1789628,121568,0,0,0,0,0,0
2026-09-26T16:56:23.452424+00:00,64060288,43410292,4194300,63744,113651,1789628,121568,0,0,0,0,0,0
2026-09-26T16:56:24.453267+00:00,64060288,43414832,4194300,63744,113651,1789628,121568,0,0,0,0,0,0
2026-09-26T16:56:25.454114+00:00,64060288,43397488,4194300,63744,113651,1789628,121568,0,0,0,0,0,0
2026-09-26T16:56:26.454985+00:00,64060288,43414488,4194300,63744,113651,1789628,121568,0,0,0,0,0,0
2026-09-26T16:56:27.455853+00:00,64060288,43382028,4194300,63744,113651,1789628,121568,0,0,0,0,0,0
2026-09-26T16:56:28.456754+00:00,64060288,43407284,4194300,63744,113651,1789628,121568,0,0,0,0,0,0
2026-09-26T16:56:29.457627+00:00,64060288,43405848,4194300,63744,113651,1789628,121568,0,0,0,0,0,0
2026-09-26T16:56:30.458470+00:00,64060288,43422512,4194300,63744,113651,1789628,121568,0,0,0,0,0,0
2026-09-26T16:56:31.459305+00:00,64060288,43427452,4194300,63744,113651,1789628,121568,0,0,0,0,0,0
2026-09-26T16:56:32.460161+00:00,64060288,43412808,4194300,63744,113651,1789628,121568,0,0,0,0,0,0
2026-09-26T16:56:33.461000+00:00,64060288,43415336,4194300,63744,113651,1789628,121568,0,0,0,0,0,0
2026-09-26T16:56:34.461860+00:00,64060288,43408996,4194300,63744,113651,1789628,121568,0,0,0,0,0,0
2026-09-26T16:56:35.462731+00:00,64060288,43413884,4194300,63744,113651,1789628,121568,0,0,0,0,0,0
2026-09-26T16:56:36.463604+00:00,64060288,43398824,4194300,63744,113651,1789628,121568,0,0,0,0,0,0
2026-09-26T16:56:37.464358+00:00,64060288,43399960,4194300,63744,113651,1789628,121568,0,0,0,0,0,0
2026-09-26T16:56:38.465215+00:00,64060288,43401660,4194300,63744,113651,1789628,121568,0,0,0,0,0,0
2026-09-26T16:56:39.466049+00:00,64060288,43403788,4194300,63744,113651,1789628,121568,0,0,0,0,0,0
2026-09-26T16:56:40.466865+00:00,64060288,43395944,4194300,63744,113651,1789628,121568,0,0,0,0,0,0
2026-09-26T16:56:41.467681+00:00,64060288,43394012,4194300,63744,113651,1789628,121568,0,0,0,0,0,0
2026-09-26T16:56:42.468445+00:00,64060288,43406176,4194300,63744,113651,1789628,121568,0,0,0,0,0,0
2026-09-26T16:56:43.469300+00:00,64060288,43405160,4194300,63744,113651,1789628,121568,0,0,0,0,0,0
2026-09-26T16:56:44.470159+00:00,64060288,43399680,4194300,63744,113651,1789628,121568,0,0,0,0,0,0
2026-09-26T16:56:45.471022+00:00,64060288,43403992,4194300,63744,113651,1789628,121568,0,0,0,0,0,0
2026-09-26T16:56:46.471879+00:00,64060288,43383244,4194300,63744,113651,1789628,121568,0,0,0,0,0,0
2026-09-26T16:56:47.472739+00:00,64060288,43365040,4194300,63744,113651,1789628,121568,0,0,0,0,0,0
2026-09-26T16:56:48.473566+00:00,64060288,43345504,4194300,63744,113651,1789628,121568,0,0,0,0,0,0
2026-09-26T16:56:49.474429+00:00,64060288,43341468,4194300,63744,113651,1789628,121568,0,0,0,0,0,0
2026-09-26T16:56:50.475287+00:00,64060288,43324184,4194300,63744,113651,1789628,121568,0,0,0,0,0,0
2026-09-26T16:56:51.476165+00:00,64060288,43352956,4194300,63744,113651,1789628,121568,0,0,0,0,0,0
2026-09-26T16:56:52.477029+00:00,64060288,43398468,4194300,63744,113651,1789628,121568,0,0,0,0,0,0
2026-09-26T16:56:53.477897+00:00,64060288,43397436,4194300,63744,113651,1789628,121568,0,0,0,0,0,0
2026-09-26T16:56:54.478794+00:00,64060288,43398144,4194300,63744,113651,1789628,121568,0,0,0,0,0,0
2026-09-26T16:56:55.479665+00:00,64060288,43396016,4194300,63744,113651,1789628,121568,0,0,0,0,0,0
2026-09-26T16:56:56.480433+00:00,64060288,43379408,4194300,63744,113651,1789628,121568,0,0,0,0,0,0
2026-09-26T16:56:57.481295+00:00,64060288,43354368,4194300,63744,113651,1789628,121568,0,0,0,0,0,0
2026-09-26T16:56:58.482151+00:00,64060288,43361752,4194300,63744,113651,1789628,121568,0,0,0,0,0,0
2026-09-26T16:56:59.483026+00:00,64060288,43376672,4194300,63744,113651,1789628,121568,0,0,0,0,0,0
2026-09-26T16:57:00.483897+00:00,64060288,43391748,4194300,63744,113651,1789628,121568,0,0,0,0,0,0
2026-09-26T16:57:01.484663+00:00,64060288,43374984,4194300,63744,113651,1789628,121568,0,0,0,0,0,0
2026-09-26T16:57:02.485509+00:00,64060288,43368448,4194300,63744,113651,1789628,121568,0,0,0,0,0,0
2026-09-26T16:57:03.486353+00:00,64060288,43384160,4194300,63744,113651,1789628,121568,0,0,0,0,0,0
2026-09-26T16:57:04.487224+00:00,64060288,43391156,4194300,63744,113651,1789628,121568,0,0,0,0,0,0
2026-09-26T16:57:05.488084+00:00,64060288,43389920,4194300,63744,113651,1789628,121568,0,0,0,0,0,0
2026-09-26T16:57:06.488881+00:00,64060288,43395680,4194300,63744,113651,1789628,121568,0,0,0,0,0,0
2026-09-26T16:57:07.489737+00:00,64060288,43387456,4194300,63744,113651,1789628,121568,0,0,0,0,0,0
2026-09-26T16:57:08.490601+00:00,64060288,43384784,4194300,63744,113651,1789628,121568,0,0,0,0,0,0
2026-09-26T16:57:09.491463+00:00,64060288,43377456,4194300,63744,113651,1789628,121568,0,0,0,0,0,0
2026-09-26T16:57:10.492284+00:00,64060288,43349772,4194300,63744,113652,1789628,121570,0,0,0,0,0,0
2026-09-26T16:57:11.493075+00:00,64060288,43371276,4194300,63744,113652,1789628,121570,0,0,0,0,0,0
2026-09-26T16:57:12.493949+00:00,64060288,43354696,4194300,63744,113652,1789628,121570,0,0,0,0,0,0
2026-09-26T16:57:13.494797+00:00,64060288,43350628,4194300,63744,113652,1789628,121570,0,0,0,0,0,0
2026-09-26T16:57:14.495627+00:00,64060288,43371800,4194300,63744,113656,1789628,121574,0,0,0,0,0,0
2026-09-26T16:57:15.496473+00:00,64060288,43381588,4194300,63744,113657,1789628,121575,0,0,0,0,0,0
2026-09-26T16:57:16.497231+00:00,64060288,43373528,4194300,63744,113657,1789628,121575,0,0,0,0,0,0
2026-09-26T16:57:17.498108+00:00,64060288,43368256,4194300,63744,113657,1789628,121575,0,0,0,0,0,0
2026-09-26T16:57:18.498985+00:00,64060288,43369424,4194300,63744,113657,1789628,121576,0,0,0,0,0,0
2026-09-26T16:57:19.499836+00:00,64060288,43368676,4194300,63744,113657,1789628,121576,0,0,0,0,0,0
2026-09-26T16:57:20.500683+00:00,64060288,43361892,4194300,63744,113657,1789628,121576,0,0,0,0,0,0
2026-09-26T16:57:21.501541+00:00,64060288,43376900,4194300,63744,113657,1789628,121576,0,0,0,0,0,0
2026-09-26T16:57:22.502388+00:00,64060288,43381116,4194300,63744,113657,1789628,121576,0,0,0,0,0,0
2026-09-26T16:57:23.503229+00:00,64060288,43400956,4194300,63744,113657,1789628,121576,0,0,0,0,0,0
2026-09-26T16:57:24.504050+00:00,64060288,43397480,4194300,63744,113657,1789628,121576,0,0,0,0,0,0
2026-09-26T16:57:25.504917+00:00,64060288,43413764,4194300,63744,113657,1789628,121576,0,0,0,0,0,0
2026-09-26T16:57:26.505802+00:00,64060288,43437468,4194300,63744,113657,1789628,121576,0,0,0,0,0,0
2026-09-26T16:57:27.506663+00:00,64060288,43447492,4194300,63744,113657,1789628,121576,0,0,0,0,0,0
2026-09-26T16:57:28.507512+00:00,64060288,43437876,4194300,63744,113657,1789628,121576,0,0,0,0,0,0
2026-09-26T16:57:29.508359+00:00,64060288,43425436,4194300,63744,113657,1789628,121576,0,0,0,0,0,0
2026-09-26T16:57:30.509147+00:00,64060288,43420848,4194300,63744,113657,1789628,121576,0,0,0,0,0,0
2026-09-26T16:57:31.510011+00:00,64060288,43435708,4194300,63744,113657,1789628,121576,0,0,0,0,0,0
2026-09-26T16:57:32.510915+00:00,64060288,43441700,4194300,63744,113657,1789628,121576,0,0,0,0,0,0
2026-09-26T16:57:33.511801+00:00,64060288,43430020,4194300,63744,113657,1789628,121576,0,0,0,0,0,0
2026-09-26T16:57:34.512659+00:00,64060288,43436108,4194300,63744,113657,1789628,121577,0,0,0,0,0,0
2026-09-26T16:57:35.513432+00:00,64060288,43413504,4194300,63744,113657,1789628,121577,0,0,0,0,0,0
2026-09-26T16:57:36.514280+00:00,64060288,43412792,4194300,63744,113657,1789628,121577,0,0,0,0,0,0
2026-09-26T16:57:37.515144+00:00,64060288,43427040,4194300,63744,113657,1789628,121577,0,0,0,0,0,0
2026-09-26T16:57:38.516003+00:00,64060288,43414804,4194300,63744,113657,1789628,121577,0,0,0,0,0,0
2026-09-26T16:57:39.516885+00:00,64060288,43420020,4194300,63744,113657,1789628,121577,0,0,0,0,0,0
2026-09-26T16:57:40.517633+00:00,64060288,43413756,4194300,63744,113657,1789628,121577,0,0,0,0,0,0
2026-09-26T16:57:41.518494+00:00,64060288,43418444,4194300,63744,113657,1789628,121577,0,0,0,0,0,0
2026-09-26T16:57:42.519366+00:00,64060288,43418376,4194300,63744,113657,1789628,121577,0,0,0,0,0,0
2026-09-26T16:57:43.520224+00:00,64060288,43422840,4194300,63744,113657,1789628,121577,0,0,0,0,0,0
2026-09-26T16:57:44.521091+00:00,64060288,43423176,4194300,63744,113657,1789628,121577,0,0,0,0,0,0
2026-09-26T16:57:45.521879+00:00,64060288,43430328,4194300,63744,113657,1789628,121577,0,0,0,0,0,0
2026-09-26T16:57:46.522734+00:00,64060288,43395068,4194300,63744,113657,1789628,121577,0,0,0,0,0,0
2026-09-26T16:57:47.523562+00:00,64060288,43388192,4194300,63744,113657,1789628,121577,0,0,0,0,0,0
2026-09-26T16:57:48.524423+00:00,64060288,43389736,4194300,63744,113657,1789628,121577,0,0,0,0,0,0
2026-09-26T16:57:49.525273+00:00,64060288,43400960,4194300,63744,113657,1789628,121577,0,0,0,0,0,0
2026-09-26T16:57:50.526127+00:00,64060288,43403332,4194300,63744,113657,1789628,121577,0,0,0,0,0,0
2026-09-26T16:57:51.527000+00:00,64060288,43405372,4194300,63744,113657,1789628,121577,0,0,0,0,0,0
2026-09-26T16:57:52.527873+00:00,64060288,43360384,4194300,63744,113657,1789628,121577,0,0,0,0,0,0
2026-09-26T16:57:53.528735+00:00,64060288,43376924,4194300,63744,113657,1789628,121577,0,0,0,0,0,0
2026-09-26T16:57:54.529582+00:00,64060288,43366172,4194300,63744,113657,1789628,121577,0,0,0,0,0,0
2026-09-26T16:57:55.530352+00:00,64060288,43366892,4194300,63744,113657,1789628,121577,0,0,0,0,0,0
2026-09-26T16:57:56.531189+00:00,64060288,43372256,4194300,63744,113657,1789628,121577,0,0,0,0,0,0
2026-09-26T16:57:57.532030+00:00,64060288,43391212,4194300,63744,113657,1789628,121577,0,0,0,0,0,0
2026-09-26T16:57:58.532890+00:00,64060288,43418264,4194300,63744,113657,1789628,121577,0,0,0,0,0,0
2026-09-26T16:57:59.533765+00:00,64060288,43415452,4194300,63744,113657,1789628,121577,0,0,0,0,0,0
2026-09-26T16:58:00.534623+00:00,64060288,43424972,4194300,63744,113657,1789628,121577,0,0,0,0,0,0
2026-09-26T16:58:01.535460+00:00,64060288,43403460,4194300,63744,113657,1789628,121577,0,0,0,0,0,0
2026-09-26T16:58:02.536295+00:00,64060288,43404496,4194300,63744,113657,1789628,121577,0,0,0,0,0,0
2026-09-26T16:58:03.537152+00:00,64060288,43399096,4194300,63744,113657,1789628,121577,0,0,0,0,0,0
2026-09-26T16:58:04.538037+00:00,64060288,43394112,4194300,63744,113657,1789628,121577,0,0,0,0,0,0
2026-09-26T16:58:05.538891+00:00,64060288,43412992,4194300,63744,113657,1789628,121577,0,0,0,0,0,0
2026-09-26T16:58:06.539760+00:00,64060288,43408924,4194300,63744,113657,1789628,121577,0,0,0,0,0,0
2026-09-26T16:58:07.540600+00:00,64060288,43416696,4194300,63744,113657,1789628,121577,0,0,0,0,0,0
2026-09-26T16:58:08.541453+00:00,64060288,43412996,4194300,63744,113657,1789628,121577,0,0,0,0,0,0
2026-09-26T16:58:09.542307+00:00,64060288,43397632,4194300,63744,113657,1789628,121577,0,0,0,0,0,0
2026-09-26T16:58:10.543130+00:00,64060288,43410280,4194300,63744,113657,1789628,121577,0,0,0,0,0,0
2026-09-26T16:58:11.543989+00:00,64060288,43405032,4194300,63744,113657,1789628,121577,0,0,0,0,0,0
2026-09-26T16:58:12.544851+00:00,64060288,43399984,4194300,63744,113657,1789628,121577,0,0,0,0,0,0
2026-09-26T16:58:13.545708+00:00,64060288,43406220,4194300,63744,113657,1789628,121577,0,0,0,0,0,0
2026-09-26T16:58:14.546474+00:00,64060288,43408920,4194300,63744,113657,1789628,121577,0,0,0,0,0,0
2026-09-26T16:58:15.547320+00:00,64060288,43411916,4194300,63744,113657,1789628,121577,0,0,0,0,0,0
2026-09-26T16:58:16.548183+00:00,64060288,43383956,4194300,63744,113657,1789628,121577,0,0,0,0,0,0
2026-09-26T16:58:17.549070+00:00,64060288,43397772,4194300,63744,113657,1789628,121577,0,0,0,0,0,0
2026-09-26T16:58:18.549932+00:00,64060288,43391912,4194300,63744,113657,1789628,121577,0,0,0,0,0,0
2026-09-26T16:58:19.550757+00:00,64060288,43403920,4194300,63744,113657,1789628,121577,0,0,0,0,0,0
2026-09-26T16:58:20.551598+00:00,64060288,43387072,4194300,63744,113657,1789628,121577,0,0,0,0,0,0
2026-09-26T16:58:21.552423+00:00,64060288,43367564,4194300,63744,113657,1789628,121577,0,0,0,0,0,0
2026-09-26T16:58:22.553278+00:00,64060288,43371496,4194300,63744,113657,1789628,121577,0,0,0,0,0,0
2026-09-26T16:58:23.554155+00:00,64060288,43393852,4194300,63744,113657,1789628,121577,0,0,0,0,0,0
2026-09-26T16:58:24.554933+00:00,64060288,43404764,4194300,63744,113657,1789628,121577,0,0,0,0,0,0
2026-09-26T16:58:25.555798+00:00,64060288,43388748,4194300,63744,113657,1789628,121577,0,0,0,0,0,0
2026-09-26T16:58:26.556647+00:00,64060288,43401736,4194300,63744,113657,1789628,121577,0,0,0,0,0,0
2026-09-26T16:58:27.557487+00:00,64060288,43396008,4194300,63744,113657,1789628,121577,0,0,0,0,0,0
2026-09-26T16:58:28.558319+00:00,64060288,43392472,4194300,63744,113657,1789628,121577,0,0,0,0,0,0
2026-09-26T16:58:29.559069+00:00,64060288,43404660,4194300,63744,113657,1789628,121577,0,0,0,0,0,0
2026-09-26T16:58:30.559938+00:00,64060288,43392836,4194300,63744,113657,1789628,121577,0,0,0,0,0,0
2026-09-26T16:58:31.560836+00:00,64060288,43390416,4194300,63744,113657,1789628,121577,0,0,0,0,0,0
2026-09-26T16:58:32.561709+00:00,64060288,43375036,4194300,63744,113657,1789628,121577,0,0,0,0,0,0
2026-09-26T16:58:33.562524+00:00,64060288,43394700,4194300,63744,113657,1789628,121577,0,0,0,0,0,0
2026-09-26T16:58:34.563265+00:00,64060288,43385036,4194300,63744,113657,1789628,121577,0,0,0,0,0,0
2026-09-26T16:58:35.564125+00:00,64060288,43375872,4194300,63744,113657,1789628,121577,0,0,0,0,0,0
2026-09-26T16:58:36.564999+00:00,64060288,43381652,4194300,63744,113657,1789628,121577,0,0,0,0,0,0
2026-09-26T16:58:37.565870+00:00,64060288,43395420,4194300,63744,113657,1789628,121577,0,0,0,0,0,0
2026-09-26T16:58:38.566742+00:00,64060288,43399904,4194300,63744,113657,1789628,121577,0,0,0,0,0,0
2026-09-26T16:58:39.567493+00:00,64060288,43384668,4194300,63744,113657,1789628,121577,0,0,0,0,0,0
2026-09-26T16:58:40.568371+00:00,64060288,43619644,4194300,63744,113657,1789628,121577,0,0,0,0,0,0
2026-09-26T16:58:41.569233+00:00,64060288,43616392,4194300,63744,113657,1789628,121577,0,0,0,0,0,0
2026-09-26T16:58:42.570093+00:00,64060288,43614020,4194300,63744,113657,1789628,121577,0,0,0,0,0,0
2026-09-26T16:58:43.570957+00:00,64060288,43616012,4194300,63744,113657,1789628,121577,0,0,0,0,0,0
2026-09-26T16:58:44.571715+00:00,64060288,43601636,4194300,63744,113657,1789628,121577,0,0,0,0,0,0
2026-09-26T16:58:45.572567+00:00,64060288,43593916,4194300,63744,113657,1789628,121577,0,0,0,0,0,0
2026-09-26T16:58:46.573425+00:00,64060288,43597728,4194300,63744,113657,1789628,121577,0,0,0,0,0,0
2026-09-26T16:58:47.574264+00:00,64060288,43587936,4194300,63744,113657,1789628,121577,0,0,0,0,0,0
2026-09-26T16:58:48.575106+00:00,64060288,43577308,4194300,63744,113657,1789628,121577,0,0,0,0,0,0
2026-09-26T16:58:49.575876+00:00,64060288,43576988,4194300,63744,113657,1789628,121577,0,0,0,0,0,0
2026-09-26T16:58:50.576728+00:00,64060288,43595276,4194300,63744,113657,1789628,121577,0,0,0,0,0,0
2026-09-26T16:58:51.577607+00:00,64060288,43573264,4194300,63744,113657,1789628,121577,0,0,0,0,0,0
2026-09-26T16:58:52.578470+00:00,64060288,43589196,4194300,63744,113657,1789628,121577,0,0,0,0,0,0
2026-09-26T16:58:53.579314+00:00,64060288,43575640,4194300,63744,113657,1789628,121577,0,0,0,0,0,0
2026-09-26T16:58:54.580100+00:00,64060288,43598280,4194300,63744,113657,1789628,121577,0,0,0,0,0,0
2026-09-26T16:58:55.580927+00:00,64060288,43586524,4194300,63744,113657,1789628,121577,0,0,0,0,0,0
2026-09-26T16:58:56.581768+00:00,64060288,43593316,4194300,63744,113657,1789628,121577,0,0,0,0,0,0
2026-09-26T16:58:57.582635+00:00,64060288,43594372,4194300,63744,113657,1789628,121577,0,0,0,0,0,0
2026-09-26T16:58:58.583501+00:00,64060288,43593396,4194300,63744,113657,1789628,121577,0,0,0,0,0,0
2026-09-26T16:58:59.584351+00:00,64060288,43592812,4194300,63744,113657,1789628,121577,0,0,0,0,0,0
2026-09-26T16:59:00.585218+00:00,64060288,43592840,4194300,63744,113657,1789628,121577,0,0,0,0,0,0
2026-09-26T16:59:01.586073+00:00,64060288,43602336,4194300,63744,113657,1789628,121577,0,0,0,0,0,0
2026-09-26T16:59:02.586952+00:00,64060288,43580808,4194300,63744,113657,1789628,121577,0,0,0,0,0,0
2026-09-26T16:59:03.587829+00:00,64060288,43588352,4194300,63744,113657,1789628,121577,0,0,0,0,0,0
2026-09-26T16:59:04.588675+00:00,64060288,43595432,4194300,63744,113657,1789628,121578,0,0,0,0,0,0
2026-09-26T16:59:05.589517+00:00,64060288,43589508,4194300,63744,113657,1789628,121578,0,0,0,0,0,0
2026-09-26T16:59:06.590356+00:00,64060288,43587048,4194300,63744,113657,1789628,121578,0,0,0,0,0,0
2026-09-26T16:59:07.591232+00:00,64060288,43603728,4194300,63744,113657,1789628,121578,0,0,0,0,0,0
2026-09-26T16:59:08.592081+00:00,64060288,43592136,4194300,63744,113657,1789628,121578,0,0,0,0,0,0
2026-09-26T16:59:09.592963+00:00,64060288,43549536,4194300,63744,113657,1789628,121578,0,0,0,0,0,0
2026-09-26T16:59:10.593823+00:00,64060288,43585632,4194300,63744,113657,1789628,121578,0,0,0,0,0,0
2026-09-26T16:59:11.594664+00:00,64060288,43586940,4194300,63744,113657,1789628,121578,0,0,0,0,0,0
2026-09-26T16:59:12.595515+00:00,64060288,43581496,4194300,63744,113657,1789628,121578,0,0,0,0,0,0
2026-09-26T16:59:13.596364+00:00,64060288,43586816,4194300,63744,113657,1789628,121578,0,0,0,0,0,0
2026-09-26T16:59:14.597205+00:00,64060288,43585936,4194300,63744,113657,1789628,121578,0,0,0,0,0,0
2026-09-26T16:59:15.598062+00:00,64060288,43580076,4194300,63744,113657,1789628,121578,0,0,0,0,0,0
2026-09-26T16:59:16.598945+00:00,64060288,43551784,4194300,63744,113657,1789628,121578,0,0,0,0,0,0
2026-09-26T16:59:17.599800+00:00,64060288,43564604,4194300,63744,113658,1789628,121579,0,0,0,0,0,0
2026-09-26T16:59:18.600561+00:00,64060288,43565800,4194300,63744,113658,1789628,121579,0,0,0,0,0,0
2026-09-26T16:59:19.601431+00:00,64060288,43576820,4194300,63744,113658,1789628,121579,0,0,0,0,0,0
2026-09-26T16:59:20.602304+00:00,64060288,43579824,4194300,63744,113658,1789628,121579,0,0,0,0,0,0
2026-09-26T16:59:21.603168+00:00,64060288,43554992,4194300,63744,113658,1789628,121579,0,0,0,0,0,0
2026-09-26T16:59:22.604051+00:00,64060288,43575616,4194300,63744,113658,1789628,121579,0,0,0,0,0,0
2026-09-26T16:59:23.604838+00:00,64060288,43580248,4194300,63744,113658,1789628,121579,0,0,0,0,0,0
2026-09-26T16:59:24.605685+00:00,64060288,43581056,4194300,63744,113658,1789628,121579,0,0,0,0,0,0
2026-09-26T16:59:25.606530+00:00,64060288,43572964,4194300,63744,113658,1789628,121579,0,0,0,0,0,0
2026-09-26T16:59:26.607413+00:00,64060288,43571980,4194300,63744,113658,1789628,121579,0,0,0,0,0,0
2026-09-26T16:59:27.608268+00:00,64060288,43556316,4194300,63744,113658,1789628,121579,0,0,0,0,0,0
2026-09-26T16:59:28.609029+00:00,64060288,43578200,4194300,63744,113658,1789628,121579,0,0,0,0,0,0
2026-09-26T16:59:29.609906+00:00,64060288,43547544,4194300,63744,113658,1789628,121579,0,0,0,0,0,0
2026-09-26T16:59:30.610751+00:00,64060288,43533992,4194300,63744,113658,1789628,121579,0,0,0,0,0,0
2026-09-26T16:59:31.611597+00:00,64060288,43501372,4194300,63744,113658,1789628,121579,0,0,0,0,0,0
2026-09-26T16:59:32.612489+00:00,64060288,43498308,4194300,63744,113658,1789628,121579,0,0,0,0,0,0
2026-09-26T16:59:33.613122+00:00,64060288,43528316,4194300,63744,113658,1789628,121579,0,0,0,0,0,0
2026-09-26T16:59:34.613980+00:00,64060288,43532644,4194300,63744,113658,1789628,121579,0,0,0,0,0,0
2026-09-26T16:59:35.614844+00:00,64060288,43531592,4194300,63744,113658,1789628,121579,0,0,0,0,0,0
2026-09-26T16:59:36.615729+00:00,64060288,43545732,4194300,63744,113658,1789628,121579,0,0,0,0,0,0
2026-09-26T16:59:37.616589+00:00,64060288,43544828,4194300,63744,113658,1789628,121579,0,0,0,0,0,0
2026-09-26T16:59:38.617371+00:00,64060288,43538988,4194300,63744,113658,1789628,121579,0,0,0,0,0,0
2026-09-26T16:59:39.618211+00:00,64060288,43534068,4194300,63744,113658,1789628,121579,0,0,0,0,0,0
2026-09-26T16:59:40.619055+00:00,64060288,43534060,4194300,63744,113658,1789628,121579,0,0,0,0,0,0
2026-09-26T16:59:41.619943+00:00,64060288,43523164,4194300,63744,113658,1789628,121579,0,0,0,0,0,0
2026-09-26T16:59:42.620815+00:00,64060288,43522512,4194300,63744,113658,1789628,121579,0,0,0,0,0,0
2026-09-26T16:59:43.621605+00:00,64060288,43518188,4194300,63744,113658,1789628,121579,0,0,0,0,0,0
2026-09-26T16:59:44.622456+00:00,64060288,43520728,4194300,63744,113658,1789628,121579,0,0,0,0,0,0
2026-09-26T16:59:45.623281+00:00,64060288,43497504,4194300,63744,113658,1789628,121579,0,0,0,0,0,0
2026-09-26T16:59:46.624158+00:00,64060288,43504540,4194300,63744,113658,1789628,121579,0,0,0,0,0,0
2026-09-26T16:59:47.625005+00:00,64060288,43489468,4194300,63744,113658,1789628,121579,0,0,0,0,0,0
2026-09-26T16:59:48.625756+00:00,64060288,43495820,4194300,63744,113658,1789628,121579,0,0,0,0,0,0
2026-09-26T16:59:49.626594+00:00,64060288,43476776,4194300,63744,113658,1789628,121579,0,0,0,0,0,0
2026-09-26T16:59:50.627441+00:00,64060288,43511340,4194300,63744,113658,1789628,121579,0,0,0,0,0,0
2026-09-26T16:59:51.628300+00:00,64060288,43526976,4194300,63744,113658,1789628,121579,0,0,0,0,0,0
2026-09-26T16:59:52.629172+00:00,64060288,43540548,4194300,63744,113658,1789628,121579,0,0,0,0,0,0
2026-09-26T16:59:53.629932+00:00,64060288,43543628,4194300,63744,113658,1789628,121579,0,0,0,0,0,0
2026-09-26T16:59:54.630779+00:00,64060288,43556360,4194300,63744,113658,1789628,121579,0,0,0,0,0,0
2026-09-26T16:59:55.631632+00:00,64060288,43553200,4194300,63744,113658,1789628,121579,0,0,0,0,0,0
2026-09-26T16:59:56.632509+00:00,64060288,43552136,4194300,63744,113658,1789628,121579,0,0,0,0,0,0
2026-09-26T16:59:57.633384+00:00,64060288,43520848,4194300,63744,113658,1789628,121579,0,0,0,0,0,0
2026-09-26T16:59:58.634103+00:00,64060288,43528368,4194300,63744,113658,1789628,121579,0,0,0,0,0,0
2026-09-26T16:59:59.634963+00:00,64060288,43510064,4194300,63744,113658,1789628,121579,0,0,0,0,0,0
2026-09-26T17:00:00.635838+00:00,64060288,43492636,4194300,63744,113658,1789628,121579,0,0,0,0,0,0
2026-09-26T17:00:01.636738+00:00,64060288,43518036,4194300,63744,113658,1789628,121579,0,0,0,0,0,0
2026-09-26T17:00:02.637602+00:00,64060288,43521920,4194300,63744,113658,1789628,121579,0,0,0,0,0,0
2026-09-26T17:00:03.638360+00:00,64060288,43527656,4194300,63744,113658,1789628,121579,0,0,0,0,0,0
2026-09-26T17:00:04.639224+00:00,64060288,43528956,4194300,63744,113658,1789628,121579,0,0,0,0,0,0
2026-09-26T17:00:05.640095+00:00,64060288,43554688,4194300,63744,113658,1789628,121579,0,0,0,0,0,0
2026-09-26T17:00:06.640956+00:00,64060288,43550416,4194300,63744,113658,1789628,121579,0,0,0,0,0,0
2026-09-26T17:00:07.641811+00:00,64060288,43560892,4194300,63744,113658,1789628,121579,0,0,0,0,0,0
2026-09-26T17:00:08.642589+00:00,64060288,43559012,4194300,63744,113658,1789628,121579,0,0,0,0,0,0
2026-09-26T17:00:09.643440+00:00,64060288,43547340,4194300,63744,113658,1789628,121579,0,0,0,0,0,0
2026-09-26T17:00:10.644301+00:00,64060288,43542672,4194300,63744,113658,1789628,121579,0,0,0,0,0,0
2026-09-26T17:00:11.645158+00:00,64060288,43509700,4194300,63744,113658,1789628,121579,0,0,0,0,0,0
2026-09-26T17:00:12.646021+00:00,64060288,43515448,4194300,63744,113658,1789628,121579,0,0,0,0,0,0
2026-09-26T17:00:13.646768+00:00,64060288,43509924,4194300,63744,113658,1789628,121579,0,0,0,0,0,0
2026-09-26T17:00:14.647628+00:00,64060288,43512312,4194300,63744,113658,1789628,121579,0,0,0,0,0,0
2026-09-26T17:00:15.648480+00:00,64060288,43521932,4194300,63744,113658,1789628,121579,0,0,0,0,0,0
2026-09-26T17:00:16.649330+00:00,64060288,43515640,4194300,63744,113658,1789628,121579,0,0,0,0,0,0
2026-09-26T17:00:17.650183+00:00,64060288,43528528,4194300,63744,113658,1789628,121579,0,0,0,0,0,0
2026-09-26T17:00:18.650913+00:00,64060288,43508412,4194300,63744,113658,1789628,121579,0,0,0,0,0,0
2026-09-26T17:00:19.651768+00:00,64060288,43521324,4194300,63744,113658,1789628,121579,0,0,0,0,0,0
2026-09-26T17:00:20.652627+00:00,64060288,43527068,4194300,63744,113658,1789628,121579,0,0,0,0,0,0
2026-09-26T17:00:21.653465+00:00,64060288,43538000,4194300,63744,113659,1789628,121580,0,0,0,0,0,0
2026-09-26T17:00:22.654334+00:00,64060288,43528720,4194300,63744,113659,1789628,121580,0,0,0,0,0,0
2026-09-26T17:00:23.655135+00:00,64060288,43534300,4194300,63744,113659,1789628,121580,0,0,0,0,0,0
2026-09-26T17:00:24.656006+00:00,64060288,43505672,4194300,63744,113659,1789628,121580,0,0,0,0,0,0
2026-09-26T17:00:25.656886+00:00,64060288,43496900,4194300,63744,113659,1789628,121580,0,0,0,0,0,0
2026-09-26T17:00:26.657750+00:00,64060288,43502680,4194300,63744,113659,1789628,121580,0,0,0,0,0,0
2026-09-26T17:00:27.658615+00:00,64060288,43481568,4194300,63744,113659,1789628,121580,0,0,0,0,0,0
2026-09-26T17:00:28.659362+00:00,64060288,43482396,4194300,63744,113659,1789628,121580,0,0,0,0,0,0
2026-09-26T17:00:29.660223+00:00,64060288,43481436,4194300,63744,113659,1789628,121580,0,0,0,0,0,0
2026-09-26T17:00:30.661091+00:00,64060288,43508460,4194300,63744,113659,1789628,121580,0,0,0,0,0,0
2026-09-26T17:00:31.661966+00:00,64060288,43517940,4194300,63744,113659,1789628,121580,0,0,0,0,0,0
2026-09-26T17:00:32.662848+00:00,64060288,43515920,4194300,63744,113659,1789628,121580,0,0,0,0,0,0
2026-09-26T17:00:33.663647+00:00,64060288,43516284,4194300,63744,113659,1789628,121580,0,0,0,0,0,0
2026-09-26T17:00:34.664504+00:00,64060288,43519412,4194300,63744,113659,1789628,121580,0,0,0,0,0,0
2026-09-26T17:00:35.665371+00:00,64060288,43524480,4194300,63744,113659,1789628,121580,0,0,0,0,0,0
2026-09-26T17:00:36.666238+00:00,64060288,43522600,4194300,63744,113659,1789628,121580,0,0,0,0,0,0
2026-09-26T17:00:37.667061+00:00,64060288,43515260,4194300,63744,113659,1789628,121580,0,0,0,0,0,0
2026-09-26T17:00:38.667814+00:00,64060288,43507388,4194300,63744,113659,1789628,121580,0,0,0,0,0,0
2026-09-26T17:00:39.668630+00:00,64060288,43490880,4194300,63744,113659,1789628,121580,0,0,0,0,0,0
2026-09-26T17:00:40.669438+00:00,64060288,43490344,4194300,63744,113659,1789628,121580,0,0,0,0,0,0
2026-09-26T17:00:41.670636+00:00,64060288,43471040,4194300,63744,113659,1789628,121580,0,0,0,0,0,0
2026-09-26T17:00:42.671501+00:00,64060288,43472124,4194300,63744,113659,1789628,121580,0,0,0,0,0,0
2026-09-26T17:00:43.672331+00:00,64060288,43463460,4194300,63744,113659,1789628,121580,0,0,0,0,0,0
2026-09-26T17:00:44.673201+00:00,64060288,43478168,4194300,63744,113659,1789628,121580,0,0,0,0,0,0
2026-09-26T17:00:45.674053+00:00,64060288,43490800,4194300,63744,113659,1789628,121580,0,0,0,0,0,0
2026-09-26T17:00:46.674908+00:00,64060288,43483152,4194300,63744,113659,1789628,121580,0,0,0,0,0,0
2026-09-26T17:00:47.675776+00:00,64060288,43492764,4194300,63744,113659,1789628,121580,0,0,0,0,0,0
2026-09-26T17:00:48.676547+00:00,64060288,43501784,4194300,63744,113659,1789628,121580,0,0,0,0,0,0
2026-09-26T17:00:49.677390+00:00,64060288,43493460,4194300,63744,113659,1789628,121580,0,0,0,0,0,0
2026-09-26T17:00:50.678239+00:00,64060288,43508436,4194300,63744,113659,1789628,121580,0,0,0,0,0,0
2026-09-26T17:00:51.679098+00:00,64060288,43506900,4194300,63744,113659,1789628,121580,0,0,0,0,0,0
2026-09-26T17:00:52.679964+00:00,64060288,43503120,4194300,63744,113659,1789628,121580,0,0,0,0,0,0
2026-09-26T17:00:53.680751+00:00,64060288,43512664,4194300,63744,113659,1789628,121580,0,0,0,0,0,0
2026-09-26T17:00:54.681600+00:00,64060288,43491560,4194300,63744,113659,1789628,121580,0,0,0,0,0,0
2026-09-26T17:00:55.682446+00:00,64060288,43503832,4194300,63744,113660,1789628,121581,0,0,0,0,0,0
2026-09-26T17:00:56.683309+00:00,64060288,43496988,4194300,63744,113660,1789628,121581,0,0,0,0,0,0
2026-09-26T17:00:57.684155+00:00,64060288,43492124,4194300,63744,113660,1789628,121581,0,0,0,0,0,0
2026-09-26T17:00:58.684898+00:00,64060288,43474340,4194300,63744,113660,1789628,121581,0,0,0,0,0,0
2026-09-26T17:00:59.685749+00:00,64060288,43473912,4194300,63744,113660,1789628,121581,0,0,0,0,0,0
2026-09-26T17:01:00.686603+00:00,64060288,43485812,4194300,63744,113660,1789628,121581,0,0,0,0,0,0
2026-09-26T17:01:01.687447+00:00,64060288,43485384,4194300,63744,113660,1789628,121581,0,0,0,0,0,0
2026-09-26T17:01:02.688310+00:00,64060288,43489320,4194300,63744,113660,1789628,121581,0,0,0,0,0,0
2026-09-26T17:01:03.689108+00:00,64060288,43482052,4194300,63744,113660,1789628,121581,0,0,0,0,0,0
2026-09-26T17:01:04.689978+00:00,64060288,43500548,4194300,63744,113660,1789628,121581,0,0,0,0,0,0
2026-09-26T17:01:05.690861+00:00,64060288,43486220,4194300,63744,113660,1789628,121581,0,0,0,0,0,0
2026-09-26T17:01:06.691727+00:00,64060288,43503228,4194300,63744,113660,1789628,121581,0,0,0,0,0,0
2026-09-26T17:01:07.692567+00:00,64060288,43511128,4194300,63744,113660,1789628,121581,0,0,0,0,0,0
2026-09-26T17:01:08.693326+00:00,64060288,43488900,4194300,63744,113660,1789628,121581,0,0,0,0,0,0
2026-09-26T17:01:09.694184+00:00,64060288,43455964,4194300,63744,113660,1789628,121581,0,0,0,0,0,0
2026-09-26T17:01:10.695050+00:00,64060288,43484556,4194300,63744,113660,1789628,121581,0,0,0,0,0,0
2026-09-26T17:01:11.695931+00:00,64060288,43487312,4194300,63744,113660,1789628,121581,0,0,0,0,0,0
2026-09-26T17:01:12.696792+00:00,64060288,43484504,4194300,63744,113660,1789628,121581,0,0,0,0,0,0
2026-09-26T17:01:13.697649+00:00,64060288,43480556,4194300,63744,113660,1789628,121581,0,0,0,0,0,0
2026-09-26T17:01:14.698480+00:00,64060288,43473336,4194300,63744,113660,1789628,121581,0,0,0,0,0,0
2026-09-26T17:01:15.699348+00:00,64060288,43489476,4194300,63744,113660,1789628,121581,0,0,0,0,0,0
2026-09-26T17:01:16.700215+00:00,64060288,43491392,4194300,63744,113660,1789628,121581,0,0,0,0,0,0
2026-09-26T17:01:17.701089+00:00,64060288,43484052,4194300,63744,113660,1789628,121581,0,0,0,0,0,0
2026-09-26T17:01:18.701952+00:00,64060288,43480260,4194300,63744,113660,1789628,121581,0,0,0,0,0,0
2026-09-26T17:01:19.702817+00:00,64060288,43482464,4194300,63744,113660,1789628,121581,0,0,0,0,0,0
2026-09-26T17:01:20.703656+00:00,64060288,43492388,4194300,63744,113660,1789628,121581,0,0,0,0,0,0
2026-09-26T17:01:21.704501+00:00,64060288,43487240,4194300,63744,113660,1789628,121581,0,0,0,0,0,0
2026-09-26T17:01:22.705351+00:00,64060288,43473204,4194300,63744,113660,1789628,121581,0,0,0,0,0,0
2026-09-26T17:01:23.706200+00:00,64060288,43464412,4194300,63744,113660,1789628,121581,0,0,0,0,0,0
2026-09-26T17:01:24.707000+00:00,64060288,43476444,4194300,63744,113660,1789628,121581,0,0,0,0,0,0
2026-09-26T17:01:25.707847+00:00,64060288,43483308,4194300,63744,113660,1789628,121581,0,0,0,0,0,0
2026-09-26T17:01:26.708685+00:00,64060288,43479836,4194300,63744,113660,1789628,121581,0,0,0,0,0,0
2026-09-26T17:01:27.709544+00:00,64060288,43484176,4194300,63744,113660,1789628,121581,0,0,0,0,0,0
2026-09-26T17:01:28.710394+00:00,64060288,43479012,4194300,63744,113660,1789628,121581,0,0,0,0,0,0
2026-09-26T17:01:29.711056+00:00,64060288,43486660,4194300,63744,113660,1789628,121581,0,0,0,0,0,0
2026-09-26T17:01:30.711902+00:00,64060288,43473520,4194300,63744,113660,1789628,121581,0,0,0,0,0,0
2026-09-26T17:01:31.712740+00:00,64060288,43480928,4194300,63744,113660,1789628,121581,0,0,0,0,0,0
2026-09-26T17:01:32.713590+00:00,64060288,43478172,4194300,63744,113660,1789628,121581,0,0,0,0,0,0
2026-09-26T17:01:33.714427+00:00,64060288,43488496,4194300,63744,113660,1789628,121581,0,0,0,0,0,0
2026-09-26T17:01:34.715118+00:00,64060288,43457756,4194300,63744,113660,1789628,121581,0,0,0,0,0,0
2026-09-26T17:01:35.715995+00:00,64060288,43478552,4194300,63744,113660,1789628,121581,0,0,0,0,0,0
2026-09-26T17:01:36.716855+00:00,64060288,43448584,4194300,63744,113660,1789628,121581,0,0,0,0,0,0
2026-09-26T17:01:37.717708+00:00,64060288,43442664,4194300,63744,113660,1789628,121581,0,0,0,0,0,0
2026-09-26T17:01:38.718554+00:00,64060288,43449912,4194300,63744,113660,1789628,121581,0,0,0,0,0,0
2026-09-26T17:01:39.719348+00:00,64060288,43461828,4194300,63744,113660,1789628,121581,0,0,0,0,0,0
2026-09-26T17:01:40.720213+00:00,64060288,43462464,4194300,63744,113660,1789628,121581,0,0,0,0,0,0
2026-09-26T17:01:41.721085+00:00,64060288,43465092,4194300,63744,113660,1789628,121581,0,0,0,0,0,0
2026-09-26T17:01:42.721965+00:00,64060288,43457032,4194300,63744,113660,1789628,121581,0,0,0,0,0,0
2026-09-26T17:01:43.722809+00:00,64060288,43443112,4194300,63744,113660,1789628,121581,0,0,0,0,0,0
2026-09-26T17:01:44.723601+00:00,64060288,43466640,4194300,63744,113660,1789628,121581,0,0,0,0,0,0
2026-09-26T17:01:45.724428+00:00,64060288,43468728,4194300,63744,113660,1789628,121581,0,0,0,0,0,0
2026-09-26T17:01:46.725289+00:00,64060288,43449848,4194300,63744,113660,1789628,121581,0,0,0,0,0,0
2026-09-26T17:01:47.726185+00:00,64060288,43449668,4194300,63744,113660,1789628,121581,0,0,0,0,0,0
2026-09-26T17:01:48.727040+00:00,64060288,43421016,4194300,63744,113660,1789628,121581,0,0,0,0,0,0
2026-09-26T17:01:49.727842+00:00,64060288,43434552,4194300,63744,113660,1789628,121581,0,0,0,0,0,0
2026-09-26T17:01:50.728723+00:00,64060288,43449128,4194300,63744,113660,1789628,121581,0,0,0,0,0,0
2026-09-26T17:01:51.729595+00:00,64060288,43420664,4194300,63744,113660,1789628,121581,0,0,0,0,0,0
2026-09-26T17:01:52.730458+00:00,64060288,43405928,4194300,63744,113660,1789628,121581,0,0,0,0,0,0
2026-09-26T17:01:53.731349+00:00,64060288,43421564,4194300,63744,113660,1789628,121581,0,0,0,0,0,0
2026-09-26T17:01:54.732088+00:00,64060288,43433264,4194300,63744,113660,1789628,121581,0,0,0,0,0,0
2026-09-26T17:01:55.732933+00:00,64060288,43440032,4194300,63744,113660,1789628,121581,0,0,0,0,0,0
2026-09-26T17:01:56.733808+00:00,64060288,43427092,4194300,63744,113660,1789628,121581,0,0,0,0,0,0
2026-09-26T17:01:57.734657+00:00,64060288,43436508,4194300,63744,113660,1789628,121581,0,0,0,0,0,0
2026-09-26T17:01:58.735502+00:00,64060288,43418596,4194300,63744,113660,1789628,121581,0,0,0,0,0,0
2026-09-26T17:01:59.736254+00:00,64060288,43433660,4194300,63744,113660,1789628,121581,0,0,0,0,0,0
2026-09-26T17:02:00.737112+00:00,64060288,43412284,4194300,63744,113660,1789628,121581,0,0,0,0,0,0
2026-09-26T17:02:01.737963+00:00,64060288,43429104,4194300,63744,113660,1789628,121581,0,0,0,0,0,0
2026-09-26T17:02:02.738829+00:00,64060288,43439884,4194300,63744,113660,1789628,121581,0,0,0,0,0,0
2026-09-26T17:02:03.739656+00:00,64060288,43438012,4194300,63744,113660,1789628,121581,0,0,0,0,0,0
2026-09-26T17:02:04.740373+00:00,64060288,43404536,4194300,63744,113660,1789628,121581,0,0,0,0,0,0
2026-09-26T17:02:05.741314+00:00,64060288,43437492,4194300,63744,113660,1789628,121581,0,0,0,0,0,0
2026-09-26T17:02:06.742189+00:00,64060288,43434304,4194300,63744,113660,1789628,121581,0,0,0,0,0,0
2026-09-26T17:02:07.743094+00:00,64060288,43432708,4194300,63744,113660,1789628,121581,0,0,0,0,0,0
2026-09-26T17:02:08.743983+00:00,64060288,43426944,4194300,63744,113660,1789628,121581,0,0,0,0,0,0
2026-09-26T17:02:09.744876+00:00,64060288,43419784,4194300,63744,113660,1789628,121581,0,0,0,0,0,0
2026-09-26T17:02:10.745747+00:00,64060288,43419040,4194300,63744,113660,1789628,121581,0,0,0,0,0,0
2026-09-26T17:02:11.746592+00:00,64060288,43432592,4194300,63744,113660,1789628,121581,0,0,0,0,0,0
2026-09-26T17:02:12.747449+00:00,64060288,43430884,4194300,63744,113660,1789628,121581,0,0,0,0,0,0
2026-09-26T17:02:13.748293+00:00,64060288,43445120,4194300,63744,113660,1789628,121581,0,0,0,0,0,0
2026-09-26T17:02:14.749166+00:00,64060288,43442376,4194300,63744,113660,1789628,121581,0,0,0,0,0,0
2026-09-26T17:02:15.750023+00:00,64060288,43423992,4194300,63744,113660,1789628,121581,0,0,0,0,0,0
2026-09-26T17:02:16.750860+00:00,64060288,43405320,4194300,63744,113660,1789628,121581,0,0,0,0,0,0
2026-09-26T17:02:17.751695+00:00,64060288,43420752,4194300,63744,113660,1789628,121581,0,0,0,0,0,0
2026-09-26T17:02:18.752554+00:00,64060288,43425380,4194300,63744,113660,1789628,121581,0,0,0,0,0,0
2026-09-26T17:02:19.753399+00:00,64060288,43419204,4194300,63744,113660,1789628,121581,0,0,0,0,0,0
2026-09-26T17:02:20.754234+00:00,64060288,43409980,4194300,63744,113660,1789628,121581,0,0,0,0,0,0
2026-09-26T17:02:21.755071+00:00,64060288,43415988,4194300,63744,113660,1789628,121581,0,0,0,0,0,0
2026-09-26T17:02:22.755901+00:00,64060288,43410280,4194300,63744,113660,1789628,121581,0,0,0,0,0,0
2026-09-26T17:02:23.756783+00:00,64060288,43439248,4194300,63744,113660,1789628,121581,0,0,0,0,0,0
2026-09-26T17:02:24.757612+00:00,64060288,43424680,4194300,63744,113660,1789628,121581,0,0,0,0,0,0
2026-09-26T17:02:25.758348+00:00,64060288,43406208,4194300,63744,113660,1789628,121581,0,0,0,0,0,0
2026-09-26T17:02:26.759200+00:00,64060288,43407972,4194300,63744,113660,1789628,121581,0,0,0,0,0,0
2026-09-26T17:02:27.760034+00:00,64060288,43411376,4194300,63744,113660,1789628,121581,0,0,0,0,0,0
2026-09-26T17:02:28.760883+00:00,64060288,43408952,4194300,63744,113660,1789628,121581,0,0,0,0,0,0
2026-09-26T17:02:29.761698+00:00,64060288,43427340,4194300,63744,113660,1789628,121581,0,0,0,0,0,0
2026-09-26T17:02:30.762499+00:00,64060288,43426856,4194300,63744,113660,1789628,121581,0,0,0,0,0,0
2026-09-26T17:02:31.763359+00:00,64060288,43395828,4194300,63744,113660,1789628,121581,0,0,0,0,0,0
2026-09-26T17:02:32.764199+00:00,64060288,43404668,4194300,63744,113660,1789628,121581,0,0,0,0,0,0
2026-09-26T17:02:33.765063+00:00,64060288,43398692,4194300,63744,113660,1789628,121581,0,0,0,0,0,0
2026-09-26T17:02:34.765908+00:00,64060288,43406528,4194300,63744,113660,1789628,121581,0,0,0,0,0,0
2026-09-26T17:02:35.766647+00:00,64060288,43409440,4194300,63744,113660,1789628,121581,0,0,0,0,0,0
2026-09-26T17:02:36.767493+00:00,64060288,43408156,4194300,63744,113660,1789628,121581,0,0,0,0,0,0
2026-09-26T17:02:37.768364+00:00,64060288,43416188,4194300,63744,113660,1789628,121581,0,0,0,0,0,0
2026-09-26T17:02:38.769206+00:00,64060288,43418604,4194300,63744,113660,1789628,121581,0,0,0,0,0,0
2026-09-26T17:02:39.770034+00:00,64060288,43417344,4194300,63744,113660,1789628,121581,0,0,0,0,0,0
2026-09-26T17:02:40.770809+00:00,64060288,43410080,4194300,63744,113660,1789628,121581,0,0,0,0,0,0
2026-09-26T17:02:41.771656+00:00,64060288,43421000,4194300,63744,113660,1789628,121581,0,0,0,0,0,0
2026-09-26T17:02:42.772505+00:00,64060288,43415456,4194300,63744,113660,1789628,121581,0,0,0,0,0,0
2026-09-26T17:02:43.773349+00:00,64060288,43396452,4194300,63744,113660,1789628,121581,0,0,0,0,0,0
2026-09-26T17:02:44.774196+00:00,64060288,43415840,4194300,63744,113660,1789628,121581,0,0,0,0,0,0
2026-09-26T17:02:45.774980+00:00,64060288,43419668,4194300,63744,113660,1789628,121581,0,0,0,0,0,0
2026-09-26T17:02:46.775835+00:00,64060288,43386448,4194300,63744,113661,1789628,121582,0,0,0,0,0,0
2026-09-26T17:02:47.776669+00:00,64060288,43378364,4194300,63744,113661,1789628,121582,0,0,0,0,0,0
2026-09-26T17:02:48.777514+00:00,64060288,43386764,4194300,63744,113661,1789628,121582,0,0,0,0,0,0
2026-09-26T17:02:49.778376+00:00,64060288,43381552,4194300,63744,113661,1789628,121582,0,0,0,0,0,0
2026-09-26T17:02:50.779123+00:00,64060288,43397416,4194300,63744,113661,1789628,121582,0,0,0,0,0,0
2026-09-26T17:02:51.779994+00:00,64060288,43398580,4194300,63744,113661,1789628,121582,0,0,0,0,0,0
2026-09-26T17:02:52.780843+00:00,64060288,43406648,4194300,63744,113661,1789628,121582,0,0,0,0,0,0
2026-09-26T17:02:53.781687+00:00,64060288,43405460,4194300,63744,113661,1789628,121582,0,0,0,0,0,0
2026-09-26T17:02:54.782531+00:00,64060288,43415736,4194300,63744,113661,1789628,121582,0,0,0,0,0,0
2026-09-26T17:02:55.783380+00:00,64060288,43410300,4194300,63744,113661,1789628,121582,0,0,0,0,0,0
2026-09-26T17:02:56.784234+00:00,64060288,43404920,4194300,63744,113661,1789628,121582,0,0,0,0,0,0
2026-09-26T17:02:57.785090+00:00,64060288,43371364,4194300,63744,113664,1789628,121586,0,0,0,0,0,0
2026-09-26T17:02:58.785965+00:00,64060288,43386280,4194300,63744,113664,1789628,121586,0,0,0,0,0,0
2026-09-26T17:02:59.786818+00:00,64060288,43390480,4194300,63744,113664,1789628,121586,0,0,0,0,0,0
2026-09-26T17:03:00.787674+00:00,64060288,43389520,4194300,63744,113664,1789628,121586,0,0,0,0,0,0
2026-09-26T17:03:01.788543+00:00,64060288,43396508,4194300,63744,113666,1789628,121591,0,0,0,0,0,0
2026-09-26T17:03:02.789413+00:00,64060288,43379768,4194300,63744,113666,1789628,121591,0,0,0,0,0,0
2026-09-26T17:03:03.790263+00:00,64060288,43377840,4194300,63744,113666,1789628,121591,0,0,0,0,0,0
2026-09-26T17:03:04.791123+00:00,64060288,43383772,4194300,63744,113666,1789628,121591,0,0,0,0,0,0
2026-09-26T17:03:05.791981+00:00,64060288,43387384,4194300,63744,113666,1789628,121591,0,0,0,0,0,0
2026-09-26T17:03:06.792783+00:00,64060288,43370344,4194300,63744,113666,1789628,121591,0,0,0,0,0,0
2026-09-26T17:03:07.793628+00:00,64060288,43377468,4194300,63744,113666,1789628,121591,0,0,0,0,0,0
2026-09-26T17:03:08.794449+00:00,64060288,43365340,4194300,63744,113666,1789628,121591,0,0,0,0,0,0
2026-09-26T17:03:09.795293+00:00,64060288,43388684,4194300,63744,113666,1789628,121591,0,0,0,0,0,0
2026-09-26T17:03:10.796139+00:00,64060288,43401536,4194300,63744,113666,1789628,121591,0,0,0,0,0,0
2026-09-26T17:03:11.796922+00:00,64060288,43396436,4194300,63744,113666,1789628,121591,0,0,0,0,0,0
2026-09-26T17:03:12.797826+00:00,64060288,43405720,4194300,63744,113666,1789628,121591,0,0,0,0,0,0
2026-09-26T17:03:13.798668+00:00,64060288,43399688,4194300,63744,113666,1789628,121591,0,0,0,0,0,0
2026-09-26T17:03:14.799494+00:00,64060288,43380212,4194300,63744,113666,1789628,121591,0,0,0,0,0,0
2026-09-26T17:03:15.800316+00:00,64060288,43376736,4194300,63744,113666,1789628,121591,0,0,0,0,0,0
2026-09-26T17:03:16.801225+00:00,64060288,43373540,4194300,63744,113667,1789628,121592,0,0,0,0,0,0
2026-09-26T17:03:17.802090+00:00,64060288,43391476,4194300,63744,113667,1789628,121592,0,0,0,0,0,0
2026-09-26T17:03:18.802973+00:00,64060288,43390208,4194300,63744,113672,1789628,121594,0,0,0,0,0,0
2026-09-26T17:03:19.803847+00:00,64060288,43399080,4194300,63744,113673,1789628,121595,0,0,0,0,0,0
2026-09-26T17:03:20.804693+00:00,64060288,43404776,4194300,63744,113673,1789628,121595,0,0,0,0,0,0
2026-09-26T17:03:21.805435+00:00,64060288,43405760,4194300,63744,113673,1789628,121595,0,0,0,0,0,0
2026-09-26T17:03:22.806285+00:00,64060288,43405944,4194300,63744,113673,1789628,121595,0,0,0,0,0,0
2026-09-26T17:03:23.807107+00:00,64060288,43389416,4194300,63744,113673,1789628,121595,0,0,0,0,0,0
2026-09-26T17:03:24.807950+00:00,64060288,43402096,4194300,63744,113673,1789628,121595,0,0,0,0,0,0
2026-09-26T17:03:25.808790+00:00,64060288,43401972,4194300,63744,113673,1789628,121595,0,0,0,0,0,0
2026-09-26T17:03:26.809624+00:00,64060288,43408364,4194300,63744,113673,1789628,121595,0,0,0,0,0,0
2026-09-26T17:03:27.810463+00:00,64060288,43387552,4194300,63744,113673,1789628,121595,0,0,0,0,0,0
2026-09-26T17:03:28.811308+00:00,64060288,43372032,4194300,63744,113673,1789628,121595,0,0,0,0,0,0
2026-09-26T17:03:29.812155+00:00,64060288,43355276,4194300,63744,113673,1789628,121595,0,0,0,0,0,0
2026-09-26T17:03:30.813025+00:00,64060288,43372624,4194300,63744,113673,1789628,121595,0,0,0,0,0,0
2026-09-26T17:03:31.813867+00:00,64060288,43368136,4194300,63744,113673,1789628,121595,0,0,0,0,0,0
2026-09-26T17:03:32.814732+00:00,64060288,43367888,4194300,63744,113673,1789628,121595,0,0,0,0,0,0
2026-09-26T17:03:33.815574+00:00,64060288,43372196,4194300,63744,113673,1789628,121595,0,0,0,0,0,0
2026-09-26T17:03:34.816426+00:00,64060288,43398356,4194300,63744,113673,1789628,121595,0,0,0,0,0,0
2026-09-26T17:03:35.817287+00:00,64060288,43391012,4194300,63744,113673,1789628,121595,0,0,0,0,0,0
2026-09-26T17:03:36.818137+00:00,64060288,43398236,4194300,63744,113673,1789628,121595,0,0,0,0,0,0
2026-09-26T17:03:37.818909+00:00,64060288,43399288,4194300,63744,113673,1789628,121595,0,0,0,0,0,0
2026-09-26T17:03:38.819752+00:00,64060288,43402588,4194300,63744,113673,1789628,121595,0,0,0,0,0,0
2026-09-26T17:03:39.820616+00:00,64060288,43413240,4194300,63744,113673,1789628,121595,0,0,0,0,0,0
2026-09-26T17:03:40.821457+00:00,64060288,43406968,4194300,63744,113673,1789628,121595,0,0,0,0,0,0
2026-09-26T17:03:41.822294+00:00,64060288,43406584,4194300,63744,113673,1789628,121595,0,0,0,0,0,0
2026-09-26T17:03:42.823048+00:00,64060288,43393492,4194300,63744,113673,1789628,121595,0,0,0,0,0,0
2026-09-26T17:03:43.823927+00:00,64060288,43394176,4194300,63744,113673,1789628,121595,0,0,0,0,0,0
2026-09-26T17:03:44.824785+00:00,64060288,43396240,4194300,63744,113673,1789628,121595,0,0,0,0,0,0
2026-09-26T17:03:45.825638+00:00,64060288,43399928,4194300,63744,113673,1789628,121595,0,0,0,0,0,0
2026-09-26T17:03:46.826461+00:00,64060288,43405076,4194300,63744,113673,1789628,121595,0,0,0,0,0,0
2026-09-26T17:03:47.827207+00:00,64060288,43409896,4194300,63744,113673,1789628,121595,0,0,0,0,0,0
2026-09-26T17:03:48.828067+00:00,64060288,43410444,4194300,63744,113673,1789628,121595,0,0,0,0,0,0
2026-09-26T17:03:49.828927+00:00,64060288,43413824,4194300,63744,113673,1789628,121595,0,0,0,0,0,0
2026-09-26T17:03:50.829796+00:00,64060288,43405248,4194300,63744,113673,1789628,121595,0,0,0,0,0,0
2026-09-26T17:03:51.830959+00:00,64060288,43412268,4194300,63744,113673,1789628,121595,0,0,0,0,0,0
2026-09-26T17:03:52.832151+00:00,64060288,43407828,4194300,63744,113673,1789628,121595,0,0,0,0,0,0
2026-09-26T17:03:53.832997+00:00,64060288,43414992,4194300,63744,113673,1789628,121595,0,0,0,0,0,0
2026-09-26T17:03:54.833846+00:00,64060288,43419196,4194300,63744,113673,1789628,121595,0,0,0,0,0,0
2026-09-26T17:03:55.834690+00:00,64060288,43410920,4194300,63744,113673,1789628,121595,0,0,0,0,0,0
2026-09-26T17:03:56.835518+00:00,64060288,43403296,4194300,63744,113673,1789628,121595,0,0,0,0,0,0
2026-09-26T17:03:57.836341+00:00,64060288,43422064,4194300,63744,113673,1789628,121595,0,0,0,0,0,0
2026-09-26T17:03:58.837123+00:00,64060288,43415920,4194300,63744,113673,1789628,121595,0,0,0,0,0,0
2026-09-26T17:03:59.838000+00:00,64060288,43407052,4194300,63744,113673,1789628,121595,0,0,0,0,0,0
2026-09-26T17:04:00.838848+00:00,64060288,43403432,4194300,63744,113673,1789628,121595,0,0,0,0,0,0
2026-09-26T17:04:01.839676+00:00,64060288,43411872,4194300,63744,113673,1789628,121595,0,0,0,0,0,0
2026-09-26T17:04:02.840512+00:00,64060288,43398504,4194300,63744,113673,1789628,121595,0,0,0,0,0,0
2026-09-26T17:04:03.841289+00:00,64060288,43419132,4194300,63744,113673,1789628,121595,0,0,0,0,0,0
2026-09-26T17:04:04.842136+00:00,64060288,43422412,4194300,63744,113673,1789628,121595,0,0,0,0,0,0
2026-09-26T17:04:05.843005+00:00,64060288,43427288,4194300,63744,113673,1789628,121595,0,0,0,0,0,0
2026-09-26T17:04:06.843845+00:00,64060288,43426580,4194300,63744,113673,1789628,121595,0,0,0,0,0,0
2026-09-26T17:04:07.844674+00:00,64060288,43425424,4194300,63744,113673,1789628,121595,0,0,0,0,0,0
2026-09-26T17:04:08.845412+00:00,64060288,43422648,4194300,63744,113673,1789628,121595,0,0,0,0,0,0
2026-09-26T17:04:09.846265+00:00,64060288,43420632,4194300,63744,113673,1789628,121595,0,0,0,0,0,0
2026-09-26T17:04:10.847126+00:00,64060288,43400564,4194300,63744,113673,1789628,121595,0,0,0,0,0,0
2026-09-26T17:04:11.847990+00:00,64060288,43403960,4194300,63744,113673,1789628,121595,0,0,0,0,0,0
2026-09-26T17:04:12.848834+00:00,64060288,43387744,4194300,63744,113673,1789628,121595,0,0,0,0,0,0
2026-09-26T17:04:13.849541+00:00,64060288,43372112,4194300,63744,113673,1789628,121595,0,0,0,0,0,0
2026-09-26T17:04:14.850417+00:00,64060288,43394784,4194300,63744,113673,1789628,121595,0,0,0,0,0,0
2026-09-26T17:04:15.851254+00:00,64060288,43411160,4194300,63744,113673,1789628,121595,0,0,0,0,0,0
2026-09-26T17:04:16.852130+00:00,64060288,43395908,4194300,63744,113673,1789628,121595,0,0,0,0,0,0
2026-09-26T17:04:17.852989+00:00,64060288,43425384,4194300,63744,113673,1789628,121595,0,0,0,0,0,0
2026-09-26T17:04:18.853849+00:00,64060288,43425676,4194300,63744,113673,1789628,121595,0,0,0,0,0,0
2026-09-26T17:04:19.854688+00:00,64060288,43411296,4194300,63744,113673,1789628,121595,0,0,0,0,0,0
2026-09-26T17:04:20.855522+00:00,64060288,43394248,4194300,63744,113673,1789628,121595,0,0,0,0,0,0
2026-09-26T17:04:21.856360+00:00,64060288,43410200,4194300,63744,113673,1789628,121595,0,0,0,0,0,0
2026-09-26T17:04:22.857215+00:00,64060288,43417304,4194300,63744,113673,1789628,121595,0,0,0,0,0,0
2026-09-26T17:04:23.858067+00:00,64060288,43419864,4194300,63744,113673,1789628,121595,0,0,0,0,0,0
2026-09-26T17:04:24.858962+00:00,64060288,43437428,4194300,63744,113673,1789628,121595,0,0,0,0,0,0
2026-09-26T17:04:25.859813+00:00,64060288,43431912,4194300,63744,113673,1789628,121595,0,0,0,0,0,0
2026-09-26T17:04:26.860642+00:00,64060288,43430784,4194300,63744,113673,1789628,121595,0,0,0,0,0,0
2026-09-26T17:04:27.861480+00:00,64060288,43425012,4194300,63744,113673,1789628,121595,0,0,0,0,0,0
2026-09-26T17:04:28.862321+00:00,64060288,43421260,4194300,63744,113673,1789628,121595,0,0,0,0,0,0
2026-09-26T17:04:29.863053+00:00,64060288,43428240,4194300,63744,113673,1789628,121595,0,0,0,0,0,0
2026-09-26T17:04:30.863927+00:00,64060288,43426396,4194300,63744,113673,1789628,121595,0,0,0,0,0,0
2026-09-26T17:04:31.864790+00:00,64060288,43434168,4194300,63744,113673,1789628,121595,0,0,0,0,0,0
2026-09-26T17:04:32.865623+00:00,64060288,43433528,4194300,63744,113673,1789628,121595,0,0,0,0,0,0
2026-09-26T17:04:33.866451+00:00,64060288,43421052,4194300,63744,113673,1789628,121595,0,0,0,0,0,0
2026-09-26T17:04:34.867240+00:00,64060288,43406300,4194300,63744,113673,1789628,121595,0,0,0,0,0,0
2026-09-26T17:04:35.868113+00:00,64060288,43397156,4194300,63744,113673,1789628,121595,0,0,0,0,0,0
2026-09-26T17:04:36.868984+00:00,64060288,43424044,4194300,63744,113673,1789628,121595,0,0,0,0,0,0
2026-09-26T17:04:37.869844+00:00,64060288,43423296,4194300,63744,113673,1789628,121595,0,0,0,0,0,0
2026-09-26T17:04:38.870668+00:00,64060288,43410492,4194300,63744,113673,1789628,121595,0,0,0,0,0,0
2026-09-26T17:04:39.871413+00:00,64060288,43431520,4194300,63744,113673,1789628,121595,0,0,0,0,0,0
2026-09-26T17:04:40.872301+00:00,64060288,43434240,4194300,63744,113673,1789628,121595,0,0,0,0,0,0
2026-09-26T17:04:41.873158+00:00,64060288,43432552,4194300,63744,113673,1789628,121595,0,0,0,0,0,0
2026-09-26T17:04:42.874013+00:00,64060288,43432560,4194300,63744,113673,1789628,121595,0,0,0,0,0,0
2026-09-26T17:04:43.874862+00:00,64060288,43442224,4194300,63744,113673,1789628,121595,0,0,0,0,0,0
2026-09-26T17:04:44.875706+00:00,64060288,43445596,4194300,63744,113673,1789628,121595,0,0,0,0,0,0
2026-09-26T17:04:45.876462+00:00,64060288,43441596,4194300,63744,113673,1789628,121595,0,0,0,0,0,0
2026-09-26T17:04:46.877331+00:00,64060288,43420516,4194300,63744,113673,1789628,121595,0,0,0,0,0,0
2026-09-26T17:04:47.878198+00:00,64060288,43417220,4194300,63744,113673,1789628,121595,0,0,0,0,0,0
2026-09-26T17:04:48.879028+00:00,64060288,43435548,4194300,63744,113673,1789628,121595,0,0,0,0,0,0
2026-09-26T17:04:49.879884+00:00,64060288,43434028,4194300,63744,113673,1789628,121595,0,0,0,0,0,0
2026-09-26T17:04:50.880744+00:00,64060288,43439580,4194300,63744,113673,1789628,121595,0,0,0,0,0,0
2026-09-26T17:04:51.881572+00:00,64060288,43442880,4194300,63744,113673,1789628,121595,0,0,0,0,0,0
2026-09-26T17:04:52.882412+00:00,64060288,43424460,4194300,63744,113673,1789628,121595,0,0,0,0,0,0
2026-09-26T17:04:53.883281+00:00,64060288,43404836,4194300,63744,113673,1789628,121595,0,0,0,0,0,0
2026-09-26T17:04:54.884115+00:00,64060288,43408960,4194300,63744,113673,1789628,121595,0,0,0,0,0,0
2026-09-26T17:04:55.891634+00:00,64060288,43419772,4194300,63744,113673,1789628,121595,0,0,0,0,0,0
2026-09-26T17:04:56.892461+00:00,64060288,43440220,4194300,63744,113673,1789628,121595,0,0,0,0,0,0
2026-09-26T17:04:57.893288+00:00,64060288,43428572,4194300,63744,113673,1789628,121595,0,0,0,0,0,0
2026-09-26T17:04:58.894117+00:00,64060288,43430064,4194300,63744,113673,1789628,121595,0,0,0,0,0,0
2026-09-26T17:04:59.894960+00:00,64060288,43396888,4194300,63744,113673,1789628,121595,0,0,0,0,0,0
2026-09-26T17:05:00.895809+00:00,64060288,43410612,4194300,63744,113673,1789628,121595,0,0,0,0,0,0
2026-09-26T17:05:01.896637+00:00,64060288,43416504,4194300,63744,113673,1789628,121595,0,0,0,0,0,0
2026-09-26T17:05:02.897445+00:00,64060288,43420636,4194300,63744,113673,1789628,121595,0,0,0,0,0,0
2026-09-26T17:05:03.898302+00:00,64060288,43427852,4194300,63744,113673,1789628,121595,0,0,0,0,0,0
2026-09-26T17:05:04.899138+00:00,64060288,43430848,4194300,63744,113673,1789628,121595,0,0,0,0,0,0
2026-09-26T17:05:05.899985+00:00,64060288,43433328,4194300,63744,113673,1789628,121595,0,0,0,0,0,0
2026-09-26T17:05:06.900835+00:00,64060288,43415448,4194300,63744,113673,1789628,121595,0,0,0,0,0,0
2026-09-26T17:05:07.901680+00:00,64060288,43391924,4194300,63744,113673,1789628,121595,0,0,0,0,0,0
2026-09-26T17:05:08.902517+00:00,64060288,43400656,4194300,63744,113673,1789628,121595,0,0,0,0,0,0
2026-09-26T17:05:09.903378+00:00,64060288,43398252,4194300,63744,113673,1789628,121595,0,0,0,0,0,0
2026-09-26T17:05:10.904227+00:00,64060288,43389520,4194300,63744,113673,1789628,121595,0,0,0,0,0,0
2026-09-26T17:05:11.905001+00:00,64060288,43407808,4194300,63744,113673,1789628,121595,0,0,0,0,0,0
2026-09-26T17:05:12.905902+00:00,64060288,43401864,4194300,63744,113673,1789628,121595,0,0,0,0,0,0
2026-09-26T17:05:13.906767+00:00,64060288,43412300,4194300,63744,113673,1789628,121595,0,0,0,0,0,0
2026-09-26T17:05:14.907607+00:00,64060288,43414736,4194300,63744,113673,1789628,121595,0,0,0,0,0,0
2026-09-26T17:05:15.908427+00:00,64060288,43411564,4194300,63744,113673,1789628,121595,0,0,0,0,0,0
2026-09-26T17:05:16.909135+00:00,64060288,43372208,4194300,63744,113673,1789628,121595,0,0,0,0,0,0
2026-09-26T17:05:17.909962+00:00,64060288,43405048,4194300,63744,113673,1789628,121595,0,0,0,0,0,0
2026-09-26T17:05:18.910828+00:00,64060288,43388236,4194300,63744,113673,1789628,121595,0,0,0,0,0,0
2026-09-26T17:05:19.911679+00:00,64060288,43396348,4194300,63744,113673,1789628,121595,0,0,0,0,0,0
2026-09-26T17:05:20.912515+00:00,64060288,43376308,4194300,63744,113673,1789628,121595,0,0,0,0,0,0
2026-09-26T17:05:21.913315+00:00,64060288,43388040,4194300,63744,113673,1789628,121595,0,0,0,0,0,0
2026-09-26T17:05:22.914174+00:00,64060288,43394980,4194300,63744,113673,1789628,121595,0,0,0,0,0,0
2026-09-26T17:05:23.915041+00:00,64060288,43390100,4194300,63744,113673,1789628,121595,0,0,0,0,0,0
2026-09-26T17:05:24.915923+00:00,64060288,43405932,4194300,63744,113673,1789628,121595,0,0,0,0,0,0
2026-09-26T17:05:25.916770+00:00,64060288,43411756,4194300,63744,113673,1789628,121595,0,0,0,0,0,0
2026-09-26T17:05:26.917628+00:00,64060288,43410024,4194300,63744,113673,1789628,121595,0,0,0,0,0,0
2026-09-26T17:05:27.918470+00:00,64060288,43412264,4194300,63744,113673,1789628,121595,0,0,0,0,0,0
2026-09-26T17:05:28.919311+00:00,64060288,43409532,4194300,63744,113673,1789628,121595,0,0,0,0,0,0
2026-09-26T17:05:29.920159+00:00,64060288,43403380,4194300,63744,113673,1789628,121595,0,0,0,0,0,0
2026-09-26T17:05:30.921013+00:00,64060288,43403332,4194300,63744,113673,1789628,121595,0,0,0,0,0,0
2026-09-26T17:05:31.921862+00:00,64060288,43382948,4194300,63744,113673,1789628,121595,0,0,0,0,0,0
2026-09-26T17:05:32.922621+00:00,64060288,43403300,4194300,63744,113673,1789628,121595,0,0,0,0,0,0
2026-09-26T17:05:33.923443+00:00,64060288,43404400,4194300,63744,113673,1789628,121595,0,0,0,0,0,0
2026-09-26T17:05:34.924270+00:00,64060288,43371012,4194300,63744,113673,1789628,121595,0,0,0,0,0,0
2026-09-26T17:05:35.925151+00:00,64060288,43378824,4194300,63744,113673,1789628,121595,0,0,0,0,0,0
2026-09-26T17:05:36.926005+00:00,64060288,43391580,4194300,63744,113673,1789628,121595,0,0,0,0,0,0
2026-09-26T17:05:37.926764+00:00,64060288,43399980,4194300,63744,113673,1789628,121595,0,0,0,0,0,0
2026-09-26T17:05:38.927592+00:00,64060288,43419980,4194300,63744,113673,1789628,121595,0,0,0,0,0,0
2026-09-26T17:05:39.928428+00:00,64060288,43409940,4194300,63744,113673,1789628,121595,0,0,0,0,0,0
2026-09-26T17:05:40.929280+00:00,64060288,43390740,4194300,63744,113673,1789628,121595,0,0,0,0,0,0
2026-09-26T17:05:41.930105+00:00,64060288,43397620,4194300,63744,113673,1789628,121595,0,0,0,0,0,0
2026-09-26T17:05:42.930951+00:00,64060288,43386660,4194300,63744,113673,1789628,121595,0,0,0,0,0,0
2026-09-26T17:05:43.931807+00:00,64060288,43404088,4194300,63744,113673,1789628,121595,0,0,0,0,0,0
2026-09-26T17:05:44.932643+00:00,64060288,43414060,4194300,63744,113673,1789628,121595,0,0,0,0,0,0
2026-09-26T17:05:45.933479+00:00,64060288,43405756,4194300,63744,113673,1789628,121595,0,0,0,0,0,0
2026-09-26T17:05:46.934333+00:00,64060288,43398316,4194300,63744,113673,1789628,121595,0,0,0,0,0,0
2026-09-26T17:05:47.935170+00:00,64060288,43414036,4194300,63744,113673,1789628,121595,0,0,0,0,0,0
2026-09-26T17:05:48.935899+00:00,64060288,43394244,4194300,63744,113673,1789628,121595,0,0,0,0,0,0
2026-09-26T17:05:49.936751+00:00,64060288,43398048,4194300,63744,113673,1789628,121595,0,0,0,0,0,0
2026-09-26T17:05:50.937597+00:00,64060288,43395492,4194300,63744,113673,1789628,121595,0,0,0,0,0,0
2026-09-26T17:05:51.938431+00:00,64060288,43402532,4194300,63744,113673,1789628,121595,0,0,0,0,0,0
2026-09-26T17:05:52.939258+00:00,64060288,43403620,4194300,63744,113673,1789628,121595,0,0,0,0,0,0
2026-09-26T17:05:53.940029+00:00,64060288,43412840,4194300,63744,113673,1789628,121595,0,0,0,0,0,0
2026-09-26T17:05:54.940896+00:00,64060288,43409952,4194300,63744,113673,1789628,121595,0,0,0,0,0,0
2026-09-26T17:05:55.941755+00:00,64060288,43398824,4194300,63744,113673,1789628,121595,0,0,0,0,0,0
2026-09-26T17:05:56.942610+00:00,64060288,43407660,4194300,63744,113673,1789628,121595,0,0,0,0,0,0
2026-09-26T17:05:57.943449+00:00,64060288,43403644,4194300,63744,113673,1789628,121595,0,0,0,0,0,0
2026-09-26T17:05:58.944217+00:00,64060288,43395104,4194300,63744,113673,1789628,121595,0,0,0,0,0,0
2026-09-26T17:05:59.945060+00:00,64060288,43409844,4194300,63744,113673,1789628,121595,0,0,0,0,0,0
2026-09-26T17:06:00.945922+00:00,64060288,43409532,4194300,63744,113673,1789628,121595,0,0,0,0,0,0
2026-09-26T17:06:01.946802+00:00,64060288,43407184,4194300,63744,113673,1789628,121595,0,0,0,0,0,0
2026-09-26T17:06:02.947683+00:00,64060288,43400792,4194300,63744,113673,1789628,121595,0,0,0,0,0,0
2026-09-26T17:06:03.948513+00:00,64060288,43411640,4194300,63744,113673,1789628,121595,0,0,0,0,0,0
2026-09-26T17:06:04.949348+00:00,64060288,43410528,4194300,63744,113673,1789628,121595,0,0,0,0,0,0
2026-09-26T17:06:05.950171+00:00,64060288,43394872,4194300,63744,113673,1789628,121595,0,0,0,0,0,0
2026-09-26T17:06:06.951008+00:00,64060288,43399988,4194300,63744,113673,1789628,121595,0,0,0,0,0,0
2026-09-26T17:06:07.951843+00:00,64060288,43403716,4194300,63744,113673,1789628,121595,0,0,0,0,0,0
2026-09-26T17:06:08.952708+00:00,64060288,43400944,4194300,63744,113673,1789628,121595,0,0,0,0,0,0
2026-09-26T17:06:09.953438+00:00,64060288,43403024,4194300,63744,113673,1789628,121595,0,0,0,0,0,0
2026-09-26T17:06:10.954299+00:00,64060288,43402760,4194300,63744,113673,1789628,121595,0,0,0,0,0,0
2026-09-26T17:06:11.955145+00:00,64060288,43384956,4194300,63744,113673,1789628,121595,0,0,0,0,0,0
2026-09-26T17:06:12.956030+00:00,64060288,43385036,4194300,63744,113673,1789628,121595,0,0,0,0,0,0
2026-09-26T17:06:13.956896+00:00,64060288,43384004,4194300,63744,113673,1789628,121595,0,0,0,0,0,0
2026-09-26T17:06:14.957645+00:00,64060288,43408232,4194300,63744,113673,1789628,121595,0,0,0,0,0,0
2026-09-26T17:06:15.958484+00:00,64060288,43407288,4194300,63744,113673,1789628,121595,0,0,0,0,0,0
2026-09-26T17:06:16.959336+00:00,64060288,43370548,4194300,63744,113673,1789628,121595,0,0,0,0,0,0
2026-09-26T17:06:17.960210+00:00,64060288,43359968,4194300,63744,113673,1789628,121595,0,0,0,0,0,0
2026-09-26T17:06:18.961083+00:00,64060288,43373060,4194300,63744,113673,1789628,121595,0,0,0,0,0,0
2026-09-26T17:06:19.962200+00:00,64060288,43351252,4194300,63744,113673,1789628,121595,0,0,0,0,0,0
2026-09-26T17:06:20.963057+00:00,64060288,43356520,4194300,63744,113673,1789628,121595,0,0,0,0,0,0
2026-09-26T17:06:21.963917+00:00,64060288,43375636,4194300,63744,113673,1789628,121595,0,0,0,0,0,0
2026-09-26T17:06:22.964768+00:00,64060288,43405616,4194300,63744,113673,1789628,121595,0,0,0,0,0,0
2026-09-26T17:06:23.965625+00:00,64060288,43407488,4194300,63744,113673,1789628,121595,0,0,0,0,0,0
2026-09-26T17:06:24.966461+00:00,64060288,43409472,4194300,63744,113673,1789628,121595,0,0,0,0,0,0
2026-09-26T17:06:25.967249+00:00,64060288,43414620,4194300,63744,113673,1789628,121595,0,0,0,0,0,0
2026-09-26T17:06:26.968103+00:00,64060288,43404852,4194300,63744,113673,1789628,121595,0,0,0,0,0,0
2026-09-26T17:06:27.968958+00:00,64060288,43404492,4194300,63744,113673,1789628,121595,0,0,0,0,0,0
2026-09-26T17:06:28.969821+00:00,64060288,43405120,4194300,63744,113673,1789628,121595,0,0,0,0,0,0
2026-09-26T17:06:29.970633+00:00,64060288,43412144,4194300,63744,113673,1789628,121595,0,0,0,0,0,0
2026-09-26T17:06:30.971386+00:00,64060288,43396124,4194300,63744,113673,1789628,121595,0,0,0,0,0,0
2026-09-26T17:06:31.972247+00:00,64060288,43378924,4194300,63744,113673,1789628,121595,0,0,0,0,0,0
2026-09-26T17:06:32.973102+00:00,64060288,43377668,4194300,63744,113673,1789628,121595,0,0,0,0,0,0
2026-09-26T17:06:33.973940+00:00,64060288,43392048,4194300,63744,113673,1789628,121595,0,0,0,0,0,0
2026-09-26T17:06:34.974783+00:00,64060288,43390404,4194300,63744,113673,1789628,121595,0,0,0,0,0,0
2026-09-26T17:06:35.975652+00:00,64060288,43630944,4194300,63744,113673,1789628,121595,0,0,0,0,0,0
2026-09-26T17:06:36.976521+00:00,64060288,43623692,4194300,63744,113673,1789628,121595,0,0,0,0,0,0
2026-09-26T17:06:37.977394+00:00,64060288,43593512,4194300,63744,113673,1789628,121595,0,0,0,0,0,0
2026-09-26T17:06:38.978246+00:00,64060288,43589976,4194300,63744,113673,1789628,121595,0,0,0,0,0,0
2026-09-26T17:06:39.979104+00:00,64060288,43595072,4194300,63744,113673,1789628,121595,0,0,0,0,0,0
2026-09-26T17:06:40.979915+00:00,64060288,43592340,4194300,63744,113673,1789628,121595,0,0,0,0,0,0
2026-09-26T17:06:41.980627+00:00,64060288,43594956,4194300,63744,113673,1789628,121595,0,0,0,0,0,0
2026-09-26T17:06:42.981461+00:00,64060288,43600544,4194300,63744,113673,1789628,121595,0,0,0,0,0,0
2026-09-26T17:06:43.982339+00:00,64060288,43605160,4194300,63744,113673,1789628,121595,0,0,0,0,0,0
2026-09-26T17:06:44.983216+00:00,64060288,43596156,4194300,63744,113673,1789628,121595,0,0,0,0,0,0
2026-09-26T17:06:45.984055+00:00,64060288,43602568,4194300,63744,113673,1789628,121595,0,0,0,0,0,0
2026-09-26T17:06:46.984833+00:00,64060288,43583420,4194300,63744,113673,1789628,121595,0,0,0,0,0,0
2026-09-26T17:06:47.985672+00:00,64060288,43583404,4194300,63744,113673,1789628,121595,0,0,0,0,0,0
2026-09-26T17:06:48.986511+00:00,64060288,43572000,4194300,63744,113673,1789628,121595,0,0,0,0,0,0
2026-09-26T17:06:49.987380+00:00,64060288,43593304,4194300,63744,113673,1789628,121595,0,0,0,0,0,0
2026-09-26T17:06:50.988200+00:00,64060288,43590160,4194300,63744,113673,1789628,121595,0,0,0,0,0,0
2026-09-26T17:06:51.989039+00:00,64060288,43596672,4194300,63744,113673,1789628,121595,0,0,0,0,0,0
2026-09-26T17:06:52.989901+00:00,64060288,43592592,4194300,63744,113673,1789628,121595,0,0,0,0,0,0
2026-09-26T17:06:53.990744+00:00,64060288,43585036,4194300,63744,113673,1789628,121595,0,0,0,0,0,0
2026-09-26T17:06:54.991593+00:00,64060288,43571968,4194300,63744,113673,1789628,121595,0,0,0,0,0,0
2026-09-26T17:06:55.992508+00:00,64060288,43584772,4194300,63744,113673,1789628,121595,0,0,0,0,0,0
2026-09-26T17:06:56.993351+00:00,64060288,43589516,4194300,63744,113673,1789628,121595,0,0,0,0,0,0
2026-09-26T17:06:57.994074+00:00,64060288,43588040,4194300,63744,113673,1789628,121595,0,0,0,0,0,0
2026-09-26T17:06:58.994936+00:00,64060288,43561640,4194300,63744,113673,1789628,121595,0,0,0,0,0,0
2026-09-26T17:06:59.995770+00:00,64060288,43560724,4194300,63744,113673,1789628,121596,0,0,0,0,0,0
2026-09-26T17:07:00.996636+00:00,64060288,43542124,4194300,63744,113673,1789628,121596,0,0,0,0,0,0
2026-09-26T17:07:01.997563+00:00,64060288,43559456,4194300,63744,113673,1789628,121596,0,0,0,0,0,0
2026-09-26T17:07:02.998365+00:00,64060288,43557296,4194300,63744,113673,1789628,121596,0,0,0,0,0,0
2026-09-26T17:07:03.999198+00:00,64060288,43576692,4194300,63744,113673,1789628,121596,0,0,0,0,0,0
2026-09-26T17:07:05.000053+00:00,64060288,43577252,4194300,63744,113673,1789628,121596,0,0,0,0,0,0
2026-09-26T17:07:06.000935+00:00,64060288,43564332,4194300,63744,113673,1789628,121596,0,0,0,0,0,0
2026-09-26T17:07:07.001807+00:00,64060288,43557280,4194300,63744,113673,1789628,121596,0,0,0,0,0,0
2026-09-26T17:07:08.002710+00:00,64060288,43541020,4194300,63744,113673,1789628,121596,0,0,0,0,0,0
2026-09-26T17:07:09.003554+00:00,64060288,43553684,4194300,63744,113673,1789628,121596,0,0,0,0,0,0
2026-09-26T17:07:10.004408+00:00,64060288,43555948,4194300,63744,113673,1789628,121596,0,0,0,0,0,0
2026-09-26T17:07:11.005249+00:00,64060288,43582168,4194300,63744,113673,1789628,121596,0,0,0,0,0,0
2026-09-26T17:07:12.006104+00:00,64060288,43566288,4194300,63744,113673,1789628,121596,0,0,0,0,0,0
2026-09-26T17:07:13.006941+00:00,64060288,43549228,4194300,63744,113673,1789628,121596,0,0,0,0,0,0
2026-09-26T17:07:14.007678+00:00,64060288,43574732,4194300,63744,113673,1789628,121596,0,0,0,0,0,0
2026-09-26T17:07:15.008530+00:00,64060288,43540940,4194300,63744,113673,1789628,121596,0,0,0,0,0,0
2026-09-26T17:07:16.009365+00:00,64060288,43516064,4194300,63744,113673,1789628,121596,0,0,0,0,0,0
2026-09-26T17:07:17.010221+00:00,64060288,43520272,4194300,63744,113673,1789628,121596,0,0,0,0,0,0
2026-09-26T17:07:18.011089+00:00,64060288,43545724,4194300,63744,113673,1789628,121596,0,0,0,0,0,0
2026-09-26T17:07:19.011902+00:00,64060288,43552600,4194300,63744,113673,1789628,121596,0,0,0,0,0,0
2026-09-26T17:07:20.012764+00:00,64060288,43566420,4194300,63744,113673,1789628,121596,0,0,0,0,0,0
2026-09-26T17:07:21.013615+00:00,64060288,43554200,4194300,63744,113673,1789628,121596,0,0,0,0,0,0
2026-09-26T17:07:22.014438+00:00,64060288,43548640,4194300,63744,113673,1789628,121596,0,0,0,0,0,0
2026-09-26T17:07:23.015276+00:00,64060288,43553272,4194300,63744,113673,1789628,121597,0,0,0,0,0,0
2026-09-26T17:07:24.016139+00:00,64060288,43550496,4194300,63744,113674,1789628,121598,0,0,0,0,0,0
2026-09-26T17:07:25.016878+00:00,64060288,43552296,4194300,63744,113675,1789628,121599,0,0,0,0,0,0
2026-09-26T17:07:26.017736+00:00,64060288,43548000,4194300,63744,113675,1789628,121599,0,0,0,0,0,0
2026-09-26T17:07:27.018554+00:00,64060288,43521004,4194300,63744,113675,1789628,121600,0,0,0,0,0,0
2026-09-26T17:07:28.019421+00:00,64060288,43506100,4194300,63744,113675,1789628,121600,0,0,0,0,0,0
2026-09-26T17:07:29.020243+00:00,64060288,43492588,4194300,63744,113675,1789628,121600,0,0,0,0,0,0
2026-09-26T17:07:30.021009+00:00,64060288,43495908,4194300,63744,113675,1789628,121600,0,0,0,0,0,0
2026-09-26T17:07:31.021842+00:00,64060288,43498876,4194300,63744,113675,1789628,121600,0,0,0,0,0,0
2026-09-26T17:07:32.022668+00:00,64060288,43505572,4194300,63744,113675,1789628,121600,0,0,0,0,0,0
2026-09-26T17:07:33.023525+00:00,64060288,43505612,4194300,63744,113675,1789628,121600,0,0,0,0,0,0
2026-09-26T17:07:34.024376+00:00,64060288,43510328,4194300,63744,113675,1789628,121600,0,0,0,0,0,0
2026-09-26T17:07:35.025228+00:00,64060288,43540048,4194300,63744,113675,1789628,121600,0,0,0,0,0,0
2026-09-26T17:07:36.026104+00:00,64060288,43540712,4194300,63744,113675,1789628,121600,0,0,0,0,0,0
2026-09-26T17:07:37.026945+00:00,64060288,43542556,4194300,63744,113675,1789628,121600,0,0,0,0,0,0
2026-09-26T17:07:38.027778+00:00,64060288,43539544,4194300,63744,113675,1789628,121600,0,0,0,0,0,0
2026-09-26T17:07:39.028615+00:00,64060288,43556112,4194300,63744,113675,1789628,121600,0,0,0,0,0,0
2026-09-26T17:07:40.029434+00:00,64060288,43567744,4194300,63744,113675,1789628,121600,0,0,0,0,0,0
2026-09-26T17:07:41.030195+00:00,64060288,43547000,4194300,63744,113675,1789628,121600,0,0,0,0,0,0
2026-09-26T17:07:42.031030+00:00,64060288,43560776,4194300,63744,113675,1789628,121600,0,0,0,0,0,0
2026-09-26T17:07:43.031872+00:00,64060288,43558308,4194300,63744,113675,1789628,121600,0,0,0,0,0,0
2026-09-26T17:07:44.032878+00:00,64060288,43558620,4194300,63744,113675,1789628,121600,0,0,0,0,0,0
2026-09-26T17:07:45.033703+00:00,64060288,43561628,4194300,63744,113675,1789628,121600,0,0,0,0,0,0
2026-09-26T17:07:46.034399+00:00,64060288,43566100,4194300,63744,113675,1789628,121600,0,0,0,0,0,0
2026-09-26T17:07:47.035205+00:00,64060288,43568892,4194300,63744,113675,1789628,121600,0,0,0,0,0,0
2026-09-26T17:07:48.036062+00:00,64060288,43568868,4194300,63744,113675,1789628,121600,0,0,0,0,0,0
2026-09-26T17:07:49.036929+00:00,64060288,43568404,4194300,63744,113677,1789628,121602,0,0,0,0,0,0
2026-09-26T17:07:50.037763+00:00,64060288,43551664,4194300,63744,113677,1789628,121602,0,0,0,0,0,0
2026-09-26T17:07:51.038604+00:00,64060288,43553716,4194300,63744,113677,1789628,121602,0,0,0,0,0,0
2026-09-26T17:07:52.039461+00:00,64060288,43545628,4194300,63744,113677,1789628,121602,0,0,0,0,0,0
2026-09-26T17:07:53.040265+00:00,64060288,43560292,4194300,63744,113677,1789628,121602,0,0,0,0,0,0
2026-09-26T17:07:54.041132+00:00,64060288,43560648,4194300,63744,113677,1789628,121602,0,0,0,0,0,0
2026-09-26T17:07:55.041980+00:00,64060288,43549800,4194300,63744,113677,1789628,121602,0,0,0,0,0,0
2026-09-26T17:07:56.042824+00:00,64060288,43553396,4194300,63744,113677,1789628,121602,0,0,0,0,0,0
2026-09-26T17:07:57.043607+00:00,64060288,43539388,4194300,63744,113677,1789628,121602,0,0,0,0,0,0
2026-09-26T17:07:58.044440+00:00,64060288,43541136,4194300,63744,113677,1789628,121602,0,0,0,0,0,0
2026-09-26T17:07:59.045297+00:00,64060288,43546984,4194300,63744,113677,1789628,121602,0,0,0,0,0,0
2026-09-26T17:08:00.046144+00:00,64060288,43539952,4194300,63744,113677,1789628,121602,0,0,0,0,0,0
2026-09-26T17:08:01.046992+00:00,64060288,43535948,4194300,63744,113677,1789628,121602,0,0,0,0,0,0
2026-09-26T17:08:02.047760+00:00,64060288,43560136,4194300,63744,113677,1789628,121602,0,0,0,0,0,0
2026-09-26T17:08:03.048618+00:00,64060288,43564676,4194300,63744,113677,1789628,121602,0,0,0,0,0,0
2026-09-26T17:08:04.049465+00:00,64060288,43553552,4194300,63744,113677,1789628,121602,0,0,0,0,0,0
2026-09-26T17:08:05.050342+00:00,64060288,43534592,4194300,63744,113677,1789628,121602,0,0,0,0,0,0
2026-09-26T17:08:06.051208+00:00,64060288,43535860,4194300,63744,113677,1789628,121602,0,0,0,0,0,0
2026-09-26T17:08:07.052061+00:00,64060288,43544452,4194300,63744,113677,1789628,121602,0,0,0,0,0,0
2026-09-26T17:08:08.052821+00:00,64060288,43544520,4194300,63744,113677,1789628,121602,0,0,0,0,0,0
2026-09-26T17:08:09.053658+00:00,64060288,43540284,4194300,63744,113677,1789628,121602,0,0,0,0,0,0
2026-09-26T17:08:10.054491+00:00,64060288,43521664,4194300,63744,113677,1789628,121602,0,0,0,0,0,0
2026-09-26T17:08:11.055361+00:00,64060288,43522004,4194300,63744,113677,1789628,121602,0,0,0,0,0,0
2026-09-26T17:08:12.056249+00:00,64060288,43529360,4194300,63744,113677,1789628,121602,0,0,0,0,0,0
2026-09-26T17:08:13.057544+00:00,64060288,43507900,4194300,63744,113677,1789628,121602,0,0,0,0,0,0
2026-09-26T17:08:14.058410+00:00,64060288,43507948,4194300,63744,113677,1789628,121602,0,0,0,0,0,0
2026-09-26T17:08:15.059241+00:00,64060288,43516992,4194300,63744,113677,1789628,121602,0,0,0,0,0,0
2026-09-26T17:08:16.060090+00:00,64060288,43509440,4194300,63744,113677,1789628,121602,0,0,0,0,0,0
2026-09-26T17:08:17.060948+00:00,64060288,43524328,4194300,63744,113678,1789628,121603,0,0,0,0,0,0
2026-09-26T17:08:18.061794+00:00,64060288,43527764,4194300,63744,113678,1789628,121603,0,0,0,0,0,0
2026-09-26T17:08:19.062627+00:00,64060288,43532856,4194300,63744,113678,1789628,121603,0,0,0,0,0,0
2026-09-26T17:08:20.063458+00:00,64060288,43507824,4194300,63744,113678,1789628,121603,0,0,0,0,0,0
2026-09-26T17:08:21.064317+00:00,64060288,43509104,4194300,63744,113678,1789628,121603,0,0,0,0,0,0
2026-09-26T17:08:22.065165+00:00,64060288,43508072,4194300,63744,113678,1789628,121603,0,0,0,0,0,0
2026-09-26T17:08:23.066006+00:00,64060288,43492612,4194300,63744,113678,1789628,121603,0,0,0,0,0,0
2026-09-26T17:08:24.066788+00:00,64060288,43518592,4194300,63744,113678,1789628,121603,0,0,0,0,0,0
2026-09-26T17:08:25.067633+00:00,64060288,43516460,4194300,63744,113678,1789628,121603,0,0,0,0,0,0
2026-09-26T17:08:26.068429+00:00,64060288,43497016,4194300,63744,113678,1789628,121603,0,0,0,0,0,0
2026-09-26T17:08:27.069261+00:00,64060288,43494152,4194300,63744,113678,1789628,121603,0,0,0,0,0,0
2026-09-26T17:08:28.070106+00:00,64060288,43491732,4194300,63744,113678,1789628,121603,0,0,0,0,0,0
2026-09-26T17:08:29.070992+00:00,64060288,43499984,4194300,63744,113678,1789628,121603,0,0,0,0,0,0
2026-09-26T17:08:30.071869+00:00,64060288,43508664,4194300,63744,113678,1789628,121603,0,0,0,0,0,0
2026-09-26T17:08:31.072711+00:00,64060288,43508680,4194300,63744,113678,1789628,121603,0,0,0,0,0,0
2026-09-26T17:08:32.073536+00:00,64060288,43507464,4194300,63744,113678,1789628,121603,0,0,0,0,0,0
2026-09-26T17:08:33.074396+00:00,64060288,43518476,4194300,63744,113678,1789628,121603,0,0,0,0,0,0
2026-09-26T17:08:34.075198+00:00,64060288,43505784,4194300,63744,113678,1789628,121603,0,0,0,0,0,0
2026-09-26T17:08:35.075937+00:00,64060288,43425608,4194300,63744,113678,1789628,121603,0,0,0,0,0,0
2026-09-26T17:08:36.076764+00:00,64060288,43448368,4194300,63744,113678,1789628,121603,0,0,0,0,0,0
2026-09-26T17:08:37.077646+00:00,64060288,43422332,4194300,63744,113678,1789628,121603,0,0,0,0,0,0
2026-09-26T17:08:38.078504+00:00,64060288,43391152,4194300,63744,113678,1789628,121603,0,0,0,0,0,0
2026-09-26T17:08:39.079359+00:00,64060288,43375800,4194300,63744,113678,1789628,121603,0,0,0,0,0,0
2026-09-26T17:08:40.080140+00:00,64060288,43387812,4194300,63744,113678,1789628,121603,0,0,0,0,0,0
2026-09-26T17:08:41.081222+00:00,64060288,43418032,4194300,63744,113678,1789628,121603,0,0,0,0,0,0
2026-09-26T17:08:42.082066+00:00,64060288,43436580,4194300,63744,113678,1789628,121603,0,0,0,0,0,0
2026-09-26T17:08:43.082927+00:00,64060288,43438972,4194300,63744,113678,1789628,121603,0,0,0,0,0,0
2026-09-26T17:08:44.083782+00:00,64060288,43456912,4194300,63744,113678,1789628,121603,0,0,0,0,0,0
2026-09-26T17:08:45.084642+00:00,64060288,43452424,4194300,63744,113678,1789628,121603,0,0,0,0,0,0
2026-09-26T17:08:46.085424+00:00,64060288,43460624,4194300,63744,113678,1789628,121603,0,0,0,0,0,0
2026-09-26T17:08:47.086242+00:00,64060288,43459156,4194300,63744,113679,1789628,121604,0,0,0,0,0,0
2026-09-26T17:08:48.087100+00:00,64060288,43467968,4194300,63744,113679,1789628,121604,0,0,0,0,0,0
2026-09-26T17:08:49.087951+00:00,64060288,43474756,4194300,63744,113679,1789628,121604,0,0,0,0,0,0
2026-09-26T17:08:50.088803+00:00,64060288,43468056,4194300,63744,113679,1789628,121604,0,0,0,0,0,0
2026-09-26T17:08:51.089559+00:00,64060288,43490424,4194300,63744,113679,1789628,121604,0,0,0,0,0,0
2026-09-26T17:08:52.090431+00:00,64060288,43489140,4194300,63744,113679,1789628,121604,0,0,0,0,0,0
2026-09-26T17:08:53.091279+00:00,64060288,43475476,4194300,63744,113679,1789628,121604,0,0,0,0,0,0
2026-09-26T17:08:54.092133+00:00,64060288,43458644,4194300,63744,113679,1789628,121604,0,0,0,0,0,0
2026-09-26T17:08:55.092986+00:00,64060288,43461132,4194300,63744,113679,1789628,121604,0,0,0,0,0,0
2026-09-26T17:08:56.093836+00:00,64060288,43459068,4194300,63744,113680,1789628,121605,0,0,0,0,0,0
2026-09-26T17:08:57.094674+00:00,64060288,43471048,4194300,63744,113680,1789628,121605,0,0,0,0,0,0
2026-09-26T17:08:58.095528+00:00,64060288,43468944,4194300,63744,113680,1789628,121605,0,0,0,0,0,0
2026-09-26T17:08:59.096368+00:00,64060288,43469428,4194300,63744,113680,1789628,121605,0,0,0,0,0,0
2026-09-26T17:09:00.097221+00:00,64060288,43479588,4194300,63744,113681,1789628,121606,0,0,0,0,0,0
2026-09-26T17:09:01.098062+00:00,64060288,43477456,4194300,63744,113681,1789628,121606,0,0,0,0,0,0
2026-09-26T17:09:02.098838+00:00,64060288,43478604,4194300,63744,113681,1789628,121606,0,0,0,0,0,0
2026-09-26T17:09:03.099728+00:00,64060288,43485620,4194300,63744,113681,1789628,121606,0,0,0,0,0,0
2026-09-26T17:09:04.100552+00:00,64060288,43471828,4194300,63744,113681,1789628,121606,0,0,0,0,0,0
2026-09-26T17:09:05.101408+00:00,64060288,43449956,4194300,63744,113681,1789628,121606,0,0,0,0,0,0
2026-09-26T17:09:06.102276+00:00,64060288,43452452,4194300,63744,113681,1789628,121606,0,0,0,0,0,0
2026-09-26T17:09:07.103149+00:00,64060288,43471900,4194300,63744,113681,1789628,121606,0,0,0,0,0,0
2026-09-26T17:09:08.104011+00:00,64060288,43464508,4194300,63744,113681,1789628,121606,0,0,0,0,0,0
2026-09-26T17:09:09.104858+00:00,64060288,43459576,4194300,63744,113681,1789628,121606,0,0,0,0,0,0
2026-09-26T17:09:10.105722+00:00,64060288,43481448,4194300,63744,113681,1789628,121606,0,0,0,0,0,0
2026-09-26T17:09:11.106558+00:00,64060288,43449892,4194300,63744,113681,1789628,121606,0,0,0,0,0,0
2026-09-26T17:09:12.107421+00:00,64060288,43480704,4194300,63744,113681,1789628,121606,0,0,0,0,0,0
2026-09-26T17:09:13.108225+00:00,64060288,43472008,4194300,63744,113681,1789628,121606,0,0,0,0,0,0
2026-09-26T17:09:14.109096+00:00,64060288,43470512,4194300,63744,113682,1789628,121607,0,0,0,0,0,0
2026-09-26T17:09:15.109968+00:00,64060288,43464008,4194300,63744,113683,1789628,121608,0,0,0,0,0,0
2026-09-26T17:09:16.110824+00:00,64060288,43474232,4194300,63744,113683,1789628,121608,0,0,0,0,0,0
2026-09-26T17:09:17.111657+00:00,64060288,43456712,4194300,63744,113683,1789628,121608,0,0,0,0,0,0
2026-09-26T17:09:18.112502+00:00,64060288,43452284,4194300,63744,113683,1789628,121608,0,0,0,0,0,0
2026-09-26T17:09:19.113362+00:00,64060288,43442004,4194300,63744,113683,1789628,121608,0,0,0,0,0,0
2026-09-26T17:09:20.114200+00:00,64060288,43441372,4194300,63744,113683,1789628,121608,0,0,0,0,0,0
2026-09-26T17:09:21.115033+00:00,64060288,43455348,4194300,63744,113683,1789628,121608,0,0,0,0,0,0
2026-09-26T17:09:22.115869+00:00,64060288,43453832,4194300,63744,113683,1789628,121608,0,0,0,0,0,0
2026-09-26T17:09:23.116703+00:00,64060288,43459740,4194300,63744,113683,1789628,121608,0,0,0,0,0,0
2026-09-26T17:09:24.117474+00:00,64060288,43458936,4194300,63744,113683,1789628,121608,0,0,0,0,0,0
2026-09-26T17:09:25.118308+00:00,64060288,43466152,4194300,63744,113683,1789628,121608,0,0,0,0,0,0
2026-09-26T17:09:26.119153+00:00,64060288,43455616,4194300,63744,113683,1789628,121608,0,0,0,0,0,0
2026-09-26T17:09:27.120036+00:00,64060288,43473152,4194300,63744,113683,1789628,121608,0,0,0,0,0,0
2026-09-26T17:09:28.120870+00:00,64060288,43474904,4194300,63744,113683,1789628,121608,0,0,0,0,0,0
2026-09-26T17:09:29.121627+00:00,64060288,43453292,4194300,63744,113683,1789628,121608,0,0,0,0,0,0
2026-09-26T17:09:30.122470+00:00,64060288,43455492,4194300,63744,113683,1789628,121608,0,0,0,0,0,0
2026-09-26T17:09:31.123303+00:00,64060288,43460612,4194300,63744,113683,1789628,121608,0,0,0,0,0,0
2026-09-26T17:09:32.124147+00:00,64060288,43425188,4194300,63744,113683,1789628,121608,0,0,0,0,0,0
2026-09-26T17:09:33.125006+00:00,64060288,43441964,4194300,63744,113683,1789628,121608,0,0,0,0,0,0
2026-09-26T17:09:34.125838+00:00,64060288,43460500,4194300,63744,113683,1789628,121608,0,0,0,0,0,0
2026-09-26T17:09:35.126672+00:00,64060288,43419316,4194300,63744,113683,1789628,121608,0,0,0,0,0,0
2026-09-26T17:09:36.127512+00:00,64060288,43432300,4194300,63744,113683,1789628,121608,0,0,0,0,0,0
2026-09-26T17:09:37.128352+00:00,64060288,43441988,4194300,63744,113683,1789628,121608,0,0,0,0,0,0
2026-09-26T17:09:38.129191+00:00,64060288,43436596,4194300,63744,113683,1789628,121608,0,0,0,0,0,0
2026-09-26T17:09:39.130056+00:00,64060288,43439748,4194300,63744,113683,1789628,121608,0,0,0,0,0,0
2026-09-26T17:09:40.130828+00:00,64060288,43423164,4194300,63744,113683,1789628,121608,0,0,0,0,0,0
2026-09-26T17:09:41.131685+00:00,64060288,43422944,4194300,63744,113683,1789628,121608,0,0,0,0,0,0
2026-09-26T17:09:42.132537+00:00,64060288,43454936,4194300,63744,113683,1789628,121608,0,0,0,0,0,0
2026-09-26T17:09:43.133391+00:00,64060288,43460504,4194300,63744,113683,1789628,121608,0,0,0,0,0,0
2026-09-26T17:09:44.134226+00:00,64060288,43434776,4194300,63744,113683,1789628,121608,0,0,0,0,0,0
2026-09-26T17:09:45.135102+00:00,64060288,43448392,4194300,63744,113683,1789628,121608,0,0,0,0,0,0
2026-09-26T17:09:46.135948+00:00,64060288,43425800,4194300,63744,113683,1789628,121608,0,0,0,0,0,0
2026-09-26T17:09:47.136782+00:00,64060288,43421500,4194300,63744,113683,1789628,121608,0,0,0,0,0,0
2026-09-26T17:09:48.137626+00:00,64060288,43404916,4194300,63744,113683,1789628,121608,0,0,0,0,0,0
2026-09-26T17:09:49.138461+00:00,64060288,43418112,4194300,63744,113683,1789628,121608,0,0,0,0,0,0
2026-09-26T17:09:50.139293+00:00,64060288,43417488,4194300,63744,113683,1789628,121608,0,0,0,0,0,0
2026-09-26T17:09:51.140045+00:00,64060288,43439468,4194300,63744,113683,1789628,121608,0,0,0,0,0,0
2026-09-26T17:09:52.140903+00:00,64060288,43436752,4194300,63744,113683,1789628,121608,0,0,0,0,0,0
2026-09-26T17:09:53.141746+00:00,64060288,43427340,4194300,63744,113683,1789628,121608,0,0,0,0,0,0
2026-09-26T17:09:54.142599+00:00,64060288,43441744,4194300,63744,113683,1789628,121608,0,0,0,0,0,0
2026-09-26T17:09:55.143434+00:00,64060288,43440348,4194300,63744,113683,1789628,121608,0,0,0,0,0,0
2026-09-26T17:09:56.144275+00:00,64060288,43424972,4194300,63744,113683,1789628,121608,0,0,0,0,0,0
2026-09-26T17:09:57.145130+00:00,64060288,43438432,4194300,63744,113683,1789628,121608,0,0,0,0,0,0
2026-09-26T17:09:58.145984+00:00,64060288,43440372,4194300,63744,113683,1789628,121608,0,0,0,0,0,0
2026-09-26T17:09:59.146834+00:00,64060288,43440696,4194300,63744,113683,1789628,121608,0,0,0,0,0,0
2026-09-26T17:10:00.147684+00:00,64060288,43405124,4194300,63744,113683,1789628,121608,0,0,0,0,0,0
2026-09-26T17:10:01.148500+00:00,64060288,43387744,4194300,63744,113683,1789628,121608,0,0,0,0,0,0
2026-09-26T17:10:02.149280+00:00,64060288,43384312,4194300,63744,113683,1789628,121608,0,0,0,0,0,0
2026-09-26T17:10:03.150113+00:00,64060288,43394496,4194300,63744,113683,1789628,121608,0,0,0,0,0,0
2026-09-26T17:10:04.150968+00:00,64060288,43396172,4194300,63744,113683,1789628,121608,0,0,0,0,0,0
2026-09-26T17:10:05.151817+00:00,64060288,43395548,4194300,63744,113683,1789628,121608,0,0,0,0,0,0
2026-09-26T17:10:06.152678+00:00,64060288,43421096,4194300,63744,113683,1789628,121608,0,0,0,0,0,0
2026-09-26T17:10:07.153544+00:00,64060288,43433984,4194300,63744,113683,1789628,121608,0,0,0,0,0,0
2026-09-26T17:10:08.154413+00:00,64060288,43417712,4194300,63744,113683,1789628,121608,0,0,0,0,0,0
2026-09-26T17:10:09.155270+00:00,64060288,43435080,4194300,63744,113683,1789628,121608,0,0,0,0,0,0
2026-09-26T17:10:10.156115+00:00,64060288,43418280,4194300,63744,113683,1789628,121608,0,0,0,0,0,0
2026-09-26T17:10:11.156967+00:00,64060288,43412272,4194300,63744,113683,1789628,121608,0,0,0,0,0,0
2026-09-26T17:10:12.157821+00:00,64060288,43412516,4194300,63744,113683,1789628,121608,0,0,0,0,0,0
2026-09-26T17:10:13.158600+00:00,64060288,43420596,4194300,63744,113683,1789628,121608,0,0,0,0,0,0
2026-09-26T17:10:14.159445+00:00,64060288,43412680,4194300,63744,113683,1789628,121608,0,0,0,0,0,0
2026-09-26T17:10:15.160303+00:00,64060288,43427000,4194300,63744,113683,1789628,121608,0,0,0,0,0,0
2026-09-26T17:10:16.161152+00:00,64060288,43421828,4194300,63744,113683,1789628,121608,0,0,0,0,0,0
2026-09-26T17:10:17.161993+00:00,64060288,43442936,4194300,63744,113684,1789628,121609,0,0,0,0,0,0
2026-09-26T17:10:18.162824+00:00,64060288,43440240,4194300,63744,113684,1789628,121609,0,0,0,0,0,0
2026-09-26T17:10:19.163660+00:00,64060288,43454396,4194300,63744,113684,1789628,121609,0,0,0,0,0,0
2026-09-26T17:10:20.164467+00:00,64060288,43432960,4194300,63744,113684,1789628,121609,0,0,0,0,0,0
2026-09-26T17:10:21.165407+00:00,64060288,43452972,4194300,63744,113684,1789628,121609,0,0,0,0,0,0
2026-09-26T17:10:22.166249+00:00,64060288,43444108,4194300,63744,113684,1789628,121609,0,0,0,0,0,0
2026-09-26T17:10:23.167086+00:00,64060288,43436168,4194300,63744,113684,1789628,121609,0,0,0,0,0,0
2026-09-26T17:10:24.167872+00:00,64060288,43440008,4194300,63744,113684,1789628,121609,0,0,0,0,0,0
2026-09-26T17:10:25.168708+00:00,64060288,43445508,4194300,63744,113684,1789628,121609,0,0,0,0,0,0
2026-09-26T17:10:26.169523+00:00,64060288,43446064,4194300,63744,113684,1789628,121609,0,0,0,0,0,0
2026-09-26T17:10:27.170356+00:00,64060288,43449924,4194300,63744,113684,1789628,121609,0,0,0,0,0,0
2026-09-26T17:10:28.171207+00:00,64060288,43432472,4194300,63744,113684,1789628,121609,0,0,0,0,0,0
2026-09-26T17:10:29.172068+00:00,64060288,43437824,4194300,63744,113684,1789628,121609,0,0,0,0,0,0
2026-09-26T17:10:30.172904+00:00,64060288,43399568,4194300,63744,113684,1789628,121609,0,0,0,0,0,0
2026-09-26T17:10:31.173731+00:00,64060288,43398376,4194300,63744,113684,1789628,121609,0,0,0,0,0,0
2026-09-26T17:10:32.174566+00:00,64060288,43400316,4194300,63744,113684,1789628,121609,0,0,0,0,0,0
2026-09-26T17:10:33.175406+00:00,64060288,43392052,4194300,63744,113684,1789628,121609,0,0,0,0,0,0
2026-09-26T17:10:34.176249+00:00,64060288,43402196,4194300,63744,113684,1789628,121609,0,0,0,0,0,0
2026-09-26T17:10:35.177002+00:00,64060288,43419204,4194300,63744,113684,1789628,121609,0,0,0,0,0,0
2026-09-26T17:10:36.177874+00:00,64060288,43412892,4194300,63744,113684,1789628,121609,0,0,0,0,0,0
2026-09-26T17:10:37.178717+00:00,64060288,43424836,4194300,63744,113684,1789628,121609,0,0,0,0,0,0
2026-09-26T17:10:38.179551+00:00,64060288,43420496,4194300,63744,113684,1789628,121609,0,0,0,0,0,0
2026-09-26T17:10:39.180396+00:00,64060288,43421904,4194300,63744,113684,1789628,121609,0,0,0,0,0,0
2026-09-26T17:10:40.181234+00:00,64060288,43436468,4194300,63744,113684,1789628,121609,0,0,0,0,0,0
2026-09-26T17:10:41.182096+00:00,64060288,43430436,4194300,63744,113684,1789628,121609,0,0,0,0,0,0
2026-09-26T17:10:42.182973+00:00,64060288,43408564,4194300,63744,113684,1789628,121609,0,0,0,0,0,0
2026-09-26T17:10:43.183847+00:00,64060288,43443364,4194300,63744,113684,1789628,121609,0,0,0,0,0,0
2026-09-26T17:10:44.184690+00:00,64060288,43436844,4194300,63744,113684,1789628,121609,0,0,0,0,0,0
2026-09-26T17:10:45.185529+00:00,64060288,43430292,4194300,63744,113684,1789628,121609,0,0,0,0,0,0
2026-09-26T17:10:46.186292+00:00,64060288,43428892,4194300,63744,113684,1789628,121609,0,0,0,0,0,0
2026-09-26T17:10:47.187149+00:00,64060288,43402612,4194300,63744,113684,1789628,121609,0,0,0,0,0,0
2026-09-26T17:10:48.188026+00:00,64060288,43428448,4194300,63744,113684,1789628,121609,0,0,0,0,0,0
2026-09-26T17:10:49.188911+00:00,64060288,43422936,4194300,63744,113684,1789628,121609,0,0,0,0,0,0
2026-09-26T17:10:50.189774+00:00,64060288,43438708,4194300,63744,113684,1789628,121609,0,0,0,0,0,0
2026-09-26T17:10:51.190631+00:00,64060288,43422000,4194300,63744,113684,1789628,121609,0,0,0,0,0,0
2026-09-26T17:10:52.191480+00:00,64060288,43417880,4194300,63744,113684,1789628,121609,0,0,0,0,0,0
2026-09-26T17:10:53.192338+00:00,64060288,43411632,4194300,63744,113684,1789628,121609,0,0,0,0,0,0
2026-09-26T17:10:54.193212+00:00,64060288,43415316,4194300,63744,113684,1789628,121609,0,0,0,0,0,0
2026-09-26T17:10:55.194073+00:00,64060288,43418320,4194300,63744,113684,1789628,121609,0,0,0,0,0,0
2026-09-26T17:10:56.194919+00:00,64060288,43422756,4194300,63744,113684,1789628,121609,0,0,0,0,0,0
2026-09-26T17:10:57.195632+00:00,64060288,43406228,4194300,63744,113684,1789628,121609,0,0,0,0,0,0
2026-09-26T17:10:58.196473+00:00,64060288,43424508,4194300,63744,113684,1789628,121609,0,0,0,0,0,0
2026-09-26T17:10:59.197307+00:00,64060288,43402792,4194300,63744,113684,1789628,121609,0,0,0,0,0,0
2026-09-26T17:11:00.198165+00:00,64060288,43407056,4194300,63744,113684,1789628,121609,0,0,0,0,0,0
2026-09-26T17:11:01.198998+00:00,64060288,43404264,4194300,63744,113684,1789628,121609,0,0,0,0,0,0
2026-09-26T17:11:02.199842+00:00,64060288,43416464,4194300,63744,113684,1789628,121609,0,0,0,0,0,0
2026-09-26T17:11:03.200562+00:00,64060288,43410288,4194300,63744,113684,1789628,121609,0,0,0,0,0,0
2026-09-26T17:11:04.201382+00:00,64060288,43414536,4194300,63744,113684,1789628,121609,0,0,0,0,0,0
2026-09-26T17:11:05.202234+00:00,64060288,43417412,4194300,63744,113684,1789628,121609,0,0,0,0,0,0
2026-09-26T17:11:06.203112+00:00,64060288,43415704,4194300,63744,113684,1789628,121609,0,0,0,0,0,0
2026-09-26T17:11:07.203945+00:00,64060288,43418848,4194300,63744,113684,1789628,121609,0,0,0,0,0,0
2026-09-26T17:11:08.204721+00:00,64060288,43411568,4194300,63744,113684,1789628,121609,0,0,0,0,0,0
2026-09-26T17:11:09.205537+00:00,64060288,43410168,4194300,63744,113684,1789628,121609,0,0,0,0,0,0
2026-09-26T17:11:10.206388+00:00,64060288,43406208,4194300,63744,113684,1789628,121609,0,0,0,0,0,0
2026-09-26T17:11:11.207228+00:00,64060288,43397840,4194300,63744,113684,1789628,121609,0,0,0,0,0,0
2026-09-26T17:11:12.208077+00:00,64060288,43406036,4194300,63744,113684,1789628,121609,0,0,0,0,0,0
2026-09-26T17:11:13.208955+00:00,64060288,43406932,4194300,63744,113684,1789628,121609,0,0,0,0,0,0
2026-09-26T17:11:14.209782+00:00,64060288,43412216,4194300,63744,113688,1789628,121613,0,0,0,0,0,0
2026-09-26T17:11:15.210630+00:00,64060288,43409100,4194300,63744,113689,1789628,121614,0,0,0,0,0,0
2026-09-26T17:11:16.211495+00:00,64060288,43412180,4194300,63744,113689,1789628,121614,0,0,0,0,0,0
2026-09-26T17:11:17.212360+00:00,64060288,43397484,4194300,63744,113689,1789628,121614,0,0,0,0,0,0
2026-09-26T17:11:18.213201+00:00,64060288,43405080,4194300,63744,113689,1789628,121614,0,0,0,0,0,0
2026-09-26T17:11:19.213944+00:00,64060288,43413800,4194300,63744,113689,1789628,121614,0,0,0,0,0,0
2026-09-26T17:11:20.214801+00:00,64060288,43410352,4194300,63744,113689,1789628,121614,0,0,0,0,0,0
2026-09-26T17:11:21.215630+00:00,64060288,43413232,4194300,63744,113689,1789628,121614,0,0,0,0,0,0
2026-09-26T17:11:22.216466+00:00,64060288,43400552,4194300,63744,113689,1789628,121614,0,0,0,0,0,0
2026-09-26T17:11:23.217308+00:00,64060288,43403720,4194300,63744,113689,1789628,121614,0,0,0,0,0,0
2026-09-26T17:11:24.218139+00:00,64060288,43368784,4194300,63744,113689,1789628,121614,0,0,0,0,0,0
2026-09-26T17:11:25.218918+00:00,64060288,43351140,4194300,63744,113689,1789628,121614,0,0,0,0,0,0
2026-09-26T17:11:26.219784+00:00,64060288,43382460,4194300,63744,113689,1789628,121614,0,0,0,0,0,0
2026-09-26T17:11:27.220623+00:00,64060288,43385120,4194300,63744,113689,1789628,121614,0,0,0,0,0,0
2026-09-26T17:11:28.221467+00:00,64060288,43375108,4194300,63744,113689,1789628,121614,0,0,0,0,0,0
2026-09-26T17:11:29.222328+00:00,64060288,43382204,4194300,63744,113689,1789628,121614,0,0,0,0,0,0
2026-09-26T17:11:30.223200+00:00,64060288,43410208,4194300,63744,113689,1789628,121614,0,0,0,0,0,0
2026-09-26T17:11:31.224052+00:00,64060288,43400720,4194300,63744,113689,1789628,121614,0,0,0,0,0,0
2026-09-26T17:11:32.224915+00:00,64060288,43402776,4194300,63744,113689,1789628,121614,0,0,0,0,0,0
2026-09-26T17:11:33.225765+00:00,64060288,43404592,4194300,63744,113689,1789628,121614,0,0,0,0,0,0
2026-09-26T17:11:34.226591+00:00,64060288,43400800,4194300,63744,113689,1789628,121614,0,0,0,0,0,0
2026-09-26T17:11:35.227399+00:00,64060288,43380456,4194300,63744,113689,1789628,121614,0,0,0,0,0,0
2026-09-26T17:11:36.228181+00:00,64060288,43407688,4194300,63744,113689,1789628,121614,0,0,0,0,0,0
2026-09-26T17:11:37.229044+00:00,64060288,43405328,4194300,63744,113689,1789628,121614,0,0,0,0,0,0
2026-09-26T17:11:38.229901+00:00,64060288,43400728,4194300,63744,113689,1789628,121614,0,0,0,0,0,0
2026-09-26T17:11:39.230712+00:00,64060288,43395924,4194300,63744,113689,1789628,121614,0,0,0,0,0,0
2026-09-26T17:11:40.231547+00:00,64060288,43392268,4194300,63744,113689,1789628,121614,0,0,0,0,0,0
2026-09-26T17:11:41.232420+00:00,64060288,43391660,4194300,63744,113689,1789628,121614,0,0,0,0,0,0
2026-09-26T17:11:42.233280+00:00,64060288,43379328,4194300,63744,113689,1789628,121614,0,0,0,0,0,0
2026-09-26T17:11:43.234142+00:00,64060288,43354656,4194300,63744,113689,1789628,121614,0,0,0,0,0,0
2026-09-26T17:11:44.235023+00:00,64060288,43355736,4194300,63744,113689,1789628,121614,0,0,0,0,0,0
2026-09-26T17:11:45.235888+00:00,64060288,43371556,4194300,63744,113689,1789628,121614,0,0,0,0,0,0
2026-09-26T17:11:46.236712+00:00,64060288,43380168,4194300,63744,113689,1789628,121614,0,0,0,0,0,0
2026-09-26T17:11:47.237390+00:00,64060288,43382696,4194300,63744,113689,1789628,121614,0,0,0,0,0,0
2026-09-26T17:11:48.238248+00:00,64060288,43373788,4194300,63744,113689,1789628,121614,0,0,0,0,0,0
2026-09-26T17:11:49.239140+00:00,64060288,43375028,4194300,63744,113689,1789628,121614,0,0,0,0,0,0
2026-09-26T17:11:50.240004+00:00,64060288,43372624,4194300,63744,113689,1789628,121614,0,0,0,0,0,0
2026-09-26T17:11:51.240874+00:00,64060288,43378716,4194300,63744,113689,1789628,121614,0,0,0,0,0,0
2026-09-26T17:11:52.241731+00:00,64060288,43381996,4194300,63744,113689,1789628,121614,0,0,0,0,0,0
2026-09-26T17:11:53.242498+00:00,64060288,43368968,4194300,63744,113689,1789628,121614,0,0,0,0,0,0
2026-09-26T17:11:54.243329+00:00,64060288,43381748,4194300,63744,113689,1789628,121614,0,0,0,0,0,0
2026-09-26T17:11:55.244193+00:00,64060288,43379688,4194300,63744,113689,1789628,121614,0,0,0,0,0,0
2026-09-26T17:11:56.245056+00:00,64060288,43360828,4194300,63744,113689,1789628,121614,0,0,0,0,0,0
2026-09-26T17:11:57.245892+00:00,64060288,43360340,4194300,63744,113689,1789628,121614,0,0,0,0,0,0
2026-09-26T17:11:58.246746+00:00,64060288,43362520,4194300,63744,113689,1789628,121614,0,0,0,0,0,0
2026-09-26T17:11:59.247590+00:00,64060288,43371516,4194300,63744,113689,1789628,121614,0,0,0,0,0,0
2026-09-26T17:12:00.248441+00:00,64060288,43359884,4194300,63744,113689,1789628,121614,0,0,0,0,0,0
2026-09-26T17:12:01.249312+00:00,64060288,43371936,4194300,63744,113689,1789628,121614,0,0,0,0,0,0
2026-09-26T17:12:02.250213+00:00,64060288,43390748,4194300,63744,113689,1789628,121614,0,0,0,0,0,0
2026-09-26T17:12:03.251030+00:00,64060288,43388212,4194300,63744,113689,1789628,121614,0,0,0,0,0,0
2026-09-26T17:12:04.251774+00:00,64060288,43392508,4194300,63744,113689,1789628,121614,0,0,0,0,0,0
2026-09-26T17:12:05.252645+00:00,64060288,43376836,4194300,63744,113689,1789628,121614,0,0,0,0,0,0
2026-09-26T17:12:06.253488+00:00,64060288,43377076,4194300,63744,113689,1789628,121614,0,0,0,0,0,0
2026-09-26T17:12:07.254330+00:00,64060288,43366792,4194300,63744,113689,1789628,121614,0,0,0,0,0,0
2026-09-26T17:12:08.255185+00:00,64060288,43340856,4194300,63744,113689,1789628,121614,0,0,0,0,0,0
2026-09-26T17:12:09.256044+00:00,64060288,43357832,4194300,63744,113689,1789628,121614,0,0,0,0,0,0
2026-09-26T17:12:10.256912+00:00,64060288,43356316,4194300,63744,113689,1789628,121614,0,0,0,0,0,0
2026-09-26T17:12:11.257786+00:00,64060288,43354968,4194300,63744,113689,1789628,121614,0,0,0,0,0,0
2026-09-26T17:12:12.258628+00:00,64060288,43361004,4194300,63744,113689,1789628,121614,0,0,0,0,0,0
2026-09-26T17:12:13.259499+00:00,64060288,43330284,4194300,63744,113689,1789628,121614,0,0,0,0,0,0
2026-09-26T17:12:14.260352+00:00,64060288,43362908,4194300,63744,113689,1789628,121614,0,0,0,0,0,0
2026-09-26T17:12:15.261149+00:00,64060288,43354204,4194300,63744,113689,1789628,121614,0,0,0,0,0,0
2026-09-26T17:12:16.262014+00:00,64060288,43375964,4194300,63744,113689,1789628,121614,0,0,0,0,0,0
2026-09-26T17:12:17.262889+00:00,64060288,43324344,4194300,63744,113689,1789628,121614,0,0,0,0,0,0
2026-09-26T17:12:18.263769+00:00,64060288,43344516,4194300,63744,113689,1789628,121614,0,0,0,0,0,0
2026-09-26T17:12:19.264636+00:00,64060288,43356076,4194300,63744,113689,1789628,121614,0,0,0,0,0,0
2026-09-26T17:12:20.265479+00:00,64060288,43352168,4194300,63744,113689,1789628,121614,0,0,0,0,0,0
2026-09-26T17:12:21.266329+00:00,64060288,43344620,4194300,63744,113689,1789628,121614,0,0,0,0,0,0
2026-09-26T17:12:22.267192+00:00,64060288,43360408,4194300,63744,113689,1789628,121614,0,0,0,0,0,0
2026-09-26T17:12:23.268032+00:00,64060288,43359028,4194300,63744,113689,1789628,121614,0,0,0,0,0,0
2026-09-26T17:12:24.268898+00:00,64060288,43392936,4194300,63744,113689,1789628,121614,0,0,0,0,0,0
2026-09-26T17:12:25.269753+00:00,64060288,43377840,4194300,63744,113689,1789628,121614,0,0,0,0,0,0
2026-09-26T17:12:26.270488+00:00,64060288,43381816,4194300,63744,113689,1789628,121614,0,0,0,0,0,0
2026-09-26T17:12:27.271375+00:00,64060288,43378368,4194300,63744,113689,1789628,121614,0,0,0,0,0,0
2026-09-26T17:12:28.272269+00:00,64060288,43384428,4194300,63744,113689,1789628,121614,0,0,0,0,0,0
2026-09-26T17:12:29.273126+00:00,64060288,43389580,4194300,63744,113689,1789628,121614,0,0,0,0,0,0
2026-09-26T17:12:30.273981+00:00,64060288,43395756,4194300,63744,113689,1789628,121614,0,0,0,0,0,0
2026-09-26T17:12:31.274829+00:00,64060288,43393584,4194300,63744,113689,1789628,121614,0,0,0,0,0,0
2026-09-26T17:12:32.275607+00:00,64060288,43391312,4194300,63744,113689,1789628,121614,0,0,0,0,0,0
2026-09-26T17:12:33.276453+00:00,64060288,43389992,4194300,63744,113689,1789628,121614,0,0,0,0,0,0
2026-09-26T17:12:34.277342+00:00,64060288,43378440,4194300,63744,113689,1789628,121614,0,0,0,0,0,0
2026-09-26T17:12:35.278244+00:00,64060288,43381116,4194300,63744,113689,1789628,121614,0,0,0,0,0,0
2026-09-26T17:12:36.279092+00:00,64060288,43359716,4194300,63744,113689,1789628,121614,0,0,0,0,0,0
2026-09-26T17:12:37.279869+00:00,64060288,43351064,4194300,63744,113689,1789628,121614,0,0,0,0,0,0
2026-09-26T17:12:38.280721+00:00,64060288,43370140,4194300,63744,113689,1789628,121614,0,0,0,0,0,0
2026-09-26T17:12:39.281585+00:00,64060288,43359992,4194300,63744,113689,1789628,121614,0,0,0,0,0,0
2026-09-26T17:12:40.282426+00:00,64060288,43391744,4194300,63744,113689,1789628,121614,0,0,0,0,0,0
2026-09-26T17:12:41.283299+00:00,64060288,43384060,4194300,63744,113689,1789628,121614,0,0,0,0,0,0
2026-09-26T17:12:42.284133+00:00,64060288,43379868,4194300,63744,113689,1789628,121614,0,0,0,0,0,0
2026-09-26T17:12:43.284847+00:00,64060288,43379784,4194300,63744,113689,1789628,121614,0,0,0,0,0,0
2026-09-26T17:12:44.285683+00:00,64060288,43382364,4194300,63744,113689,1789628,121614,0,0,0,0,0,0
2026-09-26T17:12:45.286531+00:00,64060288,43368596,4194300,63744,113689,1789628,121614,0,0,0,0,0,0
2026-09-26T17:12:46.287480+00:00,64060288,43372076,4194300,63744,113689,1789628,121614,0,0,0,0,0,0
2026-09-26T17:12:47.288353+00:00,64060288,43380572,4194300,63744,113689,1789628,121614,0,0,0,0,0,0
2026-09-26T17:12:48.289203+00:00,64060288,43374908,4194300,63744,113689,1789628,121614,0,0,0,0,0,0
2026-09-26T17:12:49.290066+00:00,64060288,43386544,4194300,63744,113689,1789628,121614,0,0,0,0,0,0
2026-09-26T17:12:50.290917+00:00,64060288,43383920,4194300,63744,113689,1789628,121614,0,0,0,0,0,0
2026-09-26T17:12:51.291791+00:00,64060288,43382468,4194300,63744,113689,1789628,121614,0,0,0,0,0,0
2026-09-26T17:12:52.292740+00:00,64060288,43407472,4194300,63744,113689,1789628,121614,0,0,0,0,0,0
2026-09-26T17:12:53.293585+00:00,64060288,43411172,4194300,63744,113689,1789628,121614,0,0,0,0,0,0
2026-09-26T17:12:54.294341+00:00,64060288,43396400,4194300,63744,113689,1789628,121614,0,0,0,0,0,0
2026-09-26T17:12:55.295190+00:00,64060288,43404024,4194300,63744,113689,1789628,121614,0,0,0,0,0,0
2026-09-26T17:12:56.296023+00:00,64060288,43409784,4194300,63744,113689,1789628,121614,0,0,0,0,0,0
2026-09-26T17:12:57.296846+00:00,64060288,43384616,4194300,63744,113689,1789628,121614,0,0,0,0,0,0
2026-09-26T17:12:58.297687+00:00,64060288,43404552,4194300,63744,113689,1789628,121614,0,0,0,0,0,0
2026-09-26T17:12:59.298527+00:00,64060288,43412016,4194300,63744,113689,1789628,121614,0,0,0,0,0,0
2026-09-26T17:13:00.299300+00:00,64060288,43410792,4194300,63744,113689,1789628,121614,0,0,0,0,0,0
2026-09-26T17:13:01.300158+00:00,64060288,43411444,4194300,63744,113689,1789628,121614,0,0,0,0,0,0
2026-09-26T17:13:02.301002+00:00,64060288,43412668,4194300,63744,113689,1789628,121614,0,0,0,0,0,0
2026-09-26T17:13:03.301875+00:00,64060288,43384632,4194300,63744,113689,1789628,121614,0,0,0,0,0,0
2026-09-26T17:13:04.302863+00:00,64060288,43383752,4194300,63744,113689,1789628,121614,0,0,0,0,0,0
2026-09-26T17:13:05.303712+00:00,64060288,43380796,4194300,63744,113689,1789628,121614,0,0,0,0,0,0
2026-09-26T17:13:06.304549+00:00,64060288,43375504,4194300,63744,113689,1789628,121614,0,0,0,0,0,0
2026-09-26T17:13:07.305389+00:00,64060288,43382644,4194300,63744,113689,1789628,121614,0,0,0,0,0,0
2026-09-26T17:13:08.306251+00:00,64060288,43398320,4194300,63744,113689,1789628,121614,0,0,0,0,0,0
2026-09-26T17:13:09.307104+00:00,64060288,43392452,4194300,63744,113689,1789628,121614,0,0,0,0,0,0
2026-09-26T17:13:10.307959+00:00,64060288,43391056,4194300,63744,113689,1789628,121614,0,0,0,0,0,0
2026-09-26T17:13:11.308692+00:00,64060288,43390796,4194300,63744,113689,1789628,121614,0,0,0,0,0,0
2026-09-26T17:13:12.309531+00:00,64060288,43365392,4194300,63744,113689,1789628,121614,0,0,0,0,0,0
2026-09-26T17:13:13.310402+00:00,64060288,43378120,4194300,63744,113689,1789628,121614,0,0,0,0,0,0
2026-09-26T17:13:14.311268+00:00,64060288,43388180,4194300,63744,113689,1789628,121614,0,0,0,0,0,0
2026-09-26T17:13:15.312124+00:00,64060288,43394388,4194300,63744,113689,1789628,121614,0,0,0,0,0,0
2026-09-26T17:13:16.312986+00:00,64060288,43385244,4194300,63744,113689,1789628,121614,0,0,0,0,0,0
2026-09-26T17:13:17.314000+00:00,64060288,43359756,4194300,63744,113689,1789628,121614,0,0,0,0,0,0
2026-09-26T17:13:18.314830+00:00,64060288,43369376,4194300,63744,113689,1789628,121614,0,0,0,0,0,0
2026-09-26T17:13:19.315677+00:00,64060288,43344024,4194300,63744,113689,1789628,121614,0,0,0,0,0,0
2026-09-26T17:13:20.316520+00:00,64060288,43356180,4194300,63744,113689,1789628,121614,0,0,0,0,0,0
2026-09-26T17:13:21.317365+00:00,64060288,43371460,4194300,63744,113689,1789628,121614,0,0,0,0,0,0
2026-09-26T17:13:22.318193+00:00,64060288,43374136,4194300,63744,113689,1789628,121614,0,0,0,0,0,0
2026-09-26T17:13:23.319056+00:00,64060288,43389144,4194300,63744,113689,1789628,121614,0,0,0,0,0,0
2026-09-26T17:13:24.319905+00:00,64060288,43371004,4194300,63744,113689,1789628,121614,0,0,0,0,0,0
2026-09-26T17:13:25.320769+00:00,64060288,43394328,4194300,63744,113689,1789628,121614,0,0,0,0,0,0
2026-09-26T17:13:26.321612+00:00,64060288,43387212,4194300,63744,113689,1789628,121614,0,0,0,0,0,0
2026-09-26T17:13:27.322427+00:00,64060288,43386728,4194300,63744,113689,1789628,121614,0,0,0,0,0,0
2026-09-26T17:13:28.323225+00:00,64060288,43383296,4194300,63744,113689,1789628,121614,0,0,0,0,0,0
2026-09-26T17:13:29.324087+00:00,64060288,43367860,4194300,63744,113689,1789628,121614,0,0,0,0,0,0
2026-09-26T17:13:30.324968+00:00,64060288,43378556,4194300,63744,113689,1789628,121614,0,0,0,0,0,0
2026-09-26T17:13:31.325868+00:00,64060288,43375324,4194300,63744,113689,1789628,121614,0,0,0,0,0,0
2026-09-26T17:13:32.326688+00:00,64060288,43369640,4194300,63744,113689,1789628,121614,0,0,0,0,0,0
2026-09-26T17:13:33.327547+00:00,64060288,43374136,4194300,63744,113689,1789628,121614,0,0,0,0,0,0
2026-09-26T17:13:34.328396+00:00,64060288,43371744,4194300,63744,113689,1789628,121614,0,0,0,0,0,0
2026-09-26T17:13:35.329269+00:00,64060288,43366308,4194300,63744,113689,1789628,121614,0,0,0,0,0,0
2026-09-26T17:13:36.330136+00:00,64060288,43354984,4194300,63744,113689,1789628,121614,0,0,0,0,0,0
2026-09-26T17:13:37.331000+00:00,64060288,43363236,4194300,63744,113689,1789628,121614,0,0,0,0,0,0
2026-09-26T17:13:38.331899+00:00,64060288,43340212,4194300,63744,113689,1789628,121614,0,0,0,0,0,0
2026-09-26T17:13:39.333112+00:00,64060288,43344340,4194300,63744,113689,1789628,121614,0,0,0,0,0,0
2026-09-26T17:13:40.333969+00:00,64060288,43358872,4194300,63744,113689,1789628,121614,0,0,0,0,0,0
2026-09-26T17:13:41.334810+00:00,64060288,43360720,4194300,63744,113690,1789628,121615,0,0,0,0,0,0
2026-09-26T17:13:42.335650+00:00,64060288,43348840,4194300,63744,113690,1789628,121615,0,0,0,0,0,0
2026-09-26T17:13:43.336515+00:00,64060288,43349068,4194300,63744,113690,1789628,121615,0,0,0,0,0,0
2026-09-26T17:13:44.337383+00:00,64060288,43341140,4194300,63744,113690,1789628,121615,0,0,0,0,0,0
2026-09-26T17:13:45.338377+00:00,64060288,43329808,4194300,63744,113690,1789628,121615,0,0,0,0,0,0
2026-09-26T17:13:46.339220+00:00,64060288,43349160,4194300,63744,113690,1789628,121615,0,0,0,0,0,0
2026-09-26T17:13:47.340084+00:00,64060288,43366640,4194300,63744,113690,1789628,121615,0,0,0,0,0,0
2026-09-26T17:13:48.340903+00:00,64060288,43355428,4194300,63744,113690,1789628,121615,0,0,0,0,0,0
2026-09-26T17:13:49.341733+00:00,64060288,43611648,4194300,63744,113690,1789628,121615,0,0,0,0,0,0
2026-09-26T17:13:50.342559+00:00,64060288,43590836,4194300,63744,113690,1789628,121615,0,0,0,0,0,0
2026-09-26T17:13:51.343350+00:00,64060288,43580788,4194300,63744,113690,1789628,121615,0,0,0,0,0,0
2026-09-26T17:13:52.344199+00:00,64060288,43591156,4194300,63744,113690,1789628,121615,0,0,0,0,0,0
2026-09-26T17:13:53.345050+00:00,64060288,43590032,4194300,63744,113690,1789628,121615,0,0,0,0,0,0
2026-09-26T17:13:54.345899+00:00,64060288,43581312,4194300,63744,113690,1789628,121615,0,0,0,0,0,0
2026-09-26T17:13:55.346740+00:00,64060288,43579864,4194300,63744,113690,1789628,121615,0,0,0,0,0,0
2026-09-26T17:13:56.347554+00:00,64060288,43579784,4194300,63744,113690,1789628,121615,0,0,0,0,0,0
2026-09-26T17:13:57.348435+00:00,64060288,43600764,4194300,63744,113690,1789628,121615,0,0,0,0,0,0
2026-09-26T17:13:58.349267+00:00,64060288,43599036,4194300,63744,113690,1789628,121615,0,0,0,0,0,0
2026-09-26T17:13:59.350124+00:00,64060288,43571520,4194300,63744,113690,1789628,121615,0,0,0,0,0,0
2026-09-26T17:14:00.350973+00:00,64060288,43562768,4194300,63744,113690,1789628,121615,0,0,0,0,0,0
2026-09-26T17:14:01.351841+00:00,64060288,43574568,4194300,63744,113690,1789628,121615,0,0,0,0,0,0
2026-09-26T17:14:02.352620+00:00,64060288,43573608,4194300,63744,113690,1789628,121615,0,0,0,0,0,0
2026-09-26T17:14:03.353449+00:00,64060288,43582380,4194300,63744,113690,1789628,121615,0,0,0,0,0,0
2026-09-26T17:14:04.354274+00:00,64060288,43582904,4194300,63744,113690,1789628,121615,0,0,0,0,0,0
2026-09-26T17:14:05.355149+00:00,64060288,43584904,4194300,63744,113690,1789628,121615,0,0,0,0,0,0
2026-09-26T17:14:06.355970+00:00,64060288,43593036,4194300,63744,113690,1789628,121615,0,0,0,0,0,0
2026-09-26T17:14:07.356794+00:00,64060288,43588932,4194300,63744,113690,1789628,121615,0,0,0,0,0,0
2026-09-26T17:14:08.357569+00:00,64060288,43596644,4194300,63744,113690,1789628,121615,0,0,0,0,0,0
2026-09-26T17:14:09.358423+00:00,64060288,43605444,4194300,63744,113690,1789628,121615,0,0,0,0,0,0
2026-09-26T17:14:10.359252+00:00,64060288,43585708,4194300,63744,113690,1789628,121615,0,0,0,0,0,0
2026-09-26T17:14:11.360133+00:00,64060288,43590460,4194300,63744,113690,1789628,121615,0,0,0,0,0,0
2026-09-26T17:14:12.360976+00:00,64060288,43600372,4194300,63744,113690,1789628,121615,0,0,0,0,0,0
2026-09-26T17:14:13.361812+00:00,64060288,43604656,4194300,63744,113690,1789628,121615,0,0,0,0,0,0
2026-09-26T17:14:14.362687+00:00,64060288,43603756,4194300,63744,113690,1789628,121615,0,0,0,0,0,0
2026-09-26T17:14:15.363500+00:00,64060288,43577092,4194300,63744,113690,1789628,121615,0,0,0,0,0,0
2026-09-26T17:14:16.364336+00:00,64060288,43550396,4194300,63744,113690,1789628,121615,0,0,0,0,0,0
2026-09-26T17:14:17.365191+00:00,64060288,43569176,4194300,63744,113690,1789628,121615,0,0,0,0,0,0
2026-09-26T17:14:18.366040+00:00,64060288,43577252,4194300,63744,113690,1789628,121615,0,0,0,0,0,0
2026-09-26T17:14:19.366813+00:00,64060288,43579444,4194300,63744,113690,1789628,121615,0,0,0,0,0,0
2026-09-26T17:14:20.367654+00:00,64060288,43587264,4194300,63744,113690,1789628,121615,0,0,0,0,0,0
2026-09-26T17:14:21.368494+00:00,64060288,43585820,4194300,63744,113690,1789628,121615,0,0,0,0,0,0
2026-09-26T17:14:22.369340+00:00,64060288,43579124,4194300,63744,113690,1789628,121615,0,0,0,0,0,0
2026-09-26T17:14:23.370184+00:00,64060288,43564252,4194300,63744,113690,1789628,121615,0,0,0,0,0,0
2026-09-26T17:14:24.371039+00:00,64060288,43556168,4194300,63744,113690,1789628,121615,0,0,0,0,0,0
2026-09-26T17:14:25.371799+00:00,64060288,43568860,4194300,63744,113690,1789628,121615,0,0,0,0,0,0
2026-09-26T17:14:26.372645+00:00,64060288,43580668,4194300,63744,113690,1789628,121615,0,0,0,0,0,0
2026-09-26T17:14:27.373502+00:00,64060288,43579004,4194300,63744,113690,1789628,121615,0,0,0,0,0,0
2026-09-26T17:14:28.374360+00:00,64060288,43564324,4194300,63744,113690,1789628,121615,0,0,0,0,0,0
2026-09-26T17:14:29.375206+00:00,64060288,43569656,4194300,63744,113690,1789628,121615,0,0,0,0,0,0
2026-09-26T17:14:30.376065+00:00,64060288,43571652,4194300,63744,113690,1789628,121615,0,0,0,0,0,0
2026-09-26T17:14:31.376921+00:00,64060288,43586096,4194300,63744,113690,1789628,121615,0,0,0,0,0,0
2026-09-26T17:14:32.377751+00:00,64060288,43588188,4194300,63744,113690,1789628,121615,0,0,0,0,0,0
2026-09-26T17:14:33.378570+00:00,64060288,43578180,4194300,63744,113690,1789628,121615,0,0,0,0,0,0
2026-09-26T17:14:34.379429+00:00,64060288,43564972,4194300,63744,113690,1789628,121615,0,0,0,0,0,0
2026-09-26T17:14:35.380258+00:00,64060288,43560724,4194300,63744,113690,1789628,121615,0,0,0,0,0,0
2026-09-26T17:14:36.380994+00:00,64060288,43569796,4194300,63744,113690,1789628,121615,0,0,0,0,0,0
2026-09-26T17:14:37.381843+00:00,64060288,43566856,4194300,63744,113690,1789628,121615,0,0,0,0,0,0
2026-09-26T17:14:38.382709+00:00,64060288,43567852,4194300,63744,113690,1789628,121615,0,0,0,0,0,0
2026-09-26T17:14:39.383536+00:00,64060288,43575868,4194300,63744,113690,1789628,121615,0,0,0,0,0,0
2026-09-26T17:14:40.384357+00:00,64060288,43564344,4194300,63744,113690,1789628,121615,0,0,0,0,0,0
2026-09-26T17:14:41.385175+00:00,64060288,43560564,4194300,63744,113690,1789628,121615,0,0,0,0,0,0
2026-09-26T17:14:42.385938+00:00,64060288,43532960,4194300,63744,113690,1789628,121615,0,0,0,0,0,0
2026-09-26T17:14:43.386796+00:00,64060288,43552684,4194300,63744,113690,1789628,121615,0,0,0,0,0,0
2026-09-26T17:14:44.387625+00:00,64060288,43552936,4194300,63744,113690,1789628,121615,0,0,0,0,0,0
2026-09-26T17:14:45.388459+00:00,64060288,43558912,4194300,63744,113690,1789628,121615,0,0,0,0,0,0
2026-09-26T17:14:46.389314+00:00,64060288,43524832,4194300,63744,113690,1789628,121615,0,0,0,0,0,0
2026-09-26T17:14:47.390302+00:00,64060288,43546296,4194300,63744,113690,1789628,121615,0,0,0,0,0,0
2026-09-26T17:14:48.391094+00:00,64060288,43544952,4194300,63744,113690,1789628,121615,0,0,0,0,0,0
2026-09-26T17:14:49.391937+00:00,64060288,43527640,4194300,63744,113690,1789628,121615,0,0,0,0,0,0
2026-09-26T17:14:50.392784+00:00,64060288,43542996,4194300,63744,113690,1789628,121615,0,0,0,0,0,0
2026-09-26T17:14:51.393634+00:00,64060288,43556524,4194300,63744,113690,1789628,121615,0,0,0,0,0,0
2026-09-26T17:14:52.394469+00:00,64060288,43547404,4194300,63744,113690,1789628,121615,0,0,0,0,0,0
2026-09-26T17:14:53.395324+00:00,64060288,43545112,4194300,63744,113690,1789628,121615,0,0,0,0,0,0
2026-09-26T17:14:54.396134+00:00,64060288,43543488,4194300,63744,113690,1789628,121615,0,0,0,0,0,0
2026-09-26T17:14:55.396999+00:00,64060288,43545244,4194300,63744,113690,1789628,121615,0,0,0,0,0,0
2026-09-26T17:14:56.397829+00:00,64060288,43545936,4194300,63744,113690,1789628,121615,0,0,0,0,0,0
2026-09-26T17:14:57.398658+00:00,64060288,43546248,4194300,63744,113690,1789628,121615,0,0,0,0,0,0
2026-09-26T17:14:58.399487+00:00,64060288,43547048,4194300,63744,113690,1789628,121615,0,0,0,0,0,0
2026-09-26T17:14:59.400269+00:00,64060288,43546360,4194300,63744,113690,1789628,121615,0,0,0,0,0,0
2026-09-26T17:15:00.401090+00:00,64060288,43549564,4194300,63744,113690,1789628,121615,0,0,0,0,0,0
2026-09-26T17:15:01.401946+00:00,64060288,43552692,4194300,63744,113690,1789628,121615,0,0,0,0,0,0
2026-09-26T17:15:02.402789+00:00,64060288,43551412,4194300,63744,113690,1789628,121615,0,0,0,0,0,0
2026-09-26T17:15:03.403595+00:00,64060288,43552520,4194300,63744,113690,1789628,121615,0,0,0,0,0,0
2026-09-26T17:15:04.404411+00:00,64060288,43547212,4194300,63744,113690,1789628,121615,0,0,0,0,0,0
2026-09-26T17:15:05.405138+00:00,64060288,43542824,4194300,63744,113690,1789628,121615,0,0,0,0,0,0
2026-09-26T17:15:06.405997+00:00,64060288,43546024,4194300,63744,113690,1789628,121615,0,0,0,0,0,0
2026-09-26T17:15:07.406879+00:00,64060288,43527336,4194300,63744,113690,1789628,121615,0,0,0,0,0,0
2026-09-26T17:15:08.407731+00:00,64060288,43531608,4194300,63744,113690,1789628,121615,0,0,0,0,0,0
2026-09-26T17:15:09.408564+00:00,64060288,43531308,4194300,63744,113690,1789628,121615,0,0,0,0,0,0
2026-09-26T17:15:10.409384+00:00,64060288,43500476,4194300,63744,113690,1789628,121615,0,0,0,0,0,0
2026-09-26T17:15:11.410227+00:00,64060288,43484292,4194300,63744,113690,1789628,121615,0,0,0,0,0,0
2026-09-26T17:15:12.411080+00:00,64060288,43480152,4194300,63744,113690,1789628,121615,0,0,0,0,0,0
2026-09-26T17:15:13.411924+00:00,64060288,43492808,4194300,63744,113690,1789628,121615,0,0,0,0,0,0
2026-09-26T17:15:14.412759+00:00,64060288,43483984,4194300,63744,113690,1789628,121615,0,0,0,0,0,0
2026-09-26T17:15:15.413626+00:00,64060288,43509272,4194300,63744,113690,1789628,121615,0,0,0,0,0,0
2026-09-26T17:15:16.414369+00:00,64060288,43475084,4194300,63744,113690,1789628,121615,0,0,0,0,0,0
2026-09-26T17:15:17.415220+00:00,64060288,43455876,4194300,63744,113690,1789628,121615,0,0,0,0,0,0
2026-09-26T17:15:18.416061+00:00,64060288,43493520,4194300,63744,113690,1789628,121615,0,0,0,0,0,0
2026-09-26T17:15:19.416887+00:00,64060288,43485540,4194300,63744,113690,1789628,121615,0,0,0,0,0,0
2026-09-26T17:15:20.417738+00:00,64060288,43498596,4194300,63744,113690,1789628,121615,0,0,0,0,0,0
2026-09-26T17:15:21.418565+00:00,64060288,43499304,4194300,63744,113690,1789628,121615,0,0,0,0,0,0
2026-09-26T17:15:22.419323+00:00,64060288,43507636,4194300,63744,113690,1789628,121615,0,0,0,0,0,0
2026-09-26T17:15:23.420176+00:00,64060288,43503940,4194300,63744,113690,1789628,121615,0,0,0,0,0,0
2026-09-26T17:15:24.421030+00:00,64060288,43514612,4194300,63744,113690,1789628,121615,0,0,0,0,0,0
2026-09-26T17:15:25.421887+00:00,64060288,43516020,4194300,63744,113690,1789628,121615,0,0,0,0,0,0
2026-09-26T17:15:26.422724+00:00,64060288,43520204,4194300,63744,113690,1789628,121615,0,0,0,0,0,0
2026-09-26T17:15:27.423570+00:00,64060288,43515600,4194300,63744,113690,1789628,121615,0,0,0,0,0,0
2026-09-26T17:15:28.424428+00:00,64060288,43512780,4194300,63744,113690,1789628,121615,0,0,0,0,0,0
2026-09-26T17:15:29.425281+00:00,64060288,43512752,4194300,63744,113690,1789628,121615,0,0,0,0,0,0
2026-09-26T17:15:30.426109+00:00,64060288,43522440,4194300,63744,113690,1789628,121615,0,0,0,0,0,0
2026-09-26T17:15:31.426978+00:00,64060288,43519508,4194300,63744,113690,1789628,121615,0,0,0,0,0,0
2026-09-26T17:15:32.427843+00:00,64060288,43511668,4194300,63744,113690,1789628,121615,0,0,0,0,0,0
2026-09-26T17:15:33.428675+00:00,64060288,43523544,4194300,63744,113690,1789628,121615,0,0,0,0,0,0
2026-09-26T17:15:34.429520+00:00,64060288,43518516,4194300,63744,113690,1789628,121615,0,0,0,0,0,0
2026-09-26T17:15:35.430371+00:00,64060288,43514084,4194300,63744,113690,1789628,121615,0,0,0,0,0,0
2026-09-26T17:15:36.431224+00:00,64060288,43502828,4194300,63744,113690,1789628,121615,0,0,0,0,0,0
2026-09-26T17:15:37.432059+00:00,64060288,43486276,4194300,63744,113690,1789628,121615,0,0,0,0,0,0
2026-09-26T17:15:38.432897+00:00,64060288,43485320,4194300,63744,113690,1789628,121615,0,0,0,0,0,0
2026-09-26T17:15:39.433653+00:00,64060288,43483128,4194300,63744,113690,1789628,121615,0,0,0,0,0,0
2026-09-26T17:15:40.434514+00:00,64060288,43486452,4194300,63744,113690,1789628,121615,0,0,0,0,0,0
2026-09-26T17:15:41.435355+00:00,64060288,43504884,4194300,63744,113690,1789628,121615,0,0,0,0,0,0
2026-09-26T17:15:42.436194+00:00,64060288,43494596,4194300,63744,113691,1789628,121616,0,0,0,0,0,0
2026-09-26T17:15:43.437047+00:00,64060288,43493372,4194300,63744,113691,1789628,121616,0,0,0,0,0,0
2026-09-26T17:15:44.437908+00:00,64060288,43496444,4194300,63744,113691,1789628,121616,0,0,0,0,0,0
2026-09-26T17:15:45.438642+00:00,64060288,43498756,4194300,63744,113691,1789628,121616,0,0,0,0,0,0
2026-09-26T17:15:46.439477+00:00,64060288,43505960,4194300,63744,113691,1789628,121616,0,0,0,0,0,0
2026-09-26T17:15:47.440317+00:00,64060288,43482980,4194300,63744,113691,1789628,121616,0,0,0,0,0,0
2026-09-26T17:15:48.441149+00:00,64060288,43497504,4194300,63744,113691,1789628,121616,0,0,0,0,0,0
2026-09-26T17:15:49.441995+00:00,64060288,43490044,4194300,63744,113691,1789628,121616,0,0,0,0,0,0
2026-09-26T17:15:50.442840+00:00,64060288,43488496,4194300,63744,113691,1789628,121616,0,0,0,0,0,0
2026-09-26T17:15:51.443795+00:00,64060288,43489300,4194300,63744,113691,1789628,121616,0,0,0,0,0,0
2026-09-26T17:15:52.444625+00:00,64060288,43472532,4194300,63744,113691,1789628,121616,0,0,0,0,0,0
2026-09-26T17:15:53.445446+00:00,64060288,43463604,4194300,63744,113691,1789628,121616,0,0,0,0,0,0
2026-09-26T17:15:54.446349+00:00,64060288,43465736,4194300,63744,113691,1789628,121616,0,0,0,0,0,0
2026-09-26T17:15:55.447190+00:00,64060288,43474372,4194300,63744,113691,1789628,121616,0,0,0,0,0,0
2026-09-26T17:15:56.448045+00:00,64060288,43496756,4194300,63744,113691,1789628,121616,0,0,0,0,0,0
2026-09-26T17:15:57.448903+00:00,64060288,43504532,4194300,63744,113691,1789628,121616,0,0,0,0,0,0
2026-09-26T17:15:58.449742+00:00,64060288,43513320,4194300,63744,113691,1789628,121616,0,0,0,0,0,0
2026-09-26T17:15:59.450572+00:00,64060288,43509552,4194300,63744,113691,1789628,121616,0,0,0,0,0,0
2026-09-26T17:16:00.451406+00:00,64060288,43520644,4194300,63744,113691,1789628,121616,0,0,0,0,0,0
2026-09-26T17:16:01.452211+00:00,64060288,43507688,4194300,63744,113691,1789628,121616,0,0,0,0,0,0
2026-09-26T17:16:02.452960+00:00,64060288,43494512,4194300,63744,113691,1789628,121616,0,0,0,0,0,0
2026-09-26T17:16:03.453829+00:00,64060288,43494556,4194300,63744,113691,1789628,121616,0,0,0,0,0,0
2026-09-26T17:16:04.454659+00:00,64060288,43499212,4194300,63744,113691,1789628,121616,0,0,0,0,0,0
2026-09-26T17:16:05.455502+00:00,64060288,43502828,4194300,63744,113691,1789628,121616,0,0,0,0,0,0
2026-09-26T17:16:06.456344+00:00,64060288,43477108,4194300,63744,113691,1789628,121616,0,0,0,0,0,0
2026-09-26T17:16:07.457189+00:00,64060288,43494780,4194300,63744,113691,1789628,121616,0,0,0,0,0,0
2026-09-26T17:16:08.457943+00:00,64060288,43476508,4194300,63744,113691,1789628,121616,0,0,0,0,0,0
2026-09-26T17:16:09.458789+00:00,64060288,43475308,4194300,63744,113691,1789628,121616,0,0,0,0,0,0
2026-09-26T17:16:10.459618+00:00,64060288,43491856,4194300,63744,113691,1789628,121616,0,0,0,0,0,0
2026-09-26T17:16:11.460449+00:00,64060288,43485436,4194300,63744,113691,1789628,121616,0,0,0,0,0,0
2026-09-26T17:16:12.461301+00:00,64060288,43496256,4194300,63744,113691,1789628,121616,0,0,0,0,0,0
2026-09-26T17:16:13.462126+00:00,64060288,43491928,4194300,63744,113691,1789628,121616,0,0,0,0,0,0
2026-09-26T17:16:14.462907+00:00,64060288,43495904,4194300,63744,113691,1789628,121616,0,0,0,0,0,0
2026-09-26T17:16:15.464113+00:00,64060288,43490996,4194300,63744,113691,1789628,121616,0,0,0,0,0,0
2026-09-26T17:16:16.465241+00:00,64060288,43487960,4194300,63744,113691,1789628,121616,0,0,0,0,0,0
2026-09-26T17:16:17.466118+00:00,64060288,43497608,4194300,63744,113691,1789628,121616,0,0,0,0,0,0
2026-09-26T17:16:18.467011+00:00,64060288,43496668,4194300,63744,113691,1789628,121616,0,0,0,0,0,0
2026-09-26T17:16:19.467884+00:00,64060288,43491200,4194300,63744,113691,1789628,121616,0,0,0,0,0,0
2026-09-26T17:16:20.468723+00:00,64060288,43491788,4194300,63744,113691,1789628,121616,0,0,0,0,0,0
2026-09-26T17:16:21.469561+00:00,64060288,43481572,4194300,63744,113691,1789628,121616,0,0,0,0,0,0
2026-09-26T17:16:22.470409+00:00,64060288,43478696,4194300,63744,113691,1789628,121616,0,0,0,0,0,0
2026-09-26T17:16:23.471246+00:00,64060288,43468272,4194300,63744,113691,1789628,121616,0,0,0,0,0,0
2026-09-26T17:16:24.472121+00:00,64060288,43478568,4194300,63744,113691,1789628,121616,0,0,0,0,0,0
2026-09-26T17:16:25.472866+00:00,64060288,43482728,4194300,63744,113691,1789628,121616,0,0,0,0,0,0
2026-09-26T17:16:26.473685+00:00,64060288,43487256,4194300,63744,113691,1789628,121616,0,0,0,0,0,0
2026-09-26T17:16:27.474512+00:00,64060288,43492128,4194300,63744,113691,1789628,121616,0,0,0,0,0,0
2026-09-26T17:16:28.475344+00:00,64060288,43487388,4194300,63744,113691,1789628,121616,0,0,0,0,0,0
2026-09-26T17:16:29.476206+00:00,64060288,43486408,4194300,63744,113691,1789628,121616,0,0,0,0,0,0
2026-09-26T17:16:30.477073+00:00,64060288,43494208,4194300,63744,113691,1789628,121616,0,0,0,0,0,0
2026-09-26T17:16:31.477871+00:00,64060288,43499704,4194300,63744,113691,1789628,121616,0,0,0,0,0,0
2026-09-26T17:16:32.478712+00:00,64060288,43489456,4194300,63744,113691,1789628,121616,0,0,0,0,0,0
2026-09-26T17:16:33.479543+00:00,64060288,43484316,4194300,63744,113691,1789628,121616,0,0,0,0,0,0
2026-09-26T17:16:34.480424+00:00,64060288,43479284,4194300,63744,113691,1789628,121616,0,0,0,0,0,0
2026-09-26T17:16:35.481305+00:00,64060288,43472616,4194300,63744,113691,1789628,121616,0,0,0,0,0,0
2026-09-26T17:16:36.482183+00:00,64060288,43479792,4194300,63744,113691,1789628,121616,0,0,0,0,0,0
2026-09-26T17:16:37.482911+00:00,64060288,43478764,4194300,63744,113691,1789628,121616,0,0,0,0,0,0
2026-09-26T17:16:38.483772+00:00,64060288,43481496,4194300,63744,113691,1789628,121616,0,0,0,0,0,0
2026-09-26T17:16:39.484603+00:00,64060288,43490684,4194300,63744,113691,1789628,121616,0,0,0,0,0,0
2026-09-26T17:16:40.485443+00:00,64060288,43483172,4194300,63744,113691,1789628,121616,0,0,0,0,0,0
2026-09-26T17:16:41.486268+00:00,64060288,43484696,4194300,63744,113691,1789628,121616,0,0,0,0,0,0
2026-09-26T17:16:42.487130+00:00,64060288,43492452,4194300,63744,113691,1789628,121616,0,0,0,0,0,0
2026-09-26T17:16:43.487936+00:00,64060288,43470048,4194300,63744,113691,1789628,121616,0,0,0,0,0,0
2026-09-26T17:16:44.488794+00:00,64060288,43486140,4194300,63744,113691,1789628,121616,0,0,0,0,0,0
2026-09-26T17:16:45.489647+00:00,64060288,43473696,4194300,63744,113691,1789628,121616,0,0,0,0,0,0
2026-09-26T17:16:46.490488+00:00,64060288,43463836,4194300,63744,113691,1789628,121616,0,0,0,0,0,0
2026-09-26T17:16:47.491345+00:00,64060288,43462748,4194300,63744,113691,1789628,121616,0,0,0,0,0,0
2026-09-26T17:16:48.492231+00:00,64060288,43449356,4194300,63744,113691,1789628,121616,0,0,0,0,0,0
2026-09-26T17:16:49.493100+00:00,64060288,43461112,4194300,63744,113691,1789628,121616,0,0,0,0,0,0
2026-09-26T17:16:50.494010+00:00,64060288,43466336,4194300,63744,113691,1789628,121616,0,0,0,0,0,0
2026-09-26T17:16:51.494885+00:00,64060288,43473972,4194300,63744,113691,1789628,121616,0,0,0,0,0,0
2026-09-26T17:16:52.495766+00:00,64060288,43464444,4194300,63744,113691,1789628,121616,0,0,0,0,0,0
2026-09-26T17:16:53.496639+00:00,64060288,43455640,4194300,63744,113691,1789628,121616,0,0,0,0,0,0
2026-09-26T17:16:54.497497+00:00,64060288,43459964,4194300,63744,113691,1789628,121616,0,0,0,0,0,0
2026-09-26T17:16:55.498350+00:00,64060288,43460260,4194300,63744,113691,1789628,121616,0,0,0,0,0,0
2026-09-26T17:16:56.499204+00:00,64060288,43463744,4194300,63744,113691,1789628,121616,0,0,0,0,0,0
2026-09-26T17:16:57.500072+00:00,64060288,43456664,4194300,63744,113691,1789628,121616,0,0,0,0,0,0
2026-09-26T17:16:58.500975+00:00,64060288,43468208,4194300,63744,113691,1789628,121616,0,0,0,0,0,0
2026-09-26T17:16:59.501833+00:00,64060288,43461884,4194300,63744,113691,1789628,121616,0,0,0,0,0,0
2026-09-26T17:17:00.502568+00:00,64060288,43471940,4194300,63744,113691,1789628,121616,0,0,0,0,0,0
2026-09-26T17:17:01.503424+00:00,64060288,43459672,4194300,63744,113691,1789628,121616,0,0,0,0,0,0
2026-09-26T17:17:02.504286+00:00,64060288,43428588,4194300,63744,113691,1789628,121616,0,0,0,0,0,0
2026-09-26T17:17:03.505151+00:00,64060288,43411512,4194300,63744,113691,1789628,121616,0,0,0,0,0,0
2026-09-26T17:17:04.506036+00:00,64060288,43396304,4194300,63744,113691,1789628,121616,0,0,0,0,0,0
2026-09-26T17:17:05.506900+00:00,64060288,43379608,4194300,63744,113691,1789628,121616,0,0,0,0,0,0
2026-09-26T17:17:06.507565+00:00,64060288,43382288,4194300,63744,113691,1789628,121616,0,0,0,0,0,0
2026-09-26T17:17:07.508435+00:00,64060288,43398936,4194300,63744,113691,1789628,121616,0,0,0,0,0,0
2026-09-26T17:17:08.509295+00:00,64060288,43401352,4194300,63744,113691,1789628,121616,0,0,0,0,0,0
2026-09-26T17:17:09.510166+00:00,64060288,43424568,4194300,63744,113691,1789628,121616,0,0,0,0,0,0
2026-09-26T17:17:10.511050+00:00,64060288,43424036,4194300,63744,113691,1789628,121616,0,0,0,0,0,0
2026-09-26T17:17:11.511913+00:00,64060288,43427400,4194300,63744,113691,1789628,121616,0,0,0,0,0,0
2026-09-26T17:17:12.512679+00:00,64060288,43443332,4194300,63744,113691,1789628,121616,0,0,0,0,0,0
2026-09-26T17:17:13.513510+00:00,64060288,43444972,4194300,63744,113691,1789628,121616,0,0,0,0,0,0
2026-09-26T17:17:14.514353+00:00,64060288,43441480,4194300,63744,113691,1789628,121616,0,0,0,0,0,0
2026-09-26T17:17:15.515224+00:00,64060288,43436116,4194300,63744,113691,1789628,121616,0,0,0,0,0,0
2026-09-26T17:17:16.516078+00:00,64060288,43425472,4194300,63744,113691,1789628,121616,0,0,0,0,0,0
2026-09-26T17:17:17.516935+00:00,64060288,43422468,4194300,63744,113691,1789628,121616,0,0,0,0,0,0
2026-09-26T17:17:18.517649+00:00,64060288,43425088,4194300,63744,113691,1789628,121616,0,0,0,0,0,0
2026-09-26T17:17:19.518491+00:00,64060288,43440040,4194300,63744,113691,1789628,121616,0,0,0,0,0,0
2026-09-26T17:17:20.519342+00:00,64060288,43439696,4194300,63744,113691,1789628,121616,0,0,0,0,0,0
2026-09-26T17:17:21.520210+00:00,64060288,43445480,4194300,63744,113691,1789628,121617,0,0,0,0,0,0
2026-09-26T17:17:22.521077+00:00,64060288,43438444,4194300,63744,113691,1789628,121617,0,0,0,0,0,0
2026-09-26T17:17:23.521951+00:00,64060288,43423524,4194300,63744,113691,1789628,121617,0,0,0,0,0,0
2026-09-26T17:17:24.522829+00:00,64060288,43413208,4194300,63744,113691,1789628,121617,0,0,0,0,0,0
2026-09-26T17:17:25.523677+00:00,64060288,43423016,4194300,63744,113691,1789628,121617,0,0,0,0,0,0
2026-09-26T17:17:26.524519+00:00,64060288,43437208,4194300,63744,113691,1789628,121617,0,0,0,0,0,0
2026-09-26T17:17:27.525400+00:00,64060288,43440124,4194300,63744,113691,1789628,121617,0,0,0,0,0,0
2026-09-26T17:17:28.526263+00:00,64060288,43442496,4194300,63744,113691,1789628,121617,0,0,0,0,0,0
2026-09-26T17:17:29.527141+00:00,64060288,43419404,4194300,63744,113691,1789628,121617,0,0,0,0,0,0
2026-09-26T17:17:30.528008+00:00,64060288,43436128,4194300,63744,113691,1789628,121617,0,0,0,0,0,0
2026-09-26T17:17:31.528866+00:00,64060288,43435596,4194300,63744,113691,1789628,121617,0,0,0,0,0,0
2026-09-26T17:17:32.529734+00:00,64060288,43430172,4194300,63744,113691,1789628,121617,0,0,0,0,0,0
2026-09-26T17:17:33.530573+00:00,64060288,43421180,4194300,63744,113691,1789628,121617,0,0,0,0,0,0
2026-09-26T17:17:34.531414+00:00,64060288,43418980,4194300,63744,113691,1789628,121617,0,0,0,0,0,0
2026-09-26T17:17:35.532179+00:00,64060288,43417932,4194300,63744,113691,1789628,121617,0,0,0,0,0,0
2026-09-26T17:17:36.533051+00:00,64060288,43442216,4194300,63744,113691,1789628,121617,0,0,0,0,0,0
2026-09-26T17:17:37.533902+00:00,64060288,43424200,4194300,63744,113691,1789628,121619,0,0,0,0,0,0
2026-09-26T17:17:38.534747+00:00,64060288,43435016,4194300,63744,113691,1789628,121619,0,0,0,0,0,0
2026-09-26T17:17:39.535601+00:00,64060288,43418168,4194300,63744,113691,1789628,121619,0,0,0,0,0,0
2026-09-26T17:17:40.536423+00:00,64060288,43411556,4194300,63744,113692,1789628,121620,0,0,0,0,0,0
2026-09-26T17:17:41.537148+00:00,64060288,43403076,4194300,63744,113692,1789628,121620,0,0,0,0,0,0
2026-09-26T17:17:42.538012+00:00,64060288,43421060,4194300,63744,113692,1789628,121620,0,0,0,0,0,0
2026-09-26T17:17:43.538884+00:00,64060288,43418252,4194300,63744,113692,1789628,121620,0,0,0,0,0,0
2026-09-26T17:17:44.539717+00:00,64060288,43422560,4194300,63744,113692,1789628,121620,0,0,0,0,0,0
2026-09-26T17:17:45.540605+00:00,64060288,43368508,4194300,63744,113693,1789628,121621,0,0,0,0,0,0
2026-09-26T17:17:46.541441+00:00,64060288,43339540,4194300,63744,113693,1789628,121621,0,0,0,0,0,0
2026-09-26T17:17:47.542197+00:00,64060288,43337600,4194300,63744,113694,1789628,121622,0,0,0,0,0,0
2026-09-26T17:17:48.543082+00:00,64060288,43378520,4194300,63744,113694,1789628,121622,0,0,0,0,0,0
2026-09-26T17:17:49.543951+00:00,64060288,43369708,4194300,63744,113694,1789628,121622,0,0,0,0,0,0
2026-09-26T17:17:50.544795+00:00,64060288,43377672,4194300,63744,113694,1789628,121622,0,0,0,0,0,0
2026-09-26T17:17:51.545639+00:00,64060288,43377220,4194300,63744,113694,1789628,121622,0,0,0,0,0,0
2026-09-26T17:17:52.546476+00:00,64060288,43375576,4194300,63744,113694,1789628,121622,0,0,0,0,0,0
2026-09-26T17:17:53.547238+00:00,64060288,43400204,4194300,63744,113694,1789628,121622,0,0,0,0,0,0
2026-09-26T17:17:54.548083+00:00,64060288,43403644,4194300,63744,113694,1789628,121622,0,0,0,0,0,0
2026-09-26T17:17:55.548906+00:00,64060288,43449104,4194300,63744,113694,1789628,121622,0,0,0,0,0,0
2026-09-26T17:17:56.549735+00:00,64060288,43444732,4194300,63744,113694,1789628,121622,0,0,0,0,0,0
2026-09-26T17:17:57.550593+00:00,64060288,43441488,4194300,63744,113694,1789628,121622,0,0,0,0,0,0
2026-09-26T17:17:58.551433+00:00,64060288,43406948,4194300,63744,113694,1789628,121622,0,0,0,0,0,0
2026-09-26T17:17:59.552189+00:00,64060288,43406552,4194300,63744,113694,1789628,121622,0,0,0,0,0,0
2026-09-26T17:18:00.553005+00:00,64060288,43395836,4194300,63744,113694,1789628,121622,0,0,0,0,0,0
2026-09-26T17:18:01.553854+00:00,64060288,43407816,4194300,63744,113694,1789628,121622,0,0,0,0,0,0
2026-09-26T17:18:02.554689+00:00,64060288,43414356,4194300,63744,113694,1789628,121622,0,0,0,0,0,0
2026-09-26T17:18:03.555505+00:00,64060288,43415716,4194300,63744,113694,1789628,121622,0,0,0,0,0,0
2026-09-26T17:18:04.556340+00:00,64060288,43434168,4194300,63744,113694,1789628,121622,0,0,0,0,0,0
2026-09-26T17:18:05.557194+00:00,64060288,43418984,4194300,63744,113694,1789628,121622,0,0,0,0,0,0
2026-09-26T17:18:06.558040+00:00,64060288,43442428,4194300,63744,113694,1789628,121622,0,0,0,0,0,0
2026-09-26T17:18:07.558907+00:00,64060288,43439556,4194300,63744,113694,1789628,121622,0,0,0,0,0,0
2026-09-26T17:18:08.559737+00:00,64060288,43435244,4194300,63744,113694,1789628,121622,0,0,0,0,0,0
2026-09-26T17:18:09.560566+00:00,64060288,43437100,4194300,63744,113694,1789628,121622,0,0,0,0,0,0
2026-09-26T17:18:10.561431+00:00,64060288,43443616,4194300,63744,113694,1789628,121622,0,0,0,0,0,0
2026-09-26T17:18:11.562265+00:00,64060288,43394884,4194300,63744,113694,1789628,121622,0,0,0,0,0,0
2026-09-26T17:18:12.563113+00:00,64060288,43392536,4194300,63744,113694,1789628,121622,0,0,0,0,0,0
2026-09-26T17:18:13.563982+00:00,64060288,43381944,4194300,63744,113694,1789628,121622,0,0,0,0,0,0
2026-09-26T17:18:14.564845+00:00,64060288,43355016,4194300,63744,113694,1789628,121622,0,0,0,0,0,0
2026-09-26T17:18:15.565685+00:00,64060288,43406212,4194300,63744,113694,1789628,121622,0,0,0,0,0,0
2026-09-26T17:18:16.566455+00:00,64060288,43377772,4194300,63744,113695,1789628,121623,0,0,0,0,0,0
2026-09-26T17:18:17.567323+00:00,64060288,43380568,4194300,63744,113695,1789628,121623,0,0,0,0,0,0
2026-09-26T17:18:18.568187+00:00,64060288,43392128,4194300,63744,113695,1789628,121623,0,0,0,0,0,0
2026-09-26T17:18:19.569048+00:00,64060288,43436520,4194300,63744,113695,1789628,121623,0,0,0,0,0,0
2026-09-26T17:18:20.569934+00:00,64060288,43427336,4194300,63744,113695,1789628,121623,0,0,0,0,0,0
2026-09-26T17:18:21.570793+00:00,64060288,43437824,4194300,63744,113695,1789628,121623,0,0,0,0,0,0
2026-09-26T17:18:22.571526+00:00,64060288,43414560,4194300,63744,113695,1789628,121623,0,0,0,0,0,0
2026-09-26T17:18:23.572417+00:00,64060288,43422600,4194300,63744,113695,1789628,121623,0,0,0,0,0,0
2026-09-26T17:18:24.573267+00:00,64060288,43438920,4194300,63744,113695,1789628,121623,0,0,0,0,0,0
2026-09-26T17:18:25.574135+00:00,64060288,43415312,4194300,63744,113695,1789628,121623,0,0,0,0,0,0
2026-09-26T17:18:26.575005+00:00,64060288,43443200,4194300,63744,113695,1789628,121623,0,0,0,0,0,0
2026-09-26T17:18:27.575866+00:00,64060288,43438196,4194300,63744,113695,1789628,121623,0,0,0,0,0,0
2026-09-26T17:18:28.576637+00:00,64060288,43428452,4194300,63744,113695,1789628,121623,0,0,0,0,0,0
2026-09-26T17:18:29.577465+00:00,64060288,43434988,4194300,63744,113695,1789628,121623,0,0,0,0,0,0
2026-09-26T17:18:30.578308+00:00,64060288,43439948,4194300,63744,113695,1789628,121623,0,0,0,0,0,0
2026-09-26T17:18:31.579168+00:00,64060288,43431484,4194300,63744,113695,1789628,121623,0,0,0,0,0,0
2026-09-26T17:18:32.580012+00:00,64060288,43438680,4194300,63744,113695,1789628,121623,0,0,0,0,0,0
2026-09-26T17:18:33.580874+00:00,64060288,43418400,4194300,63744,113695,1789628,121623,0,0,0,0,0,0
2026-09-26T17:18:34.581806+00:00,64060288,43398764,4194300,63744,113695,1789628,121623,0,0,0,0,0,0
2026-09-26T17:18:35.582650+00:00,64060288,43398924,4194300,63744,113695,1789628,121623,0,0,0,0,0,0
2026-09-26T17:18:36.583503+00:00,64060288,43421108,4194300,63744,113695,1789628,121623,0,0,0,0,0,0
2026-09-26T17:18:37.584337+00:00,64060288,43416224,4194300,63744,113695,1789628,121623,0,0,0,0,0,0
2026-09-26T17:18:38.585196+00:00,64060288,43409520,4194300,63744,113695,1789628,121623,0,0,0,0,0,0
2026-09-26T17:18:39.586033+00:00,64060288,43385072,4194300,63744,113695,1789628,121623,0,0,0,0,0,0
2026-09-26T17:18:40.586800+00:00,64060288,43388956,4194300,63744,113695,1789628,121623,0,0,0,0,0,0
2026-09-26T17:18:41.587629+00:00,64060288,43402948,4194300,63744,113695,1789628,121623,0,0,0,0,0,0
2026-09-26T17:18:42.588544+00:00,64060288,43394440,4194300,63744,113695,1789628,121623,0,0,0,0,0,0
2026-09-26T17:18:43.589384+00:00,64060288,43367460,4194300,63744,113695,1789628,121623,0,0,0,0,0,0
2026-09-26T17:18:44.590239+00:00,64060288,43405396,4194300,63744,113695,1789628,121623,0,0,0,0,0,0
2026-09-26T17:18:45.591102+00:00,64060288,43434084,4194300,63744,113695,1789628,121623,0,0,0,0,0,0
2026-09-26T17:18:46.591860+00:00,64060288,43425444,4194300,63744,113695,1789628,121623,0,0,0,0,0,0
2026-09-26T17:18:47.592722+00:00,64060288,43436900,4194300,63744,113695,1789628,121623,0,0,0,0,0,0
2026-09-26T17:18:48.593568+00:00,64060288,43437752,4194300,63744,113695,1789628,121623,0,0,0,0,0,0
2026-09-26T17:18:49.594421+00:00,64060288,43425992,4194300,63744,113695,1789628,121623,0,0,0,0,0,0
2026-09-26T17:18:50.595286+00:00,64060288,43428968,4194300,63744,113695,1789628,121623,0,0,0,0,0,0
2026-09-26T17:18:51.596160+00:00,64060288,43425916,4194300,63744,113695,1789628,121623,0,0,0,0,0,0
2026-09-26T17:18:52.597025+00:00,64060288,43420516,4194300,63744,113695,1789628,121623,0,0,0,0,0,0
2026-09-26T17:18:53.597868+00:00,64060288,43386852,4194300,63744,113695,1789628,121623,0,0,0,0,0,0
2026-09-26T17:18:54.598636+00:00,64060288,43394588,4194300,63744,113695,1789628,121623,0,0,0,0,0,0
2026-09-26T17:18:55.599434+00:00,64060288,43405812,4194300,63744,113695,1789628,121623,0,0,0,0,0,0
2026-09-26T17:18:56.600271+00:00,64060288,43415672,4194300,63744,113695,1789628,121623,0,0,0,0,0,0
2026-09-26T17:18:57.601117+00:00,64060288,43417260,4194300,63744,113695,1789628,121623,0,0,0,0,0,0
2026-09-26T17:18:58.601969+00:00,64060288,43404576,4194300,63744,113695,1789628,121623,0,0,0,0,0,0
2026-09-26T17:18:59.602804+00:00,64060288,43388604,4194300,63744,113695,1789628,121623,0,0,0,0,0,0
2026-09-26T17:19:00.603654+00:00,64060288,43382164,4194300,63744,113695,1789628,121623,0,0,0,0,0,0
2026-09-26T17:19:01.604483+00:00,64060288,43405580,4194300,63744,113695,1789628,121623,0,0,0,0,0,0
2026-09-26T17:19:02.605310+00:00,64060288,43412288,4194300,63744,113695,1789628,121623,0,0,0,0,0,0
2026-09-26T17:19:03.606159+00:00,64060288,43421000,4194300,63744,113695,1789628,121623,0,0,0,0,0,0
2026-09-26T17:19:04.607039+00:00,64060288,43409832,4194300,63744,113695,1789628,121623,0,0,0,0,0,0
2026-09-26T17:19:05.607875+00:00,64060288,43411536,4194300,63744,113695,1789628,121623,0,0,0,0,0,0
2026-09-26T17:19:06.608797+00:00,64060288,43409264,4194300,63744,113695,1789628,121623,0,0,0,0,0,0
2026-09-26T17:19:07.609647+00:00,64060288,43420640,4194300,63744,113695,1789628,121623,0,0,0,0,0,0
2026-09-26T17:19:08.610485+00:00,64060288,43375884,4194300,63744,113695,1789628,121623,0,0,0,0,0,0
2026-09-26T17:19:09.611247+00:00,64060288,43382988,4194300,63744,113695,1789628,121623,0,0,0,0,0,0
2026-09-26T17:19:10.612101+00:00,64060288,43405888,4194300,63744,113695,1789628,121623,0,0,0,0,0,0
2026-09-26T17:19:11.612964+00:00,64060288,43391612,4194300,63744,113695,1789628,121623,0,0,0,0,0,0
2026-09-26T17:19:12.613821+00:00,64060288,43396240,4194300,63744,113695,1789628,121623,0,0,0,0,0,0
2026-09-26T17:19:13.614640+00:00,64060288,43394396,4194300,63744,113695,1789628,121623,0,0,0,0,0,0
2026-09-26T17:19:14.615491+00:00,64060288,43386676,4194300,63744,113695,1789628,121623,0,0,0,0,0,0
2026-09-26T17:19:15.616400+00:00,64060288,43386648,4194300,63744,113695,1789628,121623,0,0,0,0,0,0
2026-09-26T17:19:16.617252+00:00,64060288,43388192,4194300,63744,113695,1789628,121623,0,0,0,0,0,0
2026-09-26T17:19:17.618089+00:00,64060288,43394652,4194300,63744,113695,1789628,121623,0,0,0,0,0,0
2026-09-26T17:19:18.618945+00:00,64060288,43399624,4194300,63744,113695,1789628,121623,0,0,0,0,0,0
2026-09-26T17:19:19.619802+00:00,64060288,43399840,4194300,63744,113695,1789628,121623,0,0,0,0,0,0
2026-09-26T17:19:20.620625+00:00,64060288,43400188,4194300,63744,113695,1789628,121623,0,0,0,0,0,0
2026-09-26T17:19:21.621282+00:00,64060288,43394104,4194300,63744,113695,1789628,121623,0,0,0,0,0,0
2026-09-26T17:19:22.622133+00:00,64060288,43376264,4194300,63744,113695,1789628,121623,0,0,0,0,0,0
2026-09-26T17:19:23.622998+00:00,64060288,43388028,4194300,63744,113695,1789628,121623,0,0,0,0,0,0
2026-09-26T17:19:24.623897+00:00,64060288,43363040,4194300,63744,113695,1789628,121623,0,0,0,0,0,0
2026-09-26T17:19:25.624753+00:00,64060288,43385212,4194300,63744,113695,1789628,121623,0,0,0,0,0,0
2026-09-26T17:19:26.625572+00:00,64060288,43392636,4194300,63744,113695,1789628,121623,0,0,0,0,0,0
2026-09-26T17:19:27.626288+00:00,64060288,43394416,4194300,63744,113695,1789628,121623,0,0,0,0,0,0
2026-09-26T17:19:28.627161+00:00,64060288,43394416,4194300,63744,113695,1789628,121623,0,0,0,0,0,0
2026-09-26T17:19:29.628018+00:00,64060288,43384224,4194300,63744,113695,1789628,121623,0,0,0,0,0,0
2026-09-26T17:19:30.628889+00:00,64060288,43389044,4194300,63744,113695,1789628,121623,0,0,0,0,0,0
2026-09-26T17:19:31.629742+00:00,64060288,43390864,4194300,63744,113695,1789628,121623,0,0,0,0,0,0
2026-09-26T17:19:32.630588+00:00,64060288,43395056,4194300,63744,113695,1789628,121623,0,0,0,0,0,0
2026-09-26T17:19:33.631368+00:00,64060288,43394396,4194300,63744,113695,1789628,121623,0,0,0,0,0,0
2026-09-26T17:19:34.632207+00:00,64060288,43367064,4194300,63744,113695,1789628,121623,0,0,0,0,0,0
2026-09-26T17:19:35.633082+00:00,64060288,43402532,4194300,63744,113696,1789628,121624,0,0,0,0,0,0
2026-09-26T17:19:36.633922+00:00,64060288,43404588,4194300,63744,113696,1789628,121624,0,0,0,0,0,0
2026-09-26T17:19:37.634763+00:00,64060288,43409836,4194300,63744,113696,1789628,121624,0,0,0,0,0,0
2026-09-26T17:19:38.635603+00:00,64060288,43406140,4194300,63744,113696,1789628,121624,0,0,0,0,0,0
2026-09-26T17:19:39.636357+00:00,64060288,43409304,4194300,63744,113696,1789628,121624,0,0,0,0,0,0
2026-09-26T17:19:40.637245+00:00,64060288,43374848,4194300,63744,113696,1789628,121624,0,0,0,0,0,0
2026-09-26T17:19:41.638098+00:00,64060288,43378128,4194300,63744,113696,1789628,121624,0,0,0,0,0,0
2026-09-26T17:19:42.638953+00:00,64060288,43383484,4194300,63744,113696,1789628,121624,0,0,0,0,0,0
2026-09-26T17:19:43.639957+00:00,64060288,43395356,4194300,63744,113696,1789628,121624,0,0,0,0,0,0
2026-09-26T17:19:44.640809+00:00,64060288,43377228,4194300,63744,113696,1789628,121624,0,0,0,0,0,0
2026-09-26T17:19:45.641507+00:00,64060288,43393324,4194300,63744,113696,1789628,121625,0,0,0,0,0,0
2026-09-26T17:19:46.642349+00:00,64060288,43394916,4194300,63744,113696,1789628,121625,0,0,0,0,0,0
2026-09-26T17:19:47.643201+00:00,64060288,43389340,4194300,63744,113696,1789628,121625,0,0,0,0,0,0
2026-09-26T17:19:48.644034+00:00,64060288,43388296,4194300,63744,113696,1789628,121625,0,0,0,0,0,0
2026-09-26T17:19:49.644902+00:00,64060288,43398904,4194300,63744,113696,1789628,121625,0,0,0,0,0,0
2026-09-26T17:19:50.645752+00:00,64060288,43387464,4194300,63744,113696,1789628,121625,0,0,0,0,0,0
2026-09-26T17:19:51.646508+00:00,64060288,43395724,4194300,63744,113696,1789628,121625,0,0,0,0,0,0
2026-09-26T17:19:52.647359+00:00,64060288,43391040,4194300,63744,113696,1789628,121625,0,0,0,0,0,0
2026-09-26T17:19:53.648198+00:00,64060288,43410216,4194300,63744,113696,1789628,121625,0,0,0,0,0,0
2026-09-26T17:19:54.649024+00:00,64060288,43417928,4194300,63744,113696,1789628,121625,0,0,0,0,0,0
2026-09-26T17:19:55.649859+00:00,64060288,43415044,4194300,63744,113696,1789628,121625,0,0,0,0,0,0
2026-09-26T17:19:56.650708+00:00,64060288,43390148,4194300,63744,113696,1789628,121625,0,0,0,0,0,0
2026-09-26T17:19:57.651540+00:00,64060288,43396092,4194300,63744,113696,1789628,121625,0,0,0,0,0,0
2026-09-26T17:19:58.652388+00:00,64060288,43417004,4194300,63744,113696,1789628,121625,0,0,0,0,0,0
2026-09-26T17:19:59.653213+00:00,64060288,43416500,4194300,63744,113696,1789628,121625,0,0,0,0,0,0
2026-09-26T17:20:00.654142+00:00,64060288,43380348,4194300,63744,113696,1789628,121625,0,0,0,0,0,0
2026-09-26T17:20:01.655039+00:00,64060288,43347040,4194300,63744,113696,1789628,121625,0,0,0,0,0,0
2026-09-26T17:20:02.655880+00:00,64060288,43381280,4194300,63744,113696,1789628,121625,0,0,0,0,0,0
2026-09-26T17:20:03.656721+00:00,64060288,43360648,4194300,63744,113696,1789628,121625,0,0,0,0,0,0
2026-09-26T17:20:04.657555+00:00,64060288,43366864,4194300,63744,113696,1789628,121625,0,0,0,0,0,0
2026-09-26T17:20:05.658420+00:00,64060288,43390208,4194300,63744,113696,1789628,121625,0,0,0,0,0,0
2026-09-26T17:20:06.659258+00:00,64060288,43378384,4194300,63744,113696,1789628,121625,0,0,0,0,0,0
2026-09-26T17:20:07.660146+00:00,64060288,43375072,4194300,63744,113696,1789628,121625,0,0,0,0,0,0
2026-09-26T17:20:08.660989+00:00,64060288,43369552,4194300,63744,113696,1789628,121625,0,0,0,0,0,0
2026-09-26T17:20:09.661876+00:00,64060288,43390796,4194300,63744,113696,1789628,121625,0,0,0,0,0,0
2026-09-26T17:20:10.662743+00:00,64060288,43383800,4194300,63744,113696,1789628,121625,0,0,0,0,0,0
2026-09-26T17:20:11.663604+00:00,64060288,43373684,4194300,63744,113696,1789628,121625,0,0,0,0,0,0
2026-09-26T17:20:12.664459+00:00,64060288,43355828,4194300,63744,113696,1789628,121625,0,0,0,0,0,0
2026-09-26T17:20:13.665356+00:00,64060288,43342596,4194300,63744,113696,1789628,121625,0,0,0,0,0,0
2026-09-26T17:20:14.666210+00:00,64060288,43353300,4194300,63744,113696,1789628,121625,0,0,0,0,0,0
2026-09-26T17:20:15.667079+00:00,64060288,43398596,4194300,63744,113696,1789628,121625,0,0,0,0,0,0
2026-09-26T17:20:16.667936+00:00,64060288,43397944,4194300,63744,113696,1789628,121625,0,0,0,0,0,0
2026-09-26T17:20:17.668815+00:00,64060288,43402768,4194300,63744,113696,1789628,121625,0,0,0,0,0,0
2026-09-26T17:20:18.669671+00:00,64060288,43397340,4194300,63744,113696,1789628,121625,0,0,0,0,0,0
2026-09-26T17:20:19.670520+00:00,64060288,43416116,4194300,63744,113696,1789628,121625,0,0,0,0,0,0
2026-09-26T17:20:20.671374+00:00,64060288,43417172,4194300,63744,113696,1789628,121625,0,0,0,0,0,0
2026-09-26T17:20:21.672239+00:00,64060288,43432580,4194300,63744,113696,1789628,121625,0,0,0,0,0,0
2026-09-26T17:20:22.673104+00:00,64060288,43419120,4194300,63744,113696,1789628,121625,0,0,0,0,0,0
2026-09-26T17:20:23.673982+00:00,64060288,43425432,4194300,63744,113696,1789628,121625,0,0,0,0,0,0
2026-09-26T17:20:24.674849+00:00,64060288,43406128,4194300,63744,113696,1789628,121625,0,0,0,0,0,0
2026-09-26T17:20:25.675689+00:00,64060288,43420592,4194300,63744,113696,1789628,121625,0,0,0,0,0,0
2026-09-26T17:20:26.676487+00:00,64060288,43418896,4194300,63744,113696,1789628,121625,0,0,0,0,0,0
2026-09-26T17:20:27.677344+00:00,64060288,43424344,4194300,63744,113696,1789628,121625,0,0,0,0,0,0
2026-09-26T17:20:28.678215+00:00,64060288,43436152,4194300,63744,113696,1789628,121625,0,0,0,0,0,0
2026-09-26T17:20:29.679076+00:00,64060288,43421900,4194300,63744,113696,1789628,121625,0,0,0,0,0,0
2026-09-26T17:20:30.679944+00:00,64060288,43418784,4194300,63744,113696,1789628,121625,0,0,0,0,0,0
2026-09-26T17:20:31.680795+00:00,64060288,43422720,4194300,63744,113696,1789628,121625,0,0,0,0,0,0
2026-09-26T17:20:32.681643+00:00,64060288,43391272,4194300,63744,113696,1789628,121625,0,0,0,0,0,0
2026-09-26T17:20:33.682504+00:00,64060288,43390856,4194300,63744,113696,1789628,121625,0,0,0,0,0,0
2026-09-26T17:20:34.683338+00:00,64060288,43401980,4194300,63744,113696,1789628,121625,0,0,0,0,0,0
2026-09-26T17:20:35.684201+00:00,64060288,43423672,4194300,63744,113696,1789628,121625,0,0,0,0,0,0
2026-09-26T17:20:36.685032+00:00,64060288,43412568,4194300,63744,113696,1789628,121625,0,0,0,0,0,0
2026-09-26T17:20:37.685863+00:00,64060288,43426780,4194300,63744,113696,1789628,121625,0,0,0,0,0,0
2026-09-26T17:20:38.686691+00:00,64060288,43426840,4194300,63744,113696,1789628,121625,0,0,0,0,0,0
2026-09-26T17:20:39.687537+00:00,64060288,43422820,4194300,63744,113696,1789628,121625,0,0,0,0,0,0
2026-09-26T17:20:40.688386+00:00,64060288,43427860,4194300,63744,113696,1789628,121625,0,0,0,0,0,0
2026-09-26T17:20:41.689228+00:00,64060288,43428400,4194300,63744,113696,1789628,121625,0,0,0,0,0,0
2026-09-26T17:20:42.690098+00:00,64060288,43407476,4194300,63744,113696,1789628,121625,0,0,0,0,0,0
2026-09-26T17:20:43.690939+00:00,64060288,43422640,4194300,63744,113696,1789628,121625,0,0,0,0,0,0
2026-09-26T17:20:44.691776+00:00,64060288,43421128,4194300,63744,113696,1789628,121625,0,0,0,0,0,0
2026-09-26T17:20:45.692626+00:00,64060288,43388132,4194300,63744,113696,1789628,121625,0,0,0,0,0,0
2026-09-26T17:20:46.693470+00:00,64060288,43371572,4194300,63744,113696,1789628,121625,0,0,0,0,0,0
2026-09-26T17:20:47.694328+00:00,64060288,43384336,4194300,63744,113696,1789628,121625,0,0,0,0,0,0
2026-09-26T17:20:48.695200+00:00,64060288,43383524,4194300,63744,113696,1789628,121625,0,0,0,0,0,0
2026-09-26T17:20:49.696060+00:00,64060288,43408452,4194300,63744,113696,1789628,121625,0,0,0,0,0,0
2026-09-26T17:20:50.696965+00:00,64060288,43376004,4194300,63744,113696,1789628,121625,0,0,0,0,0,0
2026-09-26T17:20:51.697790+00:00,64060288,43394396,4194300,63744,113696,1789628,121625,0,0,0,0,0,0
2026-09-26T17:20:52.698626+00:00,64060288,43394268,4194300,63744,113696,1789628,121625,0,0,0,0,0,0
2026-09-26T17:20:53.699463+00:00,64060288,43402812,4194300,63744,113696,1789628,121625,0,0,0,0,0,0
2026-09-26T17:20:54.700300+00:00,64060288,43407184,4194300,63744,113696,1789628,121625,0,0,0,0,0,0
2026-09-26T17:20:55.701151+00:00,64060288,43386916,4194300,63744,113696,1789628,121625,0,0,0,0,0,0
2026-09-26T17:20:56.702005+00:00,64060288,43405564,4194300,63744,113696,1789628,121625,0,0,0,0,0,0
2026-09-26T17:20:57.702860+00:00,64060288,43413480,4194300,63744,113696,1789628,121625,0,0,0,0,0,0
2026-09-26T17:20:58.703688+00:00,64060288,43392204,4194300,63744,113696,1789628,121625,0,0,0,0,0,0
2026-09-26T17:20:59.704508+00:00,64060288,43408804,4194300,63744,113696,1789628,121625,0,0,0,0,0,0
2026-09-26T17:21:00.705348+00:00,64060288,43401012,4194300,63744,113696,1789628,121625,0,0,0,0,0,0
2026-09-26T17:21:01.706196+00:00,64060288,43416156,4194300,63744,113696,1789628,121625,0,0,0,0,0,0
2026-09-26T17:21:02.707045+00:00,64060288,43412452,4194300,63744,113696,1789628,121625,0,0,0,0,0,0
2026-09-26T17:21:03.707878+00:00,64060288,43415844,4194300,63744,113696,1789628,121625,0,0,0,0,0,0
2026-09-26T17:21:04.708743+00:00,64060288,43396728,4194300,63744,113696,1789628,121625,0,0,0,0,0,0
2026-09-26T17:21:05.709565+00:00,64060288,43410592,4194300,63744,113696,1789628,121625,0,0,0,0,0,0
2026-09-26T17:21:06.710383+00:00,64060288,43411976,4194300,63744,113696,1789628,121625,0,0,0,0,0,0
2026-09-26T17:21:07.711226+00:00,64060288,43404892,4194300,63744,113696,1789628,121625,0,0,0,0,0,0
2026-09-26T17:21:08.712068+00:00,64060288,43405836,4194300,63744,113696,1789628,121625,0,0,0,0,0,0
2026-09-26T17:21:09.712932+00:00,64060288,43409312,4194300,63744,113696,1789628,121625,0,0,0,0,0,0
2026-09-26T17:21:10.713786+00:00,64060288,43422220,4194300,63744,113696,1789628,121625,0,0,0,0,0,0
2026-09-26T17:21:11.714620+00:00,64060288,43402624,4194300,63744,113696,1789628,121625,0,0,0,0,0,0
2026-09-26T17:21:12.715511+00:00,64060288,43414724,4194300,63744,113696,1789628,121625,0,0,0,0,0,0
2026-09-26T17:21:13.716347+00:00,64060288,43412560,4194300,63744,113696,1789628,121625,0,0,0,0,0,0
2026-09-26T17:21:14.717144+00:00,64060288,43391244,4194300,63744,113696,1789628,121625,0,0,0,0,0,0
2026-09-26T17:21:15.718011+00:00,64060288,43381652,4194300,63744,113696,1789628,121625,0,0,0,0,0,0
2026-09-26T17:21:16.718894+00:00,64060288,43369908,4194300,63744,113696,1789628,121625,0,0,0,0,0,0
2026-09-26T17:21:17.719750+00:00,64060288,43382388,4194300,63744,113696,1789628,121625,0,0,0,0,0,0
2026-09-26T17:21:18.720584+00:00,64060288,43388280,4194300,63744,113696,1789628,121625,0,0,0,0,0,0
2026-09-26T17:21:19.721400+00:00,64060288,43381904,4194300,63744,113696,1789628,121625,0,0,0,0,0,0
2026-09-26T17:21:20.722220+00:00,64060288,43391092,4194300,63744,113696,1789628,121625,0,0,0,0,0,0
2026-09-26T17:21:21.723097+00:00,64060288,43388188,4194300,63744,113696,1789628,121625,0,0,0,0,0,0
2026-09-26T17:21:22.723959+00:00,64060288,43397500,4194300,63744,113696,1789628,121625,0,0,0,0,0,0
2026-09-26T17:21:23.724797+00:00,64060288,43397744,4194300,63744,113696,1789628,121625,0,0,0,0,0,0
2026-09-26T17:21:24.725640+00:00,64060288,43387020,4194300,63744,113696,1789628,121625,0,0,0,0,0,0
2026-09-26T17:21:25.726469+00:00,64060288,43386272,4194300,63744,113696,1789628,121625,0,0,0,0,0,0
2026-09-26T17:21:26.727233+00:00,64060288,43387604,4194300,63744,113696,1789628,121625,0,0,0,0,0,0
2026-09-26T17:21:27.728087+00:00,64060288,43406672,4194300,63744,113696,1789628,121625,0,0,0,0,0,0
2026-09-26T17:21:28.728944+00:00,64060288,43387744,4194300,63744,113696,1789628,121625,0,0,0,0,0,0
2026-09-26T17:21:29.729777+00:00,64060288,43400804,4194300,63744,113696,1789628,121625,0,0,0,0,0,0
2026-09-26T17:21:30.730626+00:00,64060288,43380424,4194300,63744,113696,1789628,121625,0,0,0,0,0,0
2026-09-26T17:21:31.731479+00:00,64060288,43369916,4194300,63744,113696,1789628,121625,0,0,0,0,0,0
2026-09-26T17:21:32.732247+00:00,64060288,43378608,4194300,63744,113696,1789628,121625,0,0,0,0,0,0
2026-09-26T17:21:33.733096+00:00,64060288,43382476,4194300,63744,113696,1789628,121625,0,0,0,0,0,0
2026-09-26T17:21:34.733973+00:00,64060288,43402948,4194300,63744,113696,1789628,121625,0,0,0,0,0,0
2026-09-26T17:21:35.734851+00:00,64060288,43396692,4194300,63744,113696,1789628,121625,0,0,0,0,0,0
2026-09-26T17:21:36.735684+00:00,64060288,43404636,4194300,63744,113696,1789628,121625,0,0,0,0,0,0
2026-09-26T17:21:37.736481+00:00,64060288,43372096,4194300,63744,113696,1789628,121625,0,0,0,0,0,0
2026-09-26T17:21:38.737302+00:00,64060288,43388328,4194300,63744,113696,1789628,121625,0,0,0,0,0,0
2026-09-26T17:21:39.738169+00:00,64060288,43392872,4194300,63744,113696,1789628,121625,0,0,0,0,0,0
2026-09-26T17:21:40.739012+00:00,64060288,43398944,4194300,63744,113696,1789628,121625,0,0,0,0,0,0
2026-09-26T17:21:41.739872+00:00,64060288,43626328,4194300,63744,113696,1789628,121625,0,0,0,0,0,0
2026-09-26T17:21:42.740689+00:00,64060288,43602432,4194300,63744,113696,1789628,121625,0,0,0,0,0,0
2026-09-26T17:21:43.741510+00:00,64060288,43597300,4194300,63744,113696,1789628,121625,0,0,0,0,0,0
2026-09-26T17:21:44.742284+00:00,64060288,43609712,4194300,63744,113696,1789628,121625,0,0,0,0,0,0
2026-09-26T17:21:45.743141+00:00,64060288,43584144,4194300,63744,113696,1789628,121625,0,0,0,0,0,0
2026-09-26T17:21:46.744006+00:00,64060288,43562456,4194300,63744,113696,1789628,121625,0,0,0,0,0,0
2026-09-26T17:21:47.744871+00:00,64060288,43551676,4194300,63744,113696,1789628,121625,0,0,0,0,0,0
2026-09-26T17:21:48.745730+00:00,64060288,43569740,4194300,63744,113696,1789628,121625,0,0,0,0,0,0
2026-09-26T17:21:49.746589+00:00,64060288,43570524,4194300,63744,113696,1789628,121625,0,0,0,0,0,0
2026-09-26T17:21:50.747318+00:00,64060288,43577176,4194300,63744,113696,1789628,121625,0,0,0,0,0,0
2026-09-26T17:21:51.748161+00:00,64060288,43575728,4194300,63744,113696,1789628,121625,0,0,0,0,0,0
2026-09-26T17:21:52.749004+00:00,64060288,43562316,4194300,63744,113696,1789628,121625,0,0,0,0,0,0
2026-09-26T17:21:53.749835+00:00,64060288,43579140,4194300,63744,113696,1789628,121625,0,0,0,0,0,0
2026-09-26T17:21:54.750657+00:00,64060288,43575848,4194300,63744,113696,1789628,121625,0,0,0,0,0,0
2026-09-26T17:21:55.751500+00:00,64060288,43581140,4194300,63744,113696,1789628,121625,0,0,0,0,0,0
2026-09-26T17:21:56.752289+00:00,64060288,43586236,4194300,63744,113696,1789628,121625,0,0,0,0,0,0
2026-09-26T17:21:57.753144+00:00,64060288,43587412,4194300,63744,113696,1789628,121625,0,0,0,0,0,0
2026-09-26T17:21:58.754000+00:00,64060288,43587924,4194300,63744,113696,1789628,121625,0,0,0,0,0,0
2026-09-26T17:21:59.754846+00:00,64060288,43597940,4194300,63744,113696,1789628,121625,0,0,0,0,0,0
2026-09-26T17:22:00.755704+00:00,64060288,43580036,4194300,63744,113696,1789628,121625,0,0,0,0,0,0
2026-09-26T17:22:01.756530+00:00,64060288,43574868,4194300,63744,113696,1789628,121625,0,0,0,0,0,0
2026-09-26T17:22:02.757285+00:00,64060288,43581864,4194300,63744,113696,1789628,121625,0,0,0,0,0,0
2026-09-26T17:22:03.758133+00:00,64060288,43586056,4194300,63744,113696,1789628,121625,0,0,0,0,0,0
2026-09-26T17:22:04.758985+00:00,64060288,43569012,4194300,63744,113696,1789628,121625,0,0,0,0,0,0
2026-09-26T17:22:05.759850+00:00,64060288,43562548,4194300,63744,113696,1789628,121625,0,0,0,0,0,0
2026-09-26T17:22:06.760725+00:00,64060288,43557300,4194300,63744,113696,1789628,121625,0,0,0,0,0,0
2026-09-26T17:22:07.761565+00:00,64060288,43572884,4194300,63744,113696,1789628,121625,0,0,0,0,0,0
2026-09-26T17:22:08.762348+00:00,64060288,43562148,4194300,63744,113696,1789628,121625,0,0,0,0,0,0
2026-09-26T17:22:09.763226+00:00,64060288,43582676,4194300,63744,113696,1789628,121625,0,0,0,0,0,0
2026-09-26T17:22:10.764094+00:00,64060288,43556092,4194300,63744,113696,1789628,121625,0,0,0,0,0,0
2026-09-26T17:22:11.764933+00:00,64060288,43565120,4194300,63744,113696,1789628,121625,0,0,0,0,0,0
2026-09-26T17:22:12.765768+00:00,64060288,43577768,4194300,63744,113696,1789628,121625,0,0,0,0,0,0
2026-09-26T17:22:13.766630+00:00,64060288,43568504,4194300,63744,113696,1789628,121625,0,0,0,0,0,0
2026-09-26T17:22:14.767495+00:00,64060288,43585948,4194300,63744,113696,1789628,121625,0,0,0,0,0,0
2026-09-26T17:22:15.768349+00:00,64060288,43573996,4194300,63744,113696,1789628,121625,0,0,0,0,0,0
2026-09-26T17:22:16.769196+00:00,64060288,43570416,4194300,63744,113696,1789628,121625,0,0,0,0,0,0
2026-09-26T17:22:17.770050+00:00,64060288,43574044,4194300,63744,113696,1789628,121625,0,0,0,0,0,0
2026-09-26T17:22:18.770906+00:00,64060288,43553404,4194300,63744,113696,1789628,121625,0,0,0,0,0,0
2026-09-26T17:22:19.771744+00:00,64060288,43541372,4194300,63744,113696,1789628,121625,0,0,0,0,0,0
2026-09-26T17:22:20.772565+00:00,64060288,43560576,4194300,63744,113696,1789628,121625,0,0,0,0,0,0
2026-09-26T17:22:21.773408+00:00,64060288,43566012,4194300,63744,113696,1789628,121625,0,0,0,0,0,0
2026-09-26T17:22:22.774257+00:00,64060288,43545792,4194300,63744,113696,1789628,121625,0,0,0,0,0,0
2026-09-26T17:22:23.775117+00:00,64060288,43555180,4194300,63744,113696,1789628,121625,0,0,0,0,0,0
2026-09-26T17:22:24.775977+00:00,64060288,43555936,4194300,63744,113696,1789628,121625,0,0,0,0,0,0
2026-09-26T17:22:25.776826+00:00,64060288,43533392,4194300,63744,113696,1789628,121625,0,0,0,0,0,0
2026-09-26T17:22:26.777739+00:00,64060288,43519812,4194300,63744,113696,1789628,121625,0,0,0,0,0,0
2026-09-26T17:22:27.778560+00:00,64060288,43540000,4194300,63744,113696,1789628,121625,0,0,0,0,0,0
2026-09-26T17:22:28.779408+00:00,64060288,43550920,4194300,63744,113696,1789628,121625,0,0,0,0,0,0
2026-09-26T17:22:29.780257+00:00,64060288,43555276,4194300,63744,113696,1789628,121625,0,0,0,0,0,0
2026-09-26T17:22:30.781128+00:00,64060288,43553572,4194300,63744,113696,1789628,121625,0,0,0,0,0,0
2026-09-26T17:22:31.781989+00:00,64060288,43473092,4194300,63744,113696,1789628,121625,0,0,0,0,0,0
2026-09-26T17:22:32.782858+00:00,64060288,43489332,4194300,63744,113696,1789628,121625,0,0,0,0,0,0
2026-09-26T17:22:33.783681+00:00,64060288,43484232,4194300,63744,113696,1789628,121625,0,0,0,0,0,0
2026-09-26T17:22:34.784517+00:00,64060288,43470820,4194300,63744,113696,1789628,121625,0,0,0,0,0,0
2026-09-26T17:22:35.785369+00:00,64060288,43470064,4194300,63744,113697,1789628,121626,0,0,0,0,0,0
2026-09-26T17:22:36.786191+00:00,64060288,43465180,4194300,63744,113697,1789628,121626,0,0,0,0,0,0
2026-09-26T17:22:37.788969+00:00,64060288,43474776,4194300,63744,113697,1789628,121626,0,0,0,0,0,0
2026-09-26T17:22:38.789815+00:00,64060288,43490280,4194300,63744,113697,1789628,121626,0,0,0,0,0,0
2026-09-26T17:22:39.790642+00:00,64060288,43466952,4194300,63744,113697,1789628,121626,0,0,0,0,0,0
2026-09-26T17:22:40.791479+00:00,64060288,43478608,4194300,63744,113697,1789628,121626,0,0,0,0,0,0
2026-09-26T17:22:41.792330+00:00,64060288,43474904,4194300,63744,113697,1789628,121626,0,0,0,0,0,0
2026-09-26T17:22:42.793208+00:00,64060288,43477660,4194300,63744,113697,1789628,121626,0,0,0,0,0,0
2026-09-26T17:22:43.794042+00:00,64060288,43488900,4194300,63744,113697,1789628,121626,0,0,0,0,0,0
2026-09-26T17:22:44.794833+00:00,64060288,43472192,4194300,63744,113697,1789628,121626,0,0,0,0,0,0
2026-09-26T17:22:45.795652+00:00,64060288,43480836,4194300,63744,113697,1789628,121626,0,0,0,0,0,0
2026-09-26T17:22:46.796473+00:00,64060288,43488400,4194300,63744,113697,1789628,121626,0,0,0,0,0,0
2026-09-26T17:22:47.797332+00:00,64060288,43478004,4194300,63744,113697,1789628,121626,0,0,0,0,0,0
2026-09-26T17:22:48.798166+00:00,64060288,43478228,4194300,63744,113697,1789628,121626,0,0,0,0,0,0
2026-09-26T17:22:49.798985+00:00,64060288,43472876,4194300,63744,113697,1789628,121626,0,0,0,0,0,0
2026-09-26T17:22:50.799856+00:00,64060288,43472656,4194300,63744,113697,1789628,121626,0,0,0,0,0,0
2026-09-26T17:22:51.800718+00:00,64060288,43479684,4194300,63744,113697,1789628,121626,0,0,0,0,0,0
2026-09-26T17:22:52.801573+00:00,64060288,43461364,4194300,63744,113697,1789628,121626,0,0,0,0,0,0
2026-09-26T17:22:53.802439+00:00,64060288,43444000,4194300,63744,113697,1789628,121626,0,0,0,0,0,0
2026-09-26T17:22:54.803300+00:00,64060288,43447080,4194300,63744,113697,1789628,121626,0,0,0,0,0,0
2026-09-26T17:22:55.804167+00:00,64060288,43443924,4194300,63744,113697,1789628,121626,0,0,0,0,0,0
2026-09-26T17:22:56.804876+00:00,64060288,43457384,4194300,63744,113697,1789628,121626,0,0,0,0,0,0
2026-09-26T17:22:57.805748+00:00,64060288,43463872,4194300,63744,113697,1789628,121626,0,0,0,0,0,0
2026-09-26T17:22:58.806595+00:00,64060288,43460824,4194300,63744,113697,1789628,121626,0,0,0,0,0,0
2026-09-26T17:22:59.807462+00:00,64060288,43470864,4194300,63744,113697,1789628,121626,0,0,0,0,0,0
2026-09-26T17:23:00.808328+00:00,64060288,43468456,4194300,63744,113697,1789628,121626,0,0,0,0,0,0
2026-09-26T17:23:01.809171+00:00,64060288,43473680,4194300,63744,113697,1789628,121626,0,0,0,0,0,0
2026-09-26T17:23:02.809942+00:00,64060288,43474732,4194300,63744,113697,1789628,121626,0,0,0,0,0,0
2026-09-26T17:23:03.810800+00:00,64060288,43476872,4194300,63744,113697,1789628,121626,0,0,0,0,0,0
2026-09-26T17:23:04.811653+00:00,64060288,43470640,4194300,63744,113697,1789628,121626,0,0,0,0,0,0
2026-09-26T17:23:05.812506+00:00,64060288,43465796,4194300,63744,113697,1789628,121626,0,0,0,0,0,0
2026-09-26T17:23:06.813324+00:00,64060288,43467528,4194300,63744,113697,1789628,121626,0,0,0,0,0,0
2026-09-26T17:23:07.814185+00:00,64060288,43437268,4194300,63744,113697,1789628,121626,0,0,0,0,0,0
2026-09-26T17:23:08.814973+00:00,64060288,43438896,4194300,63744,113697,1789628,121626,0,0,0,0,0,0
2026-09-26T17:23:09.815811+00:00,64060288,43461076,4194300,63744,113697,1789628,121626,0,0,0,0,0,0
2026-09-26T17:23:10.816629+00:00,64060288,43427644,4194300,63744,113697,1789628,121626,0,0,0,0,0,0
2026-09-26T17:23:11.817466+00:00,64060288,43421924,4194300,63744,113697,1789628,121626,0,0,0,0,0,0
2026-09-26T17:23:12.818338+00:00,64060288,43407612,4194300,63744,113697,1789628,121626,0,0,0,0,0,0
2026-09-26T17:23:13.819187+00:00,64060288,43393692,4194300,63744,113697,1789628,121626,0,0,0,0,0,0
2026-09-26T17:23:14.819940+00:00,64060288,43401004,4194300,63744,113697,1789628,121626,0,0,0,0,0,0
2026-09-26T17:23:15.820805+00:00,64060288,43393560,4194300,63744,113697,1789628,121626,0,0,0,0,0,0
2026-09-26T17:23:16.821661+00:00,64060288,43415700,4194300,63744,113697,1789628,121626,0,0,0,0,0,0
2026-09-26T17:23:17.822521+00:00,64060288,43430976,4194300,63744,113697,1789628,121626,0,0,0,0,0,0
2026-09-26T17:23:18.823389+00:00,64060288,43436592,4194300,63744,113697,1789628,121627,0,0,0,0,0,0
2026-09-26T17:23:19.824247+00:00,64060288,43440680,4194300,63744,113697,1789628,121627,0,0,0,0,0,0
2026-09-26T17:23:20.824994+00:00,64060288,43432980,4194300,63744,113697,1789628,121627,0,0,0,0,0,0
2026-09-26T17:23:21.825866+00:00,64060288,43435592,4194300,63744,113697,1789628,121627,0,0,0,0,0,0
2026-09-26T17:23:22.826731+00:00,64060288,43426908,4194300,63744,113697,1789628,121627,0,0,0,0,0,0
2026-09-26T17:23:23.827609+00:00,64060288,43435840,4194300,63744,113697,1789628,121627,0,0,0,0,0,0
2026-09-26T17:23:24.828457+00:00,64060288,43446268,4194300,63744,113697,1789628,121627,0,0,0,0,0,0
2026-09-26T17:23:25.829316+00:00,64060288,43445764,4194300,63744,113697,1789628,121631,0,0,0,0,0,0
2026-09-26T17:23:26.830728+00:00,64060288,43447456,4194300,63744,113697,1789628,121631,0,0,0,0,0,0
2026-09-26T17:23:27.831745+00:00,64060288,43445892,4194300,63744,113697,1789628,121631,0,0,0,0,0,0
2026-09-26T17:23:28.832627+00:00,64060288,43424000,4194300,63744,113697,1789628,121631,0,0,0,0,0,0
2026-09-26T17:23:29.833482+00:00,64060288,43437104,4194300,63744,113697,1789628,121631,0,0,0,0,0,0
2026-09-26T17:23:30.834366+00:00,64060288,43430900,4194300,63744,113697,1789628,121631,0,0,0,0,0,0
2026-09-26T17:23:31.835238+00:00,64060288,43365636,4194300,63744,113697,1789628,121631,0,0,0,0,0,0
2026-09-26T17:23:32.836093+00:00,64060288,43374468,4194300,63744,113697,1789628,121637,0,0,0,0,0,0
2026-09-26T17:23:33.836983+00:00,64060288,43374464,4194300,63744,113697,1789628,121644,0,0,0,0,0,0
2026-09-26T17:23:34.837834+00:00,64060288,43326824,4194300,63744,113697,1789628,121648,0,0,0,0,0,0
2026-09-26T17:23:35.838505+00:00,64060288,43297592,4194300,63744,113697,1789628,121648,0,0,0,0,0,0
2026-09-26T17:23:36.839363+00:00,64060288,43292588,4194300,63744,113697,1789628,121648,0,0,0,0,0,0
2026-09-26T17:23:37.840247+00:00,64060288,43253844,4194300,63744,113697,1789628,121651,0,0,0,0,0,0
2026-09-26T17:23:38.841159+00:00,64060288,43246616,4194300,63744,113697,1789628,121651,0,0,0,0,0,0
2026-09-26T17:23:39.842062+00:00,64060288,43261984,4194300,63744,113697,1789628,121651,0,0,0,0,0,0
2026-09-26T17:23:40.843024+00:00,64060288,43290036,4194300,63744,113697,1789628,121651,0,0,0,0,0,0
2026-09-26T17:23:41.843926+00:00,64060288,43277836,4194300,63744,113697,1789628,121651,0,0,0,0,0,0
2026-09-26T17:23:42.844860+00:00,64060288,43292088,4194300,63744,113697,1789628,121651,0,0,0,0,0,0
2026-09-26T17:23:43.845758+00:00,64060288,43308176,4194300,63744,113697,1789628,121651,0,0,0,0,0,0
2026-09-26T17:23:44.846636+00:00,64060288,43320568,4194300,63744,113697,1789628,121651,0,0,0,0,0,0
2026-09-26T17:23:45.847479+00:00,64060288,43313120,4194300,63744,113697,1789628,121651,0,0,0,0,0,0
2026-09-26T17:23:46.848438+00:00,64060288,43306728,4194300,63744,113697,1789628,121652,0,0,0,0,0,0
2026-09-26T17:23:47.849321+00:00,64060288,43312932,4194300,63744,113697,1789628,121652,0,0,0,0,0,0
2026-09-26T17:23:48.850236+00:00,64060288,43322420,4194300,63744,113697,1789628,121652,0,0,0,0,0,0
2026-09-26T17:23:49.851346+00:00,64060288,43317500,4194300,63744,113697,1789628,121652,0,0,0,0,0,0
2026-09-26T17:23:50.852226+00:00,64060288,43296820,4194300,63744,113697,1789628,121652,0,0,0,0,0,0
2026-09-26T17:23:51.853121+00:00,64060288,43311576,4194300,63744,113697,1789628,121652,0,0,0,0,0,0
2026-09-26T17:23:52.854038+00:00,64060288,43314368,4194300,63744,113697,1789628,121652,0,0,0,0,0,0
2026-09-26T17:23:53.854904+00:00,64060288,43322756,4194300,63744,113697,1789628,121652,0,0,0,0,0,0
2026-09-26T17:23:54.855799+00:00,64060288,43319824,4194300,63744,113697,1789628,121652,0,0,0,0,0,0
2026-09-26T17:23:55.856657+00:00,64060288,43331332,4194300,63744,113697,1789628,121652,0,0,0,0,0,0
2026-09-26T17:23:56.857533+00:00,64060288,43317880,4194300,63744,113697,1789628,121652,0,0,0,0,0,0
2026-09-26T17:23:57.858379+00:00,64060288,43330552,4194300,63744,113697,1789628,121652,0,0,0,0,0,0
2026-09-26T17:23:58.859271+00:00,64060288,43327664,4194300,63744,113697,1789628,121652,0,0,0,0,0,0
2026-09-26T17:23:59.860161+00:00,64060288,43311560,4194300,63744,113697,1789628,121652,0,0,0,0,0,0
2026-09-26T17:24:00.861046+00:00,64060288,43324212,4194300,63744,113697,1789628,121652,0,0,0,0,0,0
2026-09-26T17:24:01.861919+00:00,64060288,43308996,4194300,63744,113697,1789628,121652,0,0,0,0,0,0
2026-09-26T17:24:02.862785+00:00,64060288,43290896,4194300,63744,113697,1789628,121652,0,0,0,0,0,0
2026-09-26T17:24:03.863638+00:00,64060288,43290828,4194300,63744,113697,1789628,121652,0,0,0,0,0,0
2026-09-26T17:24:04.864497+00:00,64060288,43304704,4194300,63744,113697,1789628,121652,0,0,0,0,0,0
2026-09-26T17:24:05.865350+00:00,64060288,43314008,4194300,63744,113697,1789628,121652,0,0,0,0,0,0
2026-09-26T17:24:06.866220+00:00,64060288,43326260,4194300,63744,113697,1789628,121652,0,0,0,0,0,0
2026-09-26T17:24:07.867126+00:00,64060288,43314380,4194300,63744,113697,1789628,121652,0,0,0,0,0,0
2026-09-26T17:24:08.868061+00:00,64060288,43301972,4194300,63744,113697,1789628,121652,0,0,0,0,0,0
2026-09-26T17:24:09.868932+00:00,64060288,43325664,4194300,63744,113697,1789628,121652,0,0,0,0,0,0
2026-09-26T17:24:10.869792+00:00,64060288,43326096,4194300,63744,113697,1789628,121652,0,0,0,0,0,0
2026-09-26T17:24:11.870643+00:00,64060288,43292592,4194300,63744,113697,1789628,121652,0,0,0,0,0,0
2026-09-26T17:24:12.871613+00:00,64060288,43305772,4194300,63744,113697,1789628,121652,0,0,0,0,0,0
2026-09-26T17:24:13.872573+00:00,64060288,43329044,4194300,63744,113697,1789628,121652,0,0,0,0,0,0
2026-09-26T17:24:14.873440+00:00,64060288,43310476,4194300,63744,113697,1789628,121652,0,0,0,0,0,0
2026-09-26T17:24:15.874339+00:00,64060288,43326492,4194300,63744,113697,1789628,121652,0,0,0,0,0,0
2026-09-26T17:24:16.875202+00:00,64060288,43301872,4194300,63744,113697,1789628,121652,0,0,0,0,0,0
2026-09-26T17:24:17.876102+00:00,64060288,43324144,4194300,63744,113697,1789628,121652,0,0,0,0,0,0
2026-09-26T17:24:18.876976+00:00,64060288,43304804,4194300,63744,113697,1789628,121652,0,0,0,0,0,0
2026-09-26T17:24:19.877903+00:00,64060288,43321276,4194300,63744,113697,1789628,121652,0,0,0,0,0,0
2026-09-26T17:24:20.878787+00:00,64060288,43311808,4194300,63744,113697,1789628,121652,0,0,0,0,0,0
2026-09-26T17:24:21.879632+00:00,64060288,43317416,4194300,63744,113697,1789628,121652,0,0,0,0,0,0
2026-09-26T17:24:22.880465+00:00,64060288,43310768,4194300,63744,113697,1789628,121652,0,0,0,0,0,0
2026-09-26T17:24:23.881332+00:00,64060288,43311952,4194300,63744,113697,1789628,121652,0,0,0,0,0,0
2026-09-26T17:24:24.882334+00:00,64060288,43311024,4194300,63744,113697,1789628,121652,0,0,0,0,0,0
2026-09-26T17:24:25.883256+00:00,64060288,43304236,4194300,63744,113697,1789628,121652,0,0,0,0,0,0
2026-09-26T17:24:26.884118+00:00,64060288,43297548,4194300,63744,113697,1789628,121652,0,0,0,0,0,0
2026-09-26T17:24:27.885066+00:00,64060288,43307120,4194300,63744,113697,1789628,121652,0,0,0,0,0,0
2026-09-26T17:24:28.886017+00:00,64060288,43310064,4194300,63744,113697,1789628,121652,0,0,0,0,0,0
2026-09-26T17:24:29.886893+00:00,64060288,43325408,4194300,63744,113697,1789628,121652,0,0,0,0,0,0
2026-09-26T17:24:30.887748+00:00,64060288,43310908,4194300,63744,113697,1789628,121652,0,0,0,0,0,0
2026-09-26T17:24:31.888618+00:00,64060288,43296228,4194300,63744,113697,1789628,121652,0,0,0,0,0,0
2026-09-26T17:24:32.889479+00:00,64060288,43308832,4194300,63744,113697,1789628,121652,0,0,0,0,0,0
2026-09-26T17:24:33.890365+00:00,64060288,43300584,4194300,63744,113697,1789628,121652,0,0,0,0,0,0
2026-09-26T17:24:34.891243+00:00,64060288,43318928,4194300,63744,113697,1789628,121652,0,0,0,0,0,0
2026-09-26T17:24:35.892144+00:00,64060288,43309776,4194300,63744,113697,1789628,121652,0,0,0,0,0,0
2026-09-26T17:24:36.893020+00:00,64060288,43309776,4194300,63744,113697,1789628,121652,0,0,0,0,0,0
2026-09-26T17:24:37.893925+00:00,64060288,43313880,4194300,63744,113697,1789628,121652,0,0,0,0,0,0
2026-09-26T17:24:38.894782+00:00,64060288,43313992,4194300,63744,113697,1789628,121652,0,0,0,0,0,0
2026-09-26T17:24:39.895648+00:00,64060288,43316732,4194300,63744,113697,1789628,121652,0,0,0,0,0,0
2026-09-26T17:24:40.896496+00:00,64060288,43316864,4194300,63744,113697,1789628,121652,0,0,0,0,0,0
2026-09-26T17:24:41.897381+00:00,64060288,43309700,4194300,63744,113697,1789628,121652,0,0,0,0,0,0
2026-09-26T17:24:42.898284+00:00,64060288,43309476,4194300,63744,113697,1789628,121652,0,0,0,0,0,0
2026-09-26T17:24:43.899187+00:00,64060288,43311052,4194300,63744,113697,1789628,121652,0,0,0,0,0,0
2026-09-26T17:24:44.900038+00:00,64060288,43299800,4194300,63744,113697,1789628,121652,0,0,0,0,0,0
2026-09-26T17:24:45.900891+00:00,64060288,43299664,4194300,63744,113697,1789628,121652,0,0,0,0,0,0
2026-09-26T17:24:46.901785+00:00,64060288,43286732,4194300,63744,113698,1789628,121653,0,0,0,0,0,0
2026-09-26T17:24:47.902634+00:00,64060288,43278568,4194300,63744,113698,1789628,121653,0,0,0,0,0,0
2026-09-26T17:24:48.903505+00:00,64060288,43291800,4194300,63744,113698,1789628,121653,0,0,0,0,0,0
2026-09-26T17:24:49.904430+00:00,64060288,43288656,4194300,63744,113698,1789628,121653,0,0,0,0,0,0
2026-09-26T17:24:50.905267+00:00,64060288,43286172,4194300,63744,113698,1789628,121653,0,0,0,0,0,0
2026-09-26T17:24:51.906145+00:00,64060288,43292696,4194300,63744,113698,1789628,121653,0,0,0,0,0,0
2026-09-26T17:24:52.907052+00:00,64060288,43290252,4194300,63744,113698,1789628,121653,0,0,0,0,0,0
2026-09-26T17:24:53.907910+00:00,64060288,43296152,4194300,63744,113698,1789628,121653,0,0,0,0,0,0
2026-09-26T17:24:54.908803+00:00,64060288,43305816,4194300,63744,113698,1789628,121653,0,0,0,0,0,0
2026-09-26T17:24:55.909719+00:00,64060288,43300104,4194300,63744,113698,1789628,121653,0,0,0,0,0,0
2026-09-26T17:24:56.910590+00:00,64060288,43304808,4194300,63744,113698,1789628,121653,0,0,0,0,0,0
2026-09-26T17:24:57.911440+00:00,64060288,43306772,4194300,63744,113698,1789628,121653,0,0,0,0,0,0
2026-09-26T17:24:58.912361+00:00,64060288,43276204,4194300,63744,113698,1789628,121653,0,0,0,0,0,0
2026-09-26T17:24:59.913251+00:00,64060288,43271620,4194300,63744,113698,1789628,121653,0,0,0,0,0,0
2026-09-26T17:25:00.914144+00:00,64060288,43276980,4194300,63744,113698,1789628,121653,0,0,0,0,0,0
2026-09-26T17:25:01.915028+00:00,64060288,43274564,4194300,63744,113698,1789628,121653,0,0,0,0,0,0
2026-09-26T17:25:02.915939+00:00,64060288,43281736,4194300,63744,113698,1789628,121653,0,0,0,0,0,0
2026-09-26T17:25:03.916804+00:00,64060288,43293772,4194300,63744,113699,1789628,121655,0,0,0,0,0,0
2026-09-26T17:25:04.917683+00:00,64060288,43292612,4194300,63744,113699,1789628,121659,0,0,0,0,0,0
2026-09-26T17:25:05.918549+00:00,64060288,43294676,4194300,63744,113699,1789628,121659,0,0,0,0,0,0
2026-09-26T17:25:06.919427+00:00,64060288,43284112,4194300,63744,113699,1789628,121659,0,0,0,0,0,0
2026-09-26T17:25:07.920375+00:00,64060288,43291096,4194300,63744,113699,1789628,121659,0,0,0,0,0,0
2026-09-26T17:25:08.921210+00:00,64060288,43304948,4194300,63744,113699,1789628,121659,0,0,0,0,0,0
2026-09-26T17:25:09.922102+00:00,64060288,43286984,4194300,63744,113699,1789628,121659,0,0,0,0,0,0
2026-09-26T17:25:10.923070+00:00,64060288,43290956,4194300,63744,113699,1789628,121659,0,0,0,0,0,0
2026-09-26T17:25:11.923965+00:00,64060288,43298540,4194300,63744,113699,1789628,121659,0,0,0,0,0,0
2026-09-26T17:25:12.924839+00:00,64060288,43287608,4194300,63744,113699,1789628,121659,0,0,0,0,0,0
2026-09-26T17:25:13.925720+00:00,64060288,43254672,4194300,63744,113699,1789628,121659,0,0,0,0,0,0
2026-09-26T17:25:14.926591+00:00,64060288,43247092,4194300,63744,113699,1789628,121660,0,0,0,0,0,0
2026-09-26T17:25:15.927450+00:00,64060288,43272732,4194300,63744,113699,1789628,121660,0,0,0,0,0,0
2026-09-26T17:25:16.928314+00:00,64060288,43244984,4194300,63744,113699,1789628,121660,0,0,0,0,0,0
2026-09-26T17:25:17.929202+00:00,64060288,43247720,4194300,63744,113699,1789628,121660,0,0,0,0,0,0
2026-09-26T17:25:18.930139+00:00,64060288,43259884,4194300,63744,113699,1789628,121660,0,0,0,0,0,0
2026-09-26T17:25:19.931059+00:00,64060288,43270800,4194300,63744,113699,1789628,121660,0,0,0,0,0,0
2026-09-26T17:25:20.931914+00:00,64060288,43270572,4194300,63744,113699,1789628,121660,0,0,0,0,0,0
2026-09-26T17:25:21.932793+00:00,64060288,43274508,4194300,63744,113699,1789628,121660,0,0,0,0,0,0
2026-09-26T17:25:22.933684+00:00,64060288,43267988,4194300,63744,113699,1789628,121660,0,0,0,0,0,0
2026-09-26T17:25:23.934684+00:00,64060288,43269252,4194300,63744,113699,1789628,121660,0,0,0,0,0,0
2026-09-26T17:25:24.935546+00:00,64060288,43266744,4194300,63744,113699,1789628,121660,0,0,0,0,0,0
2026-09-26T17:25:25.936407+00:00,64060288,43260452,4194300,63744,113699,1789628,121660,0,0,0,0,0,0
2026-09-26T17:25:26.937276+00:00,64060288,43245848,4194300,63744,113699,1789628,121660,0,0,0,0,0,0
2026-09-26T17:25:27.938105+00:00,64060288,43245736,4194300,63744,113699,1789628,121660,0,0,0,0,0,0
2026-09-26T17:25:28.938952+00:00,64060288,43243848,4194300,63744,113699,1789628,121660,0,0,0,0,0,0
2026-09-26T17:25:29.939825+00:00,64060288,43239900,4194300,63744,113699,1789628,121660,0,0,0,0,0,0
2026-09-26T17:25:30.940665+00:00,64060288,43252956,4194300,63744,113699,1789628,121660,0,0,0,0,0,0
2026-09-26T17:25:31.941654+00:00,64060288,43276620,4194300,63744,113699,1789628,121660,0,0,0,0,0,0
2026-09-26T17:25:32.942481+00:00,64060288,43277348,4194300,63744,113699,1789628,121660,0,0,0,0,0,0
2026-09-26T17:25:33.943389+00:00,64060288,43274896,4194300,63744,113699,1789628,121660,0,0,0,0,0,0
2026-09-26T17:25:34.944259+00:00,64060288,43254776,4194300,63744,113699,1789628,121660,0,0,0,0,0,0
2026-09-26T17:25:35.945150+00:00,64060288,43239044,4194300,63744,113699,1789628,121660,0,0,0,0,0,0
2026-09-26T17:25:36.946022+00:00,64060288,43229180,4194300,63744,113699,1789628,121660,0,0,0,0,0,0
2026-09-26T17:25:37.946942+00:00,64060288,43246104,4194300,63744,113699,1789628,121660,0,0,0,0,0,0
2026-09-26T17:25:38.947818+00:00,64060288,43248976,4194300,63744,113699,1789628,121660,0,0,0,0,0,0
2026-09-26T17:25:39.948660+00:00,64060288,43248168,4194300,63744,113699,1789628,121660,0,0,0,0,0,0
2026-09-26T17:25:40.949478+00:00,64060288,43259280,4194300,63744,113699,1789628,121660,0,0,0,0,0,0
2026-09-26T17:25:41.950374+00:00,64060288,43262552,4194300,63744,113699,1789628,121660,0,0,0,0,0,0
2026-09-26T17:25:42.951283+00:00,64060288,43263180,4194300,63744,113699,1789628,121660,0,0,0,0,0,0
2026-09-26T17:25:43.952163+00:00,64060288,43265772,4194300,63744,113699,1789628,121660,0,0,0,0,0,0
2026-09-26T17:25:44.953029+00:00,64060288,43260460,4194300,63744,113699,1789628,121660,0,0,0,0,0,0
2026-09-26T17:25:45.953893+00:00,64060288,43250044,4194300,63744,113699,1789628,121660,0,0,0,0,0,0
2026-09-26T17:25:46.954761+00:00,64060288,43219684,4194300,63744,113699,1789628,121660,0,0,0,0,0,0
2026-09-26T17:25:47.955630+00:00,64060288,43221968,4194300,63744,113699,1789628,121660,0,0,0,0,0,0
2026-09-26T17:25:48.956460+00:00,64060288,43257892,4194300,63744,113699,1789628,121660,0,0,0,0,0,0
2026-09-26T17:25:49.957428+00:00,64060288,43260404,4194300,63744,113699,1789628,121660,0,0,0,0,0,0
2026-09-26T17:25:50.958325+00:00,64060288,43261368,4194300,63744,113699,1789628,121660,0,0,0,0,0,0
2026-09-26T17:25:51.959218+00:00,64060288,43243956,4194300,63744,113699,1789628,121660,0,0,0,0,0,0
2026-09-26T17:25:52.960160+00:00,64060288,43214336,4194300,63744,113699,1789628,121660,0,0,0,0,0,0
2026-09-26T17:25:53.961037+00:00,64060288,43248444,4194300,63744,113699,1789628,121660,0,0,0,0,0,0
2026-09-26T17:25:54.961908+00:00,64060288,43232300,4194300,63744,113699,1789628,121660,0,0,0,0,0,0
2026-09-26T17:25:55.962823+00:00,64060288,43237632,4194300,63744,113699,1789628,121660,0,0,0,0,0,0
2026-09-26T17:25:56.963672+00:00,64060288,43251084,4194300,63744,113699,1789628,121660,0,0,0,0,0,0
2026-09-26T17:25:57.964542+00:00,64060288,43253132,4194300,63744,113699,1789628,121660,0,0,0,0,0,0
2026-09-26T17:25:58.965484+00:00,64060288,43248780,4194300,63744,113699,1789628,121660,0,0,0,0,0,0
2026-09-26T17:25:59.966370+00:00,64060288,43248080,4194300,63744,113699,1789628,121660,0,0,0,0,0,0
2026-09-26T17:26:00.967244+00:00,64060288,43256596,4194300,63744,113699,1789628,121660,0,0,0,0,0,0
2026-09-26T17:26:01.968174+00:00,64060288,43266940,4194300,63744,113699,1789628,121660,0,0,0,0,0,0
2026-09-26T17:26:02.969116+00:00,64060288,43243692,4194300,63744,113699,1789628,121660,0,0,0,0,0,0
2026-09-26T17:26:03.969963+00:00,64060288,43242220,4194300,63744,113699,1789628,121660,0,0,0,0,0,0
2026-09-26T17:26:04.970847+00:00,64060288,43233724,4194300,63744,113699,1789628,121660,0,0,0,0,0,0
2026-09-26T17:26:05.971779+00:00,64060288,43236000,4194300,63744,113699,1789628,121660,0,0,0,0,0,0
2026-09-26T17:26:06.972643+00:00,64060288,43231416,4194300,63744,113699,1789628,121660,0,0,0,0,0,0
2026-09-26T17:26:07.973494+00:00,64060288,43233600,4194300,63744,113699,1789628,121660,0,0,0,0,0,0
2026-09-26T17:26:08.974454+00:00,64060288,43245180,4194300,63744,113699,1789628,121660,0,0,0,0,0,0
2026-09-26T17:26:09.975331+00:00,64060288,43239528,4194300,63744,113699,1789628,121660,0,0,0,0,0,0
2026-09-26T17:26:10.976621+00:00,64060288,43211712,4194300,63744,113699,1789628,121660,0,0,0,0,0,0
2026-09-26T17:26:11.977483+00:00,64060288,43221300,4194300,63744,113699,1789628,121660,0,0,0,0,0,0
2026-09-26T17:26:12.978373+00:00,64060288,43226312,4194300,63744,113699,1789628,121660,0,0,0,0,0,0
2026-09-26T17:26:13.979260+00:00,64060288,43226216,4194300,63744,113699,1789628,121660,0,0,0,0,0,0
2026-09-26T17:26:14.980127+00:00,64060288,43235048,4194300,63744,113699,1789628,121660,0,0,0,0,0,0
2026-09-26T17:26:15.980971+00:00,64060288,43226596,4194300,63744,113699,1789628,121660,0,0,0,0,0,0
2026-09-26T17:26:16.981821+00:00,64060288,43214924,4194300,63744,113699,1789628,121660,0,0,0,0,0,0
2026-09-26T17:26:17.982749+00:00,64060288,43219864,4194300,63744,113699,1789628,121660,0,0,0,0,0,0
2026-09-26T17:26:18.983623+00:00,64060288,43225240,4194300,63744,113699,1789628,121660,0,0,0,0,0,0
2026-09-26T17:26:19.984476+00:00,64060288,43225456,4194300,63744,113699,1789628,121660,0,0,0,0,0,0
2026-09-26T17:26:20.985372+00:00,64060288,43237848,4194300,63744,113699,1789628,121660,0,0,0,0,0,0
2026-09-26T17:26:21.986220+00:00,64060288,43219844,4194300,63744,113699,1789628,121660,0,0,0,0,0,0
2026-09-26T17:26:22.987111+00:00,64060288,43173204,4194300,63744,113699,1789628,121660,0,0,0,0,0,0
2026-09-26T17:26:23.987985+00:00,64060288,43179216,4194300,63744,113699,1789628,121660,0,0,0,0,0,0
2026-09-26T17:26:24.988832+00:00,64060288,43160164,4194300,63744,113699,1789628,121660,0,0,0,0,0,0
2026-09-26T17:26:25.989705+00:00,64060288,43171032,4194300,63744,113699,1789628,121660,0,0,0,0,0,0
2026-09-26T17:26:26.990550+00:00,64060288,43192412,4194300,63744,113699,1789628,121660,0,0,0,0,0,0
2026-09-26T17:26:27.991494+00:00,64060288,43194040,4194300,63744,113699,1789628,121660,0,0,0,0,0,0
2026-09-26T17:26:28.992356+00:00,64060288,43231792,4194300,63744,113699,1789628,121660,0,0,0,0,0,0
2026-09-26T17:26:29.993242+00:00,64060288,43248156,4194300,63744,113699,1789628,121660,0,0,0,0,0,0
2026-09-26T17:26:30.994104+00:00,64060288,43229416,4194300,63744,113699,1789628,121660,0,0,0,0,0,0
2026-09-26T17:26:31.995053+00:00,64060288,43225364,4194300,63744,113699,1789628,121660,0,0,0,0,0,0
2026-09-26T17:26:32.995924+00:00,64060288,43252172,4194300,63744,113699,1789628,121660,0,0,0,0,0,0
2026-09-26T17:26:33.996748+00:00,64060288,43253000,4194300,63744,113699,1789628,121660,0,0,0,0,0,0
2026-09-26T17:26:34.997610+00:00,64060288,43243140,4194300,63744,113699,1789628,121660,0,0,0,0,0,0
2026-09-26T17:26:35.998471+00:00,64060288,43237488,4194300,63744,113699,1789628,121660,0,0,0,0,0,0
2026-09-26T17:26:36.999354+00:00,64060288,43497520,4194300,63744,113699,1789628,121660,0,0,0,0,0,0
2026-09-26T17:26:38.000227+00:00,64060288,43493220,4194300,63744,113699,1789628,121660,0,0,0,0,0,0
2026-09-26T17:26:39.001092+00:00,64060288,43460492,4194300,63744,113699,1789628,121660,0,0,0,0,0,0
2026-09-26T17:26:40.001954+00:00,64060288,43454176,4194300,63744,113699,1789628,121660,0,0,0,0,0,0
2026-09-26T17:26:41.002946+00:00,64060288,43472392,4194300,63744,113699,1789628,121660,0,0,0,0,0,0
2026-09-26T17:26:42.003867+00:00,64060288,43453268,4194300,63744,113699,1789628,121660,0,0,0,0,0,0
2026-09-26T17:26:43.004762+00:00,64060288,43443996,4194300,63744,113699,1789628,121660,0,0,0,0,0,0
2026-09-26T17:26:44.005631+00:00,64060288,43452376,4194300,63744,113699,1789628,121660,0,0,0,0,0,0
2026-09-26T17:26:45.006469+00:00,64060288,43451312,4194300,63744,113699,1789628,121660,0,0,0,0,0,0
2026-09-26T17:26:46.007329+00:00,64060288,43444032,4194300,63744,113699,1789628,121660,0,0,0,0,0,0
2026-09-26T17:26:47.008211+00:00,64060288,43435016,4194300,63744,113699,1789628,121660,0,0,0,0,0,0
2026-09-26T17:26:48.009106+00:00,64060288,43435760,4194300,63744,113699,1789628,121660,0,0,0,0,0,0
2026-09-26T17:26:49.009971+00:00,64060288,43446700,4194300,63744,113699,1789628,121660,0,0,0,0,0,0
2026-09-26T17:26:50.010848+00:00,64060288,43453416,4194300,63744,113699,1789628,121660,0,0,0,0,0,0
2026-09-26T17:26:51.011721+00:00,64060288,43461288,4194300,63744,113699,1789628,121660,0,0,0,0,0,0
2026-09-26T17:26:52.012572+00:00,64060288,43457172,4194300,63744,113699,1789628,121660,0,0,0,0,0,0
2026-09-26T17:26:53.013538+00:00,64060288,43454556,4194300,63744,113699,1789628,121660,0,0,0,0,0,0
2026-09-26T17:26:54.014394+00:00,64060288,43477524,4194300,63744,113699,1789628,121660,0,0,0,0,0,0
2026-09-26T17:26:55.015081+00:00,64060288,43452928,4194300,63744,113699,1789628,121660,0,0,0,0,0,0
2026-09-26T17:26:56.015952+00:00,64060288,43453740,4194300,63744,113699,1789628,121660,0,0,0,0,0,0
2026-09-26T17:26:57.016771+00:00,64060288,43451552,4194300,63744,113699,1789628,121660,0,0,0,0,0,0
2026-09-26T17:26:58.017645+00:00,64060288,43461580,4194300,63744,113699,1789628,121660,0,0,0,0,0,0
2026-09-26T17:26:59.018526+00:00,64060288,43466496,4194300,63744,113699,1789628,121660,0,0,0,0,0,0
2026-09-26T17:27:00.019472+00:00,64060288,43472200,4194300,63744,113699,1789628,121660,0,0,0,0,0,0
2026-09-26T17:27:01.020331+00:00,64060288,43460068,4194300,63744,113699,1789628,121660,0,0,0,0,0,0
2026-09-26T17:27:02.021226+00:00,64060288,43454576,4194300,63744,113699,1789628,121660,0,0,0,0,0,0
2026-09-26T17:27:03.022106+00:00,64060288,43459332,4194300,63744,113699,1789628,121660,0,0,0,0,0,0
2026-09-26T17:27:04.023034+00:00,64060288,43447552,4194300,63744,113699,1789628,121660,0,0,0,0,0,0
2026-09-26T17:27:05.023918+00:00,64060288,43412852,4194300,63744,113699,1789628,121660,0,0,0,0,0,0
2026-09-26T17:27:06.024803+00:00,64060288,43421516,4194300,63744,113699,1789628,121660,0,0,0,0,0,0
2026-09-26T17:27:07.025648+00:00,64060288,43409304,4194300,63744,113699,1789628,121660,0,0,0,0,0,0
2026-09-26T17:27:08.026474+00:00,64060288,43430152,4194300,63744,113699,1789628,121660,0,0,0,0,0,0
2026-09-26T17:27:09.027346+00:00,64060288,43437296,4194300,63744,113699,1789628,121660,0,0,0,0,0,0
2026-09-26T17:27:10.028214+00:00,64060288,43418496,4194300,63744,113699,1789628,121660,0,0,0,0,0,0
2026-09-26T17:27:11.029088+00:00,64060288,43419268,4194300,63744,113699,1789628,121660,0,0,0,0,0,0
2026-09-26T17:27:12.029971+00:00,64060288,43426444,4194300,63744,113699,1789628,121660,0,0,0,0,0,0
2026-09-26T17:27:13.030856+00:00,64060288,43450156,4194300,63744,113699,1789628,121660,0,0,0,0,0,0
2026-09-26T17:27:14.031642+00:00,64060288,43435136,4194300,63744,113699,1789628,121660,0,0,0,0,0,0
2026-09-26T17:27:15.032532+00:00,64060288,43444348,4194300,63744,113699,1789628,121660,0,0,0,0,0,0
2026-09-26T17:27:16.033397+00:00,64060288,43443484,4194300,63744,113699,1789628,121660,0,0,0,0,0,0
2026-09-26T17:27:17.034257+00:00,64060288,43427780,4194300,63744,113699,1789628,121660,0,0,0,0,0,0
2026-09-26T17:27:18.035128+00:00,64060288,43427492,4194300,63744,113699,1789628,121660,0,0,0,0,0,0
2026-09-26T17:27:19.035966+00:00,64060288,43430404,4194300,63744,113699,1789628,121660,0,0,0,0,0,0
2026-09-26T17:27:20.036863+00:00,64060288,43430196,4194300,63744,113699,1789628,121660,0,0,0,0,0,0
2026-09-26T17:27:21.037721+00:00,64060288,43434220,4194300,63744,113699,1789628,121660,0,0,0,0,0,0
2026-09-26T17:27:22.038611+00:00,64060288,43431676,4194300,63744,113699,1789628,121660,0,0,0,0,0,0
2026-09-26T17:27:23.039587+00:00,64060288,43440416,4194300,63744,113699,1789628,121660,0,0,0,0,0,0
2026-09-26T17:27:24.040434+00:00,64060288,43430340,4194300,63744,113699,1789628,121660,0,0,0,0,0,0
2026-09-26T17:27:25.041288+00:00,64060288,43421120,4194300,63744,113699,1789628,121660,0,0,0,0,0,0
2026-09-26T17:27:26.042161+00:00,64060288,43413172,4194300,63744,113699,1789628,121660,0,0,0,0,0,0
2026-09-26T17:27:27.043024+00:00,64060288,43414660,4194300,63744,113699,1789628,121660,0,0,0,0,0,0
2026-09-26T17:27:28.043851+00:00,64060288,43406816,4194300,63744,113699,1789628,121660,0,0,0,0,0,0
2026-09-26T17:27:29.044819+00:00,64060288,43416624,4194300,63744,113699,1789628,121660,0,0,0,0,0,0
2026-09-26T17:27:30.045667+00:00,64060288,43426224,4194300,63744,113699,1789628,121660,0,0,0,0,0,0
2026-09-26T17:27:31.046587+00:00,64060288,43402832,4194300,63744,113699,1789628,121660,0,0,0,0,0,0
2026-09-26T17:27:32.047424+00:00,64060288,43385820,4194300,63744,113699,1789628,121660,0,0,0,0,0,0
2026-09-26T17:27:33.048406+00:00,64060288,43421000,4194300,63744,113699,1789628,121660,0,0,0,0,0,0
2026-09-26T17:27:34.049273+00:00,64060288,43423348,4194300,63744,113699,1789628,121660,0,0,0,0,0,0
2026-09-26T17:27:35.050125+00:00,64060288,43421732,4194300,63744,113699,1789628,121660,0,0,0,0,0,0
2026-09-26T17:27:36.050983+00:00,64060288,43423924,4194300,63744,113699,1789628,121660,0,0,0,0,0,0
2026-09-26T17:27:37.051809+00:00,64060288,43428736,4194300,63744,113699,1789628,121660,0,0,0,0,0,0
2026-09-26T17:27:38.052650+00:00,64060288,43420256,4194300,63744,113699,1789628,121660,0,0,0,0,0,0
2026-09-26T17:27:39.053499+00:00,64060288,43430616,4194300,63744,113699,1789628,121660,0,0,0,0,0,0
2026-09-26T17:27:40.054359+00:00,64060288,43424188,4194300,63744,113699,1789628,121660,0,0,0,0,0,0
2026-09-26T17:27:41.055251+00:00,64060288,43425800,4194300,63744,113699,1789628,121660,0,0,0,0,0,0
2026-09-26T17:27:42.056166+00:00,64060288,43417472,4194300,63744,113699,1789628,121660,0,0,0,0,0,0
2026-09-26T17:27:43.057062+00:00,64060288,43407240,4194300,63744,113699,1789628,121660,0,0,0,0,0,0
2026-09-26T17:27:44.057936+00:00,64060288,43387724,4194300,63744,113699,1789628,121660,0,0,0,0,0,0
2026-09-26T17:27:45.058814+00:00,64060288,43404628,4194300,63744,113699,1789628,121660,0,0,0,0,0,0
2026-09-26T17:27:46.059646+00:00,64060288,43387352,4194300,63744,113699,1789628,121660,0,0,0,0,0,0
2026-09-26T17:27:47.060512+00:00,64060288,43398000,4194300,63744,113699,1789628,121660,0,0,0,0,0,0
2026-09-26T17:27:48.061376+00:00,64060288,43393884,4194300,63744,113699,1789628,121660,0,0,0,0,0,0
2026-09-26T17:27:49.062250+00:00,64060288,43398992,4194300,63744,113699,1789628,121660,0,0,0,0,0,0
2026-09-26T17:27:50.063131+00:00,64060288,43415588,4194300,63744,113699,1789628,121660,0,0,0,0,0,0
2026-09-26T17:27:51.064013+00:00,64060288,43390688,4194300,63744,113699,1789628,121660,0,0,0,0,0,0
2026-09-26T17:27:52.064879+00:00,64060288,43387548,4194300,63744,113699,1789628,121660,0,0,0,0,0,0
2026-09-26T17:27:53.065751+00:00,64060288,43388332,4194300,63744,113699,1789628,121660,0,0,0,0,0,0
2026-09-26T17:27:54.066706+00:00,64060288,43385952,4194300,63744,113699,1789628,121660,0,0,0,0,0,0
2026-09-26T17:27:55.067576+00:00,64060288,43407056,4194300,63744,113699,1789628,121660,0,0,0,0,0,0
2026-09-26T17:27:56.068306+00:00,64060288,43383672,4194300,63744,113699,1789628,121660,0,0,0,0,0,0
2026-09-26T17:27:57.069185+00:00,64060288,43392644,4194300,63744,113699,1789628,121660,0,0,0,0,0,0
2026-09-26T17:27:58.070085+00:00,64060288,43387232,4194300,63744,113699,1789628,121660,0,0,0,0,0,0
2026-09-26T17:27:59.070990+00:00,64060288,43394600,4194300,63744,113699,1789628,121660,0,0,0,0,0,0
2026-09-26T17:28:00.071853+00:00,64060288,43405684,4194300,63744,113699,1789628,121660,0,0,0,0,0,0
2026-09-26T17:28:01.072664+00:00,64060288,43390148,4194300,63744,113699,1789628,121660,0,0,0,0,0,0
2026-09-26T17:28:02.073523+00:00,64060288,43390504,4194300,63744,113699,1789628,121660,0,0,0,0,0,0
2026-09-26T17:28:03.074443+00:00,64060288,43394764,4194300,63744,113699,1789628,121660,0,0,0,0,0,0
2026-09-26T17:28:04.075302+00:00,64060288,43386024,4194300,63744,113699,1789628,121660,0,0,0,0,0,0
2026-09-26T17:28:05.076200+00:00,64060288,43395144,4194300,63744,113699,1789628,121660,0,0,0,0,0,0
2026-09-26T17:28:06.077078+00:00,64060288,43388692,4194300,63744,113699,1789628,121660,0,0,0,0,0,0
2026-09-26T17:28:07.077977+00:00,64060288,43393132,4194300,63744,113699,1789628,121660,0,0,0,0,0,0
2026-09-26T17:28:08.078843+00:00,64060288,43393760,4194300,63744,113699,1789628,121660,0,0,0,0,0,0
2026-09-26T17:28:09.079658+00:00,64060288,43384296,4194300,63744,113699,1789628,121660,0,0,0,0,0,0
2026-09-26T17:28:10.080512+00:00,64060288,43348228,4194300,63744,113699,1789628,121660,0,0,0,0,0,0
2026-09-26T17:28:11.081419+00:00,64060288,43374592,4194300,63744,113699,1789628,121660,0,0,0,0,0,0
2026-09-26T17:28:12.082284+00:00,64060288,43372976,4194300,63744,113699,1789628,121660,0,0,0,0,0,0
2026-09-26T17:28:13.083135+00:00,64060288,43386144,4194300,63744,113699,1789628,121660,0,0,0,0,0,0
2026-09-26T17:28:14.084060+00:00,64060288,43371828,4194300,63744,113699,1789628,121660,0,0,0,0,0,0
2026-09-26T17:28:15.084910+00:00,64060288,43369792,4194300,63744,113699,1789628,121660,0,0,0,0,0,0
